Arkansas,AR,Adona,,,,,,,,72001,35.03814,-92.898,America/Chicago,CST,-6,,,,,,,,,,,
Arkansas,AR,Alabam,,,,,,,,,0,0,,,,,,,,,,,,,,
Arkansas,AR,Alexander,,,,,,,,72002,34.62954,-92.4413,America/Chicago,CST,-6,,,,,,,,,,,
Arkansas,AR,Alicia,,,,,,,,72410,35.95206,-91.0301,America/Chicago,CST,-6,,,,,,,,,,,
Arkansas,AR,Alix,,,,,,,,72820,35.43356,-93.7526,America/Chicago,CST,-6,,,,,,,,,,,
Arkansas,AR,Allport,,,,,,,,,0,0,,,,,,,,,,,,,,
Arkansas,AR,Alma,,,,,,,,72921,35.47916,-94.1933,America/Chicago,CST,-6,,,,,,,,,,,
Arkansas,AR,Almyra,,,,,,,,72003,34.38443,-91.3924,America/Chicago,CST,-6,,,,,,,,,,,
Arkansas,AR,Alpena,,,,,,,,72611,36.31081,-93.2523,America/Chicago,CST,-6,,,,,,,,,,,
Arkansas,AR,Altheimer,,,,,,,,72004,34.31926,-91.8474,America/Chicago,CST,-6,,,,,,,,,,,
Arkansas,AR,Altus,,,,,,,,72821,35.43464,-93.7598,America/Chicago,CST,-6,,,,,,,,,,,
Arkansas,AR,Amagon,,,,,,,,72005,35.56202,-91.1104,America/Chicago,CST,-6,,,,,,,,,,,
Arkansas,AR,Amity,,,,,,,,71921,34.23251,-93.3137,America/Chicago,CST,-6,,,,,,,,,,,
Arkansas,AR,Annieville,,,,,,,,,0,0,,,,,,,,,,,,,,
Arkansas,AR,Antoine,,,,,,,,71922,34.03622,-93.4207,America/Chicago,CST,-6,,,,,,,,,,,
Arkansas,AR,Arbaugh,,,,,,,,,33.60892,-91.2074,America/Chicago,CST,-6,,,,,,,,,,,
Arkansas,AR,Arkadelphia,,,,,,,,71998###71999###71923,34.03134,-93.1115,America/Chicago,CST,-6,,,,,,,,,,,
Arkansas,AR,Arkansas City,,,,,,,,71630,33.60892,-91.2074,America/Chicago,CST,-6,,,,,,,,,,,
Arkansas,AR,Arkola,,,,,,,,,0,0,,,,,,,,,,,,,,
Arkansas,AR,Arnett,,,,,,,,,0,0,,,,,,,,,,,,,,
Arkansas,AR,Ash Flat,,,,,,,,72513,36.22396,-91.6085,America/Chicago,CST,-6,,,,,,,,,,,
Arkansas,AR,Ashdown,,,,,,,,71822,33.70463,-94.1302,America/Chicago,CST,-6,,,,,,,,,,,
Arkansas,AR,Atkins,,,,,,,,72823,35.24647,-92.9366,America/Chicago,CST,-6,,,,,,,,,,,
Arkansas,AR,Attica,,,,,,,,,0,0,,,,,,,,,,,,,,
Arkansas,AR,Aubrey,,,,,,,,72311,34.71948,-90.8969,America/Chicago,CST,-6,,,,,,,,,,,
Arkansas,AR,Augusta,,,,,,,,72006,35.20757,-91.3728,America/Chicago,CST,-6,,,,,,,,,,,
Arkansas,AR,Aurora,,,,,,,,,35.9973,-93.7027,America/Chicago,CST,-6,,,,,,,,,,,
Arkansas,AR,Austin,,,,,,,,72007,35.00191,-91.9832,America/Chicago,CST,-6,,,,,,,,,,,
Arkansas,AR,Avoca,,,,,,,,72711,36.39781,-94.0438,America/Chicago,CST,-6,,,,,,,,,,,
Arkansas,AR,Bald Knob,,,,,,,,72010,35.3314,-91.5208,America/Chicago,CST,-6,,,,,,,,,,,
Arkansas,AR,Banks,,,,,,,,71631,33.56635,-92.2404,America/Chicago,CST,-6,,,,,,,,,,,
Arkansas,AR,Barling,,,,,,,,72923,35.32565,-94.3016,America/Chicago,CST,-6,,,,,,,,,,,
Arkansas,AR,Barnes,,,,,,,,,34.88843,-90.3512,America/Chicago,CST,-6,,,,,,,,,,,
Arkansas,AR,Bassett,,,,,,,,72313,35.71225,-90.0284,America/Chicago,CST,-6,,,,,,,,,,,
Arkansas,AR,Batesville,,,,,,,,72501###72503,35.76874,-91.6523,America/Chicago,CST,-6,,,,,,,,,,,
Arkansas,AR,Bauxite,,,,,,,,72011,34.50907,-92.4828,America/Chicago,CST,-6,,,,,,,,,,,
Arkansas,AR,Bay,,,,,,,,72411,35.7423,-90.5623,America/Chicago,CST,-6,,,,,,,,,,,
Arkansas,AR,Bearden,,,,,,,,71720,33.72455,-92.6157,America/Chicago,CST,-6,,,,,,,,,,,
Arkansas,AR,Beaver,,,,,,,,72613,36.43111,-93.6994,America/Chicago,CST,-6,,,,,,,,,,,
Arkansas,AR,Beaver Lake,,,,,,,,,36.43111,-93.6994,America/Chicago,CST,-6,,,,,,,,,,,
Arkansas,AR,Beebe,,,,,,,,72012,35.07064,-91.8796,America/Chicago,CST,-6,,,,,,,,,,,
Arkansas,AR,Beech Grove,,,,,,,,72412,36.12807,-90.6914,America/Chicago,CST,-6,,,,,,,,,,,
Arkansas,AR,Beedeville,,,,,,,,72014,35.43252,-91.1118,America/Chicago,CST,-6,,,,,,,,,,,
Arkansas,AR,Bella Vista,,,,,,,,72715###72714,36.4673,-94.2209,America/Chicago,CST,-6,,,,,,,,,,,
Arkansas,AR,Bellefonte,,,,,,,,,36.20091,-93.0485,America/Chicago,CST,-6,,,,,,,,,,,
Arkansas,AR,Belleville,,,,,,,,72824,35.09315,-93.4485,America/Chicago,CST,-6,,,,,,,,,,,
Arkansas,AR,Ben Lomond,,,,,,,,71823,33.8354,-94.1185,America/Chicago,CST,-6,,,,,,,,,,,
Arkansas,AR,Benton,,,,,,,,72018###72019###72015###72158,34.48548,-92.5853,America/Chicago,CST,-6,,,,,,,,,,,
Arkansas,AR,Bentonville,,,,,,,,72716###72712,36.34711,-94.2234,America/Chicago,CST,-6,,,,,,,,,,,
Arkansas,AR,Bergman,,,,,,,,72615,36.30835,-93.0321,America/Chicago,CST,-6,,,,,,,,,,,
Arkansas,AR,Berryville,,,,,,,,72616,36.31678,-93.5616,America/Chicago,CST,-6,,,,,,,,,,,
Arkansas,AR,Best,,,,,,,,,35.71225,-90.0284,America/Chicago,CST,-6,,,,,,,,,,,
Arkansas,AR,Bidville,,,,,,,,,35.43252,-91.1118,America/Chicago,CST,-6,,,,,,,,,,,
Arkansas,AR,Big Flat,,,,,,,,72617,36.00507,-92.4043,America/Chicago,CST,-6,,,,,,,,,,,
Arkansas,AR,Bigelow,,,,,,,,72016,34.96898,-92.6269,America/Chicago,CST,-6,,,,,,,,,,,
Arkansas,AR,Biggers,,,,,,,,72413,36.28443,-90.8538,America/Chicago,CST,-6,,,,,,,,,,,
Arkansas,AR,Birdsong,,,,,,,,,0,0,,,,,,,,,,,,,,
Arkansas,AR,Black Oak,,,,,,,,72414,35.83685,-90.4005,America/Chicago,CST,-6,,,,,,,,,,,
Arkansas,AR,Black Rock,,,,,,,,72415,36.13234,-91.1874,America/Chicago,CST,-6,,,,,,,,,,,
Arkansas,AR,Black Springs,,,,,,,,,34.46121,-93.7127,America/Chicago,CST,-6,,,,,,,,,,,
Arkansas,AR,Blackburn,,,,,,,,,35.81647,-94.2197,America/Chicago,CST,-6,,,,,,,,,,,
Arkansas,AR,Bland,,,,,,,,,0,0,,,,,,,,,,,,,,
Arkansas,AR,Blevins,,,,,,,,71825,33.87178,-93.5771,America/Chicago,CST,-6,,,,,,,,,,,
Arkansas,AR,Bloomer,,,,,,,,,0,0,,,,,,,,,,,,,,
Arkansas,AR,Blue Eye,,,,,,,,,36.54985,-93.3721,America/Chicago,CST,-6,,,,,,,,,,,
Arkansas,AR,Blue Mountain,,,,,,,,72826,35.11944,-93.7089,America/Chicago,CST,-6,,,,,,,,,,,
Arkansas,AR,Bluff City,,,,,,,,71722,33.71844,-93.1341,America/Chicago,CST,-6,,,,,,,,,,,
Arkansas,AR,Blytheville,,,,,,,,72316###72315,35.90259,-89.9034,America/Chicago,CST,-6,,,,,,,,,,,
Arkansas,AR,Bodcaw,,,,,,,,,0,0,,,,,,,,,,,,,,
Arkansas,AR,Bonanza,,,,,,,,,0,0,,,,,,,,,,,,,,
Arkansas,AR,Bono,,,,,,,,72416,35.96398,-90.7957,America/Chicago,CST,-6,,,,,,,,,,,
Arkansas,AR,Booneville,,,,,,,,72927,35.19356,-93.9308,America/Chicago,CST,-6,,,,,,,,,,,
Arkansas,AR,Boston,,,,,,,,,0,0,,,,,,,,,,,,,,
Arkansas,AR,Bradford,,,,,,,,72020,35.42314,-91.456,America/Chicago,CST,-6,,,,,,,,,,,
Arkansas,AR,Bradley,,,,,,,,71826,33.09819,-93.6549,America/Chicago,CST,-6,,,,,,,,,,,
Arkansas,AR,Branch,,,,,,,,72928,35.31108,-93.9225,America/Chicago,CST,-6,,,,,,,,,,,
Arkansas,AR,Brashears,,,,,,,,,33.60892,-91.2074,America/Chicago,CST,-6,,,,,,,,,,,
Arkansas,AR,Brentwood,,,,,,,,,35.86008,-94.1071,America/Chicago,CST,-6,,,,,,,,,,,
Arkansas,AR,Brickeys,,,,,,,,72320,34.86065,-90.5923,America/Chicago,CST,-6,,,,,,,,,,,
Arkansas,AR,Brinkley,,,,,,,,72021,34.88342,-91.1946,America/Chicago,CST,-6,,,,,,,,,,,
Arkansas,AR,Brookland,,,,,,,,72417,35.90007,-90.5821,America/Chicago,CST,-6,,,,,,,,,,,
Arkansas,AR,Bryant,,,,,,,,72022###72089,34.61242,-92.4935,America/Chicago,CST,-6,,,,,,,,,,,
Arkansas,AR,Buckner,,,,,,,,71827,33.39748,-93.4349,America/Chicago,CST,-6,,,,,,,,,,,
Arkansas,AR,Bull Shoals,,,,,,,,72619,36.38396,-92.5816,America/Chicago,CST,-6,,,,,,,,,,,
Arkansas,AR,Burdette,,,,,,,,72321,35.81687,-89.9442,America/Chicago,CST,-6,,,,,,,,,,,
Arkansas,AR,Burnville,,,,,,,,,0,0,,,,,,,,,,,,,,
Arkansas,AR,Busch,,,,,,,,,33.60892,-91.2074,America/Chicago,CST,-6,,,,,,,,,,,
Arkansas,AR,Cabanal,,,,,,,,,33.60892,-91.2074,America/Chicago,CST,-6,,,,,,,,,,,
Arkansas,AR,Cabot,,,,,,,,72023,34.97453,-92.0165,America/Chicago,CST,-6,,,,,,,,,,,
Arkansas,AR,Caddo Valley,,,,,,,,,34.18204,-93.071,America/Chicago,CST,-6,,,,,,,,,,,
Arkansas,AR,Caldwell,,,,,,,,72322,35.06494,-90.8221,America/Chicago,CST,-6,,,,,,,,,,,
Arkansas,AR,Cale,,,,,,,,71828,33.70082,-93.2941,America/Chicago,CST,-6,,,,,,,,,,,
Arkansas,AR,Calico Rock,,,,,,,,72519,36.11951,-92.136,America/Chicago,CST,-6,,,,,,,,,,,
Arkansas,AR,Calion,,,,,,,,71724,33.32901,-92.5385,America/Chicago,CST,-6,,,,,,,,,,,
Arkansas,AR,Camden,,,,,,,,71711###71701,33.59482,-92.8513,America/Chicago,CST,-6,,,,,,,,,,,
Arkansas,AR,Cammack Village,,,,,,,,,33.23616,-93.2345,America/Chicago,CST,-6,,,,,,,,,,,
Arkansas,AR,Campbell Station,,,,,,,,,35.88432,-92.7014,America/Chicago,CST,-6,,,,,,,,,,,
Arkansas,AR,Canehill,,,,,,,,72717,35.8477,-94.4441,America/Chicago,CST,-6,,,,,,,,,,,
Arkansas,AR,Caraway,,,,,,,,72419,35.76731,-90.338,America/Chicago,CST,-6,,,,,,,,,,,
Arkansas,AR,Carlisle,,,,,,,,72024,34.7309,-91.7515,America/Chicago,CST,-6,,,,,,,,,,,
Arkansas,AR,Carrollton,,,,,,,,,36.26257,-93.3218,America/Chicago,CST,-6,,,,,,,,,,,
Arkansas,AR,Carthage,,,,,,,,71725,34.10104,-92.5168,America/Chicago,CST,-6,,,,,,,,,,,
Arkansas,AR,Casa,,,,,,,,72025,35.02287,-93.0477,America/Chicago,CST,-6,,,,,,,,,,,
Arkansas,AR,Cash,,,,,,,,72421,35.79593,-90.9634,America/Chicago,CST,-6,,,,,,,,,,,
Arkansas,AR,Cass,,,,,,,,,35.68758,-93.8194,America/Chicago,CST,-6,,,,,,,,,,,
Arkansas,AR,Caulksville,,,,,,,,,33.60892,-91.2074,America/Chicago,CST,-6,,,,,,,,,,,
Arkansas,AR,Cave City,,,,,,,,72521,35.94829,-91.5317,America/Chicago,CST,-6,,,,,,,,,,,
Arkansas,AR,Cave Springs,,,,,,,,72718,36.26341,-94.2319,America/Chicago,CST,-6,,,,,,,,,,,
Arkansas,AR,Cecil,,,,,,,,72930,35.4387,-93.9446,America/Chicago,CST,-6,,,,,,,,,,,
Arkansas,AR,Cedarville,,,,,,,,72932,35.56981,-94.3669,America/Chicago,CST,-6,,,,,,,,,,,
Arkansas,AR,Centerton,,,,,,,,72719,36.3598,-94.2852,America/Chicago,CST,-6,,,,,,,,,,,
Arkansas,AR,Central City,,,,,,,,,34.10093,-93.1213,America/Chicago,CST,-6,,,,,,,,,,,
Arkansas,AR,Charleston,,,,,,,,72933,35.38792,-93.951,America/Chicago,CST,-6,,,,,,,,,,,
Arkansas,AR,Cherokee City,,,,,,,,,0,0,,,,,,,,,,,,,,
Arkansas,AR,Cherokee Village,,,,,,,,72529###72525,36.29588,-91.4888,America/Chicago,CST,-6,,,,,,,,,,,
Arkansas,AR,Cherry Valley,,,,,,,,72324,35.34,-90.7889,America/Chicago,CST,-6,,,,,,,,,,,
Arkansas,AR,Chester,,,,,,,,72934,35.67603,-94.2655,America/Chicago,CST,-6,,,,,,,,,,,
Arkansas,AR,Chidester,,,,,,,,71726,33.66516,-92.9969,America/Chicago,CST,-6,,,,,,,,,,,
Arkansas,AR,Cincinnati,,,,,,,,,0,0,,,,,,,,,,,,,,
Arkansas,AR,Clarendon,,,,,,,,72029,34.74536,-91.2475,America/Chicago,CST,-6,,,,,,,,,,,
Arkansas,AR,Clarksville,,,,,,,,72830,35.47389,-93.5166,America/Chicago,CST,-6,,,,,,,,,,,
Arkansas,AR,Clifty,,,,,,,,,36.32039,-93.9784,America/Chicago,CST,-6,,,,,,,,,,,
Arkansas,AR,Clinton,,,,,,,,72031,35.56871,-92.4188,America/Chicago,CST,-6,,,,,,,,,,,
Arkansas,AR,Clyde,,,,,,,,,35.89147,-94.4066,America/Chicago,CST,-6,,,,,,,,,,,
Arkansas,AR,Coal Hill,,,,,,,,72832,35.4301,-93.673,America/Chicago,CST,-6,,,,,,,,,,,
Arkansas,AR,Coin,,,,,,,,,35.92535,-91.9407,America/Chicago,CST,-6,,,,,,,,,,,
Arkansas,AR,College City,,,,,,,,,34.70934,-92.2283,America/Chicago,CST,-6,,,,,,,,,,,
Arkansas,AR,Colt,,,,,,,,72326,35.08806,-90.8895,America/Chicago,CST,-6,,,,,,,,,,,
Arkansas,AR,Combs,,,,,,,,72721,35.82564,-93.8366,America/Chicago,CST,-6,,,,,,,,,,,
Arkansas,AR,Concord,,,,,,,,72523,35.64266,-91.8578,America/Chicago,CST,-6,,,,,,,,,,,
Arkansas,AR,Connor,,,,,,,,,0,0,,,,,,,,,,,,,,
Arkansas,AR,Conway,,,,,,,,72032###72033###72035###72034,35.06589,-92.3629,America/Chicago,CST,-6,,,,,,,,,,,
Arkansas,AR,Corinth,,,,,,,,,35.07342,-93.4294,America/Chicago,CST,-6,,,,,,,,,,,
Arkansas,AR,Corning,,,,,,,,72422,36.40784,-90.5798,America/Chicago,CST,-6,,,,,,,,,,,
Arkansas,AR,Cotter,,,,,,,,72626,36.27118,-92.5354,America/Chicago,CST,-6,,,,,,,,,,,
Arkansas,AR,Cotton Plant,,,,,,,,72036,35.0044,-91.2523,America/Chicago,CST,-6,,,,,,,,,,,
Arkansas,AR,Cove,,,,,,,,71937,34.35419,-94.3835,America/Chicago,CST,-6,,,,,,,,,,,
Arkansas,AR,Coy,,,,,,,,72037,34.53871,-91.874,America/Chicago,CST,-6,,,,,,,,,,,
Arkansas,AR,Cravens,,,,,,,,,35.54842,-93.9169,America/Chicago,CST,-6,,,,,,,,,,,
Arkansas,AR,Crawfordsville,,,,,,,,72327,35.23204,-90.3583,America/Chicago,CST,-6,,,,,,,,,,,
Arkansas,AR,Crosses,,,,,,,,,35.99239,-94.0856,America/Chicago,CST,-6,,,,,,,,,,,
Arkansas,AR,Crossett,,,,,,,,71635,33.12818,-91.9612,America/Chicago,CST,-6,,,,,,,,,,,
Arkansas,AR,Crossroads,,,,,,,,,33.83539,-94.3891,America/Chicago,CST,-6,,,,,,,,,,,
Arkansas,AR,Crumrod,,,,,,,,72328,33.98621,-91.0912,America/Chicago,CST,-6,,,,,,,,,,,
Arkansas,AR,Cushman,,,,,,,,72526,35.87285,-91.754,America/Chicago,CST,-6,,,,,,,,,,,
Arkansas,AR,Daisy,,,,,,,,,34.23733,-93.7421,America/Chicago,CST,-6,,,,,,,,,,,
Arkansas,AR,Dalton,,,,,,,,,36.42118,-91.1415,America/Chicago,CST,-6,,,,,,,,,,,
Arkansas,AR,Damascus,,,,,,,,72039,35.3673,-92.4096,America/Chicago,CST,-6,,,,,,,,,,,
Arkansas,AR,Danville,,,,,,,,72833,35.05282,-93.3813,America/Chicago,CST,-6,,,,,,,,,,,
Arkansas,AR,Dardanelle,,,,,,,,72834,35.23503,-93.1848,America/Chicago,CST,-6,,,,,,,,,,,
Arkansas,AR,Datto,,,,,,,,72424,36.39173,-90.731,America/Chicago,CST,-6,,,,,,,,,,,
Arkansas,AR,Dayton,,,,,,,,,0,0,,,,,,,,,,,,,,
Arkansas,AR,De Queen,,,,,,,,71832,40.60538,-73.7551,America/New_York,EST,-5,,,,,,,,,,,
Arkansas,AR,De Valls Bluff,,,,,,,,72041,34.78711,-91.4659,America/Chicago,CST,-6,,,,,,,,,,,
Arkansas,AR,De Witt,,,,,,,,72042,34.29288,-91.3379,America/Chicago,CST,-6,,,,,,,,,,,
Arkansas,AR,Decatur,,,,,,,,72722,36.33591,-94.4608,America/Chicago,CST,-6,,,,,,,,,,,
Arkansas,AR,Delaney,,,,,,,,,35.8523,-93.9002,America/Chicago,CST,-6,,,,,,,,,,,
Arkansas,AR,Delaplaine,,,,,,,,72425,36.20826,-90.7212,America/Chicago,CST,-6,,,,,,,,,,,
Arkansas,AR,Delight,,,,,,,,71940,34.03149,-93.503,America/Chicago,CST,-6,,,,,,,,,,,
Arkansas,AR,Dell,,,,,,,,72426,35.85535,-90.0418,America/Chicago,CST,-6,,,,,,,,,,,
Arkansas,AR,Delmar,,,,,,,,,0,0,,,,,,,,,,,,,,
Arkansas,AR,Denning,,,,,,,,,35.42925,-93.7571,America/Chicago,CST,-6,,,,,,,,,,,
Arkansas,AR,Denver,,,,,,,,,0,0,,,,,,,,,,,,,,
Arkansas,AR,Dermott,,,,,,,,71638,33.47041,-91.3947,America/Chicago,CST,-6,,,,,,,,,,,
Arkansas,AR,Des Arc,,,,,,,,72040,34.97704,-91.4951,America/Chicago,CST,-6,,,,,,,,,,,
Arkansas,AR,Diamond City,,,,,,,,72630,36.46451,-92.9202,America/Chicago,CST,-6,,,,,,,,,,,
Arkansas,AR,Diaz,,,,,,,,72043,35.63292,-91.2627,America/Chicago,CST,-6,,,,,,,,,,,
Arkansas,AR,Dierks,,,,,,,,71833,34.13622,-94.0443,America/Chicago,CST,-6,,,,,,,,,,,
Arkansas,AR,Dora,,,,,,,,,35.45426,-94.4408,America/Chicago,CST,-6,,,,,,,,,,,
Arkansas,AR,Dover,,,,,,,,72837,35.49814,-93.0634,America/Chicago,CST,-6,,,,,,,,,,,
Arkansas,AR,Dryfork,,,,,,,,,36.15341,-93.4891,America/Chicago,CST,-6,,,,,,,,,,,
Arkansas,AR,Dumas,,,,,,,,71639,33.87524,-91.4884,America/Chicago,CST,-6,,,,,,,,,,,
Arkansas,AR,Durham,,,,,,,,,35.94952,-93.9805,America/Chicago,CST,-6,,,,,,,,,,,
Arkansas,AR,Dutton,,,,,,,,,0,0,,,,,,,,,,,,,,
Arkansas,AR,Dyer,,,,,,,,72935,35.49231,-94.1377,America/Chicago,CST,-6,,,,,,,,,,,
Arkansas,AR,Dyess,,,,,,,,72330,35.5931,-90.214,America/Chicago,CST,-6,,,,,,,,,,,
Arkansas,AR,Earle,,,,,,,,72331,35.27509,-90.4668,America/Chicago,CST,-6,,,,,,,,,,,
Arkansas,AR,East Camden,,,,,,,,,33.60789,-92.7402,America/Chicago,CST,-6,,,,,,,,,,,
Arkansas,AR,East End,,,,,,,,,0,0,,,,,,,,,,,,,,
Arkansas,AR,Edmondson,,,,,,,,72332,35.10195,-90.3088,America/Chicago,CST,-6,,,,,,,,,,,
Arkansas,AR,Egypt,,,,,,,,72427,35.864,-90.9428,America/Chicago,CST,-6,,,,,,,,,,,
Arkansas,AR,El Dorado,,,,,,,,71731###71730,33.18745,-92.63,America/Chicago,CST,-6,,,,,,,,,,,
Arkansas,AR,Elaine,,,,,,,,72333,34.31179,-90.8939,America/Chicago,CST,-6,,,,,,,,,,,
Arkansas,AR,Elkins,,,,,,,,72727,35.97233,-93.9976,America/Chicago,CST,-6,,,,,,,,,,,
Arkansas,AR,Elm Springs,,,,,,,,72728,36.21001,-94.2546,America/Chicago,CST,-6,,,,,,,,,,,
Arkansas,AR,Emerson,,,,,,,,71740,33.11211,-93.204,America/Chicago,CST,-6,,,,,,,,,,,
Arkansas,AR,Emmet,,,,,,,,71835,33.72623,-93.4705,America/Chicago,CST,-6,,,,,,,,,,,
Arkansas,AR,England,,,,,,,,72046,34.54426,-91.969,America/Chicago,CST,-6,,,,,,,,,,,
Arkansas,AR,Enola,,,,,,,,72047,35.23021,-92.2022,America/Chicago,CST,-6,,,,,,,,,,,
Arkansas,AR,Eudora,,,,,,,,71640,33.14881,-91.3101,America/Chicago,CST,-6,,,,,,,,,,,
Arkansas,AR,Eureka Springs,,,,,,,,72632###72631,36.46243,-93.7134,America/Chicago,CST,-6,,,,,,,,,,,
Arkansas,AR,Evening Shade,,,,,,,,72532,36.06176,-91.6076,America/Chicago,CST,-6,,,,,,,,,,,
Arkansas,AR,Evening Star,,,,,,,,,36.18146,-90.7018,America/Chicago,CST,-6,,,,,,,,,,,
Arkansas,AR,Everton,,,,,,,,72633,36.15535,-92.9068,America/Chicago,CST,-6,,,,,,,,,,,
Arkansas,AR,Excelsior,,,,,,,,,35.20009,-94.3144,America/Chicago,CST,-6,,,,,,,,,,,
Arkansas,AR,Fair Oaks,,,,,,,,,35.24342,-91.0312,America/Chicago,CST,-6,,,,,,,,,,,
Arkansas,AR,Fairfield Bay,,,,,,,,72088,35.6027,-92.2742,America/Chicago,CST,-6,,,,,,,,,,,
Arkansas,AR,Fairmount,,,,,,,,,0,0,,,,,,,,,,,,,,
Arkansas,AR,Fargo,,,,,,,,,34.95148,-91.1801,America/Chicago,CST,-6,,,,,,,,,,,
Arkansas,AR,Farmington,,,,,,,,72730,36.04202,-94.2472,America/Chicago,CST,-6,,,,,,,,,,,
Arkansas,AR,Fayetteville,,,,,,,,72701###72702###72703###72704,35.9746,-94.191,America/Chicago,CST,-6,,,,,,,,,,,
Arkansas,AR,Felsenthal,,,,,,,,,33.05957,-92.1568,America/Chicago,CST,-6,,,,,,,,,,,
Arkansas,AR,Fern,,,,,,,,,35.66954,-94.135,America/Chicago,CST,-6,,,,,,,,,,,
Arkansas,AR,Fifty-Six,,,,,,,,,0,0,,,,,,,,,,,,,,
Arkansas,AR,Figure Five,,,,,,,,,35.466,-94.3493,America/Chicago,CST,-6,,,,,,,,,,,
Arkansas,AR,Fisher,,,,,,,,72429,35.50392,-90.9444,America/Chicago,CST,-6,,,,,,,,,,,
Arkansas,AR,Flippin,,,,,,,,72634,36.31748,-92.595,America/Chicago,CST,-6,,,,,,,,,,,
Arkansas,AR,Fontaine,,,,,,,,,36.07955,-90.5164,America/Chicago,CST,-6,,,,,,,,,,,
Arkansas,AR,Fordyce,,,,,,,,71742,33.81372,-92.4129,America/Chicago,CST,-6,,,,,,,,,,,
Arkansas,AR,Foreman,,,,,,,,71836,33.73411,-94.3725,America/Chicago,CST,-6,,,,,,,,,,,
Arkansas,AR,Forrest City,,,,,,,,72336###72335,35.02627,-90.8596,America/Chicago,CST,-6,,,,,,,,,,,
Arkansas,AR,Fort Chaffee,,,,,,,,,0,0,,,,,,,,,,,,,,
Arkansas,AR,Fort Smith,,,,,,,,72917###72919###72901###72903###72916###72914###72913###72908###72904###72918###72902###72905###72906,35.36619,-94.4165,America/Chicago,CST,-6,,,,,,,,,,,
Arkansas,AR,Forum,,,,,,,,,36.18174,-93.7149,America/Chicago,CST,-6,,,,,,,,,,,
Arkansas,AR,Fouke,,,,,,,,71837,33.26163,-93.8866,America/Chicago,CST,-6,,,,,,,,,,,
Arkansas,AR,Fountain Hill,,,,,,,,71642,33.36314,-91.9088,America/Chicago,CST,-6,,,,,,,,,,,
Arkansas,AR,Fourche,,,,,,,,,34.99398,-92.621,America/Chicago,CST,-6,,,,,,,,,,,
Arkansas,AR,Franklin,,,,,,,,72536,36.17035,-91.776,America/Chicago,CST,-6,,,,,,,,,,,
Arkansas,AR,Fredonia (Biscoe),,,,,,,,,34.81893,-91.4103,America/Chicago,CST,-6,,,,,,,,,,,
Arkansas,AR,Friendship,,,,,,,,71942,34.22355,-93.0024,America/Chicago,CST,-6,,,,,,,,,,,
Arkansas,AR,Fulton,,,,,,,,71838,33.66992,-93.7975,America/Chicago,CST,-6,,,,,,,,,,,
Arkansas,AR,Furry,,,,,,,,,0,0,,,,,,,,,,,,,,
Arkansas,AR,Gallitin,,,,,,,,,36.20619,-94.4272,America/Chicago,CST,-6,,,,,,,,,,,
Arkansas,AR,Garfield,,,,,,,,72732,36.44841,-93.9741,America/Chicago,CST,-6,,,,,,,,,,,
Arkansas,AR,Garland,,,,,,,,,33.3629,-93.7099,America/Chicago,CST,-6,,,,,,,,,,,
Arkansas,AR,Garner,,,,,,,,72052,35.14427,-91.7772,America/Chicago,CST,-6,,,,,,,,,,,
Arkansas,AR,Garret Grove,,,,,,,,,0,0,,,,,,,,,,,,,,
Arkansas,AR,Gassville,,,,,,,,72635,36.3188,-92.4879,America/Chicago,CST,-6,,,,,,,,,,,
Arkansas,AR,Gateway,,,,,,,,72733,36.48642,-93.9277,America/Chicago,CST,-6,,,,,,,,,,,
Arkansas,AR,Gentry,,,,,,,,72734,36.28854,-94.4355,America/Chicago,CST,-6,,,,,,,,,,,
Arkansas,AR,Georgetown,,,,,,,,,35.12703,-91.4551,America/Chicago,CST,-6,,,,,,,,,,,
Arkansas,AR,Gibson,,,,,,,,,34.80026,-92.2453,America/Chicago,CST,-6,,,,,,,,,,,
Arkansas,AR,Gilbert,,,,,,,,72636,35.98785,-92.7163,America/Chicago,CST,-6,,,,,,,,,,,
Arkansas,AR,Gillett,,,,,,,,72055,34.12626,-91.348,America/Chicago,CST,-6,,,,,,,,,,,
Arkansas,AR,Gillham,,,,,,,,71841,34.16928,-94.3163,America/Chicago,CST,-6,,,,,,,,,,,
Arkansas,AR,Gilmore,,,,,,,,72339,35.40568,-90.2714,America/Chicago,CST,-6,,,,,,,,,,,
Arkansas,AR,Glenwood,,,,,,,,71943,34.32677,-93.5507,America/Chicago,CST,-6,,,,,,,,,,,
Arkansas,AR,Goshen,,,,,,,,72735,36.08755,-93.9666,America/Chicago,CST,-6,,,,,,,,,,,
Arkansas,AR,Gosnell,,,,,,,,72319,35.69494,-89.9668,America/Chicago,CST,-6,,,,,,,,,,,
Arkansas,AR,Gould,,,,,,,,71643,34.02465,-91.6262,America/Chicago,CST,-6,,,,,,,,,,,
Arkansas,AR,Grady,,,,,,,,71644,34.10323,-91.7057,America/Chicago,CST,-6,,,,,,,,,,,
Arkansas,AR,Grandview,,,,,,,,,36.43396,-93.6213,America/Chicago,CST,-6,,,,,,,,,,,
Arkansas,AR,Grannis,,,,,,,,71944,34.24067,-94.3349,America/Chicago,CST,-6,,,,,,,,,,,
Arkansas,AR,Gravel Ridge,,,,,,,,,0,0,,,,,,,,,,,,,,
Arkansas,AR,Gravette,,,,,,,,72736,36.38125,-94.4714,America/Chicago,CST,-6,,,,,,,,,,,
Arkansas,AR,Green Forest,,,,,,,,72638,36.33535,-93.436,America/Chicago,CST,-6,,,,,,,,,,,
Arkansas,AR,Greenbrier,,,,,,,,72058,35.21174,-92.3762,America/Chicago,CST,-6,,,,,,,,,,,
Arkansas,AR,Greenfield,,,,,,,,,0,0,,,,,,,,,,,,,,
Arkansas,AR,Greenland,,,,,,,,72737,35.92819,-94.1529,America/Chicago,CST,-6,,,,,,,,,,,
Arkansas,AR,Greenway,,,,,,,,72430,36.32781,-90.1825,America/Chicago,CST,-6,,,,,,,,,,,
Arkansas,AR,Greenwood,,,,,,,,72936,35.18121,-94.206,America/Chicago,CST,-6,,,,,,,,,,,
Arkansas,AR,Greers Ferry,,,,,,,,,0,0,,,,,,,,,,,,,,
Arkansas,AR,Griffithville,,,,,,,,72060,35.11319,-91.6061,America/Chicago,CST,-6,,,,,,,,,,,
Arkansas,AR,Grubbs,,,,,,,,72431,35.6498,-91.074,America/Chicago,CST,-6,,,,,,,,,,,
Arkansas,AR,Guion,,,,,,,,72540,35.92535,-91.9407,America/Chicago,CST,-6,,,,,,,,,,,
Arkansas,AR,Gum Springs,,,,,,,,,34.06732,-93.0918,America/Chicago,CST,-6,,,,,,,,,,,
Arkansas,AR,Gurdon,,,,,,,,71743,33.93001,-93.13,America/Chicago,CST,-6,,,,,,,,,,,
Arkansas,AR,Guy,,,,,,,,72061,35.32276,-92.3,America/Chicago,CST,-6,,,,,,,,,,,
Arkansas,AR,Hackett,,,,,,,,72937,35.19037,-94.4111,America/Chicago,CST,-6,,,,,,,,,,,
Arkansas,AR,Hamburg,,,,,,,,71646,33.2159,-91.8044,America/Chicago,CST,-6,,,,,,,,,,,
Arkansas,AR,Hampton,,,,,,,,71744,33.51675,-92.5823,America/Chicago,CST,-6,,,,,,,,,,,
Arkansas,AR,Hardy,,,,,,,,72542,36.17844,-91.4817,America/Chicago,CST,-6,,,,,,,,,,,
Arkansas,AR,Harmon,,,,,,,,,35.99239,-94.0856,America/Chicago,CST,-6,,,,,,,,,,,
Arkansas,AR,Harmony,,,,,,,,,33.14263,-93.3552,America/Chicago,CST,-6,,,,,,,,,,,
Arkansas,AR,Harrell,,,,,,,,71745,33.51011,-92.3988,America/Chicago,CST,-6,,,,,,,,,,,
Arkansas,AR,Harrisburg,,,,,,,,72432,35.56425,-90.7168,America/Chicago,CST,-6,,,,,,,,,,,
Arkansas,AR,Harrison,,,,,,,,72602###72601,36.29509,-93.0929,America/Chicago,CST,-6,,,,,,,,,,,
Arkansas,AR,Hartford,,,,,,,,72938,35.06018,-94.3538,America/Chicago,CST,-6,,,,,,,,,,,
Arkansas,AR,Hartman,,,,,,,,72840,35.43602,-93.6436,America/Chicago,CST,-6,,,,,,,,,,,
Arkansas,AR,Haskell,,,,,,,,,34.50148,-92.6366,America/Chicago,CST,-6,,,,,,,,,,,
Arkansas,AR,Hatfield,,,,,,,,71945,34.5019,-94.3622,America/Chicago,CST,-6,,,,,,,,,,,
Arkansas,AR,Havana,,,,,,,,72842,35.1112,-93.5296,America/Chicago,CST,-6,,,,,,,,,,,
Arkansas,AR,Haynes,,,,,,,,72341,34.89453,-90.7508,America/Chicago,CST,-6,,,,,,,,,,,
Arkansas,AR,Hazen,,,,,,,,72064,34.78231,-91.5696,America/Chicago,CST,-6,,,,,,,,,,,
Arkansas,AR,Healing Springs,,,,,,,,,36.2548,-94.2783,America/Chicago,CST,-6,,,,,,,,,,,
Arkansas,AR,Heber Springs,,,,,,,,72545###72543,35.45311,-91.9888,America/Chicago,CST,-6,,,,,,,,,,,
Arkansas,AR,Hector,,,,,,,,72843,35.54986,-92.9616,America/Chicago,CST,-6,,,,,,,,,,,
Arkansas,AR,Helena,,,,,,,,72342,34.52955,-90.5918,America/Chicago,CST,-6,,,,,,,,,,,
Arkansas,AR,Hermitage,,,,,,,,71647,33.39004,-92.156,America/Chicago,CST,-6,,,,,,,,,,,
Arkansas,AR,Hickoria,,,,,,,,,36.39117,-90.4434,America/Chicago,CST,-6,,,,,,,,,,,
Arkansas,AR,Hickory Ridge,,,,,,,,72347,35.35894,-90.959,America/Chicago,CST,-6,,,,,,,,,,,
Arkansas,AR,Hicks,,,,,,,,,34.5651,-90.9812,America/Chicago,CST,-6,,,,,,,,,,,
Arkansas,AR,Higden,,,,,,,,72067,35.56852,-92.1341,America/Chicago,CST,-6,,,,,,,,,,,
Arkansas,AR,Higginson,,,,,,,,72068,35.19481,-91.7126,America/Chicago,CST,-6,,,,,,,,,,,
Arkansas,AR,Highfill,,,,,,,,,36.27015,-94.4528,America/Chicago,CST,-6,,,,,,,,,,,
Arkansas,AR,Hill Top,,,,,,,,,0,0,,,,,,,,,,,,,,
Arkansas,AR,Hindsville,,,,,,,,72738,36.14424,-93.8621,America/Chicago,CST,-6,,,,,,,,,,,
Arkansas,AR,Hiwasse,,,,,,,,72739,36.43174,-94.3338,America/Chicago,CST,-6,,,,,,,,,,,
Arkansas,AR,Hogeye,,,,,,,,,33.60892,-91.2074,America/Chicago,CST,-6,,,,,,,,,,,
Arkansas,AR,Holly Grove,,,,,,,,72069,34.59806,-91.1839,America/Chicago,CST,-6,,,,,,,,,,,
Arkansas,AR,Hope,,,,,,,,71801###71802,33.67356,-93.6068,America/Chicago,CST,-6,,,,,,,,,,,
Arkansas,AR,Horatio,,,,,,,,71842,33.93845,-94.3572,America/Chicago,CST,-6,,,,,,,,,,,
Arkansas,AR,Horseshoe Bend,,,,,,,,72512,36.22042,-91.7463,America/Chicago,CST,-6,,,,,,,,,,,
Arkansas,AR,Horseshoe Lake,,,,,,,,,36.22042,-91.7463,America/Chicago,CST,-6,,,,,,,,,,,
Arkansas,AR,Hot Springs,,,,,,,,,35.20603,-101.84,America/Chicago,CST,-6,,,,,,,,,,,
Arkansas,AR,Hot Springs Village,,,,,,,,71909###71910,34.64369,-92.9976,America/Chicago,CST,-6,,,,,,,,,,,
Arkansas,AR,Houston,,,,,,,,72070,35.05578,-92.6923,America/Chicago,CST,-6,,,,,,,,,,,
Arkansas,AR,Hoxie,,,,,,,,72433,36.0504,-91.0213,America/Chicago,CST,-6,,,,,,,,,,,
Arkansas,AR,Hughes,,,,,,,,72348,34.95986,-90.5644,America/Chicago,CST,-6,,,,,,,,,,,
Arkansas,AR,Humnoke,,,,,,,,72072,34.54148,-91.7571,America/Chicago,CST,-6,,,,,,,,,,,
Arkansas,AR,Humphrey,,,,,,,,72073,34.37408,-91.6386,America/Chicago,CST,-6,,,,,,,,,,,
Arkansas,AR,Hunter,,,,,,,,72074,35.05287,-91.1262,America/Chicago,CST,-6,,,,,,,,,,,
Arkansas,AR,Huntington,,,,,,,,72940,35.13786,-94.2461,America/Chicago,CST,-6,,,,,,,,,,,
Arkansas,AR,Huntsville,,,,,,,,72740,36.02805,-93.7787,America/Chicago,CST,-6,,,,,,,,,,,
Arkansas,AR,Huttig,,,,,,,,71747,33.03957,-92.1826,America/Chicago,CST,-6,,,,,,,,,,,
Arkansas,AR,Imboden,,,,,,,,72434,36.18368,-91.2157,America/Chicago,CST,-6,,,,,,,,,,,
Arkansas,AR,Jacksonport,,,,,,,,72075,35.64141,-91.3072,America/Chicago,CST,-6,,,,,,,,,,,
Arkansas,AR,Jacksonville,,,,,,,,72076###72078,34.91877,-92.1515,America/Chicago,CST,-6,,,,,,,,,,,
Arkansas,AR,Japton,,,,,,,,,35.96202,-93.8044,America/Chicago,CST,-6,,,,,,,,,,,
Arkansas,AR,Jasper,,,,,,,,72641,36.00581,-93.1877,America/Chicago,CST,-6,,,,,,,,,,,
Arkansas,AR,Jennette,,,,,,,,,35.08233,-90.4845,America/Chicago,CST,-6,,,,,,,,,,,
Arkansas,AR,Jenny Lind,,,,,,,,,0,0,,,,,,,,,,,,,,
Arkansas,AR,Jenson,,,,,,,,,35.13502,-94.392,America/Chicago,CST,-6,,,,,,,,,,,
Arkansas,AR,Jericho,,,,,,,,,35.28592,-90.227,America/Chicago,CST,-6,,,,,,,,,,,
Arkansas,AR,Jerome,,,,,,,,,33.5906,-91.7328,America/Chicago,CST,-6,,,,,,,,,,,
Arkansas,AR,Jethro,,,,,,,,,35.60758,-93.8874,America/Chicago,CST,-6,,,,,,,,,,,
Arkansas,AR,Johnson,,,,,,,,72741,35.99403,-94.22,America/Chicago,CST,-6,,,,,,,,,,,
Arkansas,AR,Joiner,,,,,,,,72350,35.50164,-90.1458,America/Chicago,CST,-6,,,,,,,,,,,
Arkansas,AR,Jonesboro,,,,,,,,72404###72402###72401###72403,35.83585,-90.6231,America/Chicago,CST,-6,,,,,,,,,,,
Arkansas,AR,Judsonia,,,,,,,,72081,35.27008,-91.6399,America/Chicago,CST,-6,,,,,,,,,,,
Arkansas,AR,Junction City,,,,,,,,71749,33.01625,-92.7243,America/Chicago,CST,-6,,,,,,,,,,,
Arkansas,AR,Keiser,,,,,,,,72351,35.69544,-90.0885,America/Chicago,CST,-6,,,,,,,,,,,
Arkansas,AR,Kensett,,,,,,,,72082,35.23175,-91.6676,America/Chicago,CST,-6,,,,,,,,,,,
Arkansas,AR,Keo,,,,,,,,72083,34.60737,-92.0144,America/Chicago,CST,-6,,,,,,,,,,,
Arkansas,AR,Kibler,,,,,,,,,35.43037,-94.2316,America/Chicago,CST,-6,,,,,,,,,,,
Arkansas,AR,Kingsland,,,,,,,,71652,33.86634,-92.2764,America/Chicago,CST,-6,,,,,,,,,,,
Arkansas,AR,Kingston,,,,,,,,72742,35.9638,-93.5012,America/Chicago,CST,-6,,,,,,,,,,,
Arkansas,AR,Knobel,,,,,,,,72435,36.32006,-90.6021,America/Chicago,CST,-6,,,,,,,,,,,
Arkansas,AR,Knoxville,,,,,,,,72845,35.38203,-93.3644,America/Chicago,CST,-6,,,,,,,,,,,
Arkansas,AR,Lafe,,,,,,,,72436,36.20423,-90.514,America/Chicago,CST,-6,,,,,,,,,,,
Arkansas,AR,Lagrange,,,,,,,,,34.76971,-90.7552,America/Chicago,CST,-6,,,,,,,,,,,
Arkansas,AR,Lake City,,,,,,,,72437,35.82481,-90.51,America/Chicago,CST,-6,,,,,,,,,,,
Arkansas,AR,Lake Francis,,,,,,,,,36.29201,-93.1816,America/Chicago,CST,-6,,,,,,,,,,,
Arkansas,AR,Lake Hamilton,,,,,,,,,34.42454,-93.0952,America/Chicago,CST,-6,,,,,,,,,,,
Arkansas,AR,Lake View,,,,,,,,,35.8923,-90.4526,America/Chicago,CST,-6,,,,,,,,,,,
Arkansas,AR,Lake Village,,,,,,,,71653,33.33191,-91.2977,America/Chicago,CST,-6,,,,,,,,,,,
Arkansas,AR,Lakeview,,,,,,,,72642,36.37547,-92.5404,America/Chicago,CST,-6,,,,,,,,,,,
Arkansas,AR,Lamar,,,,,,,,72846,35.47639,-93.3695,America/Chicago,CST,-6,,,,,,,,,,,
Arkansas,AR,Larue,,,,,,,,,36.34174,-93.946,America/Chicago,CST,-6,,,,,,,,,,,
Arkansas,AR,Lavaca,,,,,,,,72941,35.3362,-94.1733,America/Chicago,CST,-6,,,,,,,,,,,
Arkansas,AR,Leachville,,,,,,,,72438,35.93591,-90.2579,America/Chicago,CST,-6,,,,,,,,,,,
Arkansas,AR,Lead Hill,,,,,,,,72644,36.38484,-93.0039,America/Chicago,CST,-6,,,,,,,,,,,
Arkansas,AR,Lee Creek,,,,,,,,,35.68147,-94.3494,America/Chicago,CST,-6,,,,,,,,,,,
Arkansas,AR,Leola,,,,,,,,72084,34.21865,-92.6132,America/Chicago,CST,-6,,,,,,,,,,,
Arkansas,AR,Lepanto,,,,,,,,72354,35.59634,-90.34,America/Chicago,CST,-6,,,,,,,,,,,
Arkansas,AR,Leslie,,,,,,,,72645,35.83575,-92.5542,America/Chicago,CST,-6,,,,,,,,,,,
Arkansas,AR,Letona,,,,,,,,72085,35.36175,-91.8293,America/Chicago,CST,-6,,,,,,,,,,,
Arkansas,AR,Lewisville,,,,,,,,71845,33.2924,-93.5978,America/Chicago,CST,-6,,,,,,,,,,,
Arkansas,AR,Lexa,,,,,,,,72355,34.59788,-90.7523,America/Chicago,CST,-6,,,,,,,,,,,
Arkansas,AR,Liberty,,,,,,,,,33.40457,-92.8366,America/Chicago,CST,-6,,,,,,,,,,,
Arkansas,AR,Lincoln,,,,,,,,72744,35.94953,-94.4236,America/Chicago,CST,-6,,,,,,,,,,,
Arkansas,AR,Little Rock,,,,,,,,72219###72204###72215###72216###72201###72202###72222###72205###72210###72212###72217###72203###72209###72225###72207###72221###72227###72231###72206###72260###72295###72211###72214###72223,34.74691,-92.28,America/Chicago,CST,-6,,,,,,,,,,,
Arkansas,AR,Locke,,,,,,,,,35.67397,-94.0735,America/Chicago,CST,-6,,,,,,,,,,,
Arkansas,AR,Lockesburg,,,,,,,,71846,33.96754,-94.1946,America/Chicago,CST,-6,,,,,,,,,,,
Arkansas,AR,London,,,,,,,,72847,35.32897,-93.253,America/Chicago,CST,-6,,,,,,,,,,,
Arkansas,AR,Lonelm,,,,,,,,,0,0,,,,,,,,,,,,,,
Arkansas,AR,Lonoke,,,,,,,,72086,34.81247,-91.9054,America/Chicago,CST,-6,,,,,,,,,,,
Arkansas,AR,Lonsdale,,,,,,,,72087,34.57442,-92.8578,America/Chicago,CST,-6,,,,,,,,,,,
Arkansas,AR,Lookout,,,,,,,,,0,0,,,,,,,,,,,,,,
Arkansas,AR,Louann,,,,,,,,71751,33.41691,-92.777,America/Chicago,CST,-6,,,,,,,,,,,
Arkansas,AR,Lowell,,,,,,,,72745,36.25535,-94.1308,America/Chicago,CST,-6,,,,,,,,,,,
Arkansas,AR,Luxora,,,,,,,,72358,35.77341,-89.8879,America/Chicago,CST,-6,,,,,,,,,,,
Arkansas,AR,Lynn,,,,,,,,72440,36.01524,-91.2294,America/Chicago,CST,-6,,,,,,,,,,,
Arkansas,AR,Madison,,,,,,,,72359,35.02524,-90.7086,America/Chicago,CST,-6,,,,,,,,,,,
Arkansas,AR,Magazine,,,,,,,,72943,35.18267,-93.8126,America/Chicago,CST,-6,,,,,,,,,,,
Arkansas,AR,Magness,,,,,,,,72553,35.7005,-91.4808,America/Chicago,CST,-6,,,,,,,,,,,
Arkansas,AR,Magnolia,,,,,,,,71753###71754,33.20681,-93.224,America/Chicago,CST,-6,,,,,,,,,,,
Arkansas,AR,Malvern,,,,,,,,72104,34.36975,-92.8393,America/Chicago,CST,-6,,,,,,,,,,,
Arkansas,AR,Mammoth Spring,,,,,,,,72554,36.49244,-91.5468,America/Chicago,CST,-6,,,,,,,,,,,
Arkansas,AR,Manila,,,,,,,,72442,35.84392,-90.1806,America/Chicago,CST,-6,,,,,,,,,,,
Arkansas,AR,Mansfield,,,,,,,,72944,35.06345,-94.2433,America/Chicago,CST,-6,,,,,,,,,,,
Arkansas,AR,Marble,,,,,,,,,36.1398,-93.5874,America/Chicago,CST,-6,,,,,,,,,,,
Arkansas,AR,Marianna,,,,,,,,72360,34.76848,-90.7831,America/Chicago,CST,-6,,,,,,,,,,,
Arkansas,AR,Marie,,,,,,,,,35.59311,-90.0795,America/Chicago,CST,-6,,,,,,,,,,,
Arkansas,AR,Marion,,,,,,,,72364,35.21453,-90.1965,America/Chicago,CST,-6,,,,,,,,,,,
Arkansas,AR,Marked Tree,,,,,,,,72365,35.53127,-90.4364,America/Chicago,CST,-6,,,,,,,,,,,
Arkansas,AR,Marmaduke,,,,,,,,72443,36.15615,-90.3997,America/Chicago,CST,-6,,,,,,,,,,,
Arkansas,AR,Marshall,,,,,,,,72650,35.90813,-92.6386,America/Chicago,CST,-6,,,,,,,,,,,
Arkansas,AR,Marvell,,,,,,,,72366,34.5334,-90.9542,America/Chicago,CST,-6,,,,,,,,,,,
Arkansas,AR,Maumelle,,,,,,,,72113,34.85724,-92.3903,America/Chicago,CST,-6,,,,,,,,,,,
Arkansas,AR,Mayfield,,,,,,,,,35.99239,-94.0856,America/Chicago,CST,-6,,,,,,,,,,,
Arkansas,AR,Mayflower,,,,,,,,72106,34.96366,-92.4236,America/Chicago,CST,-6,,,,,,,,,,,
Arkansas,AR,Maynard,,,,,,,,72444,36.39669,-90.9369,America/Chicago,CST,-6,,,,,,,,,,,
Arkansas,AR,Maysville,,,,,,,,72747,36.40369,-94.6019,America/Chicago,CST,-6,,,,,,,,,,,
Arkansas,AR,Mccaskill,,,,,,,,,33.91591,-93.6199,America/Chicago,CST,-6,,,,,,,,,,,
Arkansas,AR,Mccrory,,,,,,,,,35.25999,-91.2198,America/Chicago,CST,-6,,,,,,,,,,,
Arkansas,AR,Mcdougal,,,,,,,,,36.43695,-90.3853,America/Chicago,CST,-6,,,,,,,,,,,
Arkansas,AR,Mcgehee,,,,,,,,,33.64457,-91.4011,America/Chicago,CST,-6,,,,,,,,,,,
Arkansas,AR,Mcnab,,,,,,,,,33.66123,-93.8327,America/Chicago,CST,-6,,,,,,,,,,,
Arkansas,AR,Mcneil,,,,,,,,,33.37314,-93.1873,America/Chicago,CST,-6,,,,,,,,,,,
Arkansas,AR,Mcrae,,,,,,,,,35.11286,-91.8224,America/Chicago,CST,-6,,,,,,,,,,,
Arkansas,AR,Meg,,,,,,,,,35.40425,-93.8883,America/Chicago,CST,-6,,,,,,,,,,,
Arkansas,AR,Melbourne,,,,,,,,72556,36.06353,-91.9079,America/Chicago,CST,-6,,,,,,,,,,,
Arkansas,AR,Mena,,,,,,,,71953,34.5037,-94.1948,America/Chicago,CST,-6,,,,,,,,,,,
Arkansas,AR,Menifee,,,,,,,,72107,35.15385,-92.5522,America/Chicago,CST,-6,,,,,,,,,,,
Arkansas,AR,Metalton,,,,,,,,,36.22313,-93.5299,America/Chicago,CST,-6,,,,,,,,,,,
Arkansas,AR,Midland,,,,,,,,72945,35.09315,-94.3533,America/Chicago,CST,-6,,,,,,,,,,,
Arkansas,AR,Mill Creek,,,,,,,,,35.27913,-93.1409,America/Chicago,CST,-6,,,,,,,,,,,
Arkansas,AR,Miller,,,,,,,,,0,0,,,,,,,,,,,,,,
Arkansas,AR,Milltown,,,,,,,,,35.15704,-94.1497,America/Chicago,CST,-6,,,,,,,,,,,
Arkansas,AR,Mineral Springs,,,,,,,,71851,33.87512,-93.9138,America/Chicago,CST,-6,,,,,,,,,,,
Arkansas,AR,Minturn,,,,,,,,72445,35.97429,-91.0318,America/Chicago,CST,-6,,,,,,,,,,,
Arkansas,AR,Mitchellville,,,,,,,,,33.90566,-91.499,America/Chicago,CST,-6,,,,,,,,,,,
Arkansas,AR,Monette,,,,,,,,72447,35.90997,-90.3474,America/Chicago,CST,-6,,,,,,,,,,,
Arkansas,AR,Monte Ne,,,,,,,,,36.32039,-93.9784,America/Chicago,CST,-6,,,,,,,,,,,
Arkansas,AR,Monticello,,,,,,,,71657###71656###71655,33.60497,-91.756,America/Chicago,CST,-6,,,,,,,,,,,
Arkansas,AR,Montrose,,,,,,,,71658,33.26172,-91.6499,America/Chicago,CST,-6,,,,,,,,,,,
Arkansas,AR,Moorefield,,,,,,,,,35.76841,-91.5704,America/Chicago,CST,-6,,,,,,,,,,,
Arkansas,AR,Moro,,,,,,,,72368,34.79185,-90.9351,America/Chicago,CST,-6,,,,,,,,,,,
Arkansas,AR,Morrilton,,,,,,,,72110,35.16924,-92.8174,America/Chicago,CST,-6,,,,,,,,,,,
Arkansas,AR,Morrison Bluff,,,,,,,,,35.38786,-93.5285,America/Chicago,CST,-6,,,,,,,,,,,
Arkansas,AR,Morrow,,,,,,,,72749,35.86842,-94.4376,America/Chicago,CST,-6,,,,,,,,,,,
Arkansas,AR,Mount Gayler,,,,,,,,,35.9273,-92.1702,America/Chicago,CST,-6,,,,,,,,,,,
Arkansas,AR,Mount Ida,,,,,,,,71957,34.55066,-93.5852,America/Chicago,CST,-6,,,,,,,,,,,
Arkansas,AR,Mount Pleasant,,,,,,,,72561,35.96182,-91.8197,America/Chicago,CST,-6,,,,,,,,,,,
Arkansas,AR,Mount Vernon,,,,,,,,72111,35.23855,-92.1313,America/Chicago,CST,-6,,,,,,,,,,,
Arkansas,AR,Mountain Home,,,,,,,,72654###72653,36.31868,-92.3722,America/Chicago,CST,-6,,,,,,,,,,,
Arkansas,AR,Mountain Pine,,,,,,,,71956,34.57203,-93.1732,America/Chicago,CST,-6,,,,,,,,,,,
Arkansas,AR,Mountain Top,,,,,,,,,35.62425,-93.7299,America/Chicago,CST,-6,,,,,,,,,,,
Arkansas,AR,Mountain View,,,,,,,,72560,35.82083,-92.0389,America/Chicago,CST,-6,,,,,,,,,,,
Arkansas,AR,Mountainburg,,,,,,,,72946,35.64644,-94.1497,America/Chicago,CST,-6,,,,,,,,,,,
Arkansas,AR,Mulberry,,,,,,,,72947,35.56581,-94.1248,America/Chicago,CST,-6,,,,,,,,,,,
Arkansas,AR,Murfreesboro,,,,,,,,71958,34.06233,-93.6899,America/Chicago,CST,-6,,,,,,,,,,,
Arkansas,AR,Nashville,,,,,,,,71852,34.0249,-93.9422,America/Chicago,CST,-6,,,,,,,,,,,
Arkansas,AR,Natural Dam,,,,,,,,72948,35.68058,-94.4042,America/Chicago,CST,-6,,,,,,,,,,,
Arkansas,AR,New Home,,,,,,,,,0,0,,,,,,,,,,,,,,
Arkansas,AR,New Salem,,,,,,,,,36.32257,-91.9577,America/Chicago,CST,-6,,,,,,,,,,,
Arkansas,AR,Newark,,,,,,,,72562,35.73241,-91.4252,America/Chicago,CST,-6,,,,,,,,,,,
Arkansas,AR,Newport,,,,,,,,72112,35.56928,-91.204,America/Chicago,CST,-6,,,,,,,,,,,
Arkansas,AR,Nimmons,,,,,,,,,36.30673,-90.0945,America/Chicago,CST,-6,,,,,,,,,,,
Arkansas,AR,Norfork,,,,,,,,72659###72658,36.16739,-92.3191,America/Chicago,CST,-6,,,,,,,,,,,
Arkansas,AR,Norman,,,,,,,,71960,34.47471,-93.6696,America/Chicago,CST,-6,,,,,,,,,,,
Arkansas,AR,Norphlet,,,,,,,,71759,33.32186,-92.6469,America/Chicago,CST,-6,,,,,,,,,,,
Arkansas,AR,North Crossett,,,,,,,,,33.16568,-91.9415,America/Chicago,CST,-6,,,,,,,,,,,
Arkansas,AR,North Little Rock,,,,,,,,72199###72119###72118###72124###72117###72116###72115###72114###72190,34.76656,-92.2629,America/Chicago,CST,-6,,,,,,,,,,,
Arkansas,AR,Oak Grove,,,,,,,,72660,36.47865,-93.3779,America/Chicago,CST,-6,,,,,,,,,,,
Arkansas,AR,Oak Grove Heights,,,,,,,,,36.17577,-90.4114,America/Chicago,CST,-6,,,,,,,,,,,
Arkansas,AR,Oak Hill,,,,,,,,,0,0,,,,,,,,,,,,,,
Arkansas,AR,Oakhaven,,,,,,,,,33.72928,-93.6207,America/Chicago,CST,-6,,,,,,,,,,,
Arkansas,AR,Odell,,,,,,,,,0,0,,,,,,,,,,,,,,
Arkansas,AR,Oden,,,,,,,,71966###71961,34.59798,-93.8034,America/Chicago,CST,-6,,,,,,,,,,,
Arkansas,AR,Ogden,,,,,,,,71853,33.59611,-93.9606,America/Chicago,CST,-6,,,,,,,,,,,
Arkansas,AR,Oil Trough,,,,,,,,72564,35.59985,-91.4754,America/Chicago,CST,-6,,,,,,,,,,,
Arkansas,AR,O'Kean,,,,,,,,,36.16923,-90.8143,America/Chicago,CST,-6,,,,,,,,,,,
Arkansas,AR,Okolona,,,,,,,,71962,34.04148,-93.2671,America/Chicago,CST,-6,,,,,,,,,,,
Arkansas,AR,Ola,,,,,,,,72853,35.0304,-93.3032,America/Chicago,CST,-6,,,,,,,,,,,
Arkansas,AR,Omaha,,,,,,,,72662,36.42161,-93.1665,America/Chicago,CST,-6,,,,,,,,,,,
Arkansas,AR,Oppelo,,,,,,,,,35.1012,-92.7677,America/Chicago,CST,-6,,,,,,,,,,,
Arkansas,AR,Osage,,,,,,,,,36.18257,-93.4046,America/Chicago,CST,-6,,,,,,,,,,,
Arkansas,AR,Osceola,,,,,,,,72370,35.70508,-89.9695,America/Chicago,CST,-6,,,,,,,,,,,
Arkansas,AR,Oxford,,,,,,,,72565,36.22118,-91.9293,America/Chicago,CST,-6,,,,,,,,,,,
Arkansas,AR,Ozan,,,,,,,,71855,33.83663,-93.7327,America/Chicago,CST,-6,,,,,,,,,,,
Arkansas,AR,Ozark,,,,,,,,72949,35.48703,-93.8277,America/Chicago,CST,-6,,,,,,,,,,,
Arkansas,AR,Palestine,,,,,,,,72372,34.97232,-90.9026,America/Chicago,CST,-6,,,,,,,,,,,
Arkansas,AR,Pangburn,,,,,,,,72121,35.42675,-91.8368,America/Chicago,CST,-6,,,,,,,,,,,
Arkansas,AR,Paradise,,,,,,,,,0,0,,,,,,,,,,,,,,
Arkansas,AR,Paragould,,,,,,,,72451###72450,36.11322,-90.5511,America/Chicago,CST,-6,,,,,,,,,,,
Arkansas,AR,Paris,,,,,,,,72855,35.27411,-93.616,America/Chicago,CST,-6,,,,,,,,,,,
Arkansas,AR,Parkdale,,,,,,,,71661,33.13924,-91.5766,America/Chicago,CST,-6,,,,,,,,,,,
Arkansas,AR,Parkers-Iron Spring,,,,,,,,,36.16722,-94.2401,America/Chicago,CST,-6,,,,,,,,,,,
Arkansas,AR,Parkin,,,,,,,,72373,35.29325,-90.6355,America/Chicago,CST,-6,,,,,,,,,,,
Arkansas,AR,Patmos,,,,,,,,,33.51179,-93.5663,America/Chicago,CST,-6,,,,,,,,,,,
Arkansas,AR,Patrick,,,,,,,,,35.84314,-93.8838,America/Chicago,CST,-6,,,,,,,,,,,
Arkansas,AR,Patterson,,,,,,,,72123,35.25881,-91.237,America/Chicago,CST,-6,,,,,,,,,,,
Arkansas,AR,Pea Ridge,,,,,,,,72751,36.46144,-94.1297,America/Chicago,CST,-6,,,,,,,,,,,
Arkansas,AR,Peach Orchard,,,,,,,,72453,36.27756,-90.6879,America/Chicago,CST,-6,,,,,,,,,,,
Arkansas,AR,Perla,,,,,,,,,34.36454,-92.7716,America/Chicago,CST,-6,,,,,,,,,,,
Arkansas,AR,Perry,,,,,,,,72125,35.04435,-92.7958,America/Chicago,CST,-6,,,,,,,,,,,
Arkansas,AR,Perrytown,,,,,,,,,33.69651,-93.5371,America/Chicago,CST,-6,,,,,,,,,,,
Arkansas,AR,Perryville,,,,,,,,72126,35.0259,-92.7865,America/Chicago,CST,-6,,,,,,,,,,,
Arkansas,AR,Peter Pender,,,,,,,,,0,0,,,,,,,,,,,,,,
Arkansas,AR,Pettigrew,,,,,,,,72752,35.81759,-93.5903,America/Chicago,CST,-6,,,,,,,,,,,
Arkansas,AR,Piggott,,,,,,,,72454,36.37879,-90.3132,America/Chicago,CST,-6,,,,,,,,,,,
Arkansas,AR,Pinckney,,,,,,,,,34.97676,-90.3054,America/Chicago,CST,-6,,,,,,,,,,,
Arkansas,AR,Pindall,,,,,,,,72669,36.06619,-92.8813,America/Chicago,CST,-6,,,,,,,,,,,
Arkansas,AR,Pine Bluff,,,,,,,,71611###71613###71603###71601,34.20896,-91.9859,America/Chicago,CST,-6,,,,,,,,,,,
Arkansas,AR,Pineville,,,,,,,,72566,36.21676,-92.078,America/Chicago,CST,-6,,,,,,,,,,,
Arkansas,AR,Piney,,,,,,,,,34.52645,-92.9741,America/Chicago,CST,-6,,,,,,,,,,,
Arkansas,AR,Plainview,,,,,,,,72857,34.99207,-93.2956,America/Chicago,CST,-6,,,,,,,,,,,
Arkansas,AR,Pleasant Hill,,,,,,,,,33.86511,-93.428,America/Chicago,CST,-6,,,,,,,,,,,
Arkansas,AR,Pleasant Plains,,,,,,,,72568,35.55008,-91.6263,America/Chicago,CST,-6,,,,,,,,,,,
Arkansas,AR,Pleasant Ridge,,,,,,,,,35.55008,-91.6263,America/Chicago,CST,-6,,,,,,,,,,,
Arkansas,AR,Plumerville,,,,,,,,72127,35.15351,-92.6623,America/Chicago,CST,-6,,,,,,,,,,,
Arkansas,AR,Pocahontas,,,,,,,,72455,36.32404,-91.0847,America/Chicago,CST,-6,,,,,,,,,,,
Arkansas,AR,Pollard,,,,,,,,72456,36.43089,-90.2684,America/Chicago,CST,-6,,,,,,,,,,,
Arkansas,AR,Portia,,,,,,,,72457,36.08646,-91.0674,America/Chicago,CST,-6,,,,,,,,,,,
Arkansas,AR,Portland,,,,,,,,71663,33.2379,-91.5115,America/Chicago,CST,-6,,,,,,,,,,,
Arkansas,AR,Pottsville,,,,,,,,72858,35.23299,-93.0268,America/Chicago,CST,-6,,,,,,,,,,,
Arkansas,AR,Powhatan,,,,,,,,72458,36.08229,-91.1185,America/Chicago,CST,-6,,,,,,,,,,,
Arkansas,AR,Poyen,,,,,,,,72128,34.3023,-92.6095,America/Chicago,CST,-6,,,,,,,,,,,
Arkansas,AR,Prairie Grove,,,,,,,,72753,35.92799,-94.3178,America/Chicago,CST,-6,,,,,,,,,,,
Arkansas,AR,Prattsville,,,,,,,,72129,34.31491,-92.5394,America/Chicago,CST,-6,,,,,,,,,,,
Arkansas,AR,Prescott,,,,,,,,71857,33.77679,-93.2891,America/Chicago,CST,-6,,,,,,,,,,,
Arkansas,AR,Pyatt,,,,,,,,72672,36.24862,-92.8416,America/Chicago,CST,-6,,,,,,,,,,,
Arkansas,AR,Quitman,,,,,,,,72131,35.44949,-92.1518,America/Chicago,CST,-6,,,,,,,,,,,
Arkansas,AR,Ratcliff,,,,,,,,72951,35.29169,-93.8899,America/Chicago,CST,-6,,,,,,,,,,,
Arkansas,AR,Ravenden,,,,,,,,72459,36.2334,-91.2518,America/Chicago,CST,-6,,,,,,,,,,,
Arkansas,AR,Ravenden Springs,,,,,,,,72460,36.31646,-91.2226,America/Chicago,CST,-6,,,,,,,,,,,
Arkansas,AR,Reader,,,,,,,,,33.75205,-93.1052,America/Chicago,CST,-6,,,,,,,,,,,
Arkansas,AR,Rector,,,,,,,,72461,36.31079,-90.3296,America/Chicago,CST,-6,,,,,,,,,,,
Arkansas,AR,Red Star,,,,,,,,,35.86675,-93.5307,America/Chicago,CST,-6,,,,,,,,,,,
Arkansas,AR,Redding,,,,,,,,,0,0,,,,,,,,,,,,,,
Arkansas,AR,Redfield,,,,,,,,72132,34.43642,-92.1504,America/Chicago,CST,-6,,,,,,,,,,,
Arkansas,AR,Reed,,,,,,,,,35.54682,-94.2913,America/Chicago,CST,-6,,,,,,,,,,,
Arkansas,AR,Reyno,,,,,,,,72462,36.35144,-90.7801,America/Chicago,CST,-6,,,,,,,,,,,
Arkansas,AR,Rhea,,,,,,,,,36.01425,-94.403,America/Chicago,CST,-6,,,,,,,,,,,
Arkansas,AR,Rison,,,,,,,,71665,33.90065,-92.1318,America/Chicago,CST,-6,,,,,,,,,,,
Arkansas,AR,Rockhouse,,,,,,,,,36.28202,-93.673,America/Chicago,CST,-6,,,,,,,,,,,
Arkansas,AR,Rockport,,,,,,,,,34.38759,-92.8254,America/Chicago,CST,-6,,,,,,,,,,,
Arkansas,AR,Rockwell,,,,,,,,,34.46426,-93.1338,America/Chicago,CST,-6,,,,,,,,,,,
Arkansas,AR,Rocky Comfort,,,,,,,,,34.59177,-94.3694,America/Chicago,CST,-6,,,,,,,,,,,
Arkansas,AR,Roe,,,,,,,,72134,34.63343,-91.3851,America/Chicago,CST,-6,,,,,,,,,,,
Arkansas,AR,Rogers,,,,,,,,72756###72757###72758,36.32039,-93.9784,America/Chicago,CST,-6,,,,,,,,,,,
Arkansas,AR,Rondo,,,,,,,,,34.65927,-90.8207,America/Chicago,CST,-6,,,,,,,,,,,
Arkansas,AR,Rose Bud,,,,,,,,72137,35.33147,-92.0813,America/Chicago,CST,-6,,,,,,,,,,,
Arkansas,AR,Rosston,,,,,,,,71858,33.59262,-93.2766,America/Chicago,CST,-6,,,,,,,,,,,
Arkansas,AR,Rudd,,,,,,,,,36.21368,-93.486,America/Chicago,CST,-6,,,,,,,,,,,
Arkansas,AR,Rudy,,,,,,,,72952,35.54682,-94.2913,America/Chicago,CST,-6,,,,,,,,,,,
Arkansas,AR,Rule,,,,,,,,,36.27785,-93.4599,America/Chicago,CST,-6,,,,,,,,,,,
Arkansas,AR,Russell,,,,,,,,72139,35.36258,-91.5076,America/Chicago,CST,-6,,,,,,,,,,,
Arkansas,AR,Russellville,,,,,,,,72802###72812###72801###72811,35.27913,-93.1409,America/Chicago,CST,-6,,,,,,,,,,,
Arkansas,AR,Rye Hill,,,,,,,,,33.93009,-92.1103,America/Chicago,CST,-6,,,,,,,,,,,
Arkansas,AR,Saint Charles,,,,,,,,72140,34.37177,-91.1365,America/Chicago,CST,-6,,,,,,,,,,,
Arkansas,AR,Saint Francis,,,,,,,,72464,36.45339,-90.1454,America/Chicago,CST,-6,,,,,,,,,,,
Arkansas,AR,Saint Paul,,,,,,,,72760,35.82425,-93.7641,America/Chicago,CST,-6,,,,,,,,,,,
Arkansas,AR,Salem,,,,,,,,72576,36.32257,-91.9577,America/Chicago,CST,-6,,,,,,,,,,,
Arkansas,AR,Salesville,,,,,,,,,36.24535,-92.2652,America/Chicago,CST,-6,,,,,,,,,,,
Arkansas,AR,Savoy,,,,,,,,,35.99239,-94.0856,America/Chicago,CST,-6,,,,,,,,,,,
Arkansas,AR,Scranton,,,,,,,,72863,35.3612,-93.5357,America/Chicago,CST,-6,,,,,,,,,,,
Arkansas,AR,Searcy,,,,,,,,72143###72149###72145,35.24362,-91.7317,America/Chicago,CST,-6,,,,,,,,,,,
Arkansas,AR,Sedgwick,,,,,,,,72465,35.96432,-90.8954,America/Chicago,CST,-6,,,,,,,,,,,
Arkansas,AR,Shady Grove,,,,,,,,,34.75033,-92.3512,America/Chicago,CST,-6,,,,,,,,,,,
Arkansas,AR,Shannon Hills,,,,,,,,,34.62009,-92.3954,America/Chicago,CST,-6,,,,,,,,,,,
Arkansas,AR,Sheridan,,,,,,,,72150,34.30694,-92.3987,America/Chicago,CST,-6,,,,,,,,,,,
Arkansas,AR,Sherrill,,,,,,,,72152,34.36353,-91.9276,America/Chicago,CST,-6,,,,,,,,,,,
Arkansas,AR,Sherwood,,,,,,,,72120,34.88069,-92.2303,America/Chicago,CST,-6,,,,,,,,,,,
Arkansas,AR,Shibley,,,,,,,,,33.60892,-91.2074,America/Chicago,CST,-6,,,,,,,,,,,
Arkansas,AR,Shirley,,,,,,,,72153,35.65619,-92.3193,America/Chicago,CST,-6,,,,,,,,,,,
Arkansas,AR,Sidney,,,,,,,,72577,36.06637,-91.642,America/Chicago,CST,-6,,,,,,,,,,,
Arkansas,AR,Siloam Springs,,,,,,,,72761,36.21791,-94.3838,America/Chicago,CST,-6,,,,,,,,,,,
Arkansas,AR,Simsboro,,,,,,,,,0,0,,,,,,,,,,,,,,
Arkansas,AR,Smackover,,,,,,,,71762,33.36485,-92.7249,America/Chicago,CST,-6,,,,,,,,,,,
Arkansas,AR,Smithville,,,,,,,,72466,36.05794,-91.2401,America/Chicago,CST,-6,,,,,,,,,,,
Arkansas,AR,Sonora,,,,,,,,,36.16536,-94.0449,America/Chicago,CST,-6,,,,,,,,,,,
Arkansas,AR,South Lead Hill,,,,,,,,,36.23803,-93.086,America/Chicago,CST,-6,,,,,,,,,,,
Arkansas,AR,Sparkman,,,,,,,,71763,33.91429,-92.8532,America/Chicago,CST,-6,,,,,,,,,,,
Arkansas,AR,Springdale,,,,,,,,72762###72765###72764###72766,36.16722,-94.2401,America/Chicago,CST,-6,,,,,,,,,,,
Arkansas,AR,Springtown,,,,,,,,,36.26091,-94.4233,America/Chicago,CST,-6,,,,,,,,,,,
Arkansas,AR,Stamps,,,,,,,,71860,33.34381,-93.5057,America/Chicago,CST,-6,,,,,,,,,,,
Arkansas,AR,Star City,,,,,,,,71667,33.94288,-91.8435,America/Chicago,CST,-6,,,,,,,,,,,
Arkansas,AR,Stephens,,,,,,,,71764,33.46053,-93.0119,America/Chicago,CST,-6,,,,,,,,,,,
Arkansas,AR,Strawberry,,,,,,,,72469,35.96731,-91.2935,America/Chicago,CST,-6,,,,,,,,,,,
Arkansas,AR,Strickler,,,,,,,,,35.83369,-94.3133,America/Chicago,CST,-6,,,,,,,,,,,
Arkansas,AR,Strong,,,,,,,,71765,33.16959,-92.3318,America/Chicago,CST,-6,,,,,,,,,,,
Arkansas,AR,Stuttgart,,,,,,,,72160,34.50037,-91.5526,America/Chicago,CST,-6,,,,,,,,,,,
Arkansas,AR,Subiaco,,,,,,,,72865,35.31529,-93.5991,America/Chicago,CST,-6,,,,,,,,,,,
Arkansas,AR,Success,,,,,,,,72470,36.45451,-90.7215,America/Chicago,CST,-6,,,,,,,,,,,
Arkansas,AR,Sulphur City,,,,,,,,,35.96508,-94.0505,America/Chicago,CST,-6,,,,,,,,,,,
Arkansas,AR,Sulphur Rock,,,,,,,,72579,35.75119,-91.5007,America/Chicago,CST,-6,,,,,,,,,,,
Arkansas,AR,Sulphur Springs,,,,,,,,72768,36.47832,-94.4986,America/Chicago,CST,-6,,,,,,,,,,,
Arkansas,AR,Summers,,,,,,,,72769,36.02759,-94.4939,America/Chicago,CST,-6,,,,,,,,,,,
Arkansas,AR,Summit,,,,,,,,72677,36.25229,-92.6907,America/Chicago,CST,-6,,,,,,,,,,,
Arkansas,AR,Sunset,,,,,,,,,35.22176,-90.2057,America/Chicago,CST,-6,,,,,,,,,,,
Arkansas,AR,Swifton,,,,,,,,72471,35.81765,-91.0927,America/Chicago,CST,-6,,,,,,,,,,,
Arkansas,AR,Taft,,,,,,,,,0,0,,,,,,,,,,,,,,
Arkansas,AR,Taylor,,,,,,,,71861,33.10041,-93.461,America/Chicago,CST,-6,,,,,,,,,,,
Arkansas,AR,Texarkana,,,,,,,,71854,33.43104,-93.8765,America/Chicago,CST,-6,,,,,,,,,,,
Arkansas,AR,Thornton,,,,,,,,71766,33.7768,-92.4862,America/Chicago,CST,-6,,,,,,,,,,,
Arkansas,AR,Three Way,,,,,,,,,0,0,,,,,,,,,,,,,,
Arkansas,AR,Tillar,,,,,,,,71670,33.69814,-91.4433,America/Chicago,CST,-6,,,,,,,,,,,
Arkansas,AR,Tinsman,,,,,,,,,33.62983,-92.3551,America/Chicago,CST,-6,,,,,,,,,,,
Arkansas,AR,Tollette,,,,,,,,,33.81984,-93.8944,America/Chicago,CST,-6,,,,,,,,,,,
Arkansas,AR,Toney,,,,,,,,,0,0,,,,,,,,,,,,,,
Arkansas,AR,Tontitown,,,,,,,,72770,36.14998,-94.2429,America/Chicago,CST,-6,,,,,,,,,,,
Arkansas,AR,Traskwood,,,,,,,,72167,34.46923,-92.6582,America/Chicago,CST,-6,,,,,,,,,,,
Arkansas,AR,Trumann,,,,,,,,72472,35.58822,-90.562,America/Chicago,CST,-6,,,,,,,,,,,
Arkansas,AR,Tuckerman,,,,,,,,72473,35.71528,-91.1733,America/Chicago,CST,-6,,,,,,,,,,,
Arkansas,AR,Tull,,,,,,,,,34.44787,-92.5763,America/Chicago,CST,-6,,,,,,,,,,,
Arkansas,AR,Tupelo,,,,,,,,72169,35.38445,-91.2232,America/Chicago,CST,-6,,,,,,,,,,,
Arkansas,AR,Turners Bend,,,,,,,,,0,0,,,,,,,,,,,,,,
Arkansas,AR,Turrell,,,,,,,,72384,35.3439,-90.2978,America/Chicago,CST,-6,,,,,,,,,,,
Arkansas,AR,Tuttle,,,,,,,,,36.03369,-93.9724,America/Chicago,CST,-6,,,,,,,,,,,
Arkansas,AR,Tyronza,,,,,,,,72386,35.49813,-90.3976,America/Chicago,CST,-6,,,,,,,,,,,
Arkansas,AR,Ulm,,,,,,,,72170,34.57722,-91.4633,America/Chicago,CST,-6,,,,,,,,,,,
Arkansas,AR,Uniontown,,,,,,,,72955,35.58453,-94.4441,America/Chicago,CST,-6,,,,,,,,,,,
Arkansas,AR,Urbanette,,,,,,,,,36.41979,-93.5335,America/Chicago,CST,-6,,,,,,,,,,,
Arkansas,AR,Ursula,,,,,,,,,35.32398,-94.093,America/Chicago,CST,-6,,,,,,,,,,,
Arkansas,AR,Valley Springs,,,,,,,,72682,36.13754,-92.7414,America/Chicago,CST,-6,,,,,,,,,,,
Arkansas,AR,Van Buren,,,,,,,,72957###72956,35.49649,-94.2991,America/Chicago,CST,-6,,,,,,,,,,,
Arkansas,AR,Vandervoort,,,,,,,,71972,34.39409,-94.2535,America/Chicago,CST,-6,,,,,,,,,,,
Arkansas,AR,Vanndale,,,,,,,,72387,35.3182,-90.7715,America/Chicago,CST,-6,,,,,,,,,,,
Arkansas,AR,Vaughn,,,,,,,,,36.31536,-94.3041,America/Chicago,CST,-6,,,,,,,,,,,
Arkansas,AR,Vesta,,,,,,,,,35.37926,-94.0419,America/Chicago,CST,-6,,,,,,,,,,,
Arkansas,AR,Victoria,,,,,,,,,35.7144,-90.0277,America/Chicago,CST,-6,,,,,,,,,,,
Arkansas,AR,Vilonia,,,,,,,,72173,35.10475,-92.2282,America/Chicago,CST,-6,,,,,,,,,,,
Arkansas,AR,Viney Grove,,,,,,,,,0,0,,,,,,,,,,,,,,
Arkansas,AR,Viola,,,,,,,,72583,36.39251,-91.9394,America/Chicago,CST,-6,,,,,,,,,,,
Arkansas,AR,Wabbaseka,,,,,,,,72175,34.36093,-91.796,America/Chicago,CST,-6,,,,,,,,,,,
Arkansas,AR,Walcott,,,,,,,,72474,36.04133,-90.6718,America/Chicago,CST,-6,,,,,,,,,,,
Arkansas,AR,Waldenburg,,,,,,,,72475,35.54658,-90.9658,America/Chicago,CST,-6,,,,,,,,,,,
Arkansas,AR,Waldo,,,,,,,,71770,33.35044,-93.3024,America/Chicago,CST,-6,,,,,,,,,,,
Arkansas,AR,Waldron,,,,,,,,72958,34.90813,-94.0894,America/Chicago,CST,-6,,,,,,,,,,,
Arkansas,AR,Walnut Grove,,,,,,,,,35.5623,-92.5557,America/Chicago,CST,-6,,,,,,,,,,,
Arkansas,AR,Walnut Hill,,,,,,,,,33.10985,-93.6841,America/Chicago,CST,-6,,,,,,,,,,,
Arkansas,AR,Walnut Ridge,,,,,,,,72476,36.0684,-90.956,America/Chicago,CST,-6,,,,,,,,,,,
Arkansas,AR,War Eagle,,,,,,,,,0,0,,,,,,,,,,,,,,
Arkansas,AR,Ward,,,,,,,,72176,34.98827,-91.9053,America/Chicago,CST,-6,,,,,,,,,,,
Arkansas,AR,Warren,,,,,,,,71671,33.5736,-92.0979,America/Chicago,CST,-6,,,,,,,,,,,
Arkansas,AR,Washburn,,,,,,,,,35.16843,-94.0935,America/Chicago,CST,-6,,,,,,,,,,,
Arkansas,AR,Washington,,,,,,,,71862,33.7761,-93.7136,America/Chicago,CST,-6,,,,,,,,,,,
Arkansas,AR,Watalula,,,,,,,,,35.57342,-93.8274,America/Chicago,CST,-6,,,,,,,,,,,
Arkansas,AR,Watkins Corner,,,,,,,,,34.46871,-90.9559,America/Chicago,CST,-6,,,,,,,,,,,
Arkansas,AR,Watson,,,,,,,,71674,33.9052,-91.2798,America/Chicago,CST,-6,,,,,,,,,,,
Arkansas,AR,Weathers,,,,,,,,,35.95952,-93.5205,America/Chicago,CST,-6,,,,,,,,,,,
Arkansas,AR,Wedington,,,,,,,,,0,0,,,,,,,,,,,,,,
Arkansas,AR,Weiner,,,,,,,,72479,35.61199,-90.8738,America/Chicago,CST,-6,,,,,,,,,,,
Arkansas,AR,Weldon,,,,,,,,,35.44536,-91.2315,America/Chicago,CST,-6,,,,,,,,,,,
Arkansas,AR,Wesley,,,,,,,,72773,36.0273,-93.9202,America/Chicago,CST,-6,,,,,,,,,,,
Arkansas,AR,West Crossett,,,,,,,,,33.14096,-91.994,America/Chicago,CST,-6,,,,,,,,,,,
Arkansas,AR,West Fork,,,,,,,,72774,35.92425,-94.1885,America/Chicago,CST,-6,,,,,,,,,,,
Arkansas,AR,West Helena,,,,,,,,72390,34.53022,-90.6814,America/Chicago,CST,-6,,,,,,,,,,,
Arkansas,AR,West Memphis,,,,,,,,72303###72301,35.14469,-90.1892,America/Chicago,CST,-6,,,,,,,,,,,
Arkansas,AR,West Point,,,,,,,,72178,35.20321,-91.6064,America/Chicago,CST,-6,,,,,,,,,,,
Arkansas,AR,Western Grove,,,,,,,,72685,36.09894,-92.9611,America/Chicago,CST,-6,,,,,,,,,,,
Arkansas,AR,Wheatley,,,,,,,,72392,34.95062,-91.091,America/Chicago,CST,-6,,,,,,,,,,,
Arkansas,AR,Wheeler,,,,,,,,,36.11425,-94.2591,America/Chicago,CST,-6,,,,,,,,,,,
Arkansas,AR,Whelen Springs,,,,,,,,71772,33.83094,-93.1263,America/Chicago,CST,-6,,,,,,,,,,,
Arkansas,AR,White Hall,,,,,,,,71602###71612,34.25766,-92.0121,America/Chicago,CST,-6,,,,,,,,,,,
Arkansas,AR,Wickes,,,,,,,,71973,34.30766,-94.3616,America/Chicago,CST,-6,,,,,,,,,,,
Arkansas,AR,Widener,,,,,,,,72394,35.02342,-90.6848,America/Chicago,CST,-6,,,,,,,,,,,
Arkansas,AR,Wiederkehr Village,,,,,,,,,35.47314,-93.7646,America/Chicago,CST,-6,,,,,,,,,,,
Arkansas,AR,Williford,,,,,,,,72482,36.28556,-91.3557,America/Chicago,CST,-6,,,,,,,,,,,
Arkansas,AR,Willisville,,,,,,,,71864,33.70082,-93.2941,America/Chicago,CST,-6,,,,,,,,,,,
Arkansas,AR,Wilmar,,,,,,,,71675,33.61415,-91.9167,America/Chicago,CST,-6,,,,,,,,,,,
Arkansas,AR,Wilmot,,,,,,,,71676,33.05735,-91.5735,America/Chicago,CST,-6,,,,,,,,,,,
Arkansas,AR,Wilson,,,,,,,,72395,35.59311,-90.0795,America/Chicago,CST,-6,,,,,,,,,,,
Arkansas,AR,Wilton,,,,,,,,71865,33.74123,-94.1483,America/Chicago,CST,-6,,,,,,,,,,,
Arkansas,AR,Winchester,,,,,,,,71677,33.77455,-91.4746,America/Chicago,CST,-6,,,,,,,,,,,
Arkansas,AR,Winslow,,,,,,,,72959,35.8624,-94.106,America/Chicago,CST,-6,,,,,,,,,,,
Arkansas,AR,Winthrop,,,,,,,,71866,33.85714,-94.3748,America/Chicago,CST,-6,,,,,,,,,,,
Arkansas,AR,Witcherville,,,,,,,,,35.1376,-94.2644,America/Chicago,CST,-6,,,,,,,,,,,
Arkansas,AR,Witter,,,,,,,,72776,35.93758,-93.6835,America/Chicago,CST,-6,,,,,,,,,,,
Arkansas,AR,Woolsey,,,,,,,,,35.88536,-94.1685,America/Chicago,CST,-6,,,,,,,,,,,
Arkansas,AR,Wooster,,,,,,,,72181,35.1624,-92.4452,America/Chicago,CST,-6,,,,,,,,,,,
Arkansas,AR,Wrightsville,,,,,,,,72183,34.75192,-92.3925,America/Chicago,CST,-6,,,,,,,,,,,
Arkansas,AR,Wynne,,,,,,,,72396,35.27484,-90.7989,America/Chicago,CST,-6,,,,,,,,,,,
Arkansas,AR,Wyola,,,,,,,,,35.85869,-94.0585,America/Chicago,CST,-6,,,,,,,,,,,
Arkansas,AR,Yellville,,,,,,,,72687,36.22618,-92.6849,America/Chicago,CST,-6,,,,,,,,,,,
Arkansas,AR,Zinc,,,,,,,,,36.28535,-92.9143,America/Chicago,CST,-6,,,,,,,,,,,
