Arizona,AZ,Aguila,,,,,,,,85320,33.94281,-113.174,America/Phoenix,MST,-7,,,,,,,,,,,
Arizona,AZ,Ajo,,,,,,,,85321,32.38489,-112.89,America/Phoenix,MST,-7,,,,,,,,,,,
Arizona,AZ,Ak-Chin Village,,,,,,,,,0,0,,,,,,,,,,,,,,
Arizona,AZ,Alpine,,,,,,,,85920,33.84811,-109.143,America/Phoenix,MST,-7,,,,,,,,,,,
Arizona,AZ,Angell,,,,,,,,,0,0,,,,,,,,,,,,,,
Arizona,AZ,Apache,,,,,,,,,0,0,,,,,,,,,,,,,,
Arizona,AZ,Apache Junction,,,,,,,,85120###85119,33.3934,-111.479,America/Phoenix,MST,-7,,,,,,,,,,,
Arizona,AZ,Aripine,,,,,,,,,0,0,,,,,,,,,,,,,,
Arizona,AZ,Arivaca,,,,,,,,85601,31.57481,-111.332,America/Phoenix,MST,-7,,,,,,,,,,,
Arizona,AZ,Arizona City,,,,,,,,85123,32.74517,-111.603,America/Phoenix,MST,-7,,,,,,,,,,,
Arizona,AZ,Arlington,,,,,,,,85322,33.3256,-112.764,America/Phoenix,MST,-7,,,,,,,,,,,
Arizona,AZ,Ash Fork,,,,,,,,86320,35.21722,-112.491,America/Phoenix,MST,-7,,,,,,,,,,,
Arizona,AZ,Avondale,,,,,,,,85323###85392,33.4356,-112.35,America/Phoenix,MST,-7,,,,,,,,,,,
Arizona,AZ,Avra Valley,,,,,,,,,32.00267,-110.705,America/Phoenix,MST,-7,,,,,,,,,,,
Arizona,AZ,Bagdad,,,,,,,,86321,34.58362,-113.165,America/Phoenix,MST,-7,,,,,,,,,,,
Arizona,AZ,Beardsley,,,,,,,,,0,0,,,,,,,,,,,,,,
Arizona,AZ,Benson,,,,,,,,85602,32.03589,-110.263,America/Phoenix,MST,-7,,,,,,,,,,,
Arizona,AZ,Big Five,,,,,,,,,34.20394,-111.606,,,,,,,,,,,,,,
Arizona,AZ,Big Park,,,,,,,,,0,0,,,,,,,,,,,,,,
Arizona,AZ,Bisbee,,,,,,,,85603,31.44815,-109.928,America/Phoenix,MST,-7,,,,,,,,,,,
Arizona,AZ,Bitter Springs,,,,,,,,,34.34503,-112.159,America/Phoenix,MST,-7,,,,,,,,,,,
Arizona,AZ,Black Canyon City,,,,,,,,85324,34.07545,-112.134,America/Phoenix,MST,-7,,,,,,,,,,,
Arizona,AZ,Bouse,,,,,,,,85325,33.95782,-114.004,America/Phoenix,MST,-7,,,,,,,,,,,
Arizona,AZ,Brenda,,,,,,,,,0,0,,,,,,,,,,,,,,
Arizona,AZ,Bridgeport,,,,,,,,,0,0,,,,,,,,,,,,,,
Arizona,AZ,Bright Angel Point,,,,,,,,,0,0,,,,,,,,,,,,,,
Arizona,AZ,Buckeye,,,,,,,,85396###85326,33.37032,-112.584,America/Phoenix,MST,-7,,,,,,,,,,,
Arizona,AZ,Bullhead City,,,,,,,,86430###86442###86429###86439,35.1715,-114.539,America/Phoenix,MST,-7,,,,,,,,,,,
Arizona,AZ,Bumble Bee,,,,,,,,,0,0,,,,,,,,,,,,,,
Arizona,AZ,Bylas,,,,,,,,85530,33.13428,-110.12,America/Phoenix,MST,-7,,,,,,,,,,,
Arizona,AZ,Cactus Forest,,,,,,,,,32.96007,-111.32,America/Phoenix,MST,-7,,,,,,,,,,,
Arizona,AZ,Cameron,,,,,,,,86020,35.85371,-111.427,America/Denver,MST,-7,,,,,,,,,,,
Arizona,AZ,Camp Verde,,,,,,,,86322,34.56969,-111.81,America/Phoenix,MST,-7,,,,,,,,,,,
Arizona,AZ,Canyon Day,,,,,,,,,0,0,,,,,,,,,,,,,,
Arizona,AZ,Carefree,,,,,,,,85377,33.82226,-111.918,America/Phoenix,MST,-7,,,,,,,,,,,
Arizona,AZ,Carrizo,,,,,,,,,0,0,,,,,,,,,,,,,,
Arizona,AZ,Casa Grande,,,,,,,,85193###85130###85122###85194,32.89055,-111.754,America/Phoenix,MST,-7,,,,,,,,,,,
Arizona,AZ,Casas Adobes,,,,,,,,,34.20394,-111.606,,,,,,,,,,,,,,
Arizona,AZ,Cashion,,,,,,,,85329,33.27654,-112.187,America/Phoenix,MST,-7,,,,,,,,,,,
Arizona,AZ,Castle Butte,,,,,,,,,0,0,,,,,,,,,,,,,,
Arizona,AZ,Catalina,,,,,,,,85738,31.97013,-111.891,America/Phoenix,MST,-7,,,,,,,,,,,
Arizona,AZ,Catalina Foothills,,,,,,,,,31.97013,-111.891,America/Phoenix,MST,-7,,,,,,,,,,,
Arizona,AZ,Cave Creek,,,,,,,,85327###85331,33.27654,-112.187,America/Phoenix,MST,-7,,,,,,,,,,,
Arizona,AZ,Cedar Ridge,,,,,,,,,0,0,,,,,,,,,,,,,,
Arizona,AZ,Cedar Springs,,,,,,,,,0,0,,,,,,,,,,,,,,
Arizona,AZ,Chambers,,,,,,,,86502,35.23749,-109.523,America/Phoenix,MST,-7,,,,,,,,,,,
Arizona,AZ,Chandler,,,,,,,,85224###85244###85226###85225###85286###85246###85249###85248,33.32411,-111.878,America/Phoenix,MST,-7,,,,,,,,,,,
Arizona,AZ,Cherry,,,,,,,,,0,0,,,,,,,,,,,,,,
Arizona,AZ,Chilchinbito,,,,,,,,,36.52722,-110.082,America/Denver,MST,-7,,,,,,,,,,,
Arizona,AZ,Chinle,,,,,,,,86503,36.15046,-109.579,America/Denver,MST,-7,,,,,,,,,,,
Arizona,AZ,Chino Valley,,,,,,,,86323,34.75752,-112.454,America/Phoenix,MST,-7,,,,,,,,,,,
Arizona,AZ,Chloride,,,,,,,,86431,35.38958,-114.222,America/Phoenix,MST,-7,,,,,,,,,,,
Arizona,AZ,Chuichu,,,,,,,,,32.752,-111.783,America/Phoenix,MST,-7,,,,,,,,,,,
Arizona,AZ,Cibecue,,,,,,,,85911,34.03318,-110.485,America/Phoenix,MST,-7,,,,,,,,,,,
Arizona,AZ,Cibola,,,,,,,,85328,33.37125,-114.677,America/Phoenix,MST,-7,,,,,,,,,,,
Arizona,AZ,Circle City,,,,,,,,,33.81587,-112.58,America/Phoenix,MST,-7,,,,,,,,,,,
Arizona,AZ,Clarkdale,,,,,,,,86324,34.77113,-112.058,America/Phoenix,MST,-7,,,,,,,,,,,
Arizona,AZ,Clay Springs,,,,,,,,85923,34.36171,-110.295,America/Phoenix,MST,-7,,,,,,,,,,,
Arizona,AZ,Claypool,,,,,,,,85532,33.41541,-110.815,America/Phoenix,MST,-7,,,,,,,,,,,
Arizona,AZ,Clifton,,,,,,,,85533,32.99125,-109.256,America/Phoenix,MST,-7,,,,,,,,,,,
Arizona,AZ,Clints Well,,,,,,,,,34.20394,-111.606,,,,,,,,,,,,,,
Arizona,AZ,Coconino,,,,,,,,,0,0,,,,,,,,,,,,,,
Arizona,AZ,Colorado City,,,,,,,,86021,36.97466,-112.979,America/Phoenix,MST,-7,,,,,,,,,,,
Arizona,AZ,Concho,,,,,,,,85924,34.46879,-109.743,America/Phoenix,MST,-7,,,,,,,,,,,
Arizona,AZ,Congress,,,,,,,,85332,34.17031,-112.788,America/Phoenix,MST,-7,,,,,,,,,,,
Arizona,AZ,Coolidge,,,,,,,,85128,32.90449,-111.248,America/Phoenix,MST,-7,,,,,,,,,,,
Arizona,AZ,Cordes,,,,,,,,,0,0,,,,,,,,,,,,,,
Arizona,AZ,Cordes Junction,,,,,,,,,34.33225,-112.12,America/Phoenix,MST,-7,,,,,,,,,,,
Arizona,AZ,Cornfields,,,,,,,,,34.73539,-111.928,America/Phoenix,MST,-7,,,,,,,,,,,
Arizona,AZ,Cornville,,,,,,,,86325,34.73539,-111.928,America/Phoenix,MST,-7,,,,,,,,,,,
Arizona,AZ,Cosnino,,,,,,,,,0,0,,,,,,,,,,,,,,
Arizona,AZ,Cottonwood,,,,,,,,86326,34.73919,-112.01,America/Phoenix,MST,-7,,,,,,,,,,,
Arizona,AZ,Cottonwood-Verde Village,,,,,,,,,0,0,,,,,,,,,,,,,,
Arizona,AZ,Crown King,,,,,,,,86343,34.20559,-112.339,America/Phoenix,MST,-7,,,,,,,,,,,
Arizona,AZ,Dateland,,,,,,,,85333,32.82571,-113.525,America/Phoenix,MST,-7,,,,,,,,,,,
Arizona,AZ,Deer Valley,,,,,,,,,32.00267,-110.705,America/Phoenix,MST,-7,,,,,,,,,,,
Arizona,AZ,Dennehotso,,,,,,,,86535,36.8208,-109.879,America/Denver,MST,-7,,,,,,,,,,,
Arizona,AZ,Desert Hills,,,,,,,,,0,0,,,,,,,,,,,,,,
Arizona,AZ,Desert View At Gra,,,,,,,,,0,0,,,,,,,,,,,,,,
Arizona,AZ,Dewey-Humboldt,,,,,,,,,34.50086,-112.237,America/Phoenix,MST,-7,,,,,,,,,,,
Arizona,AZ,Dilkon,,,,,,,,,35.38529,-110.321,America/Denver,MST,-7,,,,,,,,,,,
Arizona,AZ,Dolan Springs,,,,,,,,86441,35.60385,-114.268,America/Phoenix,MST,-7,,,,,,,,,,,
Arizona,AZ,Doney Park,,,,,,,,,0,0,,,,,,,,,,,,,,
Arizona,AZ,Douglas,,,,,,,,85655###85607###85608,31.52117,-109.38,America/Phoenix,MST,-7,,,,,,,,,,,
Arizona,AZ,Drexel Heights,,,,,,,,,0,0,,,,,,,,,,,,,,
Arizona,AZ,Dudleyville,,,,,,,,,32.97201,-110.776,America/Phoenix,MST,-7,,,,,,,,,,,
Arizona,AZ,Duncan,,,,,,,,85534,32.881,-109.216,America/Phoenix,MST,-7,,,,,,,,,,,
Arizona,AZ,Eagar,,,,,,,,85925,34.10771,-109.294,America/Phoenix,MST,-7,,,,,,,,,,,
Arizona,AZ,East Fork,,,,,,,,,0,0,,,,,,,,,,,,,,
Arizona,AZ,Ehrenberg,,,,,,,,85334,33.61767,-114.508,America/Phoenix,MST,-7,,,,,,,,,,,
Arizona,AZ,El Mirage,,,,,,,,85335,33.59228,-112.328,America/Phoenix,MST,-7,,,,,,,,,,,
Arizona,AZ,Eloy,,,,,,,,85131,32.91489,-111.261,America/Phoenix,MST,-7,,,,,,,,,,,
Arizona,AZ,Flagstaff,,,,,,,,86011###86003###86004###86001###86002,35.28766,-111.639,America/Phoenix,MST,-7,,,,,,,,,,,
Arizona,AZ,Florence,,,,,,,,85132,32.98235,-111.425,America/Phoenix,MST,-7,,,,,,,,,,,
Arizona,AZ,Florence Junction,,,,,,,,,32.98235,-111.425,America/Phoenix,MST,-7,,,,,,,,,,,
Arizona,AZ,Flowing Wells,,,,,,,,,0,0,,,,,,,,,,,,,,
Arizona,AZ,Forest Lakes,,,,,,,,85931,34.46179,-110.869,America/Phoenix,MST,-7,,,,,,,,,,,
Arizona,AZ,Fort Apache,,,,,,,,85926,33.79061,-109.989,America/Phoenix,MST,-7,,,,,,,,,,,
Arizona,AZ,Fort Defiance,,,,,,,,86504,35.74682,-109.069,America/Denver,MST,-7,,,,,,,,,,,
Arizona,AZ,Fort Valley,,,,,,,,,0,0,,,,,,,,,,,,,,
Arizona,AZ,Fortuna Foothills,,,,,,,,,36.96649,-112.525,America/Phoenix,MST,-7,,,,,,,,,,,
Arizona,AZ,Fountain Hills,,,,,,,,85268###85269,33.60609,-111.743,America/Phoenix,MST,-7,,,,,,,,,,,
Arizona,AZ,Fraziers Well,,,,,,,,,0,0,,,,,,,,,,,,,,
Arizona,AZ,Fredonia,,,,,,,,86022,36.96649,-112.525,America/Phoenix,MST,-7,,,,,,,,,,,
Arizona,AZ,Gadsden,,,,,,,,85336,32.55736,-114.782,America/Phoenix,MST,-7,,,,,,,,,,,
Arizona,AZ,Ganado,,,,,,,,86505,35.70163,-109.55,America/Denver,MST,-7,,,,,,,,,,,
Arizona,AZ,Gila Bend,,,,,,,,85337,32.94782,-112.717,America/Phoenix,MST,-7,,,,,,,,,,,
Arizona,AZ,Gila River,,,,,,,,,35.10083,-114.621,America/Phoenix,MST,-7,,,,,,,,,,,
Arizona,AZ,Gilbert,,,,,,,,85299###85233###85298###85297###85296###85295###85234,33.3354,-111.815,America/Phoenix,MST,-7,,,,,,,,,,,
Arizona,AZ,Gladden,,,,,,,,,33.90253,-113.299,America/Phoenix,MST,-7,,,,,,,,,,,
Arizona,AZ,Glendale,,,,,,,,85305###85311###85308###85302###85307###85306###85312###85301###85303###85318###85304###85310,33.53175,-112.178,America/Phoenix,MST,-7,,,,,,,,,,,
Arizona,AZ,Globe,,,,,,,,85502###85501,33.56604,-110.758,America/Phoenix,MST,-7,,,,,,,,,,,
Arizona,AZ,Gold Camp,,,,,,,,,0,0,,,,,,,,,,,,,,
Arizona,AZ,Golden Valley,,,,,,,,86413,35.30024,-114.222,America/Phoenix,MST,-7,,,,,,,,,,,
Arizona,AZ,Goodyear,,,,,,,,85395###85338,33.3737,-112.41,America/Phoenix,MST,-7,,,,,,,,,,,
Arizona,AZ,Grand Canyon Village,,,,,,,,,35.94206,-112.131,America/Phoenix,MST,-7,,,,,,,,,,,
Arizona,AZ,Gray Mountain,,,,,,,,86016,35.75242,-111.642,America/Denver,MST,-7,,,,,,,,,,,
Arizona,AZ,Greasewood,,,,,,,,,35.52251,-109.857,America/Denver,MST,-7,,,,,,,,,,,
Arizona,AZ,Green Valley,,,,,,,,85622###85614,31.83822,-110.955,America/Phoenix,MST,-7,,,,,,,,,,,
Arizona,AZ,Greer,,,,,,,,85927,34.01005,-109.459,America/Phoenix,MST,-7,,,,,,,,,,,
Arizona,AZ,Guadalupe,,,,,,,,,0,0,,,,,,,,,,,,,,
Arizona,AZ,Happy Jack,,,,,,,,86024,34.74335,-111.407,America/Phoenix,MST,-7,,,,,,,,,,,
Arizona,AZ,Harcuvar,,,,,,,,,33.76003,-113.653,America/Phoenix,MST,-7,,,,,,,,,,,
Arizona,AZ,Hassayampa,,,,,,,,,0,0,,,,,,,,,,,,,,
Arizona,AZ,Hayden,,,,,,,,85135,33.5764,-110.856,America/Phoenix,MST,-7,,,,,,,,,,,
Arizona,AZ,Heber-Overgaard,,,,,,,,,34.40862,-110.56,America/Phoenix,MST,-7,,,,,,,,,,,
Arizona,AZ,Hermits Rest At Gr,,,,,,,,,0,0,,,,,,,,,,,,,,
Arizona,AZ,Holbrook,,,,,,,,86025,34.90225,-110.158,America/Phoenix,MST,-7,,,,,,,,,,,
Arizona,AZ,Hopi,,,,,,,,,0,0,,,,,,,,,,,,,,
Arizona,AZ,Hotevilla,,,,,,,,86030,35.92778,-110.673,America/Phoenix,MST,-7,,,,,,,,,,,
Arizona,AZ,Houck,,,,,,,,86506,35.27146,-109.224,America/Denver,MST,-7,,,,,,,,,,,
Arizona,AZ,House Rock,,,,,,,,,0,0,,,,,,,,,,,,,,
Arizona,AZ,Huachuca City,,,,,,,,85616,31.62787,-110.334,America/Phoenix,MST,-7,,,,,,,,,,,
Arizona,AZ,Hualapai Peak,,,,,,,,,35.39717,-113.843,America/Phoenix,MST,-7,,,,,,,,,,,
Arizona,AZ,Humboldt,,,,,,,,86329,34.50086,-112.237,America/Phoenix,MST,-7,,,,,,,,,,,
Arizona,AZ,Hunt,,,,,,,,,34.61003,-109.628,America/Phoenix,MST,-7,,,,,,,,,,,
Arizona,AZ,Indian Wells,,,,,,,,86031,35.40557,-110.085,America/Denver,MST,-7,,,,,,,,,,,
Arizona,AZ,Iron Springs,,,,,,,,,34.70672,-112.398,America/Phoenix,MST,-7,,,,,,,,,,,
Arizona,AZ,Jacob Lake,,,,,,,,,36.85632,-112.837,America/Phoenix,MST,-7,,,,,,,,,,,
Arizona,AZ,Jadito,,,,,,,,,0,0,,,,,,,,,,,,,,
Arizona,AZ,Jakes Corner,,,,,,,,,34.0106,-111.319,America/Phoenix,MST,-7,,,,,,,,,,,
Arizona,AZ,Jerome,,,,,,,,86331,34.74859,-112.109,America/Phoenix,MST,-7,,,,,,,,,,,
Arizona,AZ,Joseph City,,,,,,,,86032,34.98136,-110.337,America/Phoenix,MST,-7,,,,,,,,,,,
Arizona,AZ,Kachina Village,,,,,,,,,0,0,,,,,,,,,,,,,,
Arizona,AZ,Kaibito,,,,,,,,86053,36.592,-111.107,America/Denver,MST,-7,,,,,,,,,,,
Arizona,AZ,Kayenta,,,,,,,,86033,36.71435,-110.259,America/Denver,MST,-7,,,,,,,,,,,
Arizona,AZ,Keams Canyon,,,,,,,,86034,35.81545,-110.207,America/Phoenix,MST,-7,,,,,,,,,,,
Arizona,AZ,Kearny,,,,,,,,85137,33.14598,-111.064,America/Phoenix,MST,-7,,,,,,,,,,,
Arizona,AZ,Kingman,,,,,,,,86402###86401###86409,35.13172,-113.704,America/Phoenix,MST,-7,,,,,,,,,,,
Arizona,AZ,Kirkland,,,,,,,,86332,34.41753,-112.712,America/Phoenix,MST,-7,,,,,,,,,,,
Arizona,AZ,Klagetoh,,,,,,,,,35.50196,-109.528,America/Denver,MST,-7,,,,,,,,,,,
Arizona,AZ,Kohls Ranch,,,,,,,,,0,0,,,,,,,,,,,,,,
Arizona,AZ,Komatke,,,,,,,,,33.29338,-112.175,America/Phoenix,MST,-7,,,,,,,,,,,
Arizona,AZ,Kykotsmovi Village,,,,,,,,86039,35.8498,-110.63,America/Phoenix,MST,-7,,,,,,,,,,,
Arizona,AZ,Lake Havasu City,,,,,,,,86406###86405###86404###86403,34.48025,-114.349,America/Phoenix,MST,-7,,,,,,,,,,,
Arizona,AZ,Lake Montezuma,,,,,,,,86342,34.64174,-111.787,America/Phoenix,MST,-7,,,,,,,,,,,
Arizona,AZ,Laveen,,,,,,,,85339,33.33506,-112.182,America/Phoenix,MST,-7,,,,,,,,,,,
Arizona,AZ,Le Chee,,,,,,,,,34.20394,-111.606,,,,,,,,,,,,,,
Arizona,AZ,Lees Ferry,,,,,,,,,0,0,,,,,,,,,,,,,,
Arizona,AZ,Leupp,,,,,,,,86035,35.29663,-111.003,America/Denver,MST,-7,,,,,,,,,,,
Arizona,AZ,Liberty,,,,,,,,,33.37754,-112.487,America/Phoenix,MST,-7,,,,,,,,,,,
Arizona,AZ,Ligurta,,,,,,,,,32.67449,-114.295,America/Phoenix,MST,-7,,,,,,,,,,,
Arizona,AZ,Linden,,,,,,,,,0,0,,,,,,,,,,,,,,
Arizona,AZ,Litchfield Park,,,,,,,,85340,33.49337,-112.358,America/Phoenix,MST,-7,,,,,,,,,,,
Arizona,AZ,Little Colorado,,,,,,,,,0,0,,,,,,,,,,,,,,
Arizona,AZ,Littlefield,,,,,,,,86432,36.8872,-113.93,America/Phoenix,MST,-7,,,,,,,,,,,
Arizona,AZ,Lukachukai,,,,,,,,86507,36.3989,-109.259,America/Denver,MST,-7,,,,,,,,,,,
Arizona,AZ,Luke Afb,,,,,,,,85309,33.54062,-112.373,America/Phoenix,MST,-7,,,,,,,,,,,
Arizona,AZ,Lupton,,,,,,,,86508,35.35391,-109.054,America/Denver,MST,-7,,,,,,,,,,,
Arizona,AZ,Lyman Lake State Park,,,,,,,,,0,0,,,,,,,,,,,,,,
Arizona,AZ,Mammoth,,,,,,,,85618,32.72257,-110.641,America/Phoenix,MST,-7,,,,,,,,,,,
Arizona,AZ,Many Farms,,,,,,,,86538,36.35278,-109.618,America/Denver,MST,-7,,,,,,,,,,,
Arizona,AZ,Marana,,,,,,,,85653###85658,32.43674,-111.225,America/Phoenix,MST,-7,,,,,,,,,,,
Arizona,AZ,Marble Canyon,,,,,,,,86036,36.81554,-111.638,America/Phoenix,MST,-7,,,,,,,,,,,
Arizona,AZ,Martinez Lake,,,,,,,,,0,0,,,,,,,,,,,,,,
Arizona,AZ,Mayer,,,,,,,,86333,34.41453,-112.163,America/Phoenix,MST,-7,,,,,,,,,,,
Arizona,AZ,Mcguireville,,,,,,,,,0,0,,,,,,,,,,,,,,
Arizona,AZ,Mcnary,,,,,,,,85930,34.07536,-109.853,America/Phoenix,MST,-7,,,,,,,,,,,
Arizona,AZ,Meadview,,,,,,,,86444,35.98217,-114.078,America/Phoenix,MST,-7,,,,,,,,,,,
Arizona,AZ,Mesa,,,,,,,,85212###85208###85209###85206###85207###85204###85201###85202###85203###85277###85274###85210###85211###85275###85216###85205###85215###85213###85214,33.4407,-111.857,America/Phoenix,MST,-7,,,,,,,,,,,
Arizona,AZ,Meteor Crater,,,,,,,,,32.42006,-111.113,America/Phoenix,MST,-7,,,,,,,,,,,
Arizona,AZ,Mexican Water,,,,,,,,,0,0,,,,,,,,,,,,,,
Arizona,AZ,Miami,,,,,,,,85539,33.39922,-110.869,America/Phoenix,MST,-7,,,,,,,,,,,
Arizona,AZ,Middle Verde,,,,,,,,,34.62002,-111.892,America/Phoenix,MST,-7,,,,,,,,,,,
Arizona,AZ,Mingus Mountain,,,,,,,,,0,0,,,,,,,,,,,,,,
Arizona,AZ,Moenave,,,,,,,,,36.1386,-111.337,America/Denver,MST,-7,,,,,,,,,,,
Arizona,AZ,Moenkopi,,,,,,,,,36.1111,-111.222,America/Phoenix,MST,-7,,,,,,,,,,,
Arizona,AZ,Mohave Valley,,,,,,,,86446###86440,34.89668,-114.525,America/Phoenix,MST,-7,,,,,,,,,,,
Arizona,AZ,Mohawk,,,,,,,,,0,0,,,,,,,,,,,,,,
Arizona,AZ,Morenci,,,,,,,,85540,33.05406,-109.327,America/Phoenix,MST,-7,,,,,,,,,,,
Arizona,AZ,Morristown,,,,,,,,85342,33.8567,-112.623,America/Phoenix,MST,-7,,,,,,,,,,,
Arizona,AZ,Mountainaire,,,,,,,,,35.08529,-111.666,America/Phoenix,MST,-7,,,,,,,,,,,
Arizona,AZ,Mt. Trumbull,,,,,,,,,0,0,,,,,,,,,,,,,,
Arizona,AZ,Munds Park,,,,,,,,86017,34.94122,-111.641,America/Phoenix,MST,-7,,,,,,,,,,,
Arizona,AZ,Navajo National Monument,,,,,,,,,0,0,,,,,,,,,,,,,,
Arizona,AZ,Nazlini,,,,,,,,86540,35.91554,-109.473,America/Denver,MST,-7,,,,,,,,,,,
Arizona,AZ,New Kingman-Butler,,,,,,,,,35.13172,-113.704,America/Phoenix,MST,-7,,,,,,,,,,,
Arizona,AZ,New River,,,,,,,,85087,33.92491,-112.127,America/Phoenix,MST,-7,,,,,,,,,,,
Arizona,AZ,Nogales,,,,,,,,85628###85621###85662,31.38798,-110.912,America/Phoenix,MST,-7,,,,,,,,,,,
Arizona,AZ,North Pinal,,,,,,,,,0,0,,,,,,,,,,,,,,
Arizona,AZ,Nutrioso,,,,,,,,85932,33.95311,-109.209,America/Phoenix,MST,-7,,,,,,,,,,,
Arizona,AZ,Oatman,,,,,,,,86433,35.02849,-114.384,America/Phoenix,MST,-7,,,,,,,,,,,
Arizona,AZ,Oracle,,,,,,,,85623,32.64213,-110.85,America/Phoenix,MST,-7,,,,,,,,,,,
Arizona,AZ,Oro Valley,,,,,,,,85755,32.45264,-110.974,America/Phoenix,MST,-7,,,,,,,,,,,
Arizona,AZ,Page,,,,,,,,86040,36.91472,-111.456,America/Phoenix,MST,-7,,,,,,,,,,,
Arizona,AZ,Page Springs,,,,,,,,,34.76752,-111.893,America/Phoenix,MST,-7,,,,,,,,,,,
Arizona,AZ,Palm Canyon,,,,,,,,,0,0,,,,,,,,,,,,,,
Arizona,AZ,Palo Verde,,,,,,,,85343,33.3481,-112.677,America/Phoenix,MST,-7,,,,,,,,,,,
Arizona,AZ,Papago,,,,,,,,,0,0,,,,,,,,,,,,,,
Arizona,AZ,Paradise Valley,,,,,,,,85253,33.53115,-111.943,America/Phoenix,MST,-7,,,,,,,,,,,
Arizona,AZ,Parker,,,,,,,,85344,34.15002,-114.289,America/Phoenix,MST,-7,,,,,,,,,,,
Arizona,AZ,Parks,,,,,,,,86018,35.25635,-111.95,America/Phoenix,MST,-7,,,,,,,,,,,
Arizona,AZ,Patagonia,,,,,,,,85624,31.52385,-110.676,America/Phoenix,MST,-7,,,,,,,,,,,
Arizona,AZ,Paulden,,,,,,,,86334,34.88888,-112.493,America/Phoenix,MST,-7,,,,,,,,,,,
Arizona,AZ,Payson,,,,,,,,85547###85541,34.195,-111.305,America/Phoenix,MST,-7,,,,,,,,,,,
Arizona,AZ,Peach Springs,,,,,,,,86434,35.54036,-113.415,America/Phoenix,MST,-7,,,,,,,,,,,
Arizona,AZ,Peeples Valley,,,,,,,,,34.26892,-112.727,America/Phoenix,MST,-7,,,,,,,,,,,
Arizona,AZ,Peoria,,,,,,,,85345###85383###85380###85382###85381###85385,33.57324,-112.246,America/Phoenix,MST,-7,,,,,,,,,,,
Arizona,AZ,Peridot,,,,,,,,85542,33.30155,-110.455,America/Phoenix,MST,-7,,,,,,,,,,,
Arizona,AZ,Perryville,,,,,,,,,33.29172,-112.589,America/Phoenix,MST,-7,,,,,,,,,,,
Arizona,AZ,Petrified Forest National Park,,,,,,,,,0,0,,,,,,,,,,,,,,
Arizona,AZ,Phoenix,,,,,,,,85054###85034###85080###85051###85082###85060###85053###85005###85010###85009###85008###85098###85097###85001###85083###85007###85006###85061###85062###85068###85070###85071###85074###85072###85073###85085###85075###85078###85079###85066###85004###85063###85064###85065###85003###85002###85067###85076###85018###85037###85036###85069###85027###85020###85016###85019###85025###85017###85033###85032###85031###85030###85029###85028###85026###85023###85038###85039###85040###85021###85035###85044###85045###85046###85048###85050###85012###85011###85022###85013###85014###85041###85043###85015###85024###85042,33.70397,-112.352,America/Phoenix,MST,-7,,,,,,,,,,,
Arizona,AZ,Picture Rocks,,,,,,,,,0,0,,,,,,,,,,,,,,
Arizona,AZ,Pima,,,,,,,,85543,32.89618,-109.828,America/Phoenix,MST,-7,,,,,,,,,,,
Arizona,AZ,Pine,,,,,,,,85544,34.37896,-111.455,America/Phoenix,MST,-7,,,,,,,,,,,
Arizona,AZ,Pine Springs,,,,,,,,,35.4053,-109.28,America/Denver,MST,-7,,,,,,,,,,,
Arizona,AZ,Pinedale,,,,,,,,85934,34.30754,-110.252,America/Phoenix,MST,-7,,,,,,,,,,,
Arizona,AZ,Pinetop-Lakeside,,,,,,,,,34.11993,-109.897,America/Phoenix,MST,-7,,,,,,,,,,,
Arizona,AZ,Pinon,,,,,,,,86510,36.09916,-110.221,America/Denver,MST,-7,,,,,,,,,,,
Arizona,AZ,Pipe Spring Nation,,,,,,,,,34.34503,-112.159,America/Phoenix,MST,-7,,,,,,,,,,,
Arizona,AZ,Pirtleville,,,,,,,,85626,31.35705,-109.562,America/Phoenix,MST,-7,,,,,,,,,,,
Arizona,AZ,Pisinemo,,,,,,,,,32.03785,-112.321,America/Phoenix,MST,-7,,,,,,,,,,,
Arizona,AZ,Polacca,,,,,,,,86042,35.83667,-110.382,America/Phoenix,MST,-7,,,,,,,,,,,
Arizona,AZ,Poland Junction,,,,,,,,,34.45086,-112.269,America/Phoenix,MST,-7,,,,,,,,,,,
Arizona,AZ,Ponderosa Park,,,,,,,,,0,0,,,,,,,,,,,,,,
Arizona,AZ,Poston,,,,,,,,85371,33.99208,-114.405,America/Phoenix,MST,-7,,,,,,,,,,,
Arizona,AZ,Prescott,,,,,,,,86313###86304###86303###86302###86301###86305,34.59135,-112.426,America/Phoenix,MST,-7,,,,,,,,,,,
Arizona,AZ,Prescott Valley,,,,,,,,86314###86315###86312,34.66829,-112.308,America/Phoenix,MST,-7,,,,,,,,,,,
Arizona,AZ,Punkin Center,,,,,,,,,0,0,,,,,,,,,,,,,,
Arizona,AZ,Quartzsite,,,,,,,,85346###85359,33.72922,-114.192,America/Phoenix,MST,-7,,,,,,,,,,,
Arizona,AZ,Queen Creek,,,,,,,,85143###85142###85140,40.60538,-73.7551,America/New_York,EST,-5,,,,,,,,,,,
Arizona,AZ,Red Mesa,,,,,,,,,36.99639,-109.369,America/Denver,MST,-7,,,,,,,,,,,
Arizona,AZ,Red Rock,,,,,,,,85145,32.57997,-111.341,America/Phoenix,MST,-7,,,,,,,,,,,
Arizona,AZ,Reservation,,,,,,,,,0,0,,,,,,,,,,,,,,
Arizona,AZ,Rimmy Jims,,,,,,,,,35.11001,-111.031,America/Phoenix,MST,-7,,,,,,,,,,,
Arizona,AZ,Rimrock,,,,,,,,86335,34.64161,-111.797,America/Phoenix,MST,-7,,,,,,,,,,,
Arizona,AZ,Rio Rico,,,,,,,,85648,31.50844,-111.076,America/Phoenix,MST,-7,,,,,,,,,,,
Arizona,AZ,Rock Point,,,,,,,,86545,36.71734,-109.629,America/Denver,MST,-7,,,,,,,,,,,
Arizona,AZ,Rock Springs,,,,,,,,,34.04892,-112.148,America/Phoenix,MST,-7,,,,,,,,,,,
Arizona,AZ,Roosevelt,,,,,,,,85545,33.61432,-111.006,America/Phoenix,MST,-7,,,,,,,,,,,
Arizona,AZ,Rough Rock,,,,,,,,,36.40722,-109.873,America/Denver,MST,-7,,,,,,,,,,,
Arizona,AZ,Round Rock,,,,,,,,86547,36.50439,-109.462,America/Denver,MST,-7,,,,,,,,,,,
Arizona,AZ,Rye,,,,,,,,,34.10948,-111.354,America/Phoenix,MST,-7,,,,,,,,,,,
Arizona,AZ,Sacaton,,,,,,,,85147,33.14159,-111.714,America/Phoenix,MST,-7,,,,,,,,,,,
Arizona,AZ,Safford,,,,,,,,85548###85546,32.81361,-109.702,America/Phoenix,MST,-7,,,,,,,,,,,
Arizona,AZ,Salina,,,,,,,,,36.02223,-109.867,America/Denver,MST,-7,,,,,,,,,,,
Arizona,AZ,Salome,,,,,,,,85348,33.64797,-113.662,America/Phoenix,MST,-7,,,,,,,,,,,
Arizona,AZ,Salt River,,,,,,,,,0,0,,,,,,,,,,,,,,
Arizona,AZ,San Carlos,,,,,,,,85550,33.34822,-110.466,America/Phoenix,MST,-7,,,,,,,,,,,
Arizona,AZ,San Luis,,,,,,,,85349,32.50914,-114.747,America/Phoenix,MST,-7,,,,,,,,,,,
Arizona,AZ,San Manuel,,,,,,,,85631,32.62089,-110.599,America/Phoenix,MST,-7,,,,,,,,,,,
Arizona,AZ,Sanders,,,,,,,,86512,35.21641,-109.334,America/Phoenix,MST,-7,,,,,,,,,,,
Arizona,AZ,Santa Rosa,,,,,,,,,35.21641,-109.334,America/Phoenix,MST,-7,,,,,,,,,,,
Arizona,AZ,Santan,,,,,,,,,33.17589,-111.799,America/Phoenix,MST,-7,,,,,,,,,,,
Arizona,AZ,Sawmill,,,,,,,,,35.23749,-109.523,America/Phoenix,MST,-7,,,,,,,,,,,
Arizona,AZ,Scottsdale,,,,,,,,85271###85258###85256###85259###85255###85267###85266###85250###85262###85251###85252###85257###85261###85260###85254,33.53445,-111.887,America/Phoenix,MST,-7,,,,,,,,,,,
Arizona,AZ,Seba Dalkai,,,,,,,,,34.20394,-111.606,,,,,,,,,,,,,,
Arizona,AZ,Second Mesa,,,,,,,,86043,35.8257,-110.501,America/Phoenix,MST,-7,,,,,,,,,,,
Arizona,AZ,Sedona,,,,,,,,86336###86341###86351###86339###86340,34.90989,-111.867,America/Phoenix,MST,-7,,,,,,,,,,,
Arizona,AZ,Seligman,,,,,,,,86337,35.33109,-112.875,America/Phoenix,MST,-7,,,,,,,,,,,
Arizona,AZ,Sells,,,,,,,,85634,31.92031,-111.877,America/Phoenix,MST,-7,,,,,,,,,,,
Arizona,AZ,Sentinel,,,,,,,,,32.71937,-113.84,America/Phoenix,MST,-7,,,,,,,,,,,
Arizona,AZ,Shongopovi,,,,,,,,,35.81806,-110.535,America/Phoenix,MST,-7,,,,,,,,,,,
Arizona,AZ,Shonto,,,,,,,,86054,36.59308,-110.656,America/Denver,MST,-7,,,,,,,,,,,
Arizona,AZ,Show Low,,,,,,,,85901###85902,34.31331,-110.021,America/Phoenix,MST,-7,,,,,,,,,,,
Arizona,AZ,Shumway,,,,,,,,,34.40615,-110.073,America/Phoenix,MST,-7,,,,,,,,,,,
Arizona,AZ,Sierra Vista,,,,,,,,85635###85671###85636###85650,31.57101,-110.17,America/Phoenix,MST,-7,,,,,,,,,,,
Arizona,AZ,Sierra Vista Southeast,,,,,,,,,31.57101,-110.17,America/Phoenix,MST,-7,,,,,,,,,,,
Arizona,AZ,Skull Valley,,,,,,,,86338,34.4528,-112.695,America/Phoenix,MST,-7,,,,,,,,,,,
Arizona,AZ,Snowflake,,,,,,,,85937,34.5217,-110.111,America/Phoenix,MST,-7,,,,,,,,,,,
Arizona,AZ,Somerton,,,,,,,,85350,32.59644,-114.71,America/Phoenix,MST,-7,,,,,,,,,,,
Arizona,AZ,South Cove,,,,,,,,,36.32948,-108.942,America/Denver,MST,-7,,,,,,,,,,,
Arizona,AZ,South Rim Visitors,,,,,,,,,0,0,,,,,,,,,,,,,,
Arizona,AZ,Springerville,,,,,,,,85938,34.13338,-109.286,America/Phoenix,MST,-7,,,,,,,,,,,
Arizona,AZ,St. David,,,,,,,,,31.89183,-110.17,America/Phoenix,MST,-7,,,,,,,,,,,
Arizona,AZ,St. Johns,,,,,,,,,34.50587,-109.361,America/Phoenix,MST,-7,,,,,,,,,,,
Arizona,AZ,St. Michaels,,,,,,,,,35.66056,-109.096,America/Denver,MST,-7,,,,,,,,,,,
Arizona,AZ,Star Valley,,,,,,,,,34.25504,-111.258,America/Phoenix,MST,-7,,,,,,,,,,,
Arizona,AZ,Steamboat Canyon,,,,,,,,,35.74807,-109.851,America/Denver,MST,-7,,,,,,,,,,,
Arizona,AZ,Strawberry,,,,,,,,,34.40781,-111.493,America/Phoenix,MST,-7,,,,,,,,,,,
Arizona,AZ,Sun City,,,,,,,,85351###85372###85373,33.60613,-112.284,America/Phoenix,MST,-7,,,,,,,,,,,
Arizona,AZ,Sun City West,,,,,,,,85375###85376,33.68581,-112.366,America/Phoenix,MST,-7,,,,,,,,,,,
Arizona,AZ,Sun Lakes,,,,,,,,,33.32411,-111.878,America/Phoenix,MST,-7,,,,,,,,,,,
Arizona,AZ,Sunflower,,,,,,,,,33.43355,-111.85,America/Phoenix,MST,-7,,,,,,,,,,,
Arizona,AZ,Sunrise,,,,,,,,,35.11344,-110.671,America/Phoenix,MST,-7,,,,,,,,,,,
Arizona,AZ,Sunrise Springs,,,,,,,,,35.60362,-109.745,America/Denver,MST,-7,,,,,,,,,,,
Arizona,AZ,Supai,,,,,,,,86435,36.23014,-112.693,America/Phoenix,MST,-7,,,,,,,,,,,
Arizona,AZ,Superior,,,,,,,,85173,33.18058,-111.13,America/Phoenix,MST,-7,,,,,,,,,,,
Arizona,AZ,Surprise,,,,,,,,85378###85387###85379###85388###85374,33.641,-112.378,America/Phoenix,MST,-7,,,,,,,,,,,
Arizona,AZ,Tacna,,,,,,,,85352,32.69345,-113.976,America/Phoenix,MST,-7,,,,,,,,,,,
Arizona,AZ,Tanque Verde,,,,,,,,,32.24675,-110.836,America/Phoenix,MST,-7,,,,,,,,,,,
Arizona,AZ,Taylor,,,,,,,,85939,34.46504,-110.091,America/Phoenix,MST,-7,,,,,,,,,,,
Arizona,AZ,Teec Nos Pos,,,,,,,,86514,36.92205,-109.075,America/Denver,MST,-7,,,,,,,,,,,
Arizona,AZ,Tempe,,,,,,,,85285###85287###85281###85280###85282###85284###85283,33.4014,-111.931,America/Phoenix,MST,-7,,,,,,,,,,,
Arizona,AZ,Temple Bar,,,,,,,,,0,0,,,,,,,,,,,,,,
Arizona,AZ,Thatcher,,,,,,,,85552,32.85044,-109.746,America/Phoenix,MST,-7,,,,,,,,,,,
Arizona,AZ,The Gap,,,,,,,,,0,0,,,,,,,,,,,,,,
Arizona,AZ,Three Forks,,,,,,,,,0,0,,,,,,,,,,,,,,
Arizona,AZ,Three Points,,,,,,,,,32.1674,-110.951,America/Phoenix,MST,-7,,,,,,,,,,,
Arizona,AZ,Tolleson,,,,,,,,85353,33.45004,-112.259,America/Phoenix,MST,-7,,,,,,,,,,,
Arizona,AZ,Tombstone,,,,,,,,85638,31.67106,-110.077,America/Phoenix,MST,-7,,,,,,,,,,,
Arizona,AZ,Tonopah,,,,,,,,85354,33.49365,-112.937,America/Phoenix,MST,-7,,,,,,,,,,,
Arizona,AZ,Tonto Village,,,,,,,,,0,0,,,,,,,,,,,,,,
Arizona,AZ,Topock,,,,,,,,86436,34.71834,-114.487,America/Phoenix,MST,-7,,,,,,,,,,,
Arizona,AZ,Totacon,,,,,,,,,0,0,,,,,,,,,,,,,,
Arizona,AZ,Tsaile,,,,,,,,86556,36.3033,-109.216,America/Denver,MST,-7,,,,,,,,,,,
Arizona,AZ,Tsegi,,,,,,,,,36.69319,-110.81,America/Denver,MST,-7,,,,,,,,,,,
Arizona,AZ,Tuba City,,,,,,,,86045,36.13272,-111.242,America/Denver,MST,-7,,,,,,,,,,,
Arizona,AZ,Tucson,,,,,,,,85735###85734###85745###85733###85732###85756###85757###85775###85731###85730###85736###85737###85744###85747###85748###85749###85743###85742###85741###85750###85751###85752###85754###85740###85746###85739###85728###85703###85719###85713###85714###85702###85715###85704###85705###85706###85707###85718###85717###85701###85708###85709###85726###85710###85725###85724###85723###85722###85721###85720###85711###85712###85716,32.21798,-110.971,America/Phoenix,MST,-7,,,,,,,,,,,
Arizona,AZ,Tucson Estates,,,,,,,,,32.16395,-111.094,America/Phoenix,MST,-7,,,,,,,,,,,
Arizona,AZ,Tusayan,,,,,,,,,35.9736,-112.127,America/Phoenix,MST,-7,,,,,,,,,,,
Arizona,AZ,Tuweep,,,,,,,,,0,0,,,,,,,,,,,,,,
Arizona,AZ,Twin Arrows,,,,,,,,,0,0,,,,,,,,,,,,,,
Arizona,AZ,Twin Falls,,,,,,,,,0,0,,,,,,,,,,,,,,
Arizona,AZ,Two Guns,,,,,,,,,34.20394,-111.606,,,,,,,,,,,,,,
Arizona,AZ,Upper Wheatfields,,,,,,,,,36.41121,-109.266,America/Denver,MST,-7,,,,,,,,,,,
Arizona,AZ,Valentine,,,,,,,,86437,35.3875,-113.658,America/Phoenix,MST,-7,,,,,,,,,,,
Arizona,AZ,Valle,,,,,,,,,32.00267,-110.705,America/Phoenix,MST,-7,,,,,,,,,,,
Arizona,AZ,Verde,,,,,,,,,0,0,,,,,,,,,,,,,,
Arizona,AZ,Vernon,,,,,,,,85940,34.25754,-109.693,America/Phoenix,MST,-7,,,,,,,,,,,
Arizona,AZ,Vicksburg,,,,,,,,,33.74448,-113.752,America/Phoenix,MST,-7,,,,,,,,,,,
Arizona,AZ,Vicksburg Junction,,,,,,,,,33.74448,-113.752,America/Phoenix,MST,-7,,,,,,,,,,,
Arizona,AZ,Village At Oak Cre,,,,,,,,,0,0,,,,,,,,,,,,,,
Arizona,AZ,Waddell,,,,,,,,85355,33.57612,-112.455,America/Phoenix,MST,-7,,,,,,,,,,,
Arizona,AZ,Wagoner,,,,,,,,,34.21364,-112.536,America/Phoenix,MST,-7,,,,,,,,,,,
Arizona,AZ,Wahweep,,,,,,,,,36.99665,-111.49,America/Phoenix,MST,-7,,,,,,,,,,,
Arizona,AZ,Walker,,,,,,,,,34.59135,-112.426,America/Phoenix,MST,-7,,,,,,,,,,,
Arizona,AZ,Walnut Grove,,,,,,,,,34.28308,-112.549,America/Phoenix,MST,-7,,,,,,,,,,,
Arizona,AZ,Washington Park,,,,,,,,,31.38204,-110.691,America/Phoenix,MST,-7,,,,,,,,,,,
Arizona,AZ,Wellton,,,,,,,,85356,32.69346,-114.156,America/Phoenix,MST,-7,,,,,,,,,,,
Arizona,AZ,Wenden,,,,,,,,85357,34.0422,-113.458,America/Phoenix,MST,-7,,,,,,,,,,,
Arizona,AZ,Western,,,,,,,,,0,0,,,,,,,,,,,,,,
Arizona,AZ,Wheatfields,,,,,,,,,36.23778,-109.129,America/Denver,MST,-7,,,,,,,,,,,
Arizona,AZ,White Cone,,,,,,,,,35.60529,-110.068,America/Denver,MST,-7,,,,,,,,,,,
Arizona,AZ,Whiteriver,,,,,,,,85941,33.80207,-109.994,America/Phoenix,MST,-7,,,,,,,,,,,
Arizona,AZ,Wickenburg,,,,,,,,85358###85390,33.27654,-112.187,America/Phoenix,MST,-7,,,,,,,,,,,
Arizona,AZ,Wide Ruins,,,,,,,,,35.41946,-109.496,America/Denver,MST,-7,,,,,,,,,,,
Arizona,AZ,Wikieup,,,,,,,,85360,34.70335,-113.611,America/Phoenix,MST,-7,,,,,,,,,,,
Arizona,AZ,Wilhoit,,,,,,,,,34.42586,-112.587,America/Phoenix,MST,-7,,,,,,,,,,,
Arizona,AZ,Willcox,,,,,,,,85644###85643,32.40725,-109.965,America/Phoenix,MST,-7,,,,,,,,,,,
Arizona,AZ,Williams,,,,,,,,86046,35.24946,-112.191,America/Phoenix,MST,-7,,,,,,,,,,,
Arizona,AZ,Willow Beach,,,,,,,,86445,35.87026,-114.659,America/Phoenix,MST,-7,,,,,,,,,,,
Arizona,AZ,Willow Valley,,,,,,,,,0,0,,,,,,,,,,,,,,
Arizona,AZ,Window Rock,,,,,,,,86515,35.6676,-109.078,America/Denver,MST,-7,,,,,,,,,,,
Arizona,AZ,Winkelman,,,,,,,,85192,33.07047,-110.789,America/Phoenix,MST,-7,,,,,,,,,,,
Arizona,AZ,Winona,,,,,,,,,35.28766,-111.639,America/Phoenix,MST,-7,,,,,,,,,,,
Arizona,AZ,Winslow,,,,,,,,86047,35.02419,-110.697,America/Phoenix,MST,-7,,,,,,,,,,,
Arizona,AZ,Wintersburg,,,,,,,,,33.15911,-112.872,America/Phoenix,MST,-7,,,,,,,,,,,
Arizona,AZ,Wittmann,,,,,,,,85361,33.77642,-112.529,America/Phoenix,MST,-7,,,,,,,,,,,
Arizona,AZ,Woodruff,,,,,,,,85942,34.73571,-109.955,America/Phoenix,MST,-7,,,,,,,,,,,
Arizona,AZ,Wupatki National Monument,,,,,,,,,0,0,,,,,,,,,,,,,,
Arizona,AZ,Yarnell,,,,,,,,85362,34.25078,-112.757,America/Phoenix,MST,-7,,,,,,,,,,,
Arizona,AZ,Yava,,,,,,,,,34.59135,-112.426,America/Phoenix,MST,-7,,,,,,,,,,,
Arizona,AZ,Young,,,,,,,,,33.74152,-110.861,America/Phoenix,MST,-7,,,,,,,,,,,
Arizona,AZ,Youngtown,,,,,,,,,33.59393,-112.303,America/Phoenix,MST,-7,,,,,,,,,,,
Arizona,AZ,Yucca,,,,,,,,,34.87223,-114.149,America/Phoenix,MST,-7,,,,,,,,,,,
Arizona,AZ,Yuma,,,,,,,,,32.70146,-114.657,America/Phoenix,MST,-7,,,,,,,,,,,
