Colorado ,CO,11-Mile Canyon Res,,,,,,,,,0,0,,,,,,,,,,,,,,
Colorado ,CO,Abarr,,,,,,,,,0,0,,,,,,,,,,,,,,
Colorado ,CO,Acres Green,,,,,,,,,0,0,,,,,,,,,,,,,,
Colorado ,CO,Adams City,,,,,,,,,0,0,,,,,,,,,,,,,,
Colorado ,CO,Adena,,,,,,,,,0,0,,,,,,,,,,,,,,
Colorado ,CO,Adena School,,,,,,,,,0,0,,,,,,,,,,,,,,
Colorado ,CO,Agate,,,,,,,,80101,39.46165,-103.942,America/Denver,MST,-7,,,,,,,,,,,
Colorado ,CO,Aguilar,,,,,,,,81020,37.38158,-104.654,America/Denver,MST,-7,,,,,,,,,,,
Colorado ,CO,Air Force Academy,,,,,,,,,0,0,,,,,,,,,,,,,,
Colorado ,CO,Akron,,,,,,,,80720,40.07333,-103.202,America/Denver,MST,-7,,,,,,,,,,,
Colorado ,CO,Alamosa,,,,,,,,81101###81102,37.47993,-105.791,America/Denver,MST,-7,,,,,,,,,,,
Colorado ,CO,Allenspark,,,,,,,,80510,40.18195,-105.516,America/Denver,MST,-7,,,,,,,,,,,
Colorado ,CO,Allison,,,,,,,,,0,0,,,,,,,,,,,,,,
Colorado ,CO,Alma,,,,,,,,80420,39.28388,-106.063,America/Denver,MST,-7,,,,,,,,,,,
Colorado ,CO,Almont,,,,,,,,81210,38.82001,-106.66,America/Denver,MST,-7,,,,,,,,,,,
Colorado ,CO,Alpine,,,,,,,,,0,0,,,,,,,,,,,,,,
Colorado ,CO,Alvin,,,,,,,,,0,0,,,,,,,,,,,,,,
Colorado ,CO,Amherst,,,,,,,,80721,40.68277,-102.166,America/Denver,MST,-7,,,,,,,,,,,
Colorado ,CO,Antelope Springs,,,,,,,,,37.37152,-102.677,America/Denver,MST,-7,,,,,,,,,,,
Colorado ,CO,Antero Junction,,,,,,,,,0,0,,,,,,,,,,,,,,
Colorado ,CO,Antero Reservoir,,,,,,,,,0,0,,,,,,,,,,,,,,
Colorado ,CO,Anton,,,,,,,,80801,39.69091,-103.137,America/Denver,MST,-7,,,,,,,,,,,
Colorado ,CO,Antonito,,,,,,,,81120,37.13506,-106.19,America/Denver,MST,-7,,,,,,,,,,,
Colorado ,CO,Applewood,,,,,,,,,38.99387,-105.508,,,,,,,,,,,,,,
Colorado ,CO,Arapahoe,,,,,,,,80802,38.85001,-102.182,America/Denver,MST,-7,,,,,,,,,,,
Colorado ,CO,Arapahoe Park,,,,,,,,,38.85001,-102.182,America/Denver,MST,-7,,,,,,,,,,,
Colorado ,CO,Arapahoe Peak,,,,,,,,,38.85001,-102.182,America/Denver,MST,-7,,,,,,,,,,,
Colorado ,CO,Arboles,,,,,,,,81121,37.02128,-107.425,America/Denver,MST,-7,,,,,,,,,,,
Colorado ,CO,Arickaree School,,,,,,,,,39.69915,-103.066,America/Denver,MST,-7,,,,,,,,,,,
Colorado ,CO,Arlington,,,,,,,,81021,38.43039,-103.367,America/Denver,MST,-7,,,,,,,,,,,
Colorado ,CO,Aroya,,,,,,,,,0,0,,,,,,,,,,,,,,
Colorado ,CO,Arriba,,,,,,,,80804,39.31646,-103.323,America/Denver,MST,-7,,,,,,,,,,,
Colorado ,CO,Arriola,,,,,,,,,38.99387,-105.508,,,,,,,,,,,,,,
Colorado ,CO,Artesia,,,,,,,,,0,0,,,,,,,,,,,,,,
Colorado ,CO,Arvada,,,,,,,,80004###80002###80001###80007###80006###80003###80005,39.52201,-105.224,America/Denver,MST,-7,,,,,,,,,,,
Colorado ,CO,Aspen,,,,,,,,81612###81611,39.16932,-106.777,America/Denver,MST,-7,,,,,,,,,,,
Colorado ,CO,Aspen Park,,,,,,,,,39.16932,-106.777,America/Denver,MST,-7,,,,,,,,,,,
Colorado ,CO,Aspen Springs,,,,,,,,,39.16932,-106.777,America/Denver,MST,-7,,,,,,,,,,,
Colorado ,CO,Atwood,,,,,,,,80722,40.55017,-103.279,America/Denver,MST,-7,,,,,,,,,,,
Colorado ,CO,Ault,,,,,,,,80610,40.67579,-104.607,America/Denver,MST,-7,,,,,,,,,,,
Colorado ,CO,Aurora,,,,,,,,80013###80014###80012###80047###80016###80045###80040###80044###80042###80041###80015###80017###80046###80010###80011###80018###80019,39.73925,-104.863,America/Denver,MST,-7,,,,,,,,,,,
Colorado ,CO,Austin,,,,,,,,81410,38.80501,-107.983,America/Denver,MST,-7,,,,,,,,,,,
Colorado ,CO,Avon,,,,,,,,81620,39.63135,-106.511,America/Denver,MST,-7,,,,,,,,,,,
Colorado ,CO,Avondale,,,,,,,,81022,38.1025,-104.53,America/Denver,MST,-7,,,,,,,,,,,
Colorado ,CO,Axial,,,,,,,,,38.99387,-105.508,,,,,,,,,,,,,,
Colorado ,CO,Bailey,,,,,,,,80421,39.40554,-105.473,America/Denver,MST,-7,,,,,,,,,,,
Colorado ,CO,Bakerville,,,,,,,,,38.99387,-105.508,,,,,,,,,,,,,,
Colorado ,CO,Bald Mountain,,,,,,,,,0,0,,,,,,,,,,,,,,
Colorado ,CO,Barnesville,,,,,,,,,0,0,,,,,,,,,,,,,,
Colorado ,CO,Barr Lake,,,,,,,,,0,0,,,,,,,,,,,,,,
Colorado ,CO,Basalt,,,,,,,,81621,39.36887,-107.033,America/Denver,MST,-7,,,,,,,,,,,
Colorado ,CO,Battlement Mesa,,,,,,,,81636,39.43054,-108.024,America/Denver,MST,-7,,,,,,,,,,,
Colorado ,CO,Bayfield,,,,,,,,81122,37.22556,-107.598,America/Denver,MST,-7,,,,,,,,,,,
Colorado ,CO,Bedrock,,,,,,,,81411,38.34867,-108.937,America/Denver,MST,-7,,,,,,,,,,,
Colorado ,CO,Beecher Island,,,,,,,,,39.87221,-102.184,America/Denver,MST,-7,,,,,,,,,,,
Colorado ,CO,Bellvue,,,,,,,,80512,40.61073,-105.526,America/Denver,MST,-7,,,,,,,,,,,
Colorado ,CO,Bennett,,,,,,,,80102,39.86938,-104.458,America/Denver,MST,-7,,,,,,,,,,,
Colorado ,CO,Bergen Park,,,,,,,,,0,0,,,,,,,,,,,,,,
Colorado ,CO,Berkley,,,,,,,,,0,0,,,,,,,,,,,,,,
Colorado ,CO,Berthoud,,,,,,,,80513,40.30832,-105.081,America/Denver,MST,-7,,,,,,,,,,,
Colorado ,CO,Berthoud Falls,,,,,,,,,40.30832,-105.081,America/Denver,MST,-7,,,,,,,,,,,
Colorado ,CO,Berthoud Pass,,,,,,,,,40.30832,-105.081,America/Denver,MST,-7,,,,,,,,,,,
Colorado ,CO,Bethune,,,,,,,,80805,39.29335,-102.433,America/Denver,MST,-7,,,,,,,,,,,
Colorado ,CO,Beulah,,,,,,,,81023,38.07501,-104.987,America/Denver,MST,-7,,,,,,,,,,,
Colorado ,CO,Beverly Hills,,,,,,,,,0,0,,,,,,,,,,,,,,
Colorado ,CO,Black Forest,,,,,,,,,37.74473,-105.071,America/Denver,MST,-7,,,,,,,,,,,
Colorado ,CO,Black Forest-Peyton,,,,,,,,,39.01741,-104.7,America/Denver,MST,-7,,,,,,,,,,,
Colorado ,CO,Black Hawk,,,,,,,,80422,39.81599,-105.475,America/Denver,MST,-7,,,,,,,,,,,
Colorado ,CO,Black Hollow Reservoir,,,,,,,,,0,0,,,,,,,,,,,,,,
Colorado ,CO,Blanca,,,,,,,,81123,37.43581,-105.573,America/Denver,MST,-7,,,,,,,,,,,
Colorado ,CO,Blanca Peak,,,,,,,,,37.43581,-105.573,America/Denver,MST,-7,,,,,,,,,,,
Colorado ,CO,Blende,,,,,,,,,38.24584,-104.569,America/Denver,MST,-7,,,,,,,,,,,
Colorado ,CO,Blue Mountain,,,,,,,,,0,0,,,,,,,,,,,,,,
Colorado ,CO,Blue River,,,,,,,,,0,0,,,,,,,,,,,,,,
Colorado ,CO,Blue Valley,,,,,,,,,39.676,-106.308,America/Denver,MST,-7,,,,,,,,,,,
Colorado ,CO,Bonanza,,,,,,,,,0,0,,,,,,,,,,,,,,
Colorado ,CO,Boncarbo,,,,,,,,81024,37.20811,-104.72,America/Denver,MST,-7,,,,,,,,,,,
Colorado ,CO,Bond,,,,,,,,80423,39.86036,-106.631,America/Denver,MST,-7,,,,,,,,,,,
Colorado ,CO,Bondad,,,,,,,,,38.99387,-105.508,,,,,,,,,,,,,,
Colorado ,CO,Bonny Reservoir,,,,,,,,,0,0,,,,,,,,,,,,,,
Colorado ,CO,Boone,,,,,,,,81025,38.31958,-104.209,America/Denver,MST,-7,,,,,,,,,,,
Colorado ,CO,Boulder,,,,,,,,80302###80304###80314###80305###80306###80307###80309###80310###80301###80308###80303,40.04947,-105.201,America/Denver,MST,-7,,,,,,,,,,,
Colorado ,CO,Bountiful,,,,,,,,,0,0,,,,,,,,,,,,,,
Colorado ,CO,Bow Mar,,,,,,,,,0,0,,,,,,,,,,,,,,
Colorado ,CO,Bowie,,,,,,,,,0,0,,,,,,,,,,,,,,
Colorado ,CO,Boyero,,,,,,,,,38.94277,-103.279,America/Denver,MST,-7,,,,,,,,,,,
Colorado ,CO,Bracewell,,,,,,,,,0,0,,,,,,,,,,,,,,
Colorado ,CO,Brainard Lake,,,,,,,,,0,0,,,,,,,,,,,,,,
Colorado ,CO,Brandon,,,,,,,,,0,0,,,,,,,,,,,,,,
Colorado ,CO,Branson,,,,,,,,81027,37.23244,-103.723,America/Denver,MST,-7,,,,,,,,,,,
Colorado ,CO,Breckenridge,,,,,,,,80424,39.47532,-106.022,America/Denver,MST,-7,,,,,,,,,,,
Colorado ,CO,Breen,,,,,,,,,0,0,,,,,,,,,,,,,,
Colorado ,CO,Briggsdale,,,,,,,,80611,40.4436,-104.241,America/Denver,MST,-7,,,,,,,,,,,
Colorado ,CO,Brighton,,,,,,,,80601###80603###80602,39.94298,-104.787,America/Denver,MST,-7,,,,,,,,,,,
Colorado ,CO,Bristol,,,,,,,,,38.12223,-102.312,America/Denver,MST,-7,,,,,,,,,,,
Colorado ,CO,Broadway Estates,,,,,,,,,0,0,,,,,,,,,,,,,,
Colorado ,CO,Brookvale,,,,,,,,,39.62971,-105.419,America/Denver,MST,-7,,,,,,,,,,,
Colorado ,CO,Broomfield,,,,,,,,80021###80038###80023###80020,39.93078,-105.074,America/Denver,MST,-7,,,,,,,,,,,
Colorado ,CO,Brownlee,,,,,,,,,0,0,,,,,,,,,,,,,,
Colorado ,CO,Brush,,,,,,,,80723,40.21855,-103.613,America/Denver,MST,-7,,,,,,,,,,,
Colorado ,CO,Buckeye,,,,,,,,,0,0,,,,,,,,,,,,,,
Colorado ,CO,Buckhorn Mountain,,,,,,,,,0,0,,,,,,,,,,,,,,
Colorado ,CO,Buckingham,,,,,,,,,40.5946,-105.127,America/Denver,MST,-7,,,,,,,,,,,
Colorado ,CO,Buckley Angb,,,,,,,,,0,0,,,,,,,,,,,,,,
Colorado ,CO,Buena Vista,,,,,,,,81211,38.88503,-106.18,America/Denver,MST,-7,,,,,,,,,,,
Colorado ,CO,Buffalo Creek,,,,,,,,80425,39.38666,-105.27,America/Denver,MST,-7,,,,,,,,,,,
Colorado ,CO,Buford,,,,,,,,,0,0,,,,,,,,,,,,,,
Colorado ,CO,Burdett,,,,,,,,,0,0,,,,,,,,,,,,,,
Colorado ,CO,Burlington,,,,,,,,80807,39.30611,-102.269,America/Denver,MST,-7,,,,,,,,,,,
Colorado ,CO,Burns,,,,,,,,80426,39.87388,-106.886,America/Denver,MST,-7,,,,,,,,,,,
Colorado ,CO,Byers,,,,,,,,80103,39.65263,-104.163,America/Denver,MST,-7,,,,,,,,,,,
Colorado ,CO,Caddoa,,,,,,,,,40.70276,-104.075,America/Denver,MST,-7,,,,,,,,,,,
Colorado ,CO,Cahone,,,,,,,,81320,37.71823,-108.792,America/Denver,MST,-7,,,,,,,,,,,
Colorado ,CO,Calhan,,,,,,,,80808,38.94043,-104.283,America/Denver,MST,-7,,,,,,,,,,,
Colorado ,CO,Cameo,,,,,,,,,39.15875,-105.817,America/Denver,MST,-7,,,,,,,,,,,
Colorado ,CO,Cameron Pass,,,,,,,,,0,0,,,,,,,,,,,,,,
Colorado ,CO,Camp Bird,,,,,,,,,0,0,,,,,,,,,,,,,,
Colorado ,CO,Campion,,,,,,,,,0,0,,,,,,,,,,,,,,
Colorado ,CO,Campo,,,,,,,,81029,37.18443,-102.474,America/Denver,MST,-7,,,,,,,,,,,
Colorado ,CO,Canon City,,,,,,,,81215###81212,38.47773,-105.508,America/Denver,MST,-7,,,,,,,,,,,
Colorado ,CO,Capulin,,,,,,,,81124,37.2839,-106.111,America/Denver,MST,-7,,,,,,,,,,,
Colorado ,CO,Carbondale,,,,,,,,81623,39.40221,-107.211,America/Denver,MST,-7,,,,,,,,,,,
Colorado ,CO,Caribou,,,,,,,,,0,0,,,,,,,,,,,,,,
Colorado ,CO,Carr,,,,,,,,80612,40.89609,-104.875,America/Denver,MST,-7,,,,,,,,,,,
Colorado ,CO,Cascade,,,,,,,,80809,38.89666,-104.972,America/Denver,MST,-7,,,,,,,,,,,
Colorado ,CO,Castle Pines,,,,,,,,,0,0,,,,,,,,,,,,,,
Colorado ,CO,Castle Rock,,,,,,,,80108###80104###80109,39.37478,-104.85,America/Denver,MST,-7,,,,,,,,,,,
Colorado ,CO,Castlewood,,,,,,,,,0,0,,,,,,,,,,,,,,
Colorado ,CO,Castlewood Canyon,,,,,,,,,0,0,,,,,,,,,,,,,,
Colorado ,CO,Cattle Creek,,,,,,,,,39.46276,-107.271,America/Denver,MST,-7,,,,,,,,,,,
Colorado ,CO,Cedar Point,,,,,,,,,0,0,,,,,,,,,,,,,,
Colorado ,CO,Cedaredge,,,,,,,,81413,38.90165,-107.926,America/Denver,MST,-7,,,,,,,,,,,
Colorado ,CO,Center,,,,,,,,81125,37.86988,-106.047,America/Denver,MST,-7,,,,,,,,,,,
Colorado ,CO,Central City,,,,,,,,80427,39.80193,-105.514,America/Denver,MST,-7,,,,,,,,,,,
Colorado ,CO,Central Jefferson,,,,,,,,,39.27593,-105.687,America/Denver,MST,-7,,,,,,,,,,,
Colorado ,CO,Chama,,,,,,,,81126,37.16196,-105.378,America/Denver,MST,-7,,,,,,,,,,,
Colorado ,CO,Chatfield Reservoir,,,,,,,,,0,0,,,,,,,,,,,,,,
Colorado ,CO,Cheesman Reservoir,,,,,,,,,0,0,,,,,,,,,,,,,,
Colorado ,CO,Cheraw,,,,,,,,81030,38.10695,-103.51,America/Denver,MST,-7,,,,,,,,,,,
Colorado ,CO,Cherry Creek Reser,,,,,,,,,0,0,,,,,,,,,,,,,,
Colorado ,CO,Cherry Hills Villa,,,,,,,,,39.676,-106.308,America/Denver,MST,-7,,,,,,,,,,,
Colorado ,CO,Cherry Hills Village,,,,,,,,,0,0,,,,,,,,,,,,,,
Colorado ,CO,Cherry Knolls,,,,,,,,,38.10695,-103.51,America/Denver,MST,-7,,,,,,,,,,,
Colorado ,CO,Cheyenne Mountain,,,,,,,,,0,0,,,,,,,,,,,,,,
Colorado ,CO,Cheyenne Wells,,,,,,,,80810,38.82726,-102.412,America/Denver,MST,-7,,,,,,,,,,,
Colorado ,CO,Chimney Rock,,,,,,,,,37.2507,-107.321,America/Denver,MST,-7,,,,,,,,,,,
Colorado ,CO,Chipita Park,,,,,,,,,38.92444,-105.007,America/Denver,MST,-7,,,,,,,,,,,
Colorado ,CO,Chivington,,,,,,,,,38.99387,-105.508,,,,,,,,,,,,,,
Colorado ,CO,Chromo,,,,,,,,81128,37.0364,-106.843,America/Denver,MST,-7,,,,,,,,,,,
Colorado ,CO,Cimarron Hills,,,,,,,,,38.41633,-107.529,America/Denver,MST,-7,,,,,,,,,,,
Colorado ,CO,Cimmaron,,,,,,,,,38.41633,-107.529,America/Denver,MST,-7,,,,,,,,,,,
Colorado ,CO,Clark,,,,,,,,80428,40.73072,-106.914,America/Denver,MST,-7,,,,,,,,,,,
Colorado ,CO,Clarkville,,,,,,,,,0,0,,,,,,,,,,,,,,
Colorado ,CO,Clifton,,,,,,,,81520,39.09193,-108.449,America/Denver,MST,-7,,,,,,,,,,,
Colorado ,CO,Climax,,,,,,,,80429,39.22576,-106.312,America/Denver,MST,-7,,,,,,,,,,,
Colorado ,CO,Coaldale,,,,,,,,81222,38.38238,-105.784,America/Denver,MST,-7,,,,,,,,,,,
Colorado ,CO,Coalmont,,,,,,,,80430,40.48036,-106.448,America/Denver,MST,-7,,,,,,,,,,,
Colorado ,CO,Cokedale,,,,,,,,,37.1453,-104.621,America/Denver,MST,-7,,,,,,,,,,,
Colorado ,CO,Collbran,,,,,,,,81624,39.20563,-107.929,America/Denver,MST,-7,,,,,,,,,,,
Colorado ,CO,Colona,,,,,,,,,37.14417,-108.12,America/Denver,MST,-7,,,,,,,,,,,
Colorado ,CO,Colorado City,,,,,,,,81019,37.94411,-104.845,America/Denver,MST,-7,,,,,,,,,,,
Colorado ,CO,Colorado Springs,,,,,,,,80936###80939###80929###80928###80927###80926###80925###80901###80902###80903###80905###80949###80906###80907###80908###80930###80931###80941###80938###80937###80904###80942###80944###80946###80947###80935###80934###80933###80950###80932###80909###80923###80922###80921###80920###80911###80912###80919###80914###80915###80916###80917###80918###80995###80997###80977###80910###80962###80960###80970###80951###80924###80913,38.86147,-104.858,America/Denver,MST,-7,,,,,,,,,,,
Colorado ,CO,Columbine,,,,,,,,,39.59384,-105.011,America/Denver,MST,-7,,,,,,,,,,,
Colorado ,CO,Columbine Valley,,,,,,,,,39.6011,-105.032,America/Denver,MST,-7,,,,,,,,,,,
Colorado ,CO,Commerce City,,,,,,,,80037###80022,39.86984,-104.772,America/Denver,MST,-7,,,,,,,,,,,
Colorado ,CO,Como,,,,,,,,80432,39.15875,-105.817,America/Denver,MST,-7,,,,,,,,,,,
Colorado ,CO,Conejos,,,,,,,,81129,37.10113,-106.026,America/Denver,MST,-7,,,,,,,,,,,
Colorado ,CO,Conifer,,,,,,,,80433,39.47354,-105.284,America/Denver,MST,-7,,,,,,,,,,,
Colorado ,CO,Cope,,,,,,,,80812,39.68477,-102.99,America/Denver,MST,-7,,,,,,,,,,,
Colorado ,CO,Copper Mountain,,,,,,,,,0,0,,,,,,,,,,,,,,
Colorado ,CO,Cornish,,,,,,,,,40.52304,-104.413,America/Denver,MST,-7,,,,,,,,,,,
Colorado ,CO,Coronado,,,,,,,,,37.87031,-102.368,America/Denver,MST,-7,,,,,,,,,,,
Colorado ,CO,Cortez,,,,,,,,81321,37.37359,-108.663,America/Denver,MST,-7,,,,,,,,,,,
Colorado ,CO,Cory,,,,,,,,81414,38.7887,-107.986,America/Denver,MST,-7,,,,,,,,,,,
Colorado ,CO,Cotopaxi,,,,,,,,81223,38.37028,-105.688,America/Denver,MST,-7,,,,,,,,,,,
Colorado ,CO,Country Gardens,,,,,,,,,40.39387,-104.689,America/Denver,MST,-7,,,,,,,,,,,
Colorado ,CO,Cowdrey,,,,,,,,80434,40.8597,-106.313,America/Denver,MST,-7,,,,,,,,,,,
Colorado ,CO,Craig,,,,,,,,81625###81626,40.74522,-107.695,America/Denver,MST,-7,,,,,,,,,,,
Colorado ,CO,Crawford,,,,,,,,81415,38.70388,-107.609,America/Denver,MST,-7,,,,,,,,,,,
Colorado ,CO,Creede,,,,,,,,81130,37.76129,-106.982,America/Denver,MST,-7,,,,,,,,,,,
Colorado ,CO,Crescent Village,,,,,,,,,0,0,,,,,,,,,,,,,,
Colorado ,CO,Crested Butte,,,,,,,,81225###81224,38.88071,-106.949,America/Denver,MST,-7,,,,,,,,,,,
Colorado ,CO,Crestone,,,,,,,,81131,37.95304,-105.688,America/Denver,MST,-7,,,,,,,,,,,
Colorado ,CO,Cripple Creek,,,,,,,,80813,38.82608,-105.15,America/Denver,MST,-7,,,,,,,,,,,
Colorado ,CO,Crook,,,,,,,,80726,40.85888,-102.801,America/Denver,MST,-7,,,,,,,,,,,
Colorado ,CO,Crowley,,,,,,,,81034###81033,38.19489,-103.861,America/Denver,MST,-7,,,,,,,,,,,
Colorado ,CO,Crystola,,,,,,,,,0,0,,,,,,,,,,,,,,
Colorado ,CO,Cuchara,,,,,,,,,38.99387,-105.508,,,,,,,,,,,,,,
Colorado ,CO,Cumbres Pass,,,,,,,,,38.99387,-105.508,,,,,,,,,,,,,,
Colorado ,CO,Dacono,,,,,,,,80514,40.08471,-104.939,America/Denver,MST,-7,,,,,,,,,,,
Colorado ,CO,Dailey,,,,,,,,,0,0,,,,,,,,,,,,,,
Colorado ,CO,De Beque,,,,,,,,81630,39.29241,-108.211,America/Denver,MST,-7,,,,,,,,,,,
Colorado ,CO,Deckers,,,,,,,,,0,0,,,,,,,,,,,,,,
Colorado ,CO,Deer Ridge,,,,,,,,,0,0,,,,,,,,,,,,,,
Colorado ,CO,Deer Trail,,,,,,,,80105,39.65946,-103.949,America/Denver,MST,-7,,,,,,,,,,,
Colorado ,CO,Del Norte,,,,,,,,81132,37.64468,-106.407,America/Denver,MST,-7,,,,,,,,,,,
Colorado ,CO,Delhi,,,,,,,,,0,0,,,,,,,,,,,,,,
Colorado ,CO,Delta,,,,,,,,81416,38.74221,-108.069,America/Denver,MST,-7,,,,,,,,,,,
Colorado ,CO,Denver,,,,,,,,80259###80265###80260###80266###80251###80271###80262###80273###80248###80263###80274###80291###80281###80290###80257###80246###80256###80293###80239###80238###80237###80235###80230###80231###80232###80233###80241###80243###80236###80299###80261###80294###80252###80250###80249###80247###80244###80234###80201###80211###80212###80214###80215###80216###80217###80219###80220###80210###80209###80202###80264###80203###80204###80205###80206###80207###80208###80221###80222###80229###80228###80223###80218###80227###80226###80225###80224,39.7263,-104.857,America/Denver,MST,-7,,,,,,,,,,,
Colorado ,CO,Derby,,,,,,,,,39.83943,-104.919,America/Denver,MST,-7,,,,,,,,,,,
Colorado ,CO,Devil'S Head,,,,,,,,,38.99387,-105.508,,,,,,,,,,,,,,
Colorado ,CO,Devils Thumb Park,,,,,,,,,0,0,,,,,,,,,,,,,,
Colorado ,CO,Dillon,,,,,,,,80435,39.59521,-105.974,America/Denver,MST,-7,,,,,,,,,,,
Colorado ,CO,Dinosaur,,,,,,,,81610###81633,40.2797,-108.762,America/Denver,MST,-7,,,,,,,,,,,
Colorado ,CO,Divide,,,,,,,,80814,38.9239,-105.186,America/Denver,MST,-7,,,,,,,,,,,
Colorado ,CO,Dolores,,,,,,,,81323,37.46933,-108.352,America/Denver,MST,-7,,,,,,,,,,,
Colorado ,CO,Dotsero,,,,,,,,,38.99387,-105.508,,,,,,,,,,,,,,
Colorado ,CO,Dove Creek,,,,,,,,81324,37.71153,-108.924,America/Denver,MST,-7,,,,,,,,,,,
Colorado ,CO,Dowd,,,,,,,,,38.99387,-105.508,,,,,,,,,,,,,,
Colorado ,CO,Downieville,,,,,,,,,0,0,,,,,,,,,,,,,,
Colorado ,CO,Drake,,,,,,,,80515,40.42754,-105.383,America/Denver,MST,-7,,,,,,,,,,,
Colorado ,CO,Dumont,,,,,,,,80436,39.76471,-105.6,America/Denver,MST,-7,,,,,,,,,,,
Colorado ,CO,Dunton,,,,,,,,,37.77277,-108.094,America/Denver,MST,-7,,,,,,,,,,,
Colorado ,CO,Durango,,,,,,,,81303###81302###81301,37.31836,-107.88,America/Denver,MST,-7,,,,,,,,,,,
Colorado ,CO,Eads,,,,,,,,81036,38.44075,-102.555,America/Denver,MST,-7,,,,,,,,,,,
Colorado ,CO,Eagle,,,,,,,,81631,39.6074,-106.805,America/Denver,MST,-7,,,,,,,,,,,
Colorado ,CO,Eagle-Vail,,,,,,,,,39.676,-106.308,America/Denver,MST,-7,,,,,,,,,,,
Colorado ,CO,East Adams,,,,,,,,,0,0,,,,,,,,,,,,,,
Colorado ,CO,East Arapahoe,,,,,,,,,38.85001,-102.182,America/Denver,MST,-7,,,,,,,,,,,
Colorado ,CO,East Portal,,,,,,,,,0,0,,,,,,,,,,,,,,
Colorado ,CO,Eaton,,,,,,,,80615,40.53026,-104.711,America/Denver,MST,-7,,,,,,,,,,,
Colorado ,CO,Echo Lake,,,,,,,,,0,0,,,,,,,,,,,,,,
Colorado ,CO,Eckert,,,,,,,,81418,38.84276,-107.963,America/Denver,MST,-7,,,,,,,,,,,
Colorado ,CO,Eckley,,,,,,,,80727,40.06113,-102.48,America/Denver,MST,-7,,,,,,,,,,,
Colorado ,CO,Edgewater,,,,,,,,,39.75304,-105.064,America/Denver,MST,-7,,,,,,,,,,,
Colorado ,CO,Edwards,,,,,,,,81632,39.63817,-106.621,America/Denver,MST,-7,,,,,,,,,,,
Colorado ,CO,Egnar,,,,,,,,81325,37.92937,-108.846,America/Denver,MST,-7,,,,,,,,,,,
Colorado ,CO,El Jebel,,,,,,,,,39.39787,-107.089,America/Denver,MST,-7,,,,,,,,,,,
Colorado ,CO,Elba,,,,,,,,,0,0,,,,,,,,,,,,,,
Colorado ,CO,Elbert,,,,,,,,80106,39.20897,-104.505,America/Denver,MST,-7,,,,,,,,,,,
Colorado ,CO,Eldora,,,,,,,,,0,0,,,,,,,,,,,,,,
Colorado ,CO,Eldorado Springs,,,,,,,,80025,39.93242,-105.288,America/Denver,MST,-7,,,,,,,,,,,
Colorado ,CO,Elizabeth,,,,,,,,80107,39.36027,-104.597,America/Denver,MST,-7,,,,,,,,,,,
Colorado ,CO,Elk Park,,,,,,,,,0,0,,,,,,,,,,,,,,
Colorado ,CO,Elk Springs,,,,,,,,,40.35552,-108.448,America/Denver,MST,-7,,,,,,,,,,,
Colorado ,CO,Elkdale,,,,,,,,,0,0,,,,,,,,,,,,,,
Colorado ,CO,Ellicott,,,,,,,,,38.83833,-104.387,America/Denver,MST,-7,,,,,,,,,,,
Colorado ,CO,Elsmere,,,,,,,,,0,0,,,,,,,,,,,,,,
Colorado ,CO,Emma,,,,,,,,,39.23665,-107.162,America/Denver,MST,-7,,,,,,,,,,,
Colorado ,CO,Empire,,,,,,,,80438,39.76138,-105.684,America/Denver,MST,-7,,,,,,,,,,,
Colorado ,CO,Englewood,,,,,,,,80155###80112###80113###80111###80110###80150###80151,39.646,-105.011,America/Denver,MST,-7,,,,,,,,,,,
Colorado ,CO,Erie,,,,,,,,80516,40.05026,-105.05,America/Denver,MST,-7,,,,,,,,,,,
Colorado ,CO,Escalante Forks,,,,,,,,,0,0,,,,,,,,,,,,,,
Colorado ,CO,Estes Park,,,,,,,,80517###80511,40.34018,-105.572,America/Denver,MST,-7,,,,,,,,,,,
Colorado ,CO,Evans,,,,,,,,80620,40.37637,-104.692,America/Denver,MST,-7,,,,,,,,,,,
Colorado ,CO,Evergreen,,,,,,,,80439###80437,39.52201,-105.224,America/Denver,MST,-7,,,,,,,,,,,
Colorado ,CO,Fairfield,,,,,,,,,0,0,,,,,,,,,,,,,,
Colorado ,CO,Fairplay,,,,,,,,80440,39.149,-105.886,America/Denver,MST,-7,,,,,,,,,,,
Colorado ,CO,Falcon,,,,,,,,,38.93305,-104.609,America/Denver,MST,-7,,,,,,,,,,,
Colorado ,CO,Falfa,,,,,,,,,37.44108,-107.853,America/Denver,MST,-7,,,,,,,,,,,
Colorado ,CO,Fall Creek,,,,,,,,,0,0,,,,,,,,,,,,,,
Colorado ,CO,Farisita,,,,,,,,,37.74473,-105.071,America/Denver,MST,-7,,,,,,,,,,,
Colorado ,CO,Federal Heights,,,,,,,,,39.81707,-105.011,America/Denver,MST,-7,,,,,,,,,,,
Colorado ,CO,Firestone,,,,,,,,80520,40.11248,-104.937,America/Denver,MST,-7,,,,,,,,,,,
Colorado ,CO,Firstview,,,,,,,,,0,0,,,,,,,,,,,,,,
Colorado ,CO,Flagler,,,,,,,,80815,39.29305,-103.067,America/Denver,MST,-7,,,,,,,,,,,
Colorado ,CO,Fleming,,,,,,,,80728,40.59861,-102.875,America/Denver,MST,-7,,,,,,,,,,,
Colorado ,CO,Florence,,,,,,,,81290###81226,38.32093,-105.143,America/Denver,MST,-7,,,,,,,,,,,
Colorado ,CO,Florissant,,,,,,,,80816,38.94582,-105.289,America/Denver,MST,-7,,,,,,,,,,,
Colorado ,CO,Floyd Hill,,,,,,,,,38.05223,-102.123,America/Denver,MST,-7,,,,,,,,,,,
Colorado ,CO,Fondis,,,,,,,,,39.18615,-104.516,America/Denver,MST,-7,,,,,,,,,,,
Colorado ,CO,Forder,,,,,,,,,0,0,,,,,,,,,,,,,,
Colorado ,CO,Fort Carson,,,,,,,,,38.73749,-104.789,America/Denver,MST,-7,,,,,,,,,,,
Colorado ,CO,Fort Collins,,,,,,,,80521###80524###80522###80525###80526###80527###80528###80553###80523,40.5946,-105.127,America/Denver,MST,-7,,,,,,,,,,,
Colorado ,CO,Fort Garland,,,,,,,,81133,37.40346,-105.415,America/Denver,MST,-7,,,,,,,,,,,
Colorado ,CO,Fort Lupton,,,,,,,,80621,40.10724,-104.801,America/Denver,MST,-7,,,,,,,,,,,
Colorado ,CO,Fort Lyon,,,,,,,,81038,38.07924,-103.14,America/Denver,MST,-7,,,,,,,,,,,
Colorado ,CO,Fort Morgan,,,,,,,,80701,40.26259,-103.848,America/Denver,MST,-7,,,,,,,,,,,
Colorado ,CO,Fort Morgan Airpor,,,,,,,,,40.26259,-103.848,America/Denver,MST,-7,,,,,,,,,,,
Colorado ,CO,Fort St Vrain,,,,,,,,,0,0,,,,,,,,,,,,,,
Colorado ,CO,Fortification,,,,,,,,,38.99387,-105.508,,,,,,,,,,,,,,
Colorado ,CO,Fountain,,,,,,,,80817,38.66386,-104.652,America/Denver,MST,-7,,,,,,,,,,,
Colorado ,CO,Four Corners,,,,,,,,,0,0,,,,,,,,,,,,,,
Colorado ,CO,Fowler,,,,,,,,81039,37.98146,-103.968,America/Denver,MST,-7,,,,,,,,,,,
Colorado ,CO,Foxton,,,,,,,,,39.42443,-105.236,America/Denver,MST,-7,,,,,,,,,,,
Colorado ,CO,Franktown,,,,,,,,80116,39.30403,-104.757,America/Denver,MST,-7,,,,,,,,,,,
Colorado ,CO,Fraser,,,,,,,,80442,39.94499,-105.817,America/Denver,MST,-7,,,,,,,,,,,
Colorado ,CO,Frederick,,,,,,,,80530,40.09915,-104.937,America/Denver,MST,-7,,,,,,,,,,,
Colorado ,CO,Fremont Butte,,,,,,,,,40.30035,-105.104,America/Denver,MST,-7,,,,,,,,,,,
Colorado ,CO,Frisco,,,,,,,,80443,39.55893,-106.133,America/Denver,MST,-7,,,,,,,,,,,
Colorado ,CO,Fruita,,,,,,,,81521,39.14961,-108.685,America/Denver,MST,-7,,,,,,,,,,,
Colorado ,CO,Fruitvale,,,,,,,,,0,0,,,,,,,,,,,,,,
Colorado ,CO,Galeton,,,,,,,,80622,40.52081,-104.586,America/Denver,MST,-7,,,,,,,,,,,
Colorado ,CO,Garcia,,,,,,,,,37.0922,-105.53,America/Denver,MST,-7,,,,,,,,,,,
Colorado ,CO,Garden City,,,,,,,,,40.39387,-104.689,America/Denver,MST,-7,,,,,,,,,,,
Colorado ,CO,Gardner,,,,,,,,81040,37.78777,-105.185,America/Denver,MST,-7,,,,,,,,,,,
Colorado ,CO,Garo,,,,,,,,,38.99387,-105.508,,,,,,,,,,,,,,
Colorado ,CO,Gary,,,,,,,,,40.89609,-104.875,America/Denver,MST,-7,,,,,,,,,,,
Colorado ,CO,Gateway,,,,,,,,81522,38.67845,-108.972,America/Denver,MST,-7,,,,,,,,,,,
Colorado ,CO,Gato,,,,,,,,,38.99387,-105.508,,,,,,,,,,,,,,
Colorado ,CO,Genesee,,,,,,,,,39.68582,-105.273,America/Denver,MST,-7,,,,,,,,,,,
Colorado ,CO,Genoa,,,,,,,,80818,39.34843,-103.491,America/Denver,MST,-7,,,,,,,,,,,
Colorado ,CO,Georgetown,,,,,,,,80444,39.7061,-105.698,America/Denver,MST,-7,,,,,,,,,,,
Colorado ,CO,Gilcrest,,,,,,,,80623,40.28538,-104.783,America/Denver,MST,-7,,,,,,,,,,,
Colorado ,CO,Gill,,,,,,,,80624,40.45415,-104.542,America/Denver,MST,-7,,,,,,,,,,,
Colorado ,CO,Gilman,,,,,,,,,0,0,,,,,,,,,,,,,,
Colorado ,CO,Glade Park,,,,,,,,81523,38.98942,-108.781,America/Denver,MST,-7,,,,,,,,,,,
Colorado ,CO,Gladstone,,,,,,,,,0,0,,,,,,,,,,,,,,
Colorado ,CO,Glen Haven,,,,,,,,80532,40.45776,-105.447,America/Denver,MST,-7,,,,,,,,,,,
Colorado ,CO,Glendale,,,,,,,,,39.70499,-104.934,America/Denver,MST,-7,,,,,,,,,,,
Colorado ,CO,Glendevey,,,,,,,,,40.67289,-106.342,America/Denver,MST,-7,,,,,,,,,,,
Colorado ,CO,Glenisle,,,,,,,,,39.40888,-105.51,America/Denver,MST,-7,,,,,,,,,,,
Colorado ,CO,Glenwood Springs,,,,,,,,81602###81601,39.60145,-107.304,America/Denver,MST,-7,,,,,,,,,,,
Colorado ,CO,Gold Hill,,,,,,,,,40.06334,-105.41,America/Denver,MST,-7,,,,,,,,,,,
Colorado ,CO,Golden,,,,,,,,80402###80403###80419###80401,39.71854,-105.246,America/Denver,MST,-7,,,,,,,,,,,
Colorado ,CO,Goodrich,,,,,,,,,0,0,,,,,,,,,,,,,,
Colorado ,CO,Gould,,,,,,,,,40.52637,-106.027,America/Denver,MST,-7,,,,,,,,,,,
Colorado ,CO,Granada,,,,,,,,81041,37.87031,-102.368,America/Denver,MST,-7,,,,,,,,,,,
Colorado ,CO,Granby,,,,,,,,80446,40.07387,-105.929,America/Denver,MST,-7,,,,,,,,,,,
Colorado ,CO,Grand Junction,,,,,,,,81506###81507###81504###81503###81502###81501###81505,39.06902,-108.583,America/Denver,MST,-7,,,,,,,,,,,
Colorado ,CO,Grand Lake,,,,,,,,80447,40.15398,-105.852,America/Denver,MST,-7,,,,,,,,,,,
Colorado ,CO,Grand Mesa,,,,,,,,,39.04026,-107.95,America/Denver,MST,-7,,,,,,,,,,,
Colorado ,CO,Grand Valley,,,,,,,,,37.44108,-107.853,America/Denver,MST,-7,,,,,,,,,,,
Colorado ,CO,Grandview Estates,,,,,,,,,37.44108,-107.853,America/Denver,MST,-7,,,,,,,,,,,
Colorado ,CO,Granite,,,,,,,,81228,39.03075,-106.257,America/Denver,MST,-7,,,,,,,,,,,
Colorado ,CO,Grant,,,,,,,,80448,39.42313,-105.65,America/Denver,MST,-7,,,,,,,,,,,
Colorado ,CO,Great Divide,,,,,,,,,38.9239,-105.186,America/Denver,MST,-7,,,,,,,,,,,
Colorado ,CO,Great Sand Dunes,,,,,,,,,0,0,,,,,,,,,,,,,,
Colorado ,CO,Greeley,,,,,,,,80632###80631###80633###80634###80638###80639,40.38499,-104.681,America/Denver,MST,-7,,,,,,,,,,,
Colorado ,CO,Green Mountain Falls,,,,,,,,80819,38.93893,-105.009,America/Denver,MST,-7,,,,,,,,,,,
Colorado ,CO,Green Mtn Reservoir,,,,,,,,,0,0,,,,,,,,,,,,,,
Colorado ,CO,Greenland,,,,,,,,,0,0,,,,,,,,,,,,,,
Colorado ,CO,Greenwood Village,,,,,,,,,39.646,-105.011,America/Denver,MST,-7,,,,,,,,,,,
Colorado ,CO,Greystone,,,,,,,,,37.95304,-105.688,America/Denver,MST,-7,,,,,,,,,,,
Colorado ,CO,Grover,,,,,,,,80729,40.82013,-104.169,America/Denver,MST,-7,,,,,,,,,,,
Colorado ,CO,Guanella Pass,,,,,,,,,38.99387,-105.508,,,,,,,,,,,,,,
Colorado ,CO,Guffey,,,,,,,,80820,38.83537,-105.562,America/Denver,MST,-7,,,,,,,,,,,
Colorado ,CO,Gulnare,,,,,,,,,37.31526,-104.735,America/Denver,MST,-7,,,,,,,,,,,
Colorado ,CO,Gunbarrel,,,,,,,,,0,0,,,,,,,,,,,,,,
Colorado ,CO,Gunnison,,,,,,,,81231###81230,38.52832,-107.037,America/Denver,MST,-7,,,,,,,,,,,
Colorado ,CO,Gypsum,,,,,,,,81637,39.61551,-106.896,America/Denver,MST,-7,,,,,,,,,,,
Colorado ,CO,Hahns Peak,,,,,,,,,0,0,,,,,,,,,,,,,,
Colorado ,CO,Hale,,,,,,,,,38.05223,-102.123,America/Denver,MST,-7,,,,,,,,,,,
Colorado ,CO,Hamilton,,,,,,,,81638,40.29759,-107.666,America/Denver,MST,-7,,,,,,,,,,,
Colorado ,CO,Hardin,,,,,,,,,0,0,,,,,,,,,,,,,,
Colorado ,CO,Harmony,,,,,,,,,40.5946,-105.127,America/Denver,MST,-7,,,,,,,,,,,
Colorado ,CO,Harris Park,,,,,,,,,39.37945,-105.325,America/Denver,MST,-7,,,,,,,,,,,
Colorado ,CO,Hartman,,,,,,,,81043,38.11952,-102.217,America/Denver,MST,-7,,,,,,,,,,,
Colorado ,CO,Hartsel,,,,,,,,80449,38.96726,-105.879,America/Denver,MST,-7,,,,,,,,,,,
Colorado ,CO,Hasty,,,,,,,,81044,37.95904,-103.015,America/Denver,MST,-7,,,,,,,,,,,
Colorado ,CO,Haswell,,,,,,,,81045,38.44008,-103.131,America/Denver,MST,-7,,,,,,,,,,,
Colorado ,CO,Haxtun,,,,,,,,80731,40.60138,-102.524,America/Denver,MST,-7,,,,,,,,,,,
Colorado ,CO,Hayden,,,,,,,,81639,40.4382,-107.277,America/Denver,MST,-7,,,,,,,,,,,
Colorado ,CO,Heartstrong,,,,,,,,,0,0,,,,,,,,,,,,,,
Colorado ,CO,Heeney,,,,,,,,,37.27958,-104.358,America/Denver,MST,-7,,,,,,,,,,,
Colorado ,CO,Henderson,,,,,,,,80640,39.87924,-104.884,America/Denver,MST,-7,,,,,,,,,,,
Colorado ,CO,Hereford,,,,,,,,80732,40.9751,-104.305,America/Denver,MST,-7,,,,,,,,,,,
Colorado ,CO,Hermosa,,,,,,,,,37.41528,-107.835,America/Denver,MST,-7,,,,,,,,,,,
Colorado ,CO,Hesperus,,,,,,,,81326,37.20542,-108.139,America/Denver,MST,-7,,,,,,,,,,,
Colorado ,CO,Hiawatha,,,,,,,,,0,0,,,,,,,,,,,,,,
Colorado ,CO,Higbee,,,,,,,,,0,0,,,,,,,,,,,,,,
Colorado ,CO,Highland Center,,,,,,,,,37.86988,-106.047,America/Denver,MST,-7,,,,,,,,,,,
Colorado ,CO,Highland Park,,,,,,,,,39.37945,-105.325,America/Denver,MST,-7,,,,,,,,,,,
Colorado ,CO,Highlands Ranch,,,,,,,,,39.37945,-105.325,America/Denver,MST,-7,,,,,,,,,,,
Colorado ,CO,Hillrose,,,,,,,,80733,40.34586,-103.506,America/Denver,MST,-7,,,,,,,,,,,
Colorado ,CO,Hillside,,,,,,,,81232,38.26528,-105.612,America/Denver,MST,-7,,,,,,,,,,,
Colorado ,CO,Hoehne,,,,,,,,81046,37.27958,-104.358,America/Denver,MST,-7,,,,,,,,,,,
Colorado ,CO,Holly,,,,,,,,81047,38.05223,-102.123,America/Denver,MST,-7,,,,,,,,,,,
Colorado ,CO,Holyoke,,,,,,,,80734,40.58717,-102.272,America/Denver,MST,-7,,,,,,,,,,,
Colorado ,CO,Hooper,,,,,,,,81136,37.74278,-105.875,America/Denver,MST,-7,,,,,,,,,,,
Colorado ,CO,Horsetooth Mountain,,,,,,,,,0,0,,,,,,,,,,,,,,
Colorado ,CO,Hot Sulphur Spring,,,,,,,,,37.37152,-102.677,America/Denver,MST,-7,,,,,,,,,,,
Colorado ,CO,Hotchkiss,,,,,,,,81419,38.85997,-107.752,America/Denver,MST,-7,,,,,,,,,,,
Colorado ,CO,Howard,,,,,,,,81233,38.41001,-105.77,America/Denver,MST,-7,,,,,,,,,,,
Colorado ,CO,Hoyt,,,,,,,,,0,0,,,,,,,,,,,,,,
Colorado ,CO,Hoyt Beet Dump,,,,,,,,,0,0,,,,,,,,,,,,,,
Colorado ,CO,Hudson,,,,,,,,80642,40.05142,-104.612,America/Denver,MST,-7,,,,,,,,,,,
Colorado ,CO,Hugo,,,,,,,,80821,39.02294,-103.458,America/Denver,MST,-7,,,,,,,,,,,
Colorado ,CO,Hyde,,,,,,,,,0,0,,,,,,,,,,,,,,
Colorado ,CO,Hygiene,,,,,,,,80533,40.18152,-105.233,America/Denver,MST,-7,,,,,,,,,,,
Colorado ,CO,Idaho Springs,,,,,,,,80452,39.70657,-105.542,America/Denver,MST,-7,,,,,,,,,,,
Colorado ,CO,Idalia,,,,,,,,80735,39.8167,-102.426,America/Denver,MST,-7,,,,,,,,,,,
Colorado ,CO,Idledale,,,,,,,,80453,39.66843,-105.244,America/Denver,MST,-7,,,,,,,,,,,
Colorado ,CO,Ignacio,,,,,,,,81137,37.11484,-107.66,America/Denver,MST,-7,,,,,,,,,,,
Colorado ,CO,Iliff,,,,,,,,80736,40.78448,-102.96,America/Denver,MST,-7,,,,,,,,,,,
Colorado ,CO,Independence Pass,,,,,,,,,0,0,,,,,,,,,,,,,,
Colorado ,CO,Indian Hills,,,,,,,,80454,39.62797,-105.25,America/Denver,MST,-7,,,,,,,,,,,
Colorado ,CO,Iola,,,,,,,,,0,0,,,,,,,,,,,,,,
Colorado ,CO,Ione,,,,,,,,,40.14887,-104.811,America/Denver,MST,-7,,,,,,,,,,,
Colorado ,CO,Jackson Reservoir,,,,,,,,,0,0,,,,,,,,,,,,,,
Colorado ,CO,Jamestown,,,,,,,,80455,40.10199,-105.424,America/Denver,MST,-7,,,,,,,,,,,
Colorado ,CO,Jaroso,,,,,,,,81138,37.0028,-105.624,America/Denver,MST,-7,,,,,,,,,,,
Colorado ,CO,Jefferson,,,,,,,,80456,39.27593,-105.687,America/Denver,MST,-7,,,,,,,,,,,
Colorado ,CO,Joes,,,,,,,,80822,39.65638,-102.679,America/Denver,MST,-7,,,,,,,,,,,
Colorado ,CO,John Martin Reservoir,,,,,,,,,0,0,,,,,,,,,,,,,,
Colorado ,CO,Johnstown,,,,,,,,80534,40.33693,-104.912,America/Denver,MST,-7,,,,,,,,,,,
Colorado ,CO,Jolly Ranch,,,,,,,,,40.45415,-104.542,America/Denver,MST,-7,,,,,,,,,,,
Colorado ,CO,Juanita,,,,,,,,,37.02723,-107.151,America/Denver,MST,-7,,,,,,,,,,,
Colorado ,CO,Julesburg,,,,,,,,80737,40.98833,-102.264,America/Denver,MST,-7,,,,,,,,,,,
Colorado ,CO,Juniper Springs,,,,,,,,,0,0,,,,,,,,,,,,,,
Colorado ,CO,Karval,,,,,,,,80823,38.80651,-103.475,America/Denver,MST,-7,,,,,,,,,,,
Colorado ,CO,Kassler,,,,,,,,,0,0,,,,,,,,,,,,,,
Colorado ,CO,Keenesburg,,,,,,,,80643,40.08532,-104.506,America/Denver,MST,-7,,,,,,,,,,,
Colorado ,CO,Kelim,,,,,,,,,40.36447,-105.18,America/Denver,MST,-7,,,,,,,,,,,
Colorado ,CO,Ken Caryl,,,,,,,,,40.38499,-104.681,America/Denver,MST,-7,,,,,,,,,,,
Colorado ,CO,Kenosha Pass,,,,,,,,,0,0,,,,,,,,,,,,,,
Colorado ,CO,Keota,,,,,,,,,40.70276,-104.075,America/Denver,MST,-7,,,,,,,,,,,
Colorado ,CO,Kersey,,,,,,,,80644,40.38748,-104.562,America/Denver,MST,-7,,,,,,,,,,,
Colorado ,CO,Kersey-Gill,,,,,,,,,40.45415,-104.542,America/Denver,MST,-7,,,,,,,,,,,
Colorado ,CO,Keystone,,,,,,,,,39.59943,-105.987,America/Denver,MST,-7,,,,,,,,,,,
Colorado ,CO,Kim,,,,,,,,81049,37.33276,-103.374,America/Denver,MST,-7,,,,,,,,,,,
Colorado ,CO,Kiowa,,,,,,,,80117,39.37025,-104.421,America/Denver,MST,-7,,,,,,,,,,,
Colorado ,CO,Kirk,,,,,,,,80824,39.66442,-102.546,America/Denver,MST,-7,,,,,,,,,,,
Colorado ,CO,Kit Carson,,,,,,,,80825,38.76111,-102.789,America/Denver,MST,-7,,,,,,,,,,,
Colorado ,CO,Kittredge,,,,,,,,80457,39.64814,-105.278,America/Denver,MST,-7,,,,,,,,,,,
Colorado ,CO,Kline,,,,,,,,,37.14417,-108.12,America/Denver,MST,-7,,,,,,,,,,,
Colorado ,CO,Kokomo,,,,,,,,,0,0,,,,,,,,,,,,,,
Colorado ,CO,Kremmling,,,,,,,,80459,40.14768,-106.378,America/Denver,MST,-7,,,,,,,,,,,
Colorado ,CO,Kutch,,,,,,,,,0,0,,,,,,,,,,,,,,
Colorado ,CO,La Garita,,,,,,,,,37.84084,-106.247,America/Denver,MST,-7,,,,,,,,,,,
Colorado ,CO,La Jara,,,,,,,,81140,37.27657,-106.008,America/Denver,MST,-7,,,,,,,,,,,
Colorado ,CO,La Junta,,,,,,,,81050,37.95462,-103.664,America/Denver,MST,-7,,,,,,,,,,,
Colorado ,CO,La Plata,,,,,,,,,0,0,,,,,,,,,,,,,,
Colorado ,CO,La Salle,,,,,,,,80645,40.32819,-104.666,America/Denver,MST,-7,,,,,,,,,,,
Colorado ,CO,La Veta,,,,,,,,81055,37.51167,-105.058,America/Denver,MST,-7,,,,,,,,,,,
Colorado ,CO,La Veta Pass,,,,,,,,,37.51167,-105.058,America/Denver,MST,-7,,,,,,,,,,,
Colorado ,CO,Lafayette,,,,,,,,80026,40.02633,-105.105,America/Denver,MST,-7,,,,,,,,,,,
Colorado ,CO,Laird,,,,,,,,,40.08249,-102.104,America/Denver,MST,-7,,,,,,,,,,,
Colorado ,CO,Lake City,,,,,,,,81235,38.02626,-107.277,America/Denver,MST,-7,,,,,,,,,,,
Colorado ,CO,Lake George,,,,,,,,80827,38.98006,-105.514,America/Denver,MST,-7,,,,,,,,,,,
Colorado ,CO,Lakeside,,,,,,,,,39.77721,-105.056,America/Denver,MST,-7,,,,,,,,,,,
Colorado ,CO,Lakewood,,,,,,,,,39.74477,-105.116,America/Denver,MST,-7,,,,,,,,,,,
Colorado ,CO,Lamar,,,,,,,,81052,38.08723,-102.621,America/Denver,MST,-7,,,,,,,,,,,
Colorado ,CO,Laporte,,,,,,,,80535,40.63847,-105.144,America/Denver,MST,-7,,,,,,,,,,,
Colorado ,CO,Larkspur,,,,,,,,80118,39.21335,-104.95,America/Denver,MST,-7,,,,,,,,,,,
Colorado ,CO,Las Animas,,,,,,,,81054,37.92303,-103.088,America/Denver,MST,-7,,,,,,,,,,,
Colorado ,CO,Last Chance,,,,,,,,,0,0,,,,,,,,,,,,,,
Colorado ,CO,Lawson,,,,,,,,,39.6894,-105.671,America/Denver,MST,-7,,,,,,,,,,,
Colorado ,CO,Lay,,,,,,,,,40.52664,-107.882,America/Denver,MST,-7,,,,,,,,,,,
Colorado ,CO,Lazear,,,,,,,,81420,38.78175,-107.781,America/Denver,MST,-7,,,,,,,,,,,
Colorado ,CO,Leader,,,,,,,,,0,0,,,,,,,,,,,,,,
Colorado ,CO,Leadville,,,,,,,,80461,39.21753,-106.358,America/Denver,MST,-7,,,,,,,,,,,
Colorado ,CO,Lebanon,,,,,,,,,37.45722,-108.591,America/Denver,MST,-7,,,,,,,,,,,
Colorado ,CO,Lewis,,,,,,,,81327,37.49971,-108.669,America/Denver,MST,-7,,,,,,,,,,,
Colorado ,CO,Leyden,,,,,,,,,39.71873,-105.236,America/Denver,MST,-7,,,,,,,,,,,
Colorado ,CO,Limon,,,,,,,,80828###80826,39.04144,-103.605,America/Denver,MST,-7,,,,,,,,,,,
Colorado ,CO,Lindon,,,,,,,,80740,39.79089,-103.414,America/Denver,MST,-7,,,,,,,,,,,
Colorado ,CO,Littleton,,,,,,,,80122###80127###80128###80120###80129###80130###80165###80162###80160###80163###80125###80123###80166###80126###80121###80124###80161,39.59794,-105.01,America/Denver,MST,-7,,,,,,,,,,,
Colorado ,CO,Livermore,,,,,,,,80536,40.78637,-105.257,America/Denver,MST,-7,,,,,,,,,,,
Colorado ,CO,Lochbuie,,,,,,,,,40.01157,-104.726,America/Denver,MST,-7,,,,,,,,,,,
Colorado ,CO,Log Lane Village,,,,,,,,80705,40.27065,-103.834,America/Denver,MST,-7,,,,,,,,,,,
Colorado ,CO,Logan Corners,,,,,,,,,0,0,,,,,,,,,,,,,,
Colorado ,CO,Loma,,,,,,,,81524,39.25643,-108.784,America/Denver,MST,-7,,,,,,,,,,,
Colorado ,CO,Lone Star,,,,,,,,,0,0,,,,,,,,,,,,,,
Colorado ,CO,Lone Tree,,,,,,,,,39.55171,-104.886,America/Denver,MST,-7,,,,,,,,,,,
Colorado ,CO,Lonetree,,,,,,,,,37.16806,-107.173,America/Denver,MST,-7,,,,,,,,,,,
Colorado ,CO,Longmont,,,,,,,,80502###80503###80504###80501,40.16484,-105.103,America/Denver,MST,-7,,,,,,,,,,,
Colorado ,CO,Long'S Peak,,,,,,,,,0,0,,,,,,,,,,,,,,
Colorado ,CO,Louisville,,,,,,,,80027,39.95095,-105.159,America/Denver,MST,-7,,,,,,,,,,,
Colorado ,CO,Louviers,,,,,,,,80131,39.47777,-105.007,America/Denver,MST,-7,,,,,,,,,,,
Colorado ,CO,Loveland,,,,,,,,80539###80538###80537,40.36447,-105.18,America/Denver,MST,-7,,,,,,,,,,,
Colorado ,CO,Loveland Heights,,,,,,,,,40.38971,-105.464,America/Denver,MST,-7,,,,,,,,,,,
Colorado ,CO,Loveland Pass,,,,,,,,,40.36447,-105.18,America/Denver,MST,-7,,,,,,,,,,,
Colorado ,CO,Lower Latham Reservoir,,,,,,,,,0,0,,,,,,,,,,,,,,
Colorado ,CO,Loyd,,,,,,,,,0,0,,,,,,,,,,,,,,
Colorado ,CO,Lucerne,,,,,,,,80646,40.48243,-104.705,America/Denver,MST,-7,,,,,,,,,,,
Colorado ,CO,Lyons,,,,,,,,80540,40.18979,-105.355,America/Denver,MST,-7,,,,,,,,,,,
Colorado ,CO,Mack,,,,,,,,81525,39.24638,-108.934,America/Denver,MST,-7,,,,,,,,,,,
Colorado ,CO,Maher,,,,,,,,,38.64499,-107.585,America/Denver,MST,-7,,,,,,,,,,,
Colorado ,CO,Manassa,,,,,,,,81141,37.17546,-105.928,America/Denver,MST,-7,,,,,,,,,,,
Colorado ,CO,Mancos,,,,,,,,81328,37.345,-108.289,America/Denver,MST,-7,,,,,,,,,,,
Colorado ,CO,Manila Village,,,,,,,,,0,0,,,,,,,,,,,,,,
Colorado ,CO,Manitou Springs,,,,,,,,80829,38.85337,-104.927,America/Denver,MST,-7,,,,,,,,,,,
Colorado ,CO,Manzanola,,,,,,,,81058,38.08279,-103.885,America/Denver,MST,-7,,,,,,,,,,,
Colorado ,CO,Marble,,,,,,,,,39.07221,-107.189,America/Denver,MST,-7,,,,,,,,,,,
Colorado ,CO,Marks Butte,,,,,,,,,40.30035,-105.104,America/Denver,MST,-7,,,,,,,,,,,
Colorado ,CO,Marshall,,,,,,,,,40.03919,-105.372,America/Denver,MST,-7,,,,,,,,,,,
Colorado ,CO,Marvel,,,,,,,,81329,37.09261,-108.125,America/Denver,MST,-7,,,,,,,,,,,
Colorado ,CO,Masonville,,,,,,,,80541,40.52928,-105.372,America/Denver,MST,-7,,,,,,,,,,,
Colorado ,CO,Massadona,,,,,,,,,40.25275,-108.64,America/Denver,MST,-7,,,,,,,,,,,
Colorado ,CO,Masters,,,,,,,,,0,0,,,,,,,,,,,,,,
Colorado ,CO,Matheson,,,,,,,,80830,39.11438,-103.9,America/Denver,MST,-7,,,,,,,,,,,
Colorado ,CO,Maybell,,,,,,,,81640,40.67376,-108.37,America/Denver,MST,-7,,,,,,,,,,,
Colorado ,CO,Mayday,,,,,,,,,40.23332,-104.999,America/Denver,MST,-7,,,,,,,,,,,
Colorado ,CO,Maysville,,,,,,,,,38.53861,-106.19,America/Denver,MST,-7,,,,,,,,,,,
Colorado ,CO,Mc Coy,,,,,,,,80463,39.9161,-106.726,America/Denver,MST,-7,,,,,,,,,,,
Colorado ,CO,Mcclave,,,,,,,,,38.13751,-102.85,America/Denver,MST,-7,,,,,,,,,,,
Colorado ,CO,Mead,,,,,,,,80542,40.23332,-104.999,America/Denver,MST,-7,,,,,,,,,,,
Colorado ,CO,Meeker,,,,,,,,81641,39.96786,-108.044,America/Denver,MST,-7,,,,,,,,,,,
Colorado ,CO,Meeker Park,,,,,,,,,40.23387,-105.531,America/Denver,MST,-7,,,,,,,,,,,
Colorado ,CO,Meridith,,,,,,,,,39.31647,-106.656,America/Denver,MST,-7,,,,,,,,,,,
Colorado ,CO,Merino,,,,,,,,80741,40.48248,-103.351,America/Denver,MST,-7,,,,,,,,,,,
Colorado ,CO,Mesa,,,,,,,,81643,39.14932,-108.17,America/Denver,MST,-7,,,,,,,,,,,
Colorado ,CO,Mesa Verde Natl Park,,,,,,,,,0,0,,,,,,,,,,,,,,
Colorado ,CO,Mesita,,,,,,,,,0,0,,,,,,,,,,,,,,
Colorado ,CO,Messex,,,,,,,,,40.42943,-103.437,America/Denver,MST,-7,,,,,,,,,,,
Colorado ,CO,Midway,,,,,,,,,38.44162,-104.622,America/Denver,MST,-7,,,,,,,,,,,
Colorado ,CO,Milliken,,,,,,,,80543,40.38738,-104.841,America/Denver,MST,-7,,,,,,,,,,,
Colorado ,CO,Milner,,,,,,,,,0,0,,,,,,,,,,,,,,
Colorado ,CO,Milton Reservoir,,,,,,,,,0,0,,,,,,,,,,,,,,
Colorado ,CO,Minturn,,,,,,,,81645,39.58046,-106.418,America/Denver,MST,-7,,,,,,,,,,,
Colorado ,CO,Mishowaka,,,,,,,,,0,0,,,,,,,,,,,,,,
Colorado ,CO,Model,,,,,,,,81059,37.5192,-104.223,America/Denver,MST,-7,,,,,,,,,,,
Colorado ,CO,Moffat,,,,,,,,81143,38.06528,-105.818,America/Denver,MST,-7,,,,,,,,,,,
Colorado ,CO,Molina,,,,,,,,81646,39.18915,-108.06,America/Denver,MST,-7,,,,,,,,,,,
Colorado ,CO,Monte Vista,,,,,,,,81144,37.57917,-106.148,America/Denver,MST,-7,,,,,,,,,,,
Colorado ,CO,Montezuma,,,,,,,,,39.5811,-105.867,America/Denver,MST,-7,,,,,,,,,,,
Colorado ,CO,Montrose,,,,,,,,81403###81402###81401,38.48415,-107.771,America/Denver,MST,-7,,,,,,,,,,,
Colorado ,CO,Monument,,,,,,,,80132,39.08639,-104.808,America/Denver,MST,-7,,,,,,,,,,,
Colorado ,CO,Morrison,,,,,,,,80465,39.61029,-105.202,America/Denver,MST,-7,,,,,,,,,,,
Colorado ,CO,Mosca,,,,,,,,81146,37.63103,-105.773,America/Denver,MST,-7,,,,,,,,,,,
Colorado ,CO,Mount Crested Butt,,,,,,,,,38.90862,-106.969,America/Denver,MST,-7,,,,,,,,,,,
Colorado ,CO,Mountain View,,,,,,,,,39.77443,-105.056,America/Denver,MST,-7,,,,,,,,,,,
Colorado ,CO,Mt Audubon,,,,,,,,,0,0,,,,,,,,,,,,,,
Colorado ,CO,Mt Elbert,,,,,,,,,39.20897,-104.505,America/Denver,MST,-7,,,,,,,,,,,
Colorado ,CO,Mt Evans,,,,,,,,,40.37637,-104.692,America/Denver,MST,-7,,,,,,,,,,,
Colorado ,CO,Mt Massive,,,,,,,,,38.99387,-105.508,,,,,,,,,,,,,,
Colorado ,CO,Mt Zirkel,,,,,,,,,0,0,,,,,,,,,,,,,,
Colorado ,CO,Nathrop,,,,,,,,81236,38.7479,-106.251,America/Denver,MST,-7,,,,,,,,,,,
Colorado ,CO,Natural Fort Rest,,,,,,,,,0,0,,,,,,,,,,,,,,
Colorado ,CO,Naturita,,,,,,,,81422,38.21832,-108.569,America/Denver,MST,-7,,,,,,,,,,,
Colorado ,CO,Nederland,,,,,,,,80466,39.96138,-105.511,America/Denver,MST,-7,,,,,,,,,,,
Colorado ,CO,Neegronda Reservoir,,,,,,,,,0,0,,,,,,,,,,,,,,
Colorado ,CO,Neenoshe Reservoir,,,,,,,,,0,0,,,,,,,,,,,,,,
Colorado ,CO,New Castle,,,,,,,,81647,39.59743,-107.566,America/Denver,MST,-7,,,,,,,,,,,
Colorado ,CO,New Raymer,,,,,,,,80742,40.73627,-103.879,America/Denver,MST,-7,,,,,,,,,,,
Colorado ,CO,New Windsor Reservoir,,,,,,,,,40.48466,-104.901,America/Denver,MST,-7,,,,,,,,,,,
Colorado ,CO,Niwot,,,,,,,,80544,40.10387,-105.171,America/Denver,MST,-7,,,,,,,,,,,
Colorado ,CO,North Aurora,,,,,,,,,39.73925,-104.863,America/Denver,MST,-7,,,,,,,,,,,
Colorado ,CO,North Pass,,,,,,,,,0,0,,,,,,,,,,,,,,
Colorado ,CO,North Sterling Reservoir,,,,,,,,,40.71508,-103.211,America/Denver,MST,-7,,,,,,,,,,,
Colorado ,CO,Northeast Jefferson,,,,,,,,,39.27593,-105.687,America/Denver,MST,-7,,,,,,,,,,,
Colorado ,CO,Northglenn,,,,,,,,,39.88554,-104.987,America/Denver,MST,-7,,,,,,,,,,,
Colorado ,CO,Norwood,,,,,,,,81423,38.0289,-108.316,America/Denver,MST,-7,,,,,,,,,,,
Colorado ,CO,Nucla,,,,,,,,81424,38.31069,-108.577,America/Denver,MST,-7,,,,,,,,,,,
Colorado ,CO,Nunn,,,,,,,,80648,40.70359,-104.781,America/Denver,MST,-7,,,,,,,,,,,
Colorado ,CO,Oak Creek,,,,,,,,80467,40.32327,-106.944,America/Denver,MST,-7,,,,,,,,,,,
Colorado ,CO,Oea Building,,,,,,,,,0,0,,,,,,,,,,,,,,
Colorado ,CO,Ohio,,,,,,,,,0,0,,,,,,,,,,,,,,
Colorado ,CO,Olathe,,,,,,,,81425,38.60499,-107.982,America/Denver,MST,-7,,,,,,,,,,,
Colorado ,CO,Olney Springs,,,,,,,,81062,38.32772,-103.953,America/Denver,MST,-7,,,,,,,,,,,
Colorado ,CO,Olympus Hgt,,,,,,,,,40.46238,-105.382,America/Denver,MST,-7,,,,,,,,,,,
Colorado ,CO,Ophir,,,,,,,,81426,37.85694,-107.833,America/Denver,MST,-7,,,,,,,,,,,
Colorado ,CO,Orchard,,,,,,,,80649,40.33109,-104.118,America/Denver,MST,-7,,,,,,,,,,,
Colorado ,CO,Orchard City,,,,,,,,,38.80461,-107.966,America/Denver,MST,-7,,,,,,,,,,,
Colorado ,CO,Orchard Mesa,,,,,,,,,39.04304,-108.552,America/Denver,MST,-7,,,,,,,,,,,
Colorado ,CO,Ordway,,,,,,,,81063,38.31749,-103.78,America/Denver,MST,-7,,,,,,,,,,,
Colorado ,CO,Ortiz,,,,,,,,,37.00418,-106.044,America/Denver,MST,-7,,,,,,,,,,,
Colorado ,CO,Otis,,,,,,,,80743,40.16303,-103.043,America/Denver,MST,-7,,,,,,,,,,,
Colorado ,CO,Ouray,,,,,,,,81427,38.02277,-107.671,America/Denver,MST,-7,,,,,,,,,,,
Colorado ,CO,Ovid,,,,,,,,80744,40.87557,-102.358,America/Denver,MST,-7,,,,,,,,,,,
Colorado ,CO,Owl Canyon,,,,,,,,,0,0,,,,,,,,,,,,,,
Colorado ,CO,Oxford,,,,,,,,,37.16889,-107.714,America/Denver,MST,-7,,,,,,,,,,,
Colorado ,CO,Padroni,,,,,,,,80745,40.88416,-103.373,America/Denver,MST,-7,,,,,,,,,,,
Colorado ,CO,Pagosa Junction,,,,,,,,,37.03806,-107.199,America/Denver,MST,-7,,,,,,,,,,,
Colorado ,CO,Pagosa Springs,,,,,,,,81147###81157,37.20225,-107.126,America/Denver,MST,-7,,,,,,,,,,,
Colorado ,CO,Palisade,,,,,,,,81526,39.09537,-108.299,America/Denver,MST,-7,,,,,,,,,,,
Colorado ,CO,Palmer Lake,,,,,,,,80133,39.11214,-104.9,America/Denver,MST,-7,,,,,,,,,,,
Colorado ,CO,Paoli,,,,,,,,80746,40.61055,-102.472,America/Denver,MST,-7,,,,,,,,,,,
Colorado ,CO,Paonia,,,,,,,,81428,38.8772,-107.609,America/Denver,MST,-7,,,,,,,,,,,
Colorado ,CO,Parachute,,,,,,,,81635,39.45192,-108.053,America/Denver,MST,-7,,,,,,,,,,,
Colorado ,CO,Paradox,,,,,,,,81429,38.3711,-108.97,America/Denver,MST,-7,,,,,,,,,,,
Colorado ,CO,Parker,,,,,,,,80134###80138,39.48947,-104.845,America/Denver,MST,-7,,,,,,,,,,,
Colorado ,CO,Parlin,,,,,,,,81239,38.53708,-106.635,America/Denver,MST,-7,,,,,,,,,,,
Colorado ,CO,Parshall,,,,,,,,80468,39.95393,-106.093,America/Denver,MST,-7,,,,,,,,,,,
Colorado ,CO,Pawnee Buttes,,,,,,,,,38.8772,-107.609,America/Denver,MST,-7,,,,,,,,,,,
Colorado ,CO,Pawnee Pass,,,,,,,,,38.8772,-107.609,America/Denver,MST,-7,,,,,,,,,,,
Colorado ,CO,Peaceful Valley,,,,,,,,,40.13137,-105.498,America/Denver,MST,-7,,,,,,,,,,,
Colorado ,CO,Pearl,,,,,,,,,0,0,,,,,,,,,,,,,,
Colorado ,CO,Peckham,,,,,,,,,40.30387,-104.751,America/Denver,MST,-7,,,,,,,,,,,
Colorado ,CO,Peetz,,,,,,,,80747,40.96276,-103.112,America/Denver,MST,-7,,,,,,,,,,,
Colorado ,CO,Penrose,,,,,,,,81240,38.41413,-105.047,America/Denver,MST,-7,,,,,,,,,,,
Colorado ,CO,Perry Park,,,,,,,,,39.07185,-108.547,America/Denver,MST,-7,,,,,,,,,,,
Colorado ,CO,Peterson Afb,,,,,,,,,0,0,,,,,,,,,,,,,,
Colorado ,CO,Peyton,,,,,,,,80831,38.98421,-104.526,America/Denver,MST,-7,,,,,,,,,,,
Colorado ,CO,Phippsburg,,,,,,,,80469,40.19071,-106.974,America/Denver,MST,-7,,,,,,,,,,,
Colorado ,CO,Pierce,,,,,,,,80650,40.64655,-104.745,America/Denver,MST,-7,,,,,,,,,,,
Colorado ,CO,Pikes Peak,,,,,,,,,0,0,,,,,,,,,,,,,,
Colorado ,CO,Pine,,,,,,,,80470,39.3566,-105.314,America/Denver,MST,-7,,,,,,,,,,,
Colorado ,CO,Pinecliffe,,,,,,,,80471,39.93193,-105.428,America/Denver,MST,-7,,,,,,,,,,,
Colorado ,CO,Pingree Park,,,,,,,,,0,0,,,,,,,,,,,,,,
Colorado ,CO,Pinon,,,,,,,,,38.43333,-104.607,America/Denver,MST,-7,,,,,,,,,,,
Colorado ,CO,Pitkin,,,,,,,,81241,38.60916,-106.517,America/Denver,MST,-7,,,,,,,,,,,
Colorado ,CO,Placerville,,,,,,,,81430,38.05932,-107.99,America/Denver,MST,-7,,,,,,,,,,,
Colorado ,CO,Plateau City,,,,,,,,,39.2372,-107.982,America/Denver,MST,-7,,,,,,,,,,,
Colorado ,CO,Platner,,,,,,,,,40.15526,-103.067,America/Denver,MST,-7,,,,,,,,,,,
Colorado ,CO,Platoro,,,,,,,,,37.55344,-106.167,America/Denver,MST,-7,,,,,,,,,,,
Colorado ,CO,Platteville,,,,,,,,80651,40.21738,-104.712,America/Denver,MST,-7,,,,,,,,,,,
Colorado ,CO,Pleasant Valley,,,,,,,,,37.55156,-108.83,America/Denver,MST,-7,,,,,,,,,,,
Colorado ,CO,Pleasant View,,,,,,,,81331,37.55156,-108.83,America/Denver,MST,-7,,,,,,,,,,,
Colorado ,CO,Poncha Pass,,,,,,,,,0,0,,,,,,,,,,,,,,
Colorado ,CO,Poncha Springs,,,,,,,,81242,38.51278,-106.077,America/Denver,MST,-7,,,,,,,,,,,
Colorado ,CO,Ponderosa Park,,,,,,,,,39.40832,-104.651,America/Denver,MST,-7,,,,,,,,,,,
Colorado ,CO,Poudre Park,,,,,,,,,40.5946,-105.127,America/Denver,MST,-7,,,,,,,,,,,
Colorado ,CO,Powder Wash,,,,,,,,,40.9458,-108.311,America/Denver,MST,-7,,,,,,,,,,,
Colorado ,CO,Powderhorn,,,,,,,,81243,38.2706,-107.303,America/Denver,MST,-7,,,,,,,,,,,
Colorado ,CO,Prewitt Reservoir,,,,,,,,,0,0,,,,,,,,,,,,,,
Colorado ,CO,Pritchett,,,,,,,,81064,37.27226,-102.914,America/Denver,MST,-7,,,,,,,,,,,
Colorado ,CO,Proctor,,,,,,,,,40.80694,-102.952,America/Denver,MST,-7,,,,,,,,,,,
Colorado ,CO,Prospect Valley,,,,,,,,,38.42639,-105.237,America/Denver,MST,-7,,,,,,,,,,,
Colorado ,CO,Pueblo,,,,,,,,81002###81009###81001###81008###81007###81006###81004###81005###81003###81010###81012###81011,38.29323,-104.536,America/Denver,MST,-7,,,,,,,,,,,
Colorado ,CO,Pueblo Depot,,,,,,,,,38.29323,-104.536,America/Denver,MST,-7,,,,,,,,,,,
Colorado ,CO,Pueblo Reservoir,,,,,,,,,38.29323,-104.536,America/Denver,MST,-7,,,,,,,,,,,
Colorado ,CO,Pueblo West,,,,,,,,,38.35,-104.723,America/Denver,MST,-7,,,,,,,,,,,
Colorado ,CO,Punkin Center,,,,,,,,,37.86988,-106.047,America/Denver,MST,-7,,,,,,,,,,,
Colorado ,CO,Purcell,,,,,,,,,40.63831,-104.602,America/Denver,MST,-7,,,,,,,,,,,
Colorado ,CO,Queens Reservoir,,,,,,,,,40.75219,-73.9288,America/New_York,EST,-5,,,,,,,,,,,
Colorado ,CO,Rabbit Ears Pass,,,,,,,,,0,0,,,,,,,,,,,,,,
Colorado ,CO,Radium,,,,,,,,,39.95276,-106.559,America/Denver,MST,-7,,,,,,,,,,,
Colorado ,CO,Ragged Mtn,,,,,,,,,0,0,,,,,,,,,,,,,,
Colorado ,CO,Ramah,,,,,,,,80832,39.12166,-104.166,America/Denver,MST,-7,,,,,,,,,,,
Colorado ,CO,Rand,,,,,,,,80473,40.4667,-106.186,America/Denver,MST,-7,,,,,,,,,,,
Colorado ,CO,Rangely,,,,,,,,81648,39.93633,-108.651,America/Denver,MST,-7,,,,,,,,,,,
Colorado ,CO,Raymer,,,,,,,,,40.60804,-103.842,America/Denver,MST,-7,,,,,,,,,,,
Colorado ,CO,Raymond,,,,,,,,,40.15499,-105.464,America/Denver,MST,-7,,,,,,,,,,,
Colorado ,CO,Red Cliff,,,,,,,,81649,39.51221,-106.368,America/Denver,MST,-7,,,,,,,,,,,
Colorado ,CO,Red Feather Lakes,,,,,,,,80545,40.81168,-105.554,America/Denver,MST,-7,,,,,,,,,,,
Colorado ,CO,Red Hill Pass,,,,,,,,,0,0,,,,,,,,,,,,,,
Colorado ,CO,Red Mtn,,,,,,,,,38.99387,-105.508,,,,,,,,,,,,,,
Colorado ,CO,Red Rocks Park,,,,,,,,,0,0,,,,,,,,,,,,,,
Colorado ,CO,Red Wing,,,,,,,,,37.71209,-105.345,America/Denver,MST,-7,,,,,,,,,,,
Colorado ,CO,Redcliff,,,,,,,,,39.51221,-106.368,America/Denver,MST,-7,,,,,,,,,,,
Colorado ,CO,Redlands,,,,,,,,,39.0298,-108.434,America/Denver,MST,-7,,,,,,,,,,,
Colorado ,CO,Redmesa,,,,,,,,,37.09444,-108.17,America/Denver,MST,-7,,,,,,,,,,,
Colorado ,CO,Redstone,,,,,,,,,39.18082,-107.24,America/Denver,MST,-7,,,,,,,,,,,
Colorado ,CO,Redvale,,,,,,,,81431,38.19222,-108.416,America/Denver,MST,-7,,,,,,,,,,,
Colorado ,CO,Reiradon Hill,,,,,,,,,38.05223,-102.123,America/Denver,MST,-7,,,,,,,,,,,
Colorado ,CO,Rico,,,,,,,,81332,37.6905,-108.032,America/Denver,MST,-7,,,,,,,,,,,
Colorado ,CO,Ridgway,,,,,,,,81432,38.17746,-107.727,America/Denver,MST,-7,,,,,,,,,,,
Colorado ,CO,Rifle,,,,,,,,81650,39.58227,-107.795,America/Denver,MST,-7,,,,,,,,,,,
Colorado ,CO,Rio Blanco,,,,,,,,,39.75104,-108.114,America/Denver,MST,-7,,,,,,,,,,,
Colorado ,CO,Riverside,,,,,,,,,40.17554,-105.437,America/Denver,MST,-7,,,,,,,,,,,
Colorado ,CO,Riverside Reservoir,,,,,,,,,40.17554,-105.437,America/Denver,MST,-7,,,,,,,,,,,
Colorado ,CO,Rockport,,,,,,,,,0,0,,,,,,,,,,,,,,
Colorado ,CO,Rockwood,,,,,,,,,0,0,,,,,,,,,,,,,,
Colorado ,CO,Rocky Flats,,,,,,,,,37.6905,-108.032,America/Denver,MST,-7,,,,,,,,,,,
Colorado ,CO,Rocky Ford,,,,,,,,81067,37.99587,-103.708,America/Denver,MST,-7,,,,,,,,,,,
Colorado ,CO,Roggen,,,,,,,,80652,40.08778,-104.282,America/Denver,MST,-7,,,,,,,,,,,
Colorado ,CO,Rollins Pass,,,,,,,,,0,0,,,,,,,,,,,,,,
Colorado ,CO,Rollinsville,,,,,,,,80474,39.8838,-105.548,America/Denver,MST,-7,,,,,,,,,,,
Colorado ,CO,Romeo,,,,,,,,81148,37.1721,-105.986,America/Denver,MST,-7,,,,,,,,,,,
Colorado ,CO,Rosita,,,,,,,,,0,0,,,,,,,,,,,,,,
Colorado ,CO,Roxborough Park,,,,,,,,,0,0,,,,,,,,,,,,,,
Colorado ,CO,Royal Gorge,,,,,,,,,0,0,,,,,,,,,,,,,,
Colorado ,CO,Rush,,,,,,,,80833,38.81876,-104.118,America/Denver,MST,-7,,,,,,,,,,,
Colorado ,CO,Russell Gulch,,,,,,,,,39.7786,-105.537,America/Denver,MST,-7,,,,,,,,,,,
Colorado ,CO,Rustic,,,,,,,,,40.58026,-105.7,America/Denver,MST,-7,,,,,,,,,,,
Colorado ,CO,Rye,,,,,,,,81069,37.92362,-104.93,America/Denver,MST,-7,,,,,,,,,,,
Colorado ,CO,Saguache,,,,,,,,81149,38.18121,-106.352,America/Denver,MST,-7,,,,,,,,,,,
Colorado ,CO,Salida,,,,,,,,81201,38.62912,-106.121,America/Denver,MST,-7,,,,,,,,,,,
Colorado ,CO,San Acacio,,,,,,,,,37.2139,-105.564,America/Denver,MST,-7,,,,,,,,,,,
Colorado ,CO,San Isabel,,,,,,,,,37.98751,-105.054,America/Denver,MST,-7,,,,,,,,,,,
Colorado ,CO,San Luis,,,,,,,,81152,37.1066,-105.478,America/Denver,MST,-7,,,,,,,,,,,
Colorado ,CO,San Luis Lake,,,,,,,,,37.1066,-105.478,America/Denver,MST,-7,,,,,,,,,,,
Colorado ,CO,San Pablo,,,,,,,,,37.203,-105.419,America/Denver,MST,-7,,,,,,,,,,,
Colorado ,CO,Sanford,,,,,,,,81151,37.25522,-105.848,America/Denver,MST,-7,,,,,,,,,,,
Colorado ,CO,Santa Maria,,,,,,,,,0,0,,,,,,,,,,,,,,
Colorado ,CO,Sapinero,,,,,,,,,38.45944,-107.302,America/Denver,MST,-7,,,,,,,,,,,
Colorado ,CO,Sargents,,,,,,,,81248,38.4033,-106.416,America/Denver,MST,-7,,,,,,,,,,,
Colorado ,CO,Sawpit,,,,,,,,,37.99527,-108.002,America/Denver,MST,-7,,,,,,,,,,,
Colorado ,CO,Schriever Afb,,,,,,,,,0,0,,,,,,,,,,,,,,
Colorado ,CO,Security,,,,,,,,,38.75833,-104.743,America/Denver,MST,-7,,,,,,,,,,,
Colorado ,CO,Security-Widefield,,,,,,,,,38.74728,-104.714,America/Denver,MST,-7,,,,,,,,,,,
Colorado ,CO,Sedalia,,,,,,,,80135,39.31133,-105.068,America/Denver,MST,-7,,,,,,,,,,,
Colorado ,CO,Sedgwick,,,,,,,,80749,40.93638,-102.525,America/Denver,MST,-7,,,,,,,,,,,
Colorado ,CO,Seeley Lake,,,,,,,,,0,0,,,,,,,,,,,,,,
Colorado ,CO,Segundo,,,,,,,,,37.1253,-104.756,America/Denver,MST,-7,,,,,,,,,,,
Colorado ,CO,Seibert,,,,,,,,80834,39.32236,-102.881,America/Denver,MST,-7,,,,,,,,,,,
Colorado ,CO,Severance,,,,,,,,80546,40.52499,-104.851,America/Denver,MST,-7,,,,,,,,,,,
Colorado ,CO,Shaffers Crossing,,,,,,,,,0,0,,,,,,,,,,,,,,
Colorado ,CO,Shamballa,,,,,,,,,38.99387,-105.508,,,,,,,,,,,,,,
Colorado ,CO,Shamrock,,,,,,,,,0,0,,,,,,,,,,,,,,
Colorado ,CO,Shaw Hgts,,,,,,,,,39.38591,-103.48,America/Denver,MST,-7,,,,,,,,,,,
Colorado ,CO,Shawnee,,,,,,,,80475,39.4211,-105.554,America/Denver,MST,-7,,,,,,,,,,,
Colorado ,CO,Sheridan,,,,,,,,,39.64693,-105.025,America/Denver,MST,-7,,,,,,,,,,,
Colorado ,CO,Sheridan Lake,,,,,,,,81071,38.45918,-102.292,America/Denver,MST,-7,,,,,,,,,,,
Colorado ,CO,Sherrelwood,,,,,,,,,39.83776,-105.001,America/Denver,MST,-7,,,,,,,,,,,
Colorado ,CO,Shoshone,,,,,,,,,0,0,,,,,,,,,,,,,,
Colorado ,CO,Silt,,,,,,,,81652,39.50282,-107.666,America/Denver,MST,-7,,,,,,,,,,,
Colorado ,CO,Silver Cliff,,,,,,,,,38.13528,-105.446,America/Denver,MST,-7,,,,,,,,,,,
Colorado ,CO,Silver Heights,,,,,,,,,39.29381,-104.83,America/Denver,MST,-7,,,,,,,,,,,
Colorado ,CO,Silver Plume,,,,,,,,80476,39.69963,-105.751,America/Denver,MST,-7,,,,,,,,,,,
Colorado ,CO,Silverthorne,,,,,,,,80498###80497,39.67076,-106,America/Denver,MST,-7,,,,,,,,,,,
Colorado ,CO,Silverton,,,,,,,,81433,37.84839,-107.68,America/Denver,MST,-7,,,,,,,,,,,
Colorado ,CO,Simla,,,,,,,,80835,39.2087,-104.07,America/Denver,MST,-7,,,,,,,,,,,
Colorado ,CO,Singleton,,,,,,,,,39.45528,-105.57,America/Denver,MST,-7,,,,,,,,,,,
Colorado ,CO,Sixteen-Mile Corne,,,,,,,,,0,0,,,,,,,,,,,,,,
Colorado ,CO,Skyway,,,,,,,,,0,0,,,,,,,,,,,,,,
Colorado ,CO,Slater,,,,,,,,81653,40.9979,-107.339,America/Denver,MST,-7,,,,,,,,,,,
Colorado ,CO,Slick Rock,,,,,,,,,38.04277,-108.889,America/Denver,MST,-7,,,,,,,,,,,
Colorado ,CO,Smoky Hill,,,,,,,,,38.05223,-102.123,America/Denver,MST,-7,,,,,,,,,,,
Colorado ,CO,Snowmass,,,,,,,,81654,39.33165,-106.986,America/Denver,MST,-7,,,,,,,,,,,
Colorado ,CO,Snowmass Village,,,,,,,,81615,39.21304,-106.938,America/Denver,MST,-7,,,,,,,,,,,
Colorado ,CO,Snyder,,,,,,,,80750,40.41519,-103.611,America/Denver,MST,-7,,,,,,,,,,,
Colorado ,CO,Somerset,,,,,,,,81434,38.98841,-107.231,America/Denver,MST,-7,,,,,,,,,,,
Colorado ,CO,South Aurora,,,,,,,,,39.73925,-104.863,America/Denver,MST,-7,,,,,,,,,,,
Colorado ,CO,South Fork,,,,,,,,81154,37.63831,-106.598,America/Denver,MST,-7,,,,,,,,,,,
Colorado ,CO,South Jefferson,,,,,,,,,39.27593,-105.687,America/Denver,MST,-7,,,,,,,,,,,
Colorado ,CO,South Platte,,,,,,,,,39.40749,-105.171,America/Denver,MST,-7,,,,,,,,,,,
Colorado ,CO,Southeastern El Paso,,,,,,,,,0,0,,,,,,,,,,,,,,
Colorado ,CO,Southglenn,,,,,,,,,39.58721,-104.953,America/Denver,MST,-7,,,,,,,,,,,
Colorado ,CO,Southwest Arapahoe,,,,,,,,,38.85001,-102.182,America/Denver,MST,-7,,,,,,,,,,,
Colorado ,CO,Southwood,,,,,,,,,0,0,,,,,,,,,,,,,,
Colorado ,CO,Spanish Peaks,,,,,,,,,0,0,,,,,,,,,,,,,,
Colorado ,CO,Sparks,,,,,,,,,41.37925,-108.978,America/Denver,MST,-7,,,,,,,,,,,
Colorado ,CO,Spicer,,,,,,,,,0,0,,,,,,,,,,,,,,
Colorado ,CO,Springfield,,,,,,,,81073,37.37152,-102.677,America/Denver,MST,-7,,,,,,,,,,,
Colorado ,CO,Sprucewood,,,,,,,,,38.99387,-105.508,,,,,,,,,,,,,,
Colorado ,CO,St Elmo,,,,,,,,,38.70472,-106.348,America/Denver,MST,-7,,,,,,,,,,,
Colorado ,CO,St Marys Glacier,,,,,,,,,0,0,,,,,,,,,,,,,,
Colorado ,CO,St Petersburg,,,,,,,,,0,0,,,,,,,,,,,,,,
Colorado ,CO,St. Charles Mesa,,,,,,,,,39.14932,-108.17,America/Denver,MST,-7,,,,,,,,,,,
Colorado ,CO,State Bridge,,,,,,,,,0,0,,,,,,,,,,,,,,
Colorado ,CO,Steamboat Springs,,,,,,,,80487###80488###80477,40.48639,-106.829,America/Denver,MST,-7,,,,,,,,,,,
Colorado ,CO,Sterling,,,,,,,,80751,40.71508,-103.211,America/Denver,MST,-7,,,,,,,,,,,
Colorado ,CO,Stonegate,,,,,,,,,38.99387,-105.508,,,,,,,,,,,,,,
Colorado ,CO,Stoneham,,,,,,,,80754,40.60554,-103.667,America/Denver,MST,-7,,,,,,,,,,,
Colorado ,CO,Stoner,,,,,,,,,37.58944,-108.32,America/Denver,MST,-7,,,,,,,,,,,
Colorado ,CO,Stonewall,,,,,,,,,37.15224,-105.017,America/Denver,MST,-7,,,,,,,,,,,
Colorado ,CO,Stonington,,,,,,,,,37.29363,-102.187,America/Denver,MST,-7,,,,,,,,,,,
Colorado ,CO,Strasburg,,,,,,,,80136,39.86555,-104.292,America/Denver,MST,-7,,,,,,,,,,,
Colorado ,CO,Stratmoor,,,,,,,,,38.77388,-104.78,America/Denver,MST,-7,,,,,,,,,,,
Colorado ,CO,Stratton,,,,,,,,80836,39.30491,-102.673,America/Denver,MST,-7,,,,,,,,,,,
Colorado ,CO,Sugar City,,,,,,,,81076,38.31537,-103.6,America/Denver,MST,-7,,,,,,,,,,,
Colorado ,CO,Sunbeam,,,,,,,,,40.5508,-108.196,America/Denver,MST,-7,,,,,,,,,,,
Colorado ,CO,Superior,,,,,,,,,39.95276,-105.169,America/Denver,MST,-7,,,,,,,,,,,
Colorado ,CO,Surrey Ridge,,,,,,,,,0,0,,,,,,,,,,,,,,
Colorado ,CO,Sweetwater,,,,,,,,,0,0,,,,,,,,,,,,,,
Colorado ,CO,Sweetwater Reservoir,,,,,,,,,0,0,,,,,,,,,,,,,,
Colorado ,CO,Swink,,,,,,,,81077,38.01445,-103.628,America/Denver,MST,-7,,,,,,,,,,,
Colorado ,CO,Swissvale,,,,,,,,,38.48278,-105.898,America/Denver,MST,-7,,,,,,,,,,,
Colorado ,CO,Tabernash,,,,,,,,80478,39.97974,-105.861,America/Denver,MST,-7,,,,,,,,,,,
Colorado ,CO,Tacoma,,,,,,,,,37.52361,-107.782,America/Denver,MST,-7,,,,,,,,,,,
Colorado ,CO,Tarryall,,,,,,,,,39.12194,-105.476,America/Denver,MST,-7,,,,,,,,,,,
Colorado ,CO,Tarryall Reservoir,,,,,,,,,39.12194,-105.476,America/Denver,MST,-7,,,,,,,,,,,
Colorado ,CO,Teds Place,,,,,,,,,0,0,,,,,,,,,,,,,,
Colorado ,CO,Telluride,,,,,,,,81435,37.93749,-107.812,America/Denver,MST,-7,,,,,,,,,,,
Colorado ,CO,Tennessee Pass,,,,,,,,,0,0,,,,,,,,,,,,,,
Colorado ,CO,Texas Creek,,,,,,,,,38.41305,-105.581,America/Denver,MST,-7,,,,,,,,,,,
Colorado ,CO,Thatcher,,,,,,,,,37.54585,-104.109,America/Denver,MST,-7,,,,,,,,,,,
Colorado ,CO,The Pinery,,,,,,,,,39.45527,-104.734,America/Denver,MST,-7,,,,,,,,,,,
Colorado ,CO,Thornton,,,,,,,,,39.86804,-104.972,America/Denver,MST,-7,,,,,,,,,,,
Colorado ,CO,Thurman,,,,,,,,,0,0,,,,,,,,,,,,,,
Colorado ,CO,Tiffany,,,,,,,,,37.03278,-107.538,America/Denver,MST,-7,,,,,,,,,,,
Colorado ,CO,Timnath,,,,,,,,80547,40.52915,-104.985,America/Denver,MST,-7,,,,,,,,,,,
Colorado ,CO,Timpas,,,,,,,,,37.94023,-103.506,America/Denver,MST,-7,,,,,,,,,,,
Colorado ,CO,Tincup,,,,,,,,,38.75444,-106.478,America/Denver,MST,-7,,,,,,,,,,,
Colorado ,CO,Tiny Town,,,,,,,,,0,0,,,,,,,,,,,,,,
Colorado ,CO,Tolland,,,,,,,,,39.90499,-105.589,America/Denver,MST,-7,,,,,,,,,,,
Colorado ,CO,Toponas,,,,,,,,80479,40.06761,-106.852,America/Denver,MST,-7,,,,,,,,,,,
Colorado ,CO,Tow Creek,,,,,,,,,0,0,,,,,,,,,,,,,,
Colorado ,CO,Towaoc,,,,,,,,81334,37.212,-108.726,America/Denver,MST,-7,,,,,,,,,,,
Colorado ,CO,Towner,,,,,,,,,38.47085,-102.08,America/Denver,MST,-7,,,,,,,,,,,
Colorado ,CO,Trail Ridge,,,,,,,,,0,0,,,,,,,,,,,,,,
Colorado ,CO,Trimble,,,,,,,,,37.39028,-107.846,America/Denver,MST,-7,,,,,,,,,,,
Colorado ,CO,Trinchera,,,,,,,,81081,37.04224,-104.047,America/Denver,MST,-7,,,,,,,,,,,
Colorado ,CO,Trinidad,,,,,,,,81082,37.26906,-104.504,America/Denver,MST,-7,,,,,,,,,,,
Colorado ,CO,Trout Lake,,,,,,,,,0,0,,,,,,,,,,,,,,
Colorado ,CO,Truckton,,,,,,,,,38.99387,-105.508,,,,,,,,,,,,,,
Colorado ,CO,Turquoise Lake,,,,,,,,,0,0,,,,,,,,,,,,,,
Colorado ,CO,Twelve-Mile Corner,,,,,,,,,0,0,,,,,,,,,,,,,,
Colorado ,CO,Twin Buttes,,,,,,,,,0,0,,,,,,,,,,,,,,
Colorado ,CO,Twin Lakes,,,,,,,,81251,39.08277,-106.382,America/Denver,MST,-7,,,,,,,,,,,
Colorado ,CO,Two Buttes,,,,,,,,81084,37.52143,-102.433,America/Denver,MST,-7,,,,,,,,,,,
Colorado ,CO,Tyrone,,,,,,,,,37.45418,-104.208,America/Denver,MST,-7,,,,,,,,,,,
Colorado ,CO,Union,,,,,,,,,40.37665,-103.501,America/Denver,MST,-7,,,,,,,,,,,
Colorado ,CO,Uravan,,,,,,,,,38.36832,-108.736,America/Denver,MST,-7,,,,,,,,,,,
Colorado ,CO,Vail,,,,,,,,81658###81657,39.676,-106.308,America/Denver,MST,-7,,,,,,,,,,,
Colorado ,CO,Vail Pass,,,,,,,,,39.676,-106.308,America/Denver,MST,-7,,,,,,,,,,,
Colorado ,CO,Vallecito,,,,,,,,,37.37528,-107.584,America/Denver,MST,-7,,,,,,,,,,,
Colorado ,CO,Vancorum,,,,,,,,,38.23166,-108.596,America/Denver,MST,-7,,,,,,,,,,,
Colorado ,CO,Vernon,,,,,,,,80755,39.94638,-102.315,America/Denver,MST,-7,,,,,,,,,,,
Colorado ,CO,Victor,,,,,,,,80860,38.70999,-105.14,America/Denver,MST,-7,,,,,,,,,,,
Colorado ,CO,Vilas,,,,,,,,81087,37.37363,-102.446,America/Denver,MST,-7,,,,,,,,,,,
Colorado ,CO,Villa Grove,,,,,,,,81155,38.30602,-106.047,America/Denver,MST,-7,,,,,,,,,,,
Colorado ,CO,Virginia Dale,,,,,,,,,40.95471,-105.349,America/Denver,MST,-7,,,,,,,,,,,
Colorado ,CO,Vona,,,,,,,,80861,39.31115,-102.742,America/Denver,MST,-7,,,,,,,,,,,
Colorado ,CO,Wages,,,,,,,,,38.99387,-105.508,,,,,,,,,,,,,,
Colorado ,CO,Wagon Wheel Gap,,,,,,,,,39.68477,-102.99,America/Denver,MST,-7,,,,,,,,,,,
Colorado ,CO,Wah Keeney Park,,,,,,,,,39.66027,-105.341,America/Denver,MST,-7,,,,,,,,,,,
Colorado ,CO,Walden,,,,,,,,80480,40.67883,-106.249,America/Denver,MST,-7,,,,,,,,,,,
Colorado ,CO,Walsenburg,,,,,,,,81089,37.64647,-104.78,America/Denver,MST,-7,,,,,,,,,,,
Colorado ,CO,Walsh,,,,,,,,81090,37.36804,-102.265,America/Denver,MST,-7,,,,,,,,,,,
Colorado ,CO,Ward,,,,,,,,80481,40.07221,-105.508,America/Denver,MST,-7,,,,,,,,,,,
Colorado ,CO,Watkins,,,,,,,,80137,39.79678,-104.63,America/Denver,MST,-7,,,,,,,,,,,
Colorado ,CO,Wattenburg,,,,,,,,,40.02776,-104.837,America/Denver,MST,-7,,,,,,,,,,,
Colorado ,CO,Wauneta,,,,,,,,,0,0,,,,,,,,,,,,,,
Colorado ,CO,Waunita Hot Spgs,,,,,,,,,0,0,,,,,,,,,,,,,,
Colorado ,CO,Welby,,,,,,,,,39.83665,-104.959,America/Denver,MST,-7,,,,,,,,,,,
Colorado ,CO,Weldona,,,,,,,,80653,40.38222,-103.974,America/Denver,MST,-7,,,,,,,,,,,
Colorado ,CO,Wellington,,,,,,,,80549,40.79546,-105.086,America/Denver,MST,-7,,,,,,,,,,,
Colorado ,CO,Wellington Lake,,,,,,,,,40.79546,-105.086,America/Denver,MST,-7,,,,,,,,,,,
Colorado ,CO,Welty,,,,,,,,,40.32776,-105.018,America/Denver,MST,-7,,,,,,,,,,,
Colorado ,CO,West Adams,,,,,,,,,0,0,,,,,,,,,,,,,,
Colorado ,CO,Westcliffe,,,,,,,,81252,38.09517,-105.422,America/Denver,MST,-7,,,,,,,,,,,
Colorado ,CO,Westcreek,,,,,,,,,0,0,,,,,,,,,,,,,,
Colorado ,CO,Western Hills,,,,,,,,,39.83221,-104.997,America/Denver,MST,-7,,,,,,,,,,,
Colorado ,CO,Westminster,,,,,,,,80036###80030###80035###80031,39.83082,-105.037,America/Denver,MST,-7,,,,,,,,,,,
Colorado ,CO,Westminster East,,,,,,,,,39.83082,-105.037,America/Denver,MST,-7,,,,,,,,,,,
Colorado ,CO,Weston,,,,,,,,81091,37.19005,-104.795,America/Denver,MST,-7,,,,,,,,,,,
Colorado ,CO,Westplains,,,,,,,,,0,0,,,,,,,,,,,,,,
Colorado ,CO,Wetmore,,,,,,,,81253,38.12166,-105.148,America/Denver,MST,-7,,,,,,,,,,,
Colorado ,CO,Wheat Ridge,,,,,,,,80033###80034,39.77699,-105.108,America/Denver,MST,-7,,,,,,,,,,,
Colorado ,CO,White Pine,,,,,,,,,39.3566,-105.314,America/Denver,MST,-7,,,,,,,,,,,
Colorado ,CO,White Ranch Open S,,,,,,,,,0,0,,,,,,,,,,,,,,
Colorado ,CO,Whitewater,,,,,,,,81527,38.81457,-108.605,America/Denver,MST,-7,,,,,,,,,,,
Colorado ,CO,Wiggins,,,,,,,,80654,40.15984,-104.047,America/Denver,MST,-7,,,,,,,,,,,
Colorado ,CO,Wild Horse,,,,,,,,80862,38.80411,-103.08,America/Denver,MST,-7,,,,,,,,,,,
Colorado ,CO,Wild Horse Point,,,,,,,,,38.80411,-103.08,America/Denver,MST,-7,,,,,,,,,,,
Colorado ,CO,Wiley,,,,,,,,81092,38.1899,-102.705,America/Denver,MST,-7,,,,,,,,,,,
Colorado ,CO,Wilkerson Pass,,,,,,,,,38.99387,-105.508,,,,,,,,,,,,,,
Colorado ,CO,Willard,,,,,,,,,40.55443,-103.486,America/Denver,MST,-7,,,,,,,,,,,
Colorado ,CO,Williams Fork Reservoir,,,,,,,,,0,0,,,,,,,,,,,,,,
Colorado ,CO,Windsor,,,,,,,,80551###80550,40.48466,-104.901,America/Denver,MST,-7,,,,,,,,,,,
Colorado ,CO,Winter Park,,,,,,,,80482,39.89165,-105.763,America/Denver,MST,-7,,,,,,,,,,,
Colorado ,CO,Wolcott,,,,,,,,81655,39.78117,-106.46,America/Denver,MST,-7,,,,,,,,,,,
Colorado ,CO,Wolf Creek Pass,,,,,,,,,0,0,,,,,,,,,,,,,,
Colorado ,CO,Woodland Park,,,,,,,,80866###80863,39.02,-105.114,America/Denver,MST,-7,,,,,,,,,,,
Colorado ,CO,Woodlin School,,,,,,,,,0,0,,,,,,,,,,,,,,
Colorado ,CO,Woodmoor,,,,,,,,,39.10138,-104.847,America/Denver,MST,-7,,,,,,,,,,,
Colorado ,CO,Woodrow,,,,,,,,80757,39.80499,-103.575,America/Denver,MST,-7,,,,,,,,,,,
Colorado ,CO,Woody Creek,,,,,,,,81656,39.28312,-106.899,America/Denver,MST,-7,,,,,,,,,,,
Colorado ,CO,Wray,,,,,,,,80758,40.06853,-102.393,America/Denver,MST,-7,,,,,,,,,,,
Colorado ,CO,Yampa,,,,,,,,80483,40.13045,-106.912,America/Denver,MST,-7,,,,,,,,,,,
Colorado ,CO,Yellow Jacket,,,,,,,,81335,37.50811,-108.744,America/Denver,MST,-7,,,,,,,,,,,
Colorado ,CO,Yoder,,,,,,,,80864,38.73894,-104.193,America/Denver,MST,-7,,,,,,,,,,,
Colorado ,CO,Yuma,,,,,,,,80759,40.06182,-102.619,America/Denver,MST,-7,,,,,,,,,,,
