Iowa,IA,Abingdon,,,,,,,,,0,0,,,,,,,,,,,,,,
Iowa,IA,Ackley,,,,,,,,50601,42.55553,-93.053,America/Chicago,CST,-6,,,,,,,,,,,
Iowa,IA,Ackworth,,,,,,,,50001,41.36694,-93.4727,America/Chicago,CST,-6,,,,,,,,,,,
Iowa,IA,Adair,,,,,,,,50002,41.43911,-94.6338,America/Chicago,CST,-6,,,,,,,,,,,
Iowa,IA,Adel,,,,,,,,50003,41.61759,-94.0345,America/Chicago,CST,-6,,,,,,,,,,,
Iowa,IA,Afton,,,,,,,,50830,41.03359,-94.1971,America/Chicago,CST,-6,,,,,,,,,,,
Iowa,IA,Agency,,,,,,,,52530,40.99279,-92.3066,America/Chicago,CST,-6,,,,,,,,,,,
Iowa,IA,Ainsworth,,,,,,,,52201,41.35111,-91.5812,America/Chicago,CST,-6,,,,,,,,,,,
Iowa,IA,Akron,,,,,,,,51001,42.82248,-96.463,America/Chicago,CST,-6,,,,,,,,,,,
Iowa,IA,Albany,,,,,,,,,42.14393,-92.9619,America/Chicago,CST,-6,,,,,,,,,,,
Iowa,IA,Albert City,,,,,,,,50510,42.78192,-94.9486,America/Chicago,CST,-6,,,,,,,,,,,
Iowa,IA,Albia,,,,,,,,52531,41.00004,-92.8352,America/Chicago,CST,-6,,,,,,,,,,,
Iowa,IA,Albion,,,,,,,,50005,42.14393,-92.9619,America/Chicago,CST,-6,,,,,,,,,,,
Iowa,IA,Alburnett,,,,,,,,52202,42.15709,-91.6458,America/Chicago,CST,-6,,,,,,,,,,,
Iowa,IA,Alden,,,,,,,,50006,42.431,-93.3906,America/Chicago,CST,-6,,,,,,,,,,,
Iowa,IA,Alexander,,,,,,,,50420,42.81984,-93.4294,America/Chicago,CST,-6,,,,,,,,,,,
Iowa,IA,Algona,,,,,,,,50511,43.10931,-94.167,America/Chicago,CST,-6,,,,,,,,,,,
Iowa,IA,Alleman,,,,,,,,50007,41.81309,-93.6099,America/Chicago,CST,-6,,,,,,,,,,,
Iowa,IA,Allerton,,,,,,,,50008,40.67287,-93.4056,America/Chicago,CST,-6,,,,,,,,,,,
Iowa,IA,Allison,,,,,,,,50602,42.69711,-92.7981,America/Chicago,CST,-6,,,,,,,,,,,
Iowa,IA,Alpha,,,,,,,,,42.99664,-92.0477,America/Chicago,CST,-6,,,,,,,,,,,
Iowa,IA,Alta,,,,,,,,51002,42.67359,-95.2906,America/Chicago,CST,-6,,,,,,,,,,,
Iowa,IA,Alta Vista,,,,,,,,50603,43.19858,-92.4171,America/Chicago,CST,-6,,,,,,,,,,,
Iowa,IA,Alton,,,,,,,,51003,43.03801,-95.9703,America/Chicago,CST,-6,,,,,,,,,,,
Iowa,IA,Altoona,,,,,,,,50009,41.65097,-93.4685,America/Chicago,CST,-6,,,,,,,,,,,
Iowa,IA,Alvord,,,,,,,,51230,43.35272,-96.3118,America/Chicago,CST,-6,,,,,,,,,,,
Iowa,IA,Amana,,,,,,,,52203###52204,41.81224,-91.9139,America/Chicago,CST,-6,,,,,,,,,,,
Iowa,IA,Amber,,,,,,,,,0,0,,,,,,,,,,,,,,
Iowa,IA,Ames,,,,,,,,50010###50014###50012###50011###50013,42.03788,-93.6003,America/Chicago,CST,-6,,,,,,,,,,,
Iowa,IA,Amish,,,,,,,,,0,0,,,,,,,,,,,,,,
Iowa,IA,Anamosa,,,,,,,,52205,42.10352,-91.2401,America/Chicago,CST,-6,,,,,,,,,,,
Iowa,IA,Andover,,,,,,,,52701,41.97919,-90.2518,America/Chicago,CST,-6,,,,,,,,,,,
Iowa,IA,Andrew,,,,,,,,52030,42.15363,-90.5924,America/Chicago,CST,-6,,,,,,,,,,,
Iowa,IA,Anita,,,,,,,,50020,41.44388,-94.7642,America/Chicago,CST,-6,,,,,,,,,,,
Iowa,IA,Ankeny,,,,,,,,50021###50023,41.67269,-93.5722,America/Chicago,CST,-6,,,,,,,,,,,
Iowa,IA,Anthon,,,,,,,,51004,42.38832,-95.8667,America/Chicago,CST,-6,,,,,,,,,,,
Iowa,IA,Aplington,,,,,,,,50604,42.65725,-92.8953,America/Chicago,CST,-6,,,,,,,,,,,
Iowa,IA,Arcadia,,,,,,,,51430,42.08766,-95.0153,America/Chicago,CST,-6,,,,,,,,,,,
Iowa,IA,Archer,,,,,,,,,43.09888,-95.743,America/Chicago,CST,-6,,,,,,,,,,,
Iowa,IA,Ardon,,,,,,,,,0,0,,,,,,,,,,,,,,
Iowa,IA,Aredale,,,,,,,,50605,42.83303,-93.0055,America/Chicago,CST,-6,,,,,,,,,,,
Iowa,IA,Argyle,,,,,,,,52619,40.5465,-91.5852,America/Chicago,CST,-6,,,,,,,,,,,
Iowa,IA,Arion,,,,,,,,51520,41.97912,-95.4508,America/Chicago,CST,-6,,,,,,,,,,,
Iowa,IA,Arispe,,,,,,,,50831,40.93139,-94.2193,America/Chicago,CST,-6,,,,,,,,,,,
Iowa,IA,Arlington,,,,,,,,50606,42.75265,-91.6956,America/Chicago,CST,-6,,,,,,,,,,,
Iowa,IA,Armstrong,,,,,,,,50514,43.40752,-94.5317,America/Chicago,CST,-6,,,,,,,,,,,
Iowa,IA,Arnolds Park,,,,,,,,51331,43.36691,-95.1358,America/Chicago,CST,-6,,,,,,,,,,,
Iowa,IA,Arthur,,,,,,,,51431,42.34155,-95.3714,America/Chicago,CST,-6,,,,,,,,,,,
Iowa,IA,Asbury,,,,,,,,,0,0,,,,,,,,,,,,,,
Iowa,IA,Ashton,,,,,,,,51232,43.30907,-95.773,America/Chicago,CST,-6,,,,,,,,,,,
Iowa,IA,Aspinwall,,,,,,,,51432,41.91192,-95.1356,America/Chicago,CST,-6,,,,,,,,,,,
Iowa,IA,Atalissa,,,,,,,,52720,41.57058,-91.1668,America/Chicago,CST,-6,,,,,,,,,,,
Iowa,IA,Athelstan,,,,,,,,,0,0,,,,,,,,,,,,,,
Iowa,IA,Atkins,,,,,,,,52206,41.99694,-91.8621,America/Chicago,CST,-6,,,,,,,,,,,
Iowa,IA,Atlantic,,,,,,,,50022,41.38187,-94.9608,America/Chicago,CST,-6,,,,,,,,,,,
Iowa,IA,Auburn,,,,,,,,51433,42.25137,-94.8778,America/Chicago,CST,-6,,,,,,,,,,,
Iowa,IA,Audubon,,,,,,,,50025,41.70454,-94.9187,America/Chicago,CST,-6,,,,,,,,,,,
Iowa,IA,Augusta,,,,,,,,,0,0,,,,,,,,,,,,,,
Iowa,IA,Aurelia,,,,,,,,51005,42.71276,-95.4367,America/Chicago,CST,-6,,,,,,,,,,,
Iowa,IA,Aurora,,,,,,,,50607,42.57035,-91.7481,America/Chicago,CST,-6,,,,,,,,,,,
Iowa,IA,Austin County Park,,,,,,,,,0,0,,,,,,,,,,,,,,
Iowa,IA,Avoca,,,,,,,,51521,41.43345,-95.3424,America/Chicago,CST,-6,,,,,,,,,,,
Iowa,IA,Ayrshire,,,,,,,,50515,43.01825,-94.8553,America/Chicago,CST,-6,,,,,,,,,,,
Iowa,IA,Backbone State Park,,,,,,,,,0,0,,,,,,,,,,,,,,
Iowa,IA,Badger,,,,,,,,50516,42.61441,-94.1461,America/Chicago,CST,-6,,,,,,,,,,,
Iowa,IA,Bagley,,,,,,,,50026,41.82725,-94.4495,America/Chicago,CST,-6,,,,,,,,,,,
Iowa,IA,Bailey,,,,,,,,,0,0,,,,,,,,,,,,,,
Iowa,IA,Baileys Ford Park,,,,,,,,,0,0,,,,,,,,,,,,,,
Iowa,IA,Baldwin,,,,,,,,52207,42.12001,-90.8163,America/Chicago,CST,-6,,,,,,,,,,,
Iowa,IA,Balltown,,,,,,,,,0,0,,,,,,,,,,,,,,
Iowa,IA,Bancroft,,,,,,,,50517,43.30617,-94.2514,America/Chicago,CST,-6,,,,,,,,,,,
Iowa,IA,Bankston,,,,,,,,,0,0,,,,,,,,,,,,,,
Iowa,IA,Barnes City,,,,,,,,50027,41.46974,-92.4872,America/Chicago,CST,-6,,,,,,,,,,,
Iowa,IA,Barnum,,,,,,,,50518,42.55204,-94.3692,America/Chicago,CST,-6,,,,,,,,,,,
Iowa,IA,Bassett,,,,,,,,,0,0,,,,,,,,,,,,,,
Iowa,IA,Batavia,,,,,,,,52533,40.99418,-92.1674,America/Chicago,CST,-6,,,,,,,,,,,
Iowa,IA,Battle Creek,,,,,,,,51006,42.31554,-95.5986,America/Chicago,CST,-6,,,,,,,,,,,
Iowa,IA,Baxter,,,,,,,,50028,41.81184,-93.1595,America/Chicago,CST,-6,,,,,,,,,,,
Iowa,IA,Bayard,,,,,,,,50029,41.85193,-94.5583,America/Chicago,CST,-6,,,,,,,,,,,
Iowa,IA,Beacon,,,,,,,,52534,41.27695,-92.6796,America/Chicago,CST,-6,,,,,,,,,,,
Iowa,IA,Beaconsfield,,,,,,,,,40.80777,-94.0505,America/Chicago,CST,-6,,,,,,,,,,,
Iowa,IA,Beaman,,,,,,,,50609,42.26048,-92.8068,America/Chicago,CST,-6,,,,,,,,,,,
Iowa,IA,Beaver,,,,,,,,50031,42.03875,-94.1436,America/Chicago,CST,-6,,,,,,,,,,,
Iowa,IA,Beaverdale,,,,,,,,,0,0,,,,,,,,,,,,,,
Iowa,IA,Beckwith,,,,,,,,,0,0,,,,,,,,,,,,,,
Iowa,IA,Bedford,,,,,,,,50833,40.68761,-94.6906,America/Chicago,CST,-6,,,,,,,,,,,
Iowa,IA,Belle Plaine,,,,,,,,52208,41.91713,-92.2424,America/Chicago,CST,-6,,,,,,,,,,,
Iowa,IA,Bellevue,,,,,,,,52031,42.20744,-90.4919,America/Chicago,CST,-6,,,,,,,,,,,
Iowa,IA,Belmond,,,,,,,,50421,42.84608,-93.6141,America/Chicago,CST,-6,,,,,,,,,,,
Iowa,IA,Bennett,,,,,,,,52721,41.74992,-90.9629,America/Chicago,CST,-6,,,,,,,,,,,
Iowa,IA,Benton,,,,,,,,50835,40.70332,-94.3583,America/Chicago,CST,-6,,,,,,,,,,,
Iowa,IA,Bentonsport/Vernon,,,,,,,,,40.72253,-91.8552,America/Chicago,CST,-6,,,,,,,,,,,
Iowa,IA,Berkley,,,,,,,,,0,0,,,,,,,,,,,,,,
Iowa,IA,Bernard,,,,,,,,52032,42.33893,-90.8642,America/Chicago,CST,-6,,,,,,,,,,,
Iowa,IA,Bertram,,,,,,,,,0,0,,,,,,,,,,,,,,
Iowa,IA,Bettendorf,,,,,,,,52722,41.52448,-90.5157,America/Chicago,CST,-6,,,,,,,,,,,
Iowa,IA,Beula,,,,,,,,,0,0,,,,,,,,,,,,,,
Iowa,IA,Bevington,,,,,,,,50033,41.36055,-93.7908,America/Chicago,CST,-6,,,,,,,,,,,
Iowa,IA,Big Rock,,,,,,,,,41.7703,-90.8263,America/Chicago,CST,-6,,,,,,,,,,,
Iowa,IA,Birmingham,,,,,,,,52535,40.82718,-91.9512,America/Chicago,CST,-6,,,,,,,,,,,
Iowa,IA,Blairsburg,,,,,,,,50034,42.4851,-93.6878,America/Chicago,CST,-6,,,,,,,,,,,
Iowa,IA,Blairstown,,,,,,,,52209,41.91318,-92.1124,America/Chicago,CST,-6,,,,,,,,,,,
Iowa,IA,Blakesburg,,,,,,,,52536,40.96112,-92.6341,America/Chicago,CST,-6,,,,,,,,,,,
Iowa,IA,Blencoe,,,,,,,,51523,41.91505,-96.0494,America/Chicago,CST,-6,,,,,,,,,,,
Iowa,IA,Blockton,,,,,,,,50836,40.62482,-94.5474,America/Chicago,CST,-6,,,,,,,,,,,
Iowa,IA,Bloomfield,,,,,,,,52537,40.74632,-92.4062,America/Chicago,CST,-6,,,,,,,,,,,
Iowa,IA,Blue Grass,,,,,,,,52726,41.50892,-90.766,America/Chicago,CST,-6,,,,,,,,,,,
Iowa,IA,Bluff Park,,,,,,,,,0,0,,,,,,,,,,,,,,
Iowa,IA,Bluffton,,,,,,,,,0,0,,,,,,,,,,,,,,
Iowa,IA,Bode,,,,,,,,50519,42.86389,-94.2957,America/Chicago,CST,-6,,,,,,,,,,,
Iowa,IA,Bonair,,,,,,,,,0,0,,,,,,,,,,,,,,
Iowa,IA,Bonaparte,,,,,,,,52620,40.67241,-91.7708,America/Chicago,CST,-6,,,,,,,,,,,
Iowa,IA,Bondurant,,,,,,,,50035,41.73019,-93.4569,America/Chicago,CST,-6,,,,,,,,,,,
Iowa,IA,Boone,,,,,,,,50099###50036###50037,42.0425,-93.9049,America/Chicago,CST,-6,,,,,,,,,,,
Iowa,IA,Bouton,,,,,,,,50039,41.82003,-94.0088,America/Chicago,CST,-6,,,,,,,,,,,
Iowa,IA,Boxholm,,,,,,,,50040,42.16165,-94.0885,America/Chicago,CST,-6,,,,,,,,,,,
Iowa,IA,Boyd,,,,,,,,,42.86389,-94.2957,America/Chicago,CST,-6,,,,,,,,,,,
Iowa,IA,Boyden,,,,,,,,51234,43.18609,-96.0058,America/Chicago,CST,-6,,,,,,,,,,,
Iowa,IA,Bradgate,,,,,,,,50520,42.80113,-94.3584,America/Chicago,CST,-6,,,,,,,,,,,
Iowa,IA,Brainard,,,,,,,,,42.33893,-90.8642,America/Chicago,CST,-6,,,,,,,,,,,
Iowa,IA,Brandon,,,,,,,,52210,42.34815,-92.004,America/Chicago,CST,-6,,,,,,,,,,,
Iowa,IA,Brayton,,,,,,,,50042,41.54443,-94.9242,America/Chicago,CST,-6,,,,,,,,,,,
Iowa,IA,Breda,,,,,,,,51436,42.15864,-94.9919,America/Chicago,CST,-6,,,,,,,,,,,
Iowa,IA,Bridgewater,,,,,,,,50837,41.25889,-94.6669,America/Chicago,CST,-6,,,,,,,,,,,
Iowa,IA,Brighton,,,,,,,,52540,41.21175,-91.845,America/Chicago,CST,-6,,,,,,,,,,,
Iowa,IA,Bristow,,,,,,,,50611,42.81105,-92.8826,America/Chicago,CST,-6,,,,,,,,,,,
Iowa,IA,Britt,,,,,,,,50423,43.08178,-93.7347,America/Chicago,CST,-6,,,,,,,,,,,
Iowa,IA,Bronson,,,,,,,,51007,42.42133,-96.1652,America/Chicago,CST,-6,,,,,,,,,,,
Iowa,IA,Brooklyn,,,,,,,,52211,40.6451,-73.945,America/New_York,EST,-5,,,,,,,,,,,
Iowa,IA,Brookville,,,,,,,,,0,0,,,,,,,,,,,,,,
Iowa,IA,Brownville,,,,,,,,,0,0,,,,,,,,,,,,,,
Iowa,IA,Brunsville,,,,,,,,51008,42.80925,-96.2626,America/Chicago,CST,-6,,,,,,,,,,,
Iowa,IA,Bryant,,,,,,,,52727,41.95343,-90.327,America/Chicago,CST,-6,,,,,,,,,,,
Iowa,IA,Buchanan,,,,,,,,,0,0,,,,,,,,,,,,,,
Iowa,IA,Buck Creek,,,,,,,,,0,0,,,,,,,,,,,,,,
Iowa,IA,Buck Grove,,,,,,,,,42.49306,-90.8712,America/Chicago,CST,-6,,,,,,,,,,,
Iowa,IA,Buckeye,,,,,,,,50043,42.41787,-93.3755,America/Chicago,CST,-6,,,,,,,,,,,
Iowa,IA,Buckhorn,,,,,,,,,0,0,,,,,,,,,,,,,,
Iowa,IA,Buffalo,,,,,,,,52728,41.45559,-90.721,America/Chicago,CST,-6,,,,,,,,,,,
Iowa,IA,Buffalo Center,,,,,,,,50424,43.38579,-93.9466,America/Chicago,CST,-6,,,,,,,,,,,
Iowa,IA,Bulgers Hollow,,,,,,,,,43.19289,-96.1809,America/Chicago,CST,-6,,,,,,,,,,,
Iowa,IA,Burlington,,,,,,,,52601,40.89841,-91.1644,America/Chicago,CST,-6,,,,,,,,,,,
Iowa,IA,Burlington Regional Airport,,,,,,,,,0,0,,,,,,,,,,,,,,
Iowa,IA,Burr Oak,,,,,,,,,43.47865,-91.7656,America/Chicago,CST,-6,,,,,,,,,,,
Iowa,IA,Burt,,,,,,,,50522,43.1834,-94.1774,America/Chicago,CST,-6,,,,,,,,,,,
Iowa,IA,Bussey,,,,,,,,50044,41.20445,-92.8827,America/Chicago,CST,-6,,,,,,,,,,,
Iowa,IA,Cairo,,,,,,,,,42.27775,-94.2919,America/Chicago,CST,-6,,,,,,,,,,,
Iowa,IA,Calamus,,,,,,,,52729,41.829,-90.7406,America/Chicago,CST,-6,,,,,,,,,,,
Iowa,IA,Callender,,,,,,,,50523,42.34713,-94.2809,America/Chicago,CST,-6,,,,,,,,,,,
Iowa,IA,Calmar,,,,,,,,52132,43.16876,-91.8677,America/Chicago,CST,-6,,,,,,,,,,,
Iowa,IA,Calumet,,,,,,,,,42.94637,-95.55,America/Chicago,CST,-6,,,,,,,,,,,
Iowa,IA,Camanche,,,,,,,,52730,41.78531,-90.2529,America/Chicago,CST,-6,,,,,,,,,,,
Iowa,IA,Cambridge,,,,,,,,50046,41.91404,-93.5199,America/Chicago,CST,-6,,,,,,,,,,,
Iowa,IA,Camp Courageous,,,,,,,,,0,0,,,,,,,,,,,,,,
Iowa,IA,Canton,,,,,,,,,43.27838,-96.6175,America/Chicago,CST,-6,,,,,,,,,,,
Iowa,IA,Cantril,,,,,,,,52542,40.64308,-92.0698,America/Chicago,CST,-6,,,,,,,,,,,
Iowa,IA,Carbon,,,,,,,,50839,41.04873,-94.8231,America/Chicago,CST,-6,,,,,,,,,,,
Iowa,IA,Carlisle,,,,,,,,50047,41.50082,-93.4911,America/Chicago,CST,-6,,,,,,,,,,,
Iowa,IA,Carpenter,,,,,,,,50426,43.41524,-93.0169,America/Chicago,CST,-6,,,,,,,,,,,
Iowa,IA,Carroll,,,,,,,,51401,42.04255,-94.8338,America/Chicago,CST,-6,,,,,,,,,,,
Iowa,IA,Carrville,,,,,,,,,0,0,,,,,,,,,,,,,,
Iowa,IA,Carson,,,,,,,,51525,41.22414,-95.4133,America/Chicago,CST,-6,,,,,,,,,,,
Iowa,IA,Carter Lake,,,,,,,,51510,41.28734,-95.9169,America/Chicago,CST,-6,,,,,,,,,,,
Iowa,IA,Cascade,,,,,,,,52033,42.29862,-91.0149,America/Chicago,CST,-6,,,,,,,,,,,
Iowa,IA,Casey,,,,,,,,50048,41.57633,-94.5212,America/Chicago,CST,-6,,,,,,,,,,,
Iowa,IA,Castalia,,,,,,,,52133,43.13611,-91.6643,America/Chicago,CST,-6,,,,,,,,,,,
Iowa,IA,Castana,,,,,,,,51010,42.08084,-95.9033,America/Chicago,CST,-6,,,,,,,,,,,
Iowa,IA,Cedar Bluff,,,,,,,,,41.78585,-91.3082,America/Chicago,CST,-6,,,,,,,,,,,
Iowa,IA,Cedar Falls,,,,,,,,50614###50613,42.51709,-92.4359,America/Chicago,CST,-6,,,,,,,,,,,
Iowa,IA,Cedar Rapids,,,,,,,,52407###52499###52411###52497###52403###52410###52498###52406###52408###52405###52401###52402###52409###52404,41.97661,-91.6576,America/Chicago,CST,-6,,,,,,,,,,,
Iowa,IA,Cedar Rapids Municipal Airport,,,,,,,,,0,0,,,,,,,,,,,,,,
Iowa,IA,Cedar Rock State Park,,,,,,,,,0,0,,,,,,,,,,,,,,
Iowa,IA,Cedar Valley,,,,,,,,,41.21997,-92.5063,America/Chicago,CST,-6,,,,,,,,,,,
Iowa,IA,Center Grove,,,,,,,,,42.54541,-90.6963,America/Chicago,CST,-6,,,,,,,,,,,
Iowa,IA,Center Junction,,,,,,,,52212,42.1201,-91.029,America/Chicago,CST,-6,,,,,,,,,,,
Iowa,IA,Center Point,,,,,,,,52213,42.19704,-91.7444,America/Chicago,CST,-6,,,,,,,,,,,
Iowa,IA,Centerville,,,,,,,,52544,40.68645,-92.8816,America/Chicago,CST,-6,,,,,,,,,,,
Iowa,IA,Central City,,,,,,,,52214,42.18696,-91.5204,America/Chicago,CST,-6,,,,,,,,,,,
Iowa,IA,Central Park,,,,,,,,,42.18696,-91.5204,America/Chicago,CST,-6,,,,,,,,,,,
Iowa,IA,Centralia,,,,,,,,,42.18696,-91.5204,America/Chicago,CST,-6,,,,,,,,,,,
Iowa,IA,Chariton,,,,,,,,50049,41.04687,-93.3095,America/Chicago,CST,-6,,,,,,,,,,,
Iowa,IA,Charles City,,,,,,,,50616,43.05993,-92.7891,America/Chicago,CST,-6,,,,,,,,,,,
Iowa,IA,Charleston,,,,,,,,,40.52522,-91.5639,America/Chicago,CST,-6,,,,,,,,,,,
Iowa,IA,Charlotte,,,,,,,,52731,41.9603,-90.4651,America/Chicago,CST,-6,,,,,,,,,,,
Iowa,IA,Charter Oak,,,,,,,,51439,42.06832,-95.5917,America/Chicago,CST,-6,,,,,,,,,,,
Iowa,IA,Chatsworth,,,,,,,,51011,42.91388,-96.517,America/Chicago,CST,-6,,,,,,,,,,,
Iowa,IA,Chelsea,,,,,,,,52215,41.91916,-92.3946,America/Chicago,CST,-6,,,,,,,,,,,
Iowa,IA,Cheney,,,,,,,,,0,0,,,,,,,,,,,,,,
Iowa,IA,Cherokee,,,,,,,,51012,42.72154,-95.5743,America/Chicago,CST,-6,,,,,,,,,,,
Iowa,IA,Chester,,,,,,,,52134,43.4647,-92.4062,America/Chicago,CST,-6,,,,,,,,,,,
Iowa,IA,Chillicothe,,,,,,,,52548,41.08723,-92.528,America/Chicago,CST,-6,,,,,,,,,,,
Iowa,IA,Churchtown,,,,,,,,,0,0,,,,,,,,,,,,,,
Iowa,IA,Churdan,,,,,,,,50050,42.14186,-94.5035,America/Chicago,CST,-6,,,,,,,,,,,
Iowa,IA,Cincinnati,,,,,,,,52549,40.62692,-92.9531,America/Chicago,CST,-6,,,,,,,,,,,
Iowa,IA,Clare,,,,,,,,50524,42.58886,-94.3461,America/Chicago,CST,-6,,,,,,,,,,,
Iowa,IA,Clarence,,,,,,,,52216,41.86424,-91.0248,America/Chicago,CST,-6,,,,,,,,,,,
Iowa,IA,Clarinda,,,,,,,,51632,40.73825,-95.1085,America/Chicago,CST,-6,,,,,,,,,,,
Iowa,IA,Clarion,,,,,,,,50526###50525,42.70305,-93.7456,America/Chicago,CST,-6,,,,,,,,,,,
Iowa,IA,Clarksville,,,,,,,,50619,42.79312,-92.6532,America/Chicago,CST,-6,,,,,,,,,,,
Iowa,IA,Clayton,,,,,,,,,42.05554,-94.7289,America/Chicago,CST,-6,,,,,,,,,,,
Iowa,IA,Clayton Center,,,,,,,,,0,0,,,,,,,,,,,,,,
Iowa,IA,Clear Lake,,,,,,,,50428,43.13802,-93.3794,America/Chicago,CST,-6,,,,,,,,,,,
Iowa,IA,Clearfield,,,,,,,,50840,40.80082,-94.4758,America/Chicago,CST,-6,,,,,,,,,,,
Iowa,IA,Cleghorn,,,,,,,,51014,42.7792,-95.7017,America/Chicago,CST,-6,,,,,,,,,,,
Iowa,IA,Clemons,,,,,,,,50051,42.11412,-93.1491,America/Chicago,CST,-6,,,,,,,,,,,
Iowa,IA,Clermont,,,,,,,,52135,43.00359,-91.6524,America/Chicago,CST,-6,,,,,,,,,,,
Iowa,IA,Clinton,,,,,,,,52734###52736###52732###52733,41.89918,-90.3016,America/Chicago,CST,-6,,,,,,,,,,,
Iowa,IA,Clinton Municipal Airport,,,,,,,,,0,0,,,,,,,,,,,,,,
Iowa,IA,Clio,,,,,,,,50052,40.6342,-93.448,America/Chicago,CST,-6,,,,,,,,,,,
Iowa,IA,Clive,,,,,,,,50325,41.60759,-93.7449,America/Chicago,CST,-6,,,,,,,,,,,
Iowa,IA,Clutier,,,,,,,,52217,42.08338,-92.4209,America/Chicago,CST,-6,,,,,,,,,,,
Iowa,IA,Coal Creek,,,,,,,,,0,0,,,,,,,,,,,,,,
Iowa,IA,Coburg,,,,,,,,,0,0,,,,,,,,,,,,,,
Iowa,IA,Coffins Grove Park,,,,,,,,,0,0,,,,,,,,,,,,,,
Iowa,IA,Coggon,,,,,,,,52218,42.25072,-91.5345,America/Chicago,CST,-6,,,,,,,,,,,
Iowa,IA,Coin,,,,,,,,51636,40.64651,-95.1998,America/Chicago,CST,-6,,,,,,,,,,,
Iowa,IA,Colesburg,,,,,,,,52035,42.63944,-91.2021,America/Chicago,CST,-6,,,,,,,,,,,
Iowa,IA,Colfax,,,,,,,,50054,41.68451,-93.2223,America/Chicago,CST,-6,,,,,,,,,,,
Iowa,IA,College Springs,,,,,,,,51637,40.61916,-95.1208,America/Chicago,CST,-6,,,,,,,,,,,
Iowa,IA,Collett,,,,,,,,,42.66649,-93.6271,America/Chicago,CST,-6,,,,,,,,,,,
Iowa,IA,Collins,,,,,,,,50055,41.90648,-93.2946,America/Chicago,CST,-6,,,,,,,,,,,
Iowa,IA,Colo,,,,,,,,50056,42.01777,-93.3152,America/Chicago,CST,-6,,,,,,,,,,,
Iowa,IA,Columbus City,,,,,,,,52737,41.25926,-91.3747,America/Chicago,CST,-6,,,,,,,,,,,
Iowa,IA,Columbus Junction,,,,,,,,52738,41.29264,-91.3006,America/Chicago,CST,-6,,,,,,,,,,,
Iowa,IA,Colwell,,,,,,,,50620,43.15843,-92.5905,America/Chicago,CST,-6,,,,,,,,,,,
Iowa,IA,Communia,,,,,,,,,42.84521,-91.4192,America/Chicago,CST,-6,,,,,,,,,,,
Iowa,IA,Conesville,,,,,,,,52739,41.40138,-91.3387,America/Chicago,CST,-6,,,,,,,,,,,
Iowa,IA,Conover,,,,,,,,,43.21636,-91.8974,America/Chicago,CST,-6,,,,,,,,,,,
Iowa,IA,Conrad,,,,,,,,50621,42.26186,-92.9134,America/Chicago,CST,-6,,,,,,,,,,,
Iowa,IA,Conroy,,,,,,,,52220,41.72917,-91.9977,America/Chicago,CST,-6,,,,,,,,,,,
Iowa,IA,Conway,,,,,,,,,40.7486,-94.6189,America/Chicago,CST,-6,,,,,,,,,,,
Iowa,IA,Coon Rapids,,,,,,,,50058,41.87082,-94.6775,America/Chicago,CST,-6,,,,,,,,,,,
Iowa,IA,Coppock,,,,,,,,,0,0,,,,,,,,,,,,,,
Iowa,IA,Coralville,,,,,,,,52241,41.69994,-91.6332,America/Chicago,CST,-6,,,,,,,,,,,
Iowa,IA,Corning,,,,,,,,50841,41.02894,-94.7466,America/Chicago,CST,-6,,,,,,,,,,,
Iowa,IA,Correctionville,,,,,,,,51016,42.47499,-95.7856,America/Chicago,CST,-6,,,,,,,,,,,
Iowa,IA,Corwith,,,,,,,,50430,42.98031,-93.8727,America/Chicago,CST,-6,,,,,,,,,,,
Iowa,IA,Corydon,,,,,,,,50060,40.77709,-93.3274,America/Chicago,CST,-6,,,,,,,,,,,
Iowa,IA,Cosgrove,,,,,,,,,0,0,,,,,,,,,,,,,,
Iowa,IA,Cottage Hill,,,,,,,,,0,0,,,,,,,,,,,,,,
Iowa,IA,Cotter,,,,,,,,,41.29197,-91.4615,America/Chicago,CST,-6,,,,,,,,,,,
Iowa,IA,Cottonville,,,,,,,,,0,0,,,,,,,,,,,,,,
Iowa,IA,Cou Falls,,,,,,,,,0,0,,,,,,,,,,,,,,
Iowa,IA,Coulter,,,,,,,,50431,42.73816,-93.37,America/Chicago,CST,-6,,,,,,,,,,,
Iowa,IA,Council Bluffs,,,,,,,,51501###51502###51503,41.23238,-95.8751,America/Chicago,CST,-6,,,,,,,,,,,
Iowa,IA,Crab Town,,,,,,,,,42.07002,-93.4933,,,,,,,,,,,,,,
Iowa,IA,Craig,,,,,,,,,42.89623,-96.3095,America/Chicago,CST,-6,,,,,,,,,,,
Iowa,IA,Cranston,,,,,,,,,0,0,,,,,,,,,,,,,,
Iowa,IA,Crawfordsville,,,,,,,,52621,41.20951,-91.5513,America/Chicago,CST,-6,,,,,,,,,,,
Iowa,IA,Credit Island,,,,,,,,,0,0,,,,,,,,,,,,,,
Iowa,IA,Crescent,,,,,,,,51526,41.36344,-95.8878,America/Chicago,CST,-6,,,,,,,,,,,
Iowa,IA,Cresco,,,,,,,,52136,43.35666,-92.1893,America/Chicago,CST,-6,,,,,,,,,,,
Iowa,IA,Creston,,,,,,,,50801,41.0499,-94.3471,America/Chicago,CST,-6,,,,,,,,,,,
Iowa,IA,Cromwell,,,,,,,,50842,41.03976,-94.4616,America/Chicago,CST,-6,,,,,,,,,,,
Iowa,IA,Croton,,,,,,,,,40.77709,-93.3274,America/Chicago,CST,-6,,,,,,,,,,,
Iowa,IA,Crystal Lake,,,,,,,,50432,43.22329,-93.7924,America/Chicago,CST,-6,,,,,,,,,,,
Iowa,IA,Cumberland,,,,,,,,50843,41.25504,-94.9476,America/Chicago,CST,-6,,,,,,,,,,,
Iowa,IA,Cumming,,,,,,,,50061,41.48332,-93.7624,America/Chicago,CST,-6,,,,,,,,,,,
Iowa,IA,Curlew,,,,,,,,50527,42.97019,-94.7696,America/Chicago,CST,-6,,,,,,,,,,,
Iowa,IA,Cushing,,,,,,,,51018,42.46471,-95.675,America/Chicago,CST,-6,,,,,,,,,,,
Iowa,IA,Cylinder,,,,,,,,50528,43.12482,-94.5312,America/Chicago,CST,-6,,,,,,,,,,,
Iowa,IA,Dakota City,,,,,,,,50529,42.72219,-94.1972,America/Chicago,CST,-6,,,,,,,,,,,
Iowa,IA,Dalby,,,,,,,,,0,0,,,,,,,,,,,,,,
Iowa,IA,Dallas Center,,,,,,,,50063,41.71311,-93.9308,America/Chicago,CST,-6,,,,,,,,,,,
Iowa,IA,Dana,,,,,,,,50064,42.10776,-94.2386,America/Chicago,CST,-6,,,,,,,,,,,
Iowa,IA,Danbury,,,,,,,,51019,42.23416,-95.7222,America/Chicago,CST,-6,,,,,,,,,,,
Iowa,IA,Danville,,,,,,,,52623,40.86686,-91.3076,America/Chicago,CST,-6,,,,,,,,,,,
Iowa,IA,Davenport,,,,,,,,52809###52808###52807###52806###52805###52804###52802###52801###52803,41.52104,-90.5748,America/Chicago,CST,-6,,,,,,,,,,,
Iowa,IA,Davenport Municipal Airport,,,,,,,,,0,0,,,,,,,,,,,,,,
Iowa,IA,Davis City,,,,,,,,50065,40.6346,-93.8105,America/Chicago,CST,-6,,,,,,,,,,,
Iowa,IA,Davis Corners,,,,,,,,,0,0,,,,,,,,,,,,,,
Iowa,IA,Dawson,,,,,,,,50066,41.84276,-94.2225,America/Chicago,CST,-6,,,,,,,,,,,
Iowa,IA,Dayton,,,,,,,,50530,42.28192,-94.1108,America/Chicago,CST,-6,,,,,,,,,,,
Iowa,IA,De Soto,,,,,,,,50069,41.52888,-94.0066,America/Chicago,CST,-6,,,,,,,,,,,
Iowa,IA,Decatur City,,,,,,,,,40.74194,-93.8338,America/Chicago,CST,-6,,,,,,,,,,,
Iowa,IA,Decorah,,,,,,,,52101,43.29425,-91.7896,America/Chicago,CST,-6,,,,,,,,,,,
Iowa,IA,Dedham,,,,,,,,51440,41.9061,-94.8222,America/Chicago,CST,-6,,,,,,,,,,,
Iowa,IA,Deep River,,,,,,,,52222,41.59165,-92.374,America/Chicago,CST,-6,,,,,,,,,,,
Iowa,IA,Defiance,,,,,,,,51527,41.80531,-95.3537,America/Chicago,CST,-6,,,,,,,,,,,
Iowa,IA,Delaware,,,,,,,,52036,42.47661,-91.3112,America/Chicago,CST,-6,,,,,,,,,,,
Iowa,IA,Delhi,,,,,,,,52223,42.41368,-91.3107,America/Chicago,CST,-6,,,,,,,,,,,
Iowa,IA,Delmar,,,,,,,,52037,41.9604,-90.6364,America/Chicago,CST,-6,,,,,,,,,,,
Iowa,IA,Deloit,,,,,,,,51441,42.12376,-95.3045,America/Chicago,CST,-6,,,,,,,,,,,
Iowa,IA,Delphos,,,,,,,,,40.6636,-94.3394,America/Chicago,CST,-6,,,,,,,,,,,
Iowa,IA,Delta,,,,,,,,52550,41.28437,-92.3512,America/Chicago,CST,-6,,,,,,,,,,,
Iowa,IA,Denison,,,,,,,,51442,42.03724,-95.3818,America/Chicago,CST,-6,,,,,,,,,,,
Iowa,IA,Denmark,,,,,,,,52624,40.74171,-91.3374,America/Chicago,CST,-6,,,,,,,,,,,
Iowa,IA,Denver,,,,,,,,50622,42.6862,-92.3871,America/Chicago,CST,-6,,,,,,,,,,,
Iowa,IA,Derby,,,,,,,,50068,40.93167,-93.4563,America/Chicago,CST,-6,,,,,,,,,,,
Iowa,IA,Des Moines,,,,,,,,50340###50359###50339###50336###50335###50333###50332###50331###50330###50321###50327###50334###50329###50328###50360###50361###50947###50381###50391###50392###50393###50395###50396###50940###50950###50980###50362###50363###50364###50367###50981###50368###50369###50380###50936###50320###50314###50305###50312###50306###50311###50307###50310###50308###50309###50301###50304###50319###50318###50317###50394###50302###50303###50313###50316###50315,41.67269,-93.5722,America/Chicago,CST,-6,,,,,,,,,,,
Iowa,IA,Devon,,,,,,,,,41.70179,-91.6773,America/Chicago,CST,-6,,,,,,,,,,,
Iowa,IA,Dewitt,,,,,,,,,41.84174,-90.5562,America/Chicago,CST,-6,,,,,,,,,,,
Iowa,IA,Dexter,,,,,,,,50070,41.53183,-94.2053,America/Chicago,CST,-6,,,,,,,,,,,
Iowa,IA,Diagonal,,,,,,,,50845,40.80943,-94.3422,America/Chicago,CST,-6,,,,,,,,,,,
Iowa,IA,Dickens,,,,,,,,51333,43.13513,-94.9837,America/Chicago,CST,-6,,,,,,,,,,,
Iowa,IA,Dike,,,,,,,,50624,42.46415,-92.6283,America/Chicago,CST,-6,,,,,,,,,,,
Iowa,IA,Dixon,,,,,,,,52745,41.71128,-90.7553,America/Chicago,CST,-6,,,,,,,,,,,
Iowa,IA,Dodgeville,,,,,,,,,0,0,,,,,,,,,,,,,,
Iowa,IA,Dolliver,,,,,,,,50531,43.44998,-94.6102,America/Chicago,CST,-6,,,,,,,,,,,
Iowa,IA,Donahue,,,,,,,,52746,41.71654,-90.647,America/Chicago,CST,-6,,,,,,,,,,,
Iowa,IA,Donnan,,,,,,,,,42.89609,-91.8779,America/Chicago,CST,-6,,,,,,,,,,,
Iowa,IA,Donnellson,,,,,,,,52625,40.63158,-91.5601,America/Chicago,CST,-6,,,,,,,,,,,
Iowa,IA,Doon,,,,,,,,51235,43.3017,-96.2449,America/Chicago,CST,-6,,,,,,,,,,,
Iowa,IA,Dorchester,,,,,,,,52140,43.43073,-91.5091,America/Chicago,CST,-6,,,,,,,,,,,
Iowa,IA,Douds/Leando,,,,,,,,,40.83363,-92.0888,America/Chicago,CST,-6,,,,,,,,,,,
Iowa,IA,Dougherty,,,,,,,,50433,42.92219,-93.0421,America/Chicago,CST,-6,,,,,,,,,,,
Iowa,IA,Dow City,,,,,,,,51528,41.92888,-95.4939,America/Chicago,CST,-6,,,,,,,,,,,
Iowa,IA,Dows,,,,,,,,50071,42.65157,-93.5827,America/Chicago,CST,-6,,,,,,,,,,,
Iowa,IA,Drakesville,,,,,,,,52552,40.81964,-92.5002,America/Chicago,CST,-6,,,,,,,,,,,
Iowa,IA,Dubuque,,,,,,,,52099###52004###52002###52003###52001,42.54541,-90.6963,America/Chicago,CST,-6,,,,,,,,,,,
Iowa,IA,Dubuque Regional Airport,,,,,,,,,0,0,,,,,,,,,,,,,,
Iowa,IA,Dumont,,,,,,,,50625,42.75192,-92.9755,America/Chicago,CST,-6,,,,,,,,,,,
Iowa,IA,Duncombe,,,,,,,,50532,42.46305,-94.0165,America/Chicago,CST,-6,,,,,,,,,,,
Iowa,IA,Dundee,,,,,,,,52038,42.57915,-91.5465,America/Chicago,CST,-6,,,,,,,,,,,
Iowa,IA,Dunkerton,,,,,,,,50626,42.56251,-92.1783,America/Chicago,CST,-6,,,,,,,,,,,
Iowa,IA,Dunlap,,,,,,,,51529,41.85554,-95.6031,America/Chicago,CST,-6,,,,,,,,,,,
Iowa,IA,Durango,,,,,,,,52039,42.53455,-90.8514,America/Chicago,CST,-6,,,,,,,,,,,
Iowa,IA,Durant,,,,,,,,52747,41.59975,-90.9107,America/Chicago,CST,-6,,,,,,,,,,,
Iowa,IA,Dyersville,,,,,,,,52040,42.48444,-91.1229,America/Chicago,CST,-6,,,,,,,,,,,
Iowa,IA,Dysart,,,,,,,,52224,42.19565,-92.3649,America/Chicago,CST,-6,,,,,,,,,,,
Iowa,IA,Eagle Grove,,,,,,,,50533,42.64634,-93.8827,America/Chicago,CST,-6,,,,,,,,,,,
Iowa,IA,Earlham,,,,,,,,50072,41.43059,-94.1072,America/Chicago,CST,-6,,,,,,,,,,,
Iowa,IA,Earling,,,,,,,,51530,41.78707,-95.4387,America/Chicago,CST,-6,,,,,,,,,,,
Iowa,IA,Earlville,,,,,,,,52041,42.51983,-91.2997,America/Chicago,CST,-6,,,,,,,,,,,
Iowa,IA,Early,,,,,,,,50535,42.45824,-95.1662,America/Chicago,CST,-6,,,,,,,,,,,
Iowa,IA,East Amana,,,,,,,,,41.80917,-91.851,America/Chicago,CST,-6,,,,,,,,,,,
Iowa,IA,East Peru,,,,,,,,,41.22173,-93.9623,America/Chicago,CST,-6,,,,,,,,,,,
Iowa,IA,East Pleasant Plain,,,,,,,,,41.13669,-91.8502,America/Chicago,CST,-6,,,,,,,,,,,
Iowa,IA,East Rickardsville,,,,,,,,,42.58333,-90.884,America/Chicago,CST,-6,,,,,,,,,,,
Iowa,IA,Eddyville,,,,,,,,52553,41.11234,-92.5708,America/Chicago,CST,-6,,,,,,,,,,,
Iowa,IA,Edgewood,,,,,,,,52042,42.64443,-91.4013,America/Chicago,CST,-6,,,,,,,,,,,
Iowa,IA,Edmore,,,,,,,,,0,0,,,,,,,,,,,,,,
Iowa,IA,Elberon,,,,,,,,52225,42.00611,-92.3169,America/Chicago,CST,-6,,,,,,,,,,,
Iowa,IA,Eldon,,,,,,,,52554,40.91863,-92.223,America/Chicago,CST,-6,,,,,,,,,,,
Iowa,IA,Eldora,,,,,,,,50627,42.33529,-93.1417,America/Chicago,CST,-6,,,,,,,,,,,
Iowa,IA,Eldorado,,,,,,,,,0,0,,,,,,,,,,,,,,
Iowa,IA,Eldridge,,,,,,,,52748,41.65809,-90.5846,America/Chicago,CST,-6,,,,,,,,,,,
Iowa,IA,Elgin,,,,,,,,52141,42.94122,-91.6996,America/Chicago,CST,-6,,,,,,,,,,,
Iowa,IA,Elk Horn,,,,,,,,51531,41.56241,-95.1295,America/Chicago,CST,-6,,,,,,,,,,,
Iowa,IA,Elk Run Heights,,,,,,,,,0,0,,,,,,,,,,,,,,
Iowa,IA,Elkader,,,,,,,,52043,42.84261,-91.4085,America/Chicago,CST,-6,,,,,,,,,,,
Iowa,IA,Elkhart,,,,,,,,50073,41.78327,-93.5171,America/Chicago,CST,-6,,,,,,,,,,,
Iowa,IA,Elkport,,,,,,,,52044,42.76243,-91.3203,America/Chicago,CST,-6,,,,,,,,,,,
Iowa,IA,Elliott,,,,,,,,51532,41.11964,-95.1087,America/Chicago,CST,-6,,,,,,,,,,,
Iowa,IA,Ellston,,,,,,,,50074,40.84683,-94.0887,America/Chicago,CST,-6,,,,,,,,,,,
Iowa,IA,Ellsworth,,,,,,,,50075,42.32549,-93.5515,America/Chicago,CST,-6,,,,,,,,,,,
Iowa,IA,Elma,,,,,,,,50628,43.29654,-92.3868,America/Chicago,CST,-6,,,,,,,,,,,
Iowa,IA,Elmira,,,,,,,,,0,0,,,,,,,,,,,,,,
Iowa,IA,Elon,,,,,,,,,43.26415,-91.324,America/Chicago,CST,-6,,,,,,,,,,,
Iowa,IA,Elrick Junction,,,,,,,,,0,0,,,,,,,,,,,,,,
Iowa,IA,Elvira,,,,,,,,,41.85892,-90.3554,America/Chicago,CST,-6,,,,,,,,,,,
Iowa,IA,Elwood,,,,,,,,,41.98897,-90.736,America/Chicago,CST,-6,,,,,,,,,,,
Iowa,IA,Ely,,,,,,,,52227,41.91043,-91.5753,America/Chicago,CST,-6,,,,,,,,,,,
Iowa,IA,Emeline,,,,,,,,,42.15529,-90.8307,America/Chicago,CST,-6,,,,,,,,,,,
Iowa,IA,Emerson,,,,,,,,51533,41.01636,-95.4227,America/Chicago,CST,-6,,,,,,,,,,,
Iowa,IA,Emmetsburg,,,,,,,,50536,43.11835,-94.6908,America/Chicago,CST,-6,,,,,,,,,,,
Iowa,IA,Epworth,,,,,,,,52045,42.45811,-90.9332,America/Chicago,CST,-6,,,,,,,,,,,
Iowa,IA,Essex,,,,,,,,51638,40.83361,-95.3083,America/Chicago,CST,-6,,,,,,,,,,,
Iowa,IA,Estherville,,,,,,,,51334,43.37789,-94.7378,America/Chicago,CST,-6,,,,,,,,,,,
Iowa,IA,Evansdale,,,,,,,,50707,42.46915,-92.281,America/Chicago,CST,-6,,,,,,,,,,,
Iowa,IA,Everly,,,,,,,,51338,43.1768,-95.3089,America/Chicago,CST,-6,,,,,,,,,,,
Iowa,IA,Exira,,,,,,,,50076,41.58921,-94.8707,America/Chicago,CST,-6,,,,,,,,,,,
Iowa,IA,Exline,,,,,,,,52555,40.64918,-92.8405,America/Chicago,CST,-6,,,,,,,,,,,
Iowa,IA,Fairbank,,,,,,,,50629,42.63943,-92.0424,America/Chicago,CST,-6,,,,,,,,,,,
Iowa,IA,Fairfax,,,,,,,,52228,41.91284,-91.7644,America/Chicago,CST,-6,,,,,,,,,,,
Iowa,IA,Fairfield,,,,,,,,52556###52557,41.031,-91.9575,America/Chicago,CST,-6,,,,,,,,,,,
Iowa,IA,Fairfield Municipal Airport,,,,,,,,,0,0,,,,,,,,,,,,,,
Iowa,IA,Fairport,,,,,,,,,43.3022,-91.7435,America/Chicago,CST,-6,,,,,,,,,,,
Iowa,IA,Fairview,,,,,,,,,42.07806,-91.3299,America/Chicago,CST,-6,,,,,,,,,,,
Iowa,IA,Farley,,,,,,,,52046,42.45328,-91.0264,America/Chicago,CST,-6,,,,,,,,,,,
Iowa,IA,Farmersburg,,,,,,,,52047,42.98448,-91.3548,America/Chicago,CST,-6,,,,,,,,,,,
Iowa,IA,Farmington,,,,,,,,52626,40.63903,-91.7394,America/Chicago,CST,-6,,,,,,,,,,,
Iowa,IA,Farnhamville,,,,,,,,50538,42.2793,-94.4651,America/Chicago,CST,-6,,,,,,,,,,,
Iowa,IA,Farragut,,,,,,,,51639,40.72146,-95.4776,America/Chicago,CST,-6,,,,,,,,,,,
Iowa,IA,Fayette,,,,,,,,52142,42.88544,-91.8084,America/Chicago,CST,-6,,,,,,,,,,,
Iowa,IA,Fenton,,,,,,,,50539,43.24134,-94.3845,America/Chicago,CST,-6,,,,,,,,,,,
Iowa,IA,Ferguson,,,,,,,,50078,41.93736,-92.865,America/Chicago,CST,-6,,,,,,,,,,,
Iowa,IA,Fertile,,,,,,,,50434,43.2644,-93.4183,America/Chicago,CST,-6,,,,,,,,,,,
Iowa,IA,Festina,,,,,,,,,43.11942,-91.8671,America/Chicago,CST,-6,,,,,,,,,,,
Iowa,IA,Fillmore,,,,,,,,,42.31917,-90.9168,America/Chicago,CST,-6,,,,,,,,,,,
Iowa,IA,Five Points,,,,,,,,,42.55139,-90.8585,America/Chicago,CST,-6,,,,,,,,,,,
Iowa,IA,Floris,,,,,,,,52560,40.86502,-92.333,America/Chicago,CST,-6,,,,,,,,,,,
Iowa,IA,Floyd,,,,,,,,50435,43.13607,-92.7793,America/Chicago,CST,-6,,,,,,,,,,,
Iowa,IA,Floyd Crossing,,,,,,,,,43.13607,-92.7793,America/Chicago,CST,-6,,,,,,,,,,,
Iowa,IA,Folletts,,,,,,,,,41.74864,-90.3549,America/Chicago,CST,-6,,,,,,,,,,,
Iowa,IA,Fonda,,,,,,,,50540,42.64621,-94.797,America/Chicago,CST,-6,,,,,,,,,,,
Iowa,IA,Fontana County Park,,,,,,,,,0,0,,,,,,,,,,,,,,
Iowa,IA,Fontanelle,,,,,,,,50846,41.30089,-94.5478,America/Chicago,CST,-6,,,,,,,,,,,
Iowa,IA,Forest City,,,,,,,,50436,43.29942,-93.6848,America/Chicago,CST,-6,,,,,,,,,,,
Iowa,IA,Fort Atkinson,,,,,,,,52144,43.14525,-91.9335,America/Chicago,CST,-6,,,,,,,,,,,
Iowa,IA,Fort Dodge,,,,,,,,50501,42.4386,-94.1666,America/Chicago,CST,-6,,,,,,,,,,,
Iowa,IA,Fort Madison,,,,,,,,52627,40.59695,-91.4345,America/Chicago,CST,-6,,,,,,,,,,,
Iowa,IA,Fort Madison Municipal Arpt,,,,,,,,,40.59695,-91.4345,America/Chicago,CST,-6,,,,,,,,,,,
Iowa,IA,Fostoria,,,,,,,,51340,43.08243,-95.1511,America/Chicago,CST,-6,,,,,,,,,,,
Iowa,IA,Fountain Springs Park,,,,,,,,,0,0,,,,,,,,,,,,,,
Iowa,IA,Franklin,,,,,,,,,40.66078,-91.5742,America/Chicago,CST,-6,,,,,,,,,,,
Iowa,IA,Frankville,,,,,,,,,0,0,,,,,,,,,,,,,,
Iowa,IA,Fraser,,,,,,,,,42.1272,-93.965,America/Chicago,CST,-6,,,,,,,,,,,
Iowa,IA,Fredericksburg,,,,,,,,50630,42.96525,-92.1996,America/Chicago,CST,-6,,,,,,,,,,,
Iowa,IA,Frederika,,,,,,,,50631,42.88266,-92.3063,America/Chicago,CST,-6,,,,,,,,,,,
Iowa,IA,Fredonia,,,,,,,,,41.28475,-91.3388,America/Chicago,CST,-6,,,,,,,,,,,
Iowa,IA,Fremont,,,,,,,,52561,41.22739,-92.4675,America/Chicago,CST,-6,,,,,,,,,,,
Iowa,IA,Froelich,,,,,,,,,42.96926,-91.3418,America/Chicago,CST,-6,,,,,,,,,,,
Iowa,IA,Fruitland,,,,,,,,52749,41.3486,-91.1237,America/Chicago,CST,-6,,,,,,,,,,,
Iowa,IA,Frytown,,,,,,,,,41.28475,-91.3388,America/Chicago,CST,-6,,,,,,,,,,,
Iowa,IA,Fulton,,,,,,,,,0,0,,,,,,,,,,,,,,
Iowa,IA,Galland,,,,,,,,,40.5006,-91.3746,America/Chicago,CST,-6,,,,,,,,,,,
Iowa,IA,Galt,,,,,,,,50101,42.66649,-93.6271,America/Chicago,CST,-6,,,,,,,,,,,
Iowa,IA,Galva,,,,,,,,51020,42.48792,-95.4302,America/Chicago,CST,-6,,,,,,,,,,,
Iowa,IA,Garber,,,,,,,,52048,42.73687,-91.249,America/Chicago,CST,-6,,,,,,,,,,,
Iowa,IA,Garden Grove,,,,,,,,50103,40.82722,-93.6072,America/Chicago,CST,-6,,,,,,,,,,,
Iowa,IA,Garland,,,,,,,,,0,0,,,,,,,,,,,,,,
Iowa,IA,Garnavillo,,,,,,,,52049,42.8686,-91.236,America/Chicago,CST,-6,,,,,,,,,,,
Iowa,IA,Garner,,,,,,,,50438,43.10357,-93.6024,America/Chicago,CST,-6,,,,,,,,,,,
Iowa,IA,Garrison,,,,,,,,52229,42.1377,-92.161,America/Chicago,CST,-6,,,,,,,,,,,
Iowa,IA,Garry Owen,,,,,,,,,0,0,,,,,,,,,,,,,,
Iowa,IA,Garwin,,,,,,,,50632,42.10113,-92.6743,America/Chicago,CST,-6,,,,,,,,,,,
Iowa,IA,Geneva,,,,,,,,50633,42.6696,-93.1147,America/Chicago,CST,-6,,,,,,,,,,,
Iowa,IA,Genoa Bluff,,,,,,,,,42.20744,-90.4919,America/Chicago,CST,-6,,,,,,,,,,,
Iowa,IA,Geode State Park,,,,,,,,,0,0,,,,,,,,,,,,,,
Iowa,IA,George,,,,,,,,51237,43.34521,-95.9889,America/Chicago,CST,-6,,,,,,,,,,,
Iowa,IA,Germanville,,,,,,,,,41.10419,-91.7693,America/Chicago,CST,-6,,,,,,,,,,,
Iowa,IA,Giard,,,,,,,,,0,0,,,,,,,,,,,,,,
Iowa,IA,Gibson,,,,,,,,50104,41.48085,-92.3712,America/Chicago,CST,-6,,,,,,,,,,,
Iowa,IA,Gilbert,,,,,,,,50105,42.11475,-93.6399,America/Chicago,CST,-6,,,,,,,,,,,
Iowa,IA,Gilbertville,,,,,,,,50634,42.4161,-92.2149,America/Chicago,CST,-6,,,,,,,,,,,
Iowa,IA,Gillett Grove,,,,,,,,51341,43.0157,-95.0431,America/Chicago,CST,-6,,,,,,,,,,,
Iowa,IA,Gilman,,,,,,,,50106,41.87888,-92.7894,America/Chicago,CST,-6,,,,,,,,,,,
Iowa,IA,Gilmore City,,,,,,,,50541,42.72064,-94.3937,America/Chicago,CST,-6,,,,,,,,,,,
Iowa,IA,Gladbrook,,,,,,,,50635,42.18776,-92.7152,America/Chicago,CST,-6,,,,,,,,,,,
Iowa,IA,Gladwin,,,,,,,,,41.35975,-91.451,America/Chicago,CST,-6,,,,,,,,,,,
Iowa,IA,Glasgow,,,,,,,,,40.94086,-91.7804,America/Chicago,CST,-6,,,,,,,,,,,
Iowa,IA,Glenwood,,,,,,,,51534,41.03181,-95.7156,America/Chicago,CST,-6,,,,,,,,,,,
Iowa,IA,Glidden,,,,,,,,51443,42.05554,-94.7289,America/Chicago,CST,-6,,,,,,,,,,,
Iowa,IA,Goldfield,,,,,,,,50542,42.78553,-93.9122,America/Chicago,CST,-6,,,,,,,,,,,
Iowa,IA,Goodell,,,,,,,,50439,42.92358,-93.6116,America/Chicago,CST,-6,,,,,,,,,,,
Iowa,IA,Goose Lake,,,,,,,,52750,41.94243,-90.3786,America/Chicago,CST,-6,,,,,,,,,,,
Iowa,IA,Gowrie,,,,,,,,50543,42.27775,-94.2919,America/Chicago,CST,-6,,,,,,,,,,,
Iowa,IA,Graettinger,,,,,,,,51342,43.19802,-94.7369,America/Chicago,CST,-6,,,,,,,,,,,
Iowa,IA,Graf,,,,,,,,,42.49306,-90.8712,America/Chicago,CST,-6,,,,,,,,,,,
Iowa,IA,Grafton,,,,,,,,50440,43.32969,-93.0708,America/Chicago,CST,-6,,,,,,,,,,,
Iowa,IA,Grand Junction,,,,,,,,50107,42.03575,-94.2423,America/Chicago,CST,-6,,,,,,,,,,,
Iowa,IA,Grand Mound,,,,,,,,52751,41.85014,-90.6695,America/Chicago,CST,-6,,,,,,,,,,,
Iowa,IA,Grand River,,,,,,,,50108,40.8194,-93.963,America/Chicago,CST,-6,,,,,,,,,,,
Iowa,IA,Grandview,,,,,,,,52752,41.27586,-91.1885,America/Chicago,CST,-6,,,,,,,,,,,
Iowa,IA,Granger,,,,,,,,50109,41.7611,-93.8244,America/Chicago,CST,-6,,,,,,,,,,,
Iowa,IA,Grant,,,,,,,,50847,41.14268,-94.9842,America/Chicago,CST,-6,,,,,,,,,,,
Iowa,IA,Granville,,,,,,,,51022,42.98554,-95.8736,America/Chicago,CST,-6,,,,,,,,,,,
Iowa,IA,Gravity,,,,,,,,50848,40.77297,-94.7372,America/Chicago,CST,-6,,,,,,,,,,,
Iowa,IA,Gray,,,,,,,,50110,41.84011,-94.9812,America/Chicago,CST,-6,,,,,,,,,,,
Iowa,IA,Greeley,,,,,,,,52050,42.55414,-91.3328,America/Chicago,CST,-6,,,,,,,,,,,
Iowa,IA,Green Island,,,,,,,,,0,0,,,,,,,,,,,,,,
Iowa,IA,Greene,,,,,,,,50636,42.82624,-92.8491,America/Chicago,CST,-6,,,,,,,,,,,
Iowa,IA,Greenfield,,,,,,,,50849,41.29998,-94.4564,America/Chicago,CST,-6,,,,,,,,,,,
Iowa,IA,Greenville,,,,,,,,51343,43.01664,-95.1461,America/Chicago,CST,-6,,,,,,,,,,,
Iowa,IA,Grimes,,,,,,,,50111,41.68749,-93.7925,America/Chicago,CST,-6,,,,,,,,,,,
Iowa,IA,Grinnell,,,,,,,,50112,41.68532,-92.6303,America/Chicago,CST,-6,,,,,,,,,,,
Iowa,IA,Griswold,,,,,,,,51535,41.23624,-95.0412,America/Chicago,CST,-6,,,,,,,,,,,
Iowa,IA,Grundy Center,,,,,,,,50638,42.36912,-92.8079,America/Chicago,CST,-6,,,,,,,,,,,
Iowa,IA,Gruver,,,,,,,,,43.39359,-94.7049,America/Chicago,CST,-6,,,,,,,,,,,
Iowa,IA,Guernsey,,,,,,,,52221,41.63777,-92.3479,America/Chicago,CST,-6,,,,,,,,,,,
Iowa,IA,Gunder,,,,,,,,,42.97165,-91.5132,America/Chicago,CST,-6,,,,,,,,,,,
Iowa,IA,Guthrie Center,,,,,,,,50115,41.68352,-94.5597,America/Chicago,CST,-6,,,,,,,,,,,
Iowa,IA,Guttenberg,,,,,,,,52052,42.78999,-91.1029,America/Chicago,CST,-6,,,,,,,,,,,
Iowa,IA,Halbur,,,,,,,,51444,42.00693,-94.97,America/Chicago,CST,-6,,,,,,,,,,,
Iowa,IA,Hale,,,,,,,,,42.01251,-91.0593,America/Chicago,CST,-6,,,,,,,,,,,
Iowa,IA,Hamburg,,,,,,,,51640,40.59389,-95.6608,America/Chicago,CST,-6,,,,,,,,,,,
Iowa,IA,Hamilton,,,,,,,,50116,41.18995,-92.959,America/Chicago,CST,-6,,,,,,,,,,,
Iowa,IA,Hampton,,,,,,,,50441,42.73145,-93.2307,America/Chicago,CST,-6,,,,,,,,,,,
Iowa,IA,Hancock,,,,,,,,51536,41.38994,-95.3729,America/Chicago,CST,-6,,,,,,,,,,,
Iowa,IA,Hanlontown,,,,,,,,50444,43.32067,-93.3789,America/Chicago,CST,-6,,,,,,,,,,,
Iowa,IA,Hanover,,,,,,,,,0,0,,,,,,,,,,,,,,
Iowa,IA,Hansell,,,,,,,,,42.75775,-93.1041,America/Chicago,CST,-6,,,,,,,,,,,
Iowa,IA,Harcourt,,,,,,,,50544,42.26024,-94.1646,America/Chicago,CST,-6,,,,,,,,,,,
Iowa,IA,Hardin,,,,,,,,,42.84748,-92.4755,America/Chicago,CST,-6,,,,,,,,,,,
Iowa,IA,Hardy,,,,,,,,50545,42.79753,-94.0799,America/Chicago,CST,-6,,,,,,,,,,,
Iowa,IA,Harlan,,,,,,,,51537###51593,41.66757,-95.2909,America/Chicago,CST,-6,,,,,,,,,,,
Iowa,IA,Harper,,,,,,,,52231,41.35776,-92.0634,America/Chicago,CST,-6,,,,,,,,,,,
Iowa,IA,Harpers Ferry,,,,,,,,52146,43.20331,-91.1521,America/Chicago,CST,-6,,,,,,,,,,,
Iowa,IA,Harris,,,,,,,,51345,43.39943,-95.4375,America/Chicago,CST,-6,,,,,,,,,,,
Iowa,IA,Hartford,,,,,,,,50118,41.43909,-93.3696,America/Chicago,CST,-6,,,,,,,,,,,
Iowa,IA,Hartley,,,,,,,,,43.15471,-95.506,America/Chicago,CST,-6,,,,,,,,,,,
Iowa,IA,Hartwick,,,,,,,,52232,41.81089,-92.3426,America/Chicago,CST,-6,,,,,,,,,,,
Iowa,IA,Harvey,,,,,,,,50119,41.29989,-92.9281,America/Chicago,CST,-6,,,,,,,,,,,
Iowa,IA,Haskins,,,,,,,,,41.32808,-91.5368,America/Chicago,CST,-6,,,,,,,,,,,
Iowa,IA,Hastings,,,,,,,,51540,41.01316,-95.5008,America/Chicago,CST,-6,,,,,,,,,,,
Iowa,IA,Havelock,,,,,,,,50546,42.84245,-94.7219,America/Chicago,CST,-6,,,,,,,,,,,
Iowa,IA,Haverhill,,,,,,,,50120,41.93825,-92.9681,America/Chicago,CST,-6,,,,,,,,,,,
Iowa,IA,Hawarden,,,,,,,,51023,42.99638,-96.4892,America/Chicago,CST,-6,,,,,,,,,,,
Iowa,IA,Hawkeye,,,,,,,,52147,42.93839,-91.9292,America/Chicago,CST,-6,,,,,,,,,,,
Iowa,IA,Hayesville,,,,,,,,52562,41.33627,-92.1784,America/Chicago,CST,-6,,,,,,,,,,,
Iowa,IA,Hazleton,,,,,,,,50641,42.57426,-91.9241,America/Chicago,CST,-6,,,,,,,,,,,
Iowa,IA,Hedrick,,,,,,,,52563,41.21121,-92.2979,America/Chicago,CST,-6,,,,,,,,,,,
Iowa,IA,Henderson,,,,,,,,51541,41.12933,-95.4534,America/Chicago,CST,-6,,,,,,,,,,,
Iowa,IA,Hepburn,,,,,,,,,40.84916,-95.0172,America/Chicago,CST,-6,,,,,,,,,,,
Iowa,IA,Hesper,,,,,,,,,43.48636,-91.7685,America/Chicago,CST,-6,,,,,,,,,,,
Iowa,IA,Hiawatha,,,,,,,,52233,42.04786,-91.6856,America/Chicago,CST,-6,,,,,,,,,,,
Iowa,IA,High Amana,,,,,,,,,41.81224,-91.9139,America/Chicago,CST,-6,,,,,,,,,,,
Iowa,IA,Highland,,,,,,,,,43.46377,-91.6899,America/Chicago,CST,-6,,,,,,,,,,,
Iowa,IA,Highlandville,,,,,,,,52149,43.46377,-91.6899,America/Chicago,CST,-6,,,,,,,,,,,
Iowa,IA,Hills,,,,,,,,52235,41.5557,-91.5308,America/Chicago,CST,-6,,,,,,,,,,,
Iowa,IA,Hillsboro,,,,,,,,52630,40.8367,-91.7157,America/Chicago,CST,-6,,,,,,,,,,,
Iowa,IA,Hinton,,,,,,,,51024,42.62513,-96.2995,America/Chicago,CST,-6,,,,,,,,,,,
Iowa,IA,Holbrook,,,,,,,,,0,0,,,,,,,,,,,,,,
Iowa,IA,Holland,,,,,,,,50642,42.44797,-92.8179,America/Chicago,CST,-6,,,,,,,,,,,
Iowa,IA,Holstein,,,,,,,,51025,42.44309,-95.5306,America/Chicago,CST,-6,,,,,,,,,,,
Iowa,IA,Holy Cross,,,,,,,,52053,42.53981,-90.9091,America/Chicago,CST,-6,,,,,,,,,,,
Iowa,IA,Homestead,,,,,,,,52236,41.73081,-91.8811,America/Chicago,CST,-6,,,,,,,,,,,
Iowa,IA,Hopkinton,,,,,,,,52237,42.36667,-91.2763,America/Chicago,CST,-6,,,,,,,,,,,
Iowa,IA,Hornick,,,,,,,,51026,42.30078,-96.0921,America/Chicago,CST,-6,,,,,,,,,,,
Iowa,IA,Hospers,,,,,,,,51238,43.07719,-95.9388,America/Chicago,CST,-6,,,,,,,,,,,
Iowa,IA,Houghton,,,,,,,,52631,40.76998,-91.6138,America/Chicago,CST,-6,,,,,,,,,,,
Iowa,IA,Hubbard,,,,,,,,50122,42.30334,-93.3296,America/Chicago,CST,-6,,,,,,,,,,,
Iowa,IA,Hudson,,,,,,,,50643,42.40665,-92.4555,America/Chicago,CST,-6,,,,,,,,,,,
Iowa,IA,Hull,,,,,,,,51239,43.19289,-96.1809,America/Chicago,CST,-6,,,,,,,,,,,
Iowa,IA,Humboldt,,,,,,,,50548,42.77583,-94.2078,America/Chicago,CST,-6,,,,,,,,,,,
Iowa,IA,Humeston,,,,,,,,50123,40.80286,-93.5184,America/Chicago,CST,-6,,,,,,,,,,,
Iowa,IA,Hurstville,,,,,,,,,42.09752,-90.6832,America/Chicago,CST,-6,,,,,,,,,,,
Iowa,IA,Huxley,,,,,,,,50124,41.90609,-93.6163,America/Chicago,CST,-6,,,,,,,,,,,
Iowa,IA,Ida Grove,,,,,,,,51445,42.32678,-95.478,America/Chicago,CST,-6,,,,,,,,,,,
Iowa,IA,Imogene,,,,,,,,51645,40.85821,-95.4324,America/Chicago,CST,-6,,,,,,,,,,,
Iowa,IA,Independence,,,,,,,,50644,42.50606,-91.8121,America/Chicago,CST,-6,,,,,,,,,,,
Iowa,IA,Independence Airport,,,,,,,,,42.50606,-91.8121,America/Chicago,CST,-6,,,,,,,,,,,
Iowa,IA,Indian Lake Park,,,,,,,,,43.39967,-95.2842,America/Chicago,CST,-6,,,,,,,,,,,
Iowa,IA,Indianola,,,,,,,,50125,41.31431,-93.588,America/Chicago,CST,-6,,,,,,,,,,,
Iowa,IA,Inwood,,,,,,,,51240,43.3072,-96.432,America/Chicago,CST,-6,,,,,,,,,,,
Iowa,IA,Ionia,,,,,,,,50645,43.05282,-92.4457,America/Chicago,CST,-6,,,,,,,,,,,
Iowa,IA,Iowa City,,,,,,,,52240###52242###52244###52243###52245###52246,41.63421,-91.4991,America/Chicago,CST,-6,,,,,,,,,,,
Iowa,IA,Iowa City Municipal Airport,,,,,,,,,0,0,,,,,,,,,,,,,,
Iowa,IA,Iowa Falls,,,,,,,,50126,42.43026,-93.2534,America/Chicago,CST,-6,,,,,,,,,,,
Iowa,IA,Ireton,,,,,,,,51027,43.03968,-96.3032,America/Chicago,CST,-6,,,,,,,,,,,
Iowa,IA,Ironhills,,,,,,,,,42.14168,-90.7699,America/Chicago,CST,-6,,,,,,,,,,,
Iowa,IA,Irving,,,,,,,,,41.94833,-92.2952,America/Chicago,CST,-6,,,,,,,,,,,
Iowa,IA,Irwin,,,,,,,,51446,41.79165,-95.2058,America/Chicago,CST,-6,,,,,,,,,,,
Iowa,IA,Jackson Junction,,,,,,,,,43.11497,-92.0324,America/Chicago,CST,-6,,,,,,,,,,,
Iowa,IA,Jamaica,,,,,,,,50128,41.82085,-94.3191,America/Chicago,CST,-6,,,,,,,,,,,
Iowa,IA,Janesville,,,,,,,,50647,42.64609,-92.463,America/Chicago,CST,-6,,,,,,,,,,,
Iowa,IA,Jefferson,,,,,,,,50129,42.00732,-94.3726,America/Chicago,CST,-6,,,,,,,,,,,
Iowa,IA,Jesup,,,,,,,,50648,42.47443,-92.0618,America/Chicago,CST,-6,,,,,,,,,,,
Iowa,IA,Jesup Golf Course,,,,,,,,,42.47443,-92.0618,America/Chicago,CST,-6,,,,,,,,,,,
Iowa,IA,Jewell,,,,,,,,50130,42.33947,-93.7215,America/Chicago,CST,-6,,,,,,,,,,,
Iowa,IA,Johnston,,,,,,,,50131,41.71444,-93.7326,America/Chicago,CST,-6,,,,,,,,,,,
Iowa,IA,Joice,,,,,,,,50446,43.35357,-93.3832,America/Chicago,CST,-6,,,,,,,,,,,
Iowa,IA,Jolley,,,,,,,,50551,42.48706,-94.757,America/Chicago,CST,-6,,,,,,,,,,,
Iowa,IA,Kalona,,,,,,,,52247,41.46098,-91.6989,America/Chicago,CST,-6,,,,,,,,,,,
Iowa,IA,Kamrar,,,,,,,,50132,42.39067,-93.684,America/Chicago,CST,-6,,,,,,,,,,,
Iowa,IA,Kanawha,,,,,,,,50447,42.9333,-93.7924,America/Chicago,CST,-6,,,,,,,,,,,
Iowa,IA,Kellerton,,,,,,,,50133,40.70992,-94.0493,America/Chicago,CST,-6,,,,,,,,,,,
Iowa,IA,Kelley,,,,,,,,50134,41.93228,-93.6542,America/Chicago,CST,-6,,,,,,,,,,,
Iowa,IA,Kellogg,,,,,,,,50135,41.71805,-92.9074,America/Chicago,CST,-6,,,,,,,,,,,
Iowa,IA,Kendallville,,,,,,,,,43.43941,-92.0363,America/Chicago,CST,-6,,,,,,,,,,,
Iowa,IA,Kensett,,,,,,,,50448,43.35981,-93.2403,America/Chicago,CST,-6,,,,,,,,,,,
Iowa,IA,Kent,,,,,,,,,40.95249,-94.4544,America/Chicago,CST,-6,,,,,,,,,,,
Iowa,IA,Kent County Park,,,,,,,,,0,0,,,,,,,,,,,,,,
Iowa,IA,Keokuk,,,,,,,,52632,40.3906,-91.3813,America/Chicago,CST,-6,,,,,,,,,,,
Iowa,IA,Keokuk Airport,,,,,,,,,40.3906,-91.3813,America/Chicago,CST,-6,,,,,,,,,,,
Iowa,IA,Keomah Village,,,,,,,,,41.28834,-92.5366,America/Chicago,CST,-6,,,,,,,,,,,
Iowa,IA,Keosauqua,,,,,,,,52565,40.70416,-91.8531,America/Chicago,CST,-6,,,,,,,,,,,
Iowa,IA,Keosauqua Airport,,,,,,,,,40.70416,-91.8531,America/Chicago,CST,-6,,,,,,,,,,,
Iowa,IA,Keota,,,,,,,,52248,41.3639,-91.9538,America/Chicago,CST,-6,,,,,,,,,,,
Iowa,IA,Keswick,,,,,,,,50136,41.45562,-92.2889,America/Chicago,CST,-6,,,,,,,,,,,
Iowa,IA,Key West,,,,,,,,,42.54541,-90.6963,America/Chicago,CST,-6,,,,,,,,,,,
Iowa,IA,Keystone,,,,,,,,52249,41.99833,-92.1974,America/Chicago,CST,-6,,,,,,,,,,,
Iowa,IA,Kilbourn,,,,,,,,,40.80614,-91.9699,America/Chicago,CST,-6,,,,,,,,,,,
Iowa,IA,Kimballton,,,,,,,,51543,41.65783,-95.0445,America/Chicago,CST,-6,,,,,,,,,,,
Iowa,IA,Kingsley,,,,,,,,51028,42.61926,-96.0775,America/Chicago,CST,-6,,,,,,,,,,,
Iowa,IA,Kingston,,,,,,,,,0,0,,,,,,,,,,,,,,
Iowa,IA,Kinross,,,,,,,,,41.46084,-91.9868,America/Chicago,CST,-6,,,,,,,,,,,
Iowa,IA,Kirkman,,,,,,,,51447,41.71854,-95.1898,America/Chicago,CST,-6,,,,,,,,,,,
Iowa,IA,Kirkville,,,,,,,,52566,41.1438,-92.5006,America/Chicago,CST,-6,,,,,,,,,,,
Iowa,IA,Kiron,,,,,,,,51448,42.19554,-95.3278,America/Chicago,CST,-6,,,,,,,,,,,
Iowa,IA,Klemme,,,,,,,,50449,42.99173,-93.567,America/Chicago,CST,-6,,,,,,,,,,,
Iowa,IA,Knierim,,,,,,,,50552,42.42361,-94.4586,America/Chicago,CST,-6,,,,,,,,,,,
Iowa,IA,Knoxville,,,,,,,,50138,41.29589,-93.1042,America/Chicago,CST,-6,,,,,,,,,,,
Iowa,IA,Kossuth,,,,,,,,,41.01059,-91.1346,America/Chicago,CST,-6,,,,,,,,,,,
Iowa,IA,Koszta,,,,,,,,,41.82722,-92.2055,America/Chicago,CST,-6,,,,,,,,,,,
Iowa,IA,La Motte,,,,,,,,52054,42.29585,-90.621,America/Chicago,CST,-6,,,,,,,,,,,
Iowa,IA,La Porte City,,,,,,,,50651,42.36956,-92.2061,America/Chicago,CST,-6,,,,,,,,,,,
Iowa,IA,Lacey Keosauqua State Park,,,,,,,,,0,0,,,,,,,,,,,,,,
Iowa,IA,Lacona,,,,,,,,50139,41.21874,-93.4147,America/Chicago,CST,-6,,,,,,,,,,,
Iowa,IA,Ladora,,,,,,,,52251,41.71038,-92.1894,America/Chicago,CST,-6,,,,,,,,,,,
Iowa,IA,Lafayette,,,,,,,,,42.14694,-91.6802,America/Chicago,CST,-6,,,,,,,,,,,
Iowa,IA,Lake City,,,,,,,,51449,42.29709,-94.7211,America/Chicago,CST,-6,,,,,,,,,,,
Iowa,IA,Lake Cornelia,,,,,,,,,42.78997,-93.6833,America/Chicago,CST,-6,,,,,,,,,,,
Iowa,IA,Lake Darling State Park,,,,,,,,,0,0,,,,,,,,,,,,,,
Iowa,IA,Lake Iowa,,,,,,,,,0,0,,,,,,,,,,,,,,
Iowa,IA,Lake Macbride State Park,,,,,,,,,0,0,,,,,,,,,,,,,,
Iowa,IA,Lake Mills,,,,,,,,50450,43.40899,-93.5672,America/Chicago,CST,-6,,,,,,,,,,,
Iowa,IA,Lake Park,,,,,,,,51347,43.39967,-95.2842,America/Chicago,CST,-6,,,,,,,,,,,
Iowa,IA,Lake Red Rock,,,,,,,,,0,0,,,,,,,,,,,,,,
Iowa,IA,Lake Sugema Campground,,,,,,,,,0,0,,,,,,,,,,,,,,
Iowa,IA,Lake View,,,,,,,,51450,42.31235,-95.0285,America/Chicago,CST,-6,,,,,,,,,,,
Iowa,IA,Lakeside,,,,,,,,,42.62137,-95.1733,America/Chicago,CST,-6,,,,,,,,,,,
Iowa,IA,Lakota,,,,,,,,50451,43.36604,-94.1031,America/Chicago,CST,-6,,,,,,,,,,,
Iowa,IA,Lambs Grove,,,,,,,,,42.49306,-90.8712,America/Chicago,CST,-6,,,,,,,,,,,
Iowa,IA,Lamoni,,,,,,,,50140,40.61877,-93.9272,America/Chicago,CST,-6,,,,,,,,,,,
Iowa,IA,Lamont,,,,,,,,50650,42.58566,-91.7165,America/Chicago,CST,-6,,,,,,,,,,,
Iowa,IA,Lancaster,,,,,,,,,0,0,,,,,,,,,,,,,,
Iowa,IA,Lanesboro,,,,,,,,51451,42.18448,-94.6917,America/Chicago,CST,-6,,,,,,,,,,,
Iowa,IA,Langworthy,,,,,,,,52252,42.19198,-91.2258,America/Chicago,CST,-6,,,,,,,,,,,
Iowa,IA,Lansing,,,,,,,,52151,43.34657,-91.2771,America/Chicago,CST,-6,,,,,,,,,,,
Iowa,IA,Larchwood,,,,,,,,51241,43.42338,-96.4578,America/Chicago,CST,-6,,,,,,,,,,,
Iowa,IA,Larrabee,,,,,,,,51029,42.86081,-95.5453,America/Chicago,CST,-6,,,,,,,,,,,
Iowa,IA,Latimer,,,,,,,,50452,42.78263,-93.3897,America/Chicago,CST,-6,,,,,,,,,,,
Iowa,IA,Lattnerville,,,,,,,,,0,0,,,,,,,,,,,,,,
Iowa,IA,Laurel,,,,,,,,50141,41.88416,-92.9221,America/Chicago,CST,-6,,,,,,,,,,,
Iowa,IA,Laurens,,,,,,,,50554,42.82125,-94.8359,America/Chicago,CST,-6,,,,,,,,,,,
Iowa,IA,Lawler,,,,,,,,52154,43.11083,-92.1693,America/Chicago,CST,-6,,,,,,,,,,,
Iowa,IA,Lawton,,,,,,,,51030,42.4786,-96.1839,America/Chicago,CST,-6,,,,,,,,,,,
Iowa,IA,Le Claire,,,,,,,,52753,41.60003,-90.3432,America/Chicago,CST,-6,,,,,,,,,,,
Iowa,IA,Le Grand,,,,,,,,50142,42.00027,-92.7766,America/Chicago,CST,-6,,,,,,,,,,,
Iowa,IA,Le Mars,,,,,,,,51031,42.79416,-96.1656,America/Chicago,CST,-6,,,,,,,,,,,
Iowa,IA,Le Roy,,,,,,,,,40.83383,-93.5138,America/Chicago,CST,-6,,,,,,,,,,,
Iowa,IA,Lebanon,,,,,,,,,40.74208,-91.9345,America/Chicago,CST,-6,,,,,,,,,,,
Iowa,IA,Ledyard,,,,,,,,50556,43.44308,-94.1873,America/Chicago,CST,-6,,,,,,,,,,,
Iowa,IA,Lehigh,,,,,,,,50557,42.39045,-94.0481,America/Chicago,CST,-6,,,,,,,,,,,
Iowa,IA,Leighton,,,,,,,,50143,41.33814,-92.7944,America/Chicago,CST,-6,,,,,,,,,,,
Iowa,IA,Leland,,,,,,,,50453,43.34255,-93.6895,America/Chicago,CST,-6,,,,,,,,,,,
Iowa,IA,Lenox,,,,,,,,50851,40.84484,-94.5852,America/Chicago,CST,-6,,,,,,,,,,,
Iowa,IA,Leon,,,,,,,,50144,40.7407,-93.7489,America/Chicago,CST,-6,,,,,,,,,,,
Iowa,IA,Lester,,,,,,,,51242,43.44433,-96.3361,America/Chicago,CST,-6,,,,,,,,,,,
Iowa,IA,Letts,,,,,,,,52754,41.30428,-91.2495,America/Chicago,CST,-6,,,,,,,,,,,
Iowa,IA,Lewis,,,,,,,,51544,41.30582,-95.0833,America/Chicago,CST,-6,,,,,,,,,,,
Iowa,IA,Libertyville,,,,,,,,52567,40.95147,-92.0825,America/Chicago,CST,-6,,,,,,,,,,,
Iowa,IA,Lidderdale,,,,,,,,51452,42.1254,-94.7754,America/Chicago,CST,-6,,,,,,,,,,,
Iowa,IA,Lime Creek County,,,,,,,,,0,0,,,,,,,,,,,,,,
Iowa,IA,Lime Springs,,,,,,,,52155,43.41058,-92.2762,America/Chicago,CST,-6,,,,,,,,,,,
Iowa,IA,Linby,,,,,,,,,0,0,,,,,,,,,,,,,,
Iowa,IA,Lincoln,,,,,,,,50652,42.26429,-92.693,America/Chicago,CST,-6,,,,,,,,,,,
Iowa,IA,Linden,,,,,,,,50146,41.64443,-94.2691,America/Chicago,CST,-6,,,,,,,,,,,
Iowa,IA,Lineville,,,,,,,,50147,40.58605,-93.5233,America/Chicago,CST,-6,,,,,,,,,,,
Iowa,IA,Linn Grove,,,,,,,,51033,42.86589,-95.2746,America/Chicago,CST,-6,,,,,,,,,,,
Iowa,IA,Lisbon,,,,,,,,52253,41.91458,-91.3854,America/Chicago,CST,-6,,,,,,,,,,,
Iowa,IA,Liscomb,,,,,,,,50148,42.17522,-92.9699,America/Chicago,CST,-6,,,,,,,,,,,
Iowa,IA,Little Cedar,,,,,,,,50454,43.38561,-92.7381,America/Chicago,CST,-6,,,,,,,,,,,
Iowa,IA,Little Rock,,,,,,,,51243,43.44414,-95.8834,America/Chicago,CST,-6,,,,,,,,,,,
Iowa,IA,Little Sioux,,,,,,,,51545,43.03386,-92.4952,America/Chicago,CST,-6,,,,,,,,,,,
Iowa,IA,Little Turkey,,,,,,,,,43.1297,-92.101,America/Chicago,CST,-6,,,,,,,,,,,
Iowa,IA,Littleport,,,,,,,,,42.86274,-91.2525,America/Chicago,CST,-6,,,,,,,,,,,
Iowa,IA,Littleton,,,,,,,,,42.45321,-92.0932,America/Chicago,CST,-6,,,,,,,,,,,
Iowa,IA,Livermore,,,,,,,,50558,42.84153,-94.1636,America/Chicago,CST,-6,,,,,,,,,,,
Iowa,IA,Lockridge,,,,,,,,52635,40.98869,-91.7852,America/Chicago,CST,-6,,,,,,,,,,,
Iowa,IA,Locust,,,,,,,,,43.42164,-91.7224,America/Chicago,CST,-6,,,,,,,,,,,
Iowa,IA,Logan,,,,,,,,51546,41.65786,-95.786,America/Chicago,CST,-6,,,,,,,,,,,
Iowa,IA,Lohrville,,,,,,,,51453,42.28173,-94.5423,America/Chicago,CST,-6,,,,,,,,,,,
Iowa,IA,Lone Rock,,,,,,,,50559,43.21996,-94.31,America/Chicago,CST,-6,,,,,,,,,,,
Iowa,IA,Lone Tree,,,,,,,,52755,41.51094,-91.4406,America/Chicago,CST,-6,,,,,,,,,,,
Iowa,IA,Long Grove,,,,,,,,52756,41.72624,-90.5402,America/Chicago,CST,-6,,,,,,,,,,,
Iowa,IA,Lorimor,,,,,,,,50149,41.10811,-94.1023,America/Chicago,CST,-6,,,,,,,,,,,
Iowa,IA,Lost Nation,,,,,,,,52254,41.96391,-90.8176,America/Chicago,CST,-6,,,,,,,,,,,
Iowa,IA,Lourdes,,,,,,,,,43.26219,-92.2988,America/Chicago,CST,-6,,,,,,,,,,,
Iowa,IA,Lovilia,,,,,,,,50150,41.13584,-92.9041,America/Chicago,CST,-6,,,,,,,,,,,
Iowa,IA,Low Moor,,,,,,,,52757,41.80225,-90.3557,America/Chicago,CST,-6,,,,,,,,,,,
Iowa,IA,Lowden,,,,,,,,52255,41.85654,-90.9665,America/Chicago,CST,-6,,,,,,,,,,,
Iowa,IA,Lowell,,,,,,,,,0,0,,,,,,,,,,,,,,
Iowa,IA,Lu Verne,,,,,,,,50560,42.97617,-94.1245,America/Chicago,CST,-6,,,,,,,,,,,
Iowa,IA,Luana,,,,,,,,52156,43.0207,-91.4767,America/Chicago,CST,-6,,,,,,,,,,,
Iowa,IA,Lucas,,,,,,,,50151,41.00493,-93.4921,America/Chicago,CST,-6,,,,,,,,,,,
Iowa,IA,Ludlow,,,,,,,,,43.22637,-91.5668,America/Chicago,CST,-6,,,,,,,,,,,
Iowa,IA,Luther,,,,,,,,50152,41.93868,-93.8371,America/Chicago,CST,-6,,,,,,,,,,,
Iowa,IA,Luxemburg,,,,,,,,52056,42.57828,-91.0621,America/Chicago,CST,-6,,,,,,,,,,,
Iowa,IA,Luzerne,,,,,,,,52257,41.90555,-92.1799,America/Chicago,CST,-6,,,,,,,,,,,
Iowa,IA,Lynnville,,,,,,,,50153,41.5775,-92.7835,America/Chicago,CST,-6,,,,,,,,,,,
Iowa,IA,Lyons,,,,,,,,,41.86725,-90.1862,America/Chicago,CST,-6,,,,,,,,,,,
Iowa,IA,Lytton,,,,,,,,50561,42.42131,-94.8213,America/Chicago,CST,-6,,,,,,,,,,,
Iowa,IA,Macedonia,,,,,,,,51549,41.19277,-95.4256,America/Chicago,CST,-6,,,,,,,,,,,
Iowa,IA,Macksburg,,,,,,,,50155,41.21037,-94.1825,America/Chicago,CST,-6,,,,,,,,,,,
Iowa,IA,Madrid,,,,,,,,50156,41.92886,-93.7971,America/Chicago,CST,-6,,,,,,,,,,,
Iowa,IA,Magnolia,,,,,,,,51550,41.69582,-95.8767,America/Chicago,CST,-6,,,,,,,,,,,
Iowa,IA,Maharishi Vedic City,,,,,,,,,41.05252,-91.9949,America/Chicago,CST,-6,,,,,,,,,,,
Iowa,IA,Malcom,,,,,,,,50157,41.73204,-92.5128,America/Chicago,CST,-6,,,,,,,,,,,
Iowa,IA,Mallard,,,,,,,,50562,42.97376,-94.6444,America/Chicago,CST,-6,,,,,,,,,,,
Iowa,IA,Malone,,,,,,,,,0,0,,,,,,,,,,,,,,
Iowa,IA,Maloy,,,,,,,,,40.67444,-94.4122,America/Chicago,CST,-6,,,,,,,,,,,
Iowa,IA,Malvern,,,,,,,,51551,41.00682,-95.5948,America/Chicago,CST,-6,,,,,,,,,,,
Iowa,IA,Manchester,,,,,,,,52057,42.49236,-91.3966,America/Chicago,CST,-6,,,,,,,,,,,
Iowa,IA,Manchester Airport,,,,,,,,,42.49236,-91.3966,America/Chicago,CST,-6,,,,,,,,,,,
Iowa,IA,Manilla,,,,,,,,51454,41.96825,-95.2228,America/Chicago,CST,-6,,,,,,,,,,,
Iowa,IA,Manly,,,,,,,,50456,43.28718,-93.2022,America/Chicago,CST,-6,,,,,,,,,,,
Iowa,IA,Manning,,,,,,,,51455,41.90915,-95.065,America/Chicago,CST,-6,,,,,,,,,,,
Iowa,IA,Manson,,,,,,,,50563,42.50089,-94.577,America/Chicago,CST,-6,,,,,,,,,,,
Iowa,IA,Maple Leaf,,,,,,,,,0,0,,,,,,,,,,,,,,
Iowa,IA,Mapleton,,,,,,,,51034,42.16582,-95.7931,America/Chicago,CST,-6,,,,,,,,,,,
Iowa,IA,Maquoketa,,,,,,,,52060,42.19807,-90.6058,America/Chicago,CST,-6,,,,,,,,,,,
Iowa,IA,Maquoketa Caves State Park,,,,,,,,,0,0,,,,,,,,,,,,,,
Iowa,IA,Maquoketa Municipal Airport,,,,,,,,,0,0,,,,,,,,,,,,,,
Iowa,IA,Marathon,,,,,,,,50565,42.85825,-94.9984,America/Chicago,CST,-6,,,,,,,,,,,
Iowa,IA,Marble Rock,,,,,,,,50653,42.96525,-92.8641,America/Chicago,CST,-6,,,,,,,,,,,
Iowa,IA,Marcus,,,,,,,,51035,42.76416,-95.7864,America/Chicago,CST,-6,,,,,,,,,,,
Iowa,IA,Marengo,,,,,,,,52301,41.76821,-92.0949,America/Chicago,CST,-6,,,,,,,,,,,
Iowa,IA,Marion,,,,,,,,52302,42.05694,-91.574,America/Chicago,CST,-6,,,,,,,,,,,
Iowa,IA,Marion Airport,,,,,,,,,42.05694,-91.574,America/Chicago,CST,-6,,,,,,,,,,,
Iowa,IA,Marne,,,,,,,,51552,41.44715,-95.1041,America/Chicago,CST,-6,,,,,,,,,,,
Iowa,IA,Marquette,,,,,,,,52158,43.03601,-91.1931,America/Chicago,CST,-6,,,,,,,,,,,
Iowa,IA,Marsh,,,,,,,,,0,0,,,,,,,,,,,,,,
Iowa,IA,Marshalltown,,,,,,,,50158,42.0361,-92.9989,America/Chicago,CST,-6,,,,,,,,,,,
Iowa,IA,Martelle,,,,,,,,52305,42.01831,-91.3217,America/Chicago,CST,-6,,,,,,,,,,,
Iowa,IA,Martensdale,,,,,,,,50160,41.37305,-93.7358,America/Chicago,CST,-6,,,,,,,,,,,
Iowa,IA,Martinsburg,,,,,,,,52568,41.19481,-92.2715,America/Chicago,CST,-6,,,,,,,,,,,
Iowa,IA,Marysville,,,,,,,,,41.18056,-92.9491,America/Chicago,CST,-6,,,,,,,,,,,
Iowa,IA,Mason City,,,,,,,,50401###50402,43.11648,-93.2706,America/Chicago,CST,-6,,,,,,,,,,,
Iowa,IA,Masonville,,,,,,,,50654,42.48054,-91.5918,America/Chicago,CST,-6,,,,,,,,,,,
Iowa,IA,Massena,,,,,,,,50853,41.22949,-94.7844,America/Chicago,CST,-6,,,,,,,,,,,
Iowa,IA,Massey,,,,,,,,,42.54541,-90.6963,America/Chicago,CST,-6,,,,,,,,,,,
Iowa,IA,Matlock,,,,,,,,51244,43.24387,-95.9353,America/Chicago,CST,-6,,,,,,,,,,,
Iowa,IA,Maud,,,,,,,,,0,0,,,,,,,,,,,,,,
Iowa,IA,Maurice,,,,,,,,51036,42.96721,-96.185,America/Chicago,CST,-6,,,,,,,,,,,
Iowa,IA,Maxwell,,,,,,,,50161,41.921,-93.3959,America/Chicago,CST,-6,,,,,,,,,,,
Iowa,IA,Maynard,,,,,,,,50655,42.77387,-91.8824,America/Chicago,CST,-6,,,,,,,,,,,
Iowa,IA,Maysville,,,,,,,,,0,0,,,,,,,,,,,,,,
Iowa,IA,Mccallsburg,,,,,,,,,42.15803,-93.3956,America/Chicago,CST,-6,,,,,,,,,,,
Iowa,IA,Mccausland,,,,,,,,,41.74614,-90.4432,America/Chicago,CST,-6,,,,,,,,,,,
Iowa,IA,Mcclelland,,,,,,,,,41.33055,-95.6836,America/Chicago,CST,-6,,,,,,,,,,,
Iowa,IA,Mcgregor,,,,,,,,,43.02276,-91.1724,America/Chicago,CST,-6,,,,,,,,,,,
Iowa,IA,Mcintire,,,,,,,,,0,0,,,,,,,,,,,,,,
Iowa,IA,Mechanicsville,,,,,,,,52306,41.86698,-91.2694,America/Chicago,CST,-6,,,,,,,,,,,
Iowa,IA,Mederville,,,,,,,,,42.76304,-91.4229,America/Chicago,CST,-6,,,,,,,,,,,
Iowa,IA,Mediapolis,,,,,,,,52637,41.01282,-91.128,America/Chicago,CST,-6,,,,,,,,,,,
Iowa,IA,Melbourne,,,,,,,,50162,41.94138,-93.1033,America/Chicago,CST,-6,,,,,,,,,,,
Iowa,IA,Melcher-Dallas,,,,,,,,,41.225,-93.2413,America/Chicago,CST,-6,,,,,,,,,,,
Iowa,IA,Melrose,,,,,,,,52569,41.03227,-93.0354,America/Chicago,CST,-6,,,,,,,,,,,
Iowa,IA,Melvin,,,,,,,,51350,43.31595,-95.6146,America/Chicago,CST,-6,,,,,,,,,,,
Iowa,IA,Menlo,,,,,,,,50164,41.553,-94.3952,America/Chicago,CST,-6,,,,,,,,,,,
Iowa,IA,Meriden,,,,,,,,51037,42.82258,-95.6425,America/Chicago,CST,-6,,,,,,,,,,,
Iowa,IA,Merrill,,,,,,,,51038,42.71999,-96.2489,America/Chicago,CST,-6,,,,,,,,,,,
Iowa,IA,Merrimac,,,,,,,,,0,0,,,,,,,,,,,,,,
Iowa,IA,Meservey,,,,,,,,50457,42.91274,-93.4783,America/Chicago,CST,-6,,,,,,,,,,,
Iowa,IA,Meyer,,,,,,,,,43.45775,-92.6927,America/Chicago,CST,-6,,,,,,,,,,,
Iowa,IA,Middle Amana,,,,,,,,52307,41.79544,-91.9018,America/Chicago,CST,-6,,,,,,,,,,,
Iowa,IA,Middletown,,,,,,,,52638,40.84817,-91.2699,America/Chicago,CST,-6,,,,,,,,,,,
Iowa,IA,Midway,,,,,,,,,43.00525,-92.6055,America/Chicago,CST,-6,,,,,,,,,,,
Iowa,IA,Midway Beach,,,,,,,,,41.4592,-90.8285,America/Chicago,CST,-6,,,,,,,,,,,
Iowa,IA,Miles,,,,,,,,52064,42.12088,-90.33,America/Chicago,CST,-6,,,,,,,,,,,
Iowa,IA,Milford,,,,,,,,51351,43.36768,-95.2083,America/Chicago,CST,-6,,,,,,,,,,,
Iowa,IA,Millersburg,,,,,,,,52308,41.57334,-92.1599,America/Chicago,CST,-6,,,,,,,,,,,
Iowa,IA,Millerton,,,,,,,,50165,40.85,-93.3072,America/Chicago,CST,-6,,,,,,,,,,,
Iowa,IA,Millville,,,,,,,,,42.69999,-91.0743,America/Chicago,CST,-6,,,,,,,,,,,
Iowa,IA,Milo,,,,,,,,50166,41.28312,-93.4288,America/Chicago,CST,-6,,,,,,,,,,,
Iowa,IA,Milton,,,,,,,,52570,40.67178,-92.1621,America/Chicago,CST,-6,,,,,,,,,,,
Iowa,IA,Minburn,,,,,,,,50167,41.73225,-94.0476,America/Chicago,CST,-6,,,,,,,,,,,
Iowa,IA,Minden,,,,,,,,51553,41.40492,-95.5498,America/Chicago,CST,-6,,,,,,,,,,,
Iowa,IA,Mingo,,,,,,,,50168,41.77585,-93.2464,America/Chicago,CST,-6,,,,,,,,,,,
Iowa,IA,Missouri Valley,,,,,,,,51555,41.6051,-95.9088,America/Chicago,CST,-6,,,,,,,,,,,
Iowa,IA,Mitchell,,,,,,,,,0,0,,,,,,,,,,,,,,
Iowa,IA,Mitchellville,,,,,,,,50169,41.62695,-93.3739,America/Chicago,CST,-6,,,,,,,,,,,
Iowa,IA,Modale,,,,,,,,51556,41.64397,-96.013,America/Chicago,CST,-6,,,,,,,,,,,
Iowa,IA,Mona,,,,,,,,,43.52658,-92.9665,America/Chicago,CST,-6,,,,,,,,,,,
Iowa,IA,Mondamin,,,,,,,,51557,41.7391,-95.9958,America/Chicago,CST,-6,,,,,,,,,,,
Iowa,IA,Moneta,,,,,,,,,43.12914,-95.3906,America/Chicago,CST,-6,,,,,,,,,,,
Iowa,IA,Monmouth,,,,,,,,52309,42.13894,-90.8646,America/Chicago,CST,-6,,,,,,,,,,,
Iowa,IA,Monona,,,,,,,,52159,43.03403,-91.3934,America/Chicago,CST,-6,,,,,,,,,,,
Iowa,IA,Monroe,,,,,,,,50170,41.569,-93.1012,America/Chicago,CST,-6,,,,,,,,,,,
Iowa,IA,Montezuma,,,,,,,,50171,41.60569,-92.4739,America/Chicago,CST,-6,,,,,,,,,,,
Iowa,IA,Monti,,,,,,,,,42.29027,-91.5336,America/Chicago,CST,-6,,,,,,,,,,,
Iowa,IA,Monticello,,,,,,,,52310,42.23834,-91.1871,America/Chicago,CST,-6,,,,,,,,,,,
Iowa,IA,Monticello Municipal Airport,,,,,,,,,0,0,,,,,,,,,,,,,,
Iowa,IA,Montour,,,,,,,,50173,41.95619,-92.7128,America/Chicago,CST,-6,,,,,,,,,,,
Iowa,IA,Montpelier,,,,,,,,52759,41.46249,-90.8088,America/Chicago,CST,-6,,,,,,,,,,,
Iowa,IA,Montrose,,,,,,,,52639,40.54286,-91.4689,America/Chicago,CST,-6,,,,,,,,,,,
Iowa,IA,Mooar,,,,,,,,,40.44366,-91.4524,America/Chicago,CST,-6,,,,,,,,,,,
Iowa,IA,Moorhead,,,,,,,,51558,41.93944,-95.8537,America/Chicago,CST,-6,,,,,,,,,,,
Iowa,IA,Moorland,,,,,,,,50566,42.441,-94.3156,America/Chicago,CST,-6,,,,,,,,,,,
Iowa,IA,Moravia,,,,,,,,52571,40.86682,-92.7364,America/Chicago,CST,-6,,,,,,,,,,,
Iowa,IA,Morley,,,,,,,,52312,42.00612,-91.2463,America/Chicago,CST,-6,,,,,,,,,,,
Iowa,IA,Morning Sun,,,,,,,,52640,41.13556,-91.2911,America/Chicago,CST,-6,,,,,,,,,,,
Iowa,IA,Morrison,,,,,,,,50657,42.3433,-92.6738,America/Chicago,CST,-6,,,,,,,,,,,
Iowa,IA,Morse,,,,,,,,,41.74946,-91.4346,America/Chicago,CST,-6,,,,,,,,,,,
Iowa,IA,Moscow,,,,,,,,52760,41.55278,-91.0588,America/Chicago,CST,-6,,,,,,,,,,,
Iowa,IA,Moulton,,,,,,,,52572,40.67946,-92.6808,America/Chicago,CST,-6,,,,,,,,,,,
Iowa,IA,Mount Auburn,,,,,,,,52313,42.25411,-92.099,America/Chicago,CST,-6,,,,,,,,,,,
Iowa,IA,Mount Ayr,,,,,,,,50854,40.71628,-94.2288,America/Chicago,CST,-6,,,,,,,,,,,
Iowa,IA,Mount Pleasant,,,,,,,,52641,40.9946,-91.5737,America/Chicago,CST,-6,,,,,,,,,,,
Iowa,IA,Mount Pleasant Municipal Arpt,,,,,,,,,40.9946,-91.5737,America/Chicago,CST,-6,,,,,,,,,,,
Iowa,IA,Mount Sterling,,,,,,,,52573,40.61781,-91.9321,America/Chicago,CST,-6,,,,,,,,,,,
Iowa,IA,Mount Union,,,,,,,,52644,41.01078,-91.4382,America/Chicago,CST,-6,,,,,,,,,,,
Iowa,IA,Mount Vernon,,,,,,,,52314,41.9398,-91.4508,America/Chicago,CST,-6,,,,,,,,,,,
Iowa,IA,Mount Zion,,,,,,,,,40.78864,-91.9338,America/Chicago,CST,-6,,,,,,,,,,,
Iowa,IA,Moville,,,,,,,,51039,42.44495,-96.0694,America/Chicago,CST,-6,,,,,,,,,,,
Iowa,IA,Mt Hamill,,,,,,,,,0,0,,,,,,,,,,,,,,
Iowa,IA,Murray,,,,,,,,50174,41.02668,-93.9257,America/Chicago,CST,-6,,,,,,,,,,,
Iowa,IA,Muscatine,,,,,,,,52761,41.46243,-91.0539,America/Chicago,CST,-6,,,,,,,,,,,
Iowa,IA,Muscatine Municipal Airport,,,,,,,,,0,0,,,,,,,,,,,,,,
Iowa,IA,Mystic,,,,,,,,52574,40.78085,-92.9793,America/Chicago,CST,-6,,,,,,,,,,,
Iowa,IA,Nashua,,,,,,,,50658,42.9851,-92.4755,America/Chicago,CST,-6,,,,,,,,,,,
Iowa,IA,Nashville,,,,,,,,,42.06252,-90.7838,America/Chicago,CST,-6,,,,,,,,,,,
Iowa,IA,National,,,,,,,,,0,0,,,,,,,,,,,,,,
Iowa,IA,Nemaha,,,,,,,,50567,42.50966,-95.1044,America/Chicago,CST,-6,,,,,,,,,,,
Iowa,IA,Neola,,,,,,,,51559,41.39075,-95.5831,America/Chicago,CST,-6,,,,,,,,,,,
Iowa,IA,Nevada,,,,,,,,50201,42.00207,-93.5039,America/Chicago,CST,-6,,,,,,,,,,,
Iowa,IA,New Albin,,,,,,,,52160,43.45753,-91.354,America/Chicago,CST,-6,,,,,,,,,,,
Iowa,IA,New Boston,,,,,,,,,40.52522,-91.5639,America/Chicago,CST,-6,,,,,,,,,,,
Iowa,IA,New Era,,,,,,,,,41.46614,-90.8921,America/Chicago,CST,-6,,,,,,,,,,,
Iowa,IA,New Hampton,,,,,,,,50659,43.06536,-92.3385,America/Chicago,CST,-6,,,,,,,,,,,
Iowa,IA,New Hartford,,,,,,,,50660,42.59929,-92.6232,America/Chicago,CST,-6,,,,,,,,,,,
Iowa,IA,New Haven,,,,,,,,,43.28442,-92.6421,America/Chicago,CST,-6,,,,,,,,,,,
Iowa,IA,New Liberty,,,,,,,,52765,41.71317,-90.8505,America/Chicago,CST,-6,,,,,,,,,,,
Iowa,IA,New London,,,,,,,,52645,40.92781,-91.3974,America/Chicago,CST,-6,,,,,,,,,,,
Iowa,IA,New Market,,,,,,,,51646,40.72246,-94.8428,America/Chicago,CST,-6,,,,,,,,,,,
Iowa,IA,New Providence,,,,,,,,50206,42.2811,-93.1716,America/Chicago,CST,-6,,,,,,,,,,,
Iowa,IA,New Sharon,,,,,,,,50207,41.39356,-92.6343,America/Chicago,CST,-6,,,,,,,,,,,
Iowa,IA,New Vienna,,,,,,,,52065,42.54805,-91.1143,America/Chicago,CST,-6,,,,,,,,,,,
Iowa,IA,New Virginia,,,,,,,,50210,41.18222,-93.7288,America/Chicago,CST,-6,,,,,,,,,,,
Iowa,IA,Newell,,,,,,,,50568,42.70576,-95.0038,America/Chicago,CST,-6,,,,,,,,,,,
Iowa,IA,Newhall,,,,,,,,52315,42.00696,-91.9702,America/Chicago,CST,-6,,,,,,,,,,,
Iowa,IA,Newport,,,,,,,,,0,0,,,,,,,,,,,,,,
Iowa,IA,Newton,,,,,,,,50208,41.71811,-93.0123,America/Chicago,CST,-6,,,,,,,,,,,
Iowa,IA,Nichols,,,,,,,,52766,41.49258,-91.1962,America/Chicago,CST,-6,,,,,,,,,,,
Iowa,IA,Noble,,,,,,,,,41.16641,-91.6196,America/Chicago,CST,-6,,,,,,,,,,,
Iowa,IA,Nodaway,,,,,,,,50857,40.93999,-94.8919,America/Chicago,CST,-6,,,,,,,,,,,
Iowa,IA,Nora Springs,,,,,,,,50458,43.14968,-92.9745,America/Chicago,CST,-6,,,,,,,,,,,
Iowa,IA,Nordness,,,,,,,,,43.23442,-91.7718,America/Chicago,CST,-6,,,,,,,,,,,
Iowa,IA,North Buena Vista,,,,,,,,52066,42.67972,-90.9565,America/Chicago,CST,-6,,,,,,,,,,,
Iowa,IA,North English,,,,,,,,52316,41.55559,-92.0676,America/Chicago,CST,-6,,,,,,,,,,,
Iowa,IA,North Liberty,,,,,,,,52317,41.76394,-91.6048,America/Chicago,CST,-6,,,,,,,,,,,
Iowa,IA,North Washington,,,,,,,,50661,43.11743,-92.4144,America/Chicago,CST,-6,,,,,,,,,,,
Iowa,IA,Northboro,,,,,,,,51647,40.60997,-95.3165,America/Chicago,CST,-6,,,,,,,,,,,
Iowa,IA,Northfield,,,,,,,,,41.05892,-91.1218,America/Chicago,CST,-6,,,,,,,,,,,
Iowa,IA,Northwood,,,,,,,,50459,43.42836,-93.261,America/Chicago,CST,-6,,,,,,,,,,,
Iowa,IA,Norwalk,,,,,,,,50211,41.44207,-93.6677,America/Chicago,CST,-6,,,,,,,,,,,
Iowa,IA,Norway,,,,,,,,52318,41.90526,-91.9001,America/Chicago,CST,-6,,,,,,,,,,,
Iowa,IA,Numa,,,,,,,,,40.68807,-92.978,America/Chicago,CST,-6,,,,,,,,,,,
Iowa,IA,Oakdale,,,,,,,,,41.64266,-91.6,America/Chicago,CST,-6,,,,,,,,,,,
Iowa,IA,Oakland,,,,,,,,51560,41.32484,-95.423,America/Chicago,CST,-6,,,,,,,,,,,
Iowa,IA,Oakland Acres,,,,,,,,,41.71722,-92.8205,America/Chicago,CST,-6,,,,,,,,,,,
Iowa,IA,Oakland Mills,,,,,,,,,40.93614,-91.6166,America/Chicago,CST,-6,,,,,,,,,,,
Iowa,IA,Oakville,,,,,,,,52646,41.09976,-91.0446,America/Chicago,CST,-6,,,,,,,,,,,
Iowa,IA,Oakwood,,,,,,,,,42.9686,-92.8857,America/Chicago,CST,-6,,,,,,,,,,,
Iowa,IA,Oasis,,,,,,,,,41.70613,-91.3854,America/Chicago,CST,-6,,,,,,,,,,,
Iowa,IA,Ocheyedan,,,,,,,,51354,43.41858,-95.5328,America/Chicago,CST,-6,,,,,,,,,,,
Iowa,IA,Odebolt,,,,,,,,51458,42.31221,-95.2506,America/Chicago,CST,-6,,,,,,,,,,,
Iowa,IA,Oelwein,,,,,,,,50662,42.69346,-91.8536,America/Chicago,CST,-6,,,,,,,,,,,
Iowa,IA,Ogden,,,,,,,,50212,42.04371,-94.0524,America/Chicago,CST,-6,,,,,,,,,,,
Iowa,IA,Okoboji,,,,,,,,51355,43.38635,-95.1483,America/Chicago,CST,-6,,,,,,,,,,,
Iowa,IA,Old Balltown,,,,,,,,,42.63166,-90.8585,America/Chicago,CST,-6,,,,,,,,,,,
Iowa,IA,Olds,,,,,,,,52647,41.13419,-91.5449,America/Chicago,CST,-6,,,,,,,,,,,
Iowa,IA,Olin,,,,,,,,52320,41.99807,-91.1416,America/Chicago,CST,-6,,,,,,,,,,,
Iowa,IA,Ollie,,,,,,,,52576,41.21871,-92.1205,America/Chicago,CST,-6,,,,,,,,,,,
Iowa,IA,Onawa,,,,,,,,51040,42.02113,-96.1295,America/Chicago,CST,-6,,,,,,,,,,,
Iowa,IA,Oneida,,,,,,,,,42.54277,-91.3535,America/Chicago,CST,-6,,,,,,,,,,,
Iowa,IA,Onslow,,,,,,,,52321,42.1065,-91.021,America/Chicago,CST,-6,,,,,,,,,,,
Iowa,IA,Oran,,,,,,,,50664,42.70137,-92.0746,America/Chicago,CST,-6,,,,,,,,,,,
Iowa,IA,Orange City,,,,,,,,51041,43.03343,-96.0761,America/Chicago,CST,-6,,,,,,,,,,,
Iowa,IA,Orchard,,,,,,,,50460,43.23401,-92.686,America/Chicago,CST,-6,,,,,,,,,,,
Iowa,IA,Orient,,,,,,,,50858,41.2151,-94.4232,America/Chicago,CST,-6,,,,,,,,,,,
Iowa,IA,Orleans,,,,,,,,,43.44718,-95.0925,America/Chicago,CST,-6,,,,,,,,,,,
Iowa,IA,Osage,,,,,,,,50461,43.32077,-92.7897,America/Chicago,CST,-6,,,,,,,,,,,
Iowa,IA,Osborne,,,,,,,,,42.79193,-91.4454,America/Chicago,CST,-6,,,,,,,,,,,
Iowa,IA,Osceola,,,,,,,,50213,41.02994,-93.7758,America/Chicago,CST,-6,,,,,,,,,,,
Iowa,IA,Oskaloosa,,,,,,,,52577,41.28337,-92.6627,America/Chicago,CST,-6,,,,,,,,,,,
Iowa,IA,Ossian,,,,,,,,52161,43.14218,-91.7631,America/Chicago,CST,-6,,,,,,,,,,,
Iowa,IA,Osterdock,,,,,,,,,42.67074,-91.1812,America/Chicago,CST,-6,,,,,,,,,,,
Iowa,IA,Otho,,,,,,,,50569,42.42469,-94.1502,America/Chicago,CST,-6,,,,,,,,,,,
Iowa,IA,Oto,,,,,,,,51044,42.2984,-95.9721,America/Chicago,CST,-6,,,,,,,,,,,
Iowa,IA,Otranto,,,,,,,,,43.4583,-92.9858,America/Chicago,CST,-6,,,,,,,,,,,
Iowa,IA,Otter Creek,,,,,,,,,0,0,,,,,,,,,,,,,,
Iowa,IA,Otterville,,,,,,,,,42.5086,-91.9466,America/Chicago,CST,-6,,,,,,,,,,,
Iowa,IA,Ottosen,,,,,,,,50570,42.8418,-94.3743,America/Chicago,CST,-6,,,,,,,,,,,
Iowa,IA,Ottumwa,,,,,,,,52501,41.03093,-92.4098,America/Chicago,CST,-6,,,,,,,,,,,
Iowa,IA,Owasa,,,,,,,,,42.43359,-93.2071,America/Chicago,CST,-6,,,,,,,,,,,
Iowa,IA,Oxford,,,,,,,,52322,41.70099,-91.7303,America/Chicago,CST,-6,,,,,,,,,,,
Iowa,IA,Oxford Junction,,,,,,,,52323,41.98363,-90.9563,America/Chicago,CST,-6,,,,,,,,,,,
Iowa,IA,Oxford Mills,,,,,,,,,41.9703,-90.9599,America/Chicago,CST,-6,,,,,,,,,,,
Iowa,IA,Oyens,,,,,,,,51045,42.8199,-96.0566,America/Chicago,CST,-6,,,,,,,,,,,
Iowa,IA,Pacific Junction,,,,,,,,51561,41.01126,-95.8088,America/Chicago,CST,-6,,,,,,,,,,,
Iowa,IA,Packwood,,,,,,,,52580,41.11957,-92.0924,America/Chicago,CST,-6,,,,,,,,,,,
Iowa,IA,Palisades-Kepler Sate Park,,,,,,,,,0,0,,,,,,,,,,,,,,
Iowa,IA,Palmer,,,,,,,,50571,42.64573,-94.5607,America/Chicago,CST,-6,,,,,,,,,,,
Iowa,IA,Palo,,,,,,,,52324,42.04983,-91.7889,America/Chicago,CST,-6,,,,,,,,,,,
Iowa,IA,Panama,,,,,,,,51562,41.70144,-95.4924,America/Chicago,CST,-6,,,,,,,,,,,
Iowa,IA,Panora,,,,,,,,50216,41.69165,-94.363,America/Chicago,CST,-6,,,,,,,,,,,
Iowa,IA,Panorama Park,,,,,,,,,41.55559,-90.4532,America/Chicago,CST,-6,,,,,,,,,,,
Iowa,IA,Paralta,,,,,,,,,0,0,,,,,,,,,,,,,,
Iowa,IA,Paris,,,,,,,,,42.2386,-91.5791,America/Chicago,CST,-6,,,,,,,,,,,
Iowa,IA,Park View,,,,,,,,,41.6942,-90.5457,America/Chicago,CST,-6,,,,,,,,,,,
Iowa,IA,Parkersburg,,,,,,,,50665,42.65581,-92.8241,America/Chicago,CST,-6,,,,,,,,,,,
Iowa,IA,Parnell,,,,,,,,52325,41.57571,-91.9397,America/Chicago,CST,-6,,,,,,,,,,,
Iowa,IA,Paton,,,,,,,,50217,42.1662,-94.281,America/Chicago,CST,-6,,,,,,,,,,,
Iowa,IA,Patterson,,,,,,,,50218,41.3499,-93.8803,America/Chicago,CST,-6,,,,,,,,,,,
Iowa,IA,Paullina,,,,,,,,,42.98252,-95.6949,America/Chicago,CST,-6,,,,,,,,,,,
Iowa,IA,Pekin,,,,,,,,,41.10522,-92.0903,America/Chicago,CST,-6,,,,,,,,,,,
Iowa,IA,Pella,,,,,,,,50219,41.40805,-92.9163,America/Chicago,CST,-6,,,,,,,,,,,
Iowa,IA,Peosta,,,,,,,,52068,42.43228,-90.8083,America/Chicago,CST,-6,,,,,,,,,,,
Iowa,IA,Perlee,,,,,,,,,41.08391,-91.9035,America/Chicago,CST,-6,,,,,,,,,,,
Iowa,IA,Perry,,,,,,,,50220,41.84276,-94.1064,America/Chicago,CST,-6,,,,,,,,,,,
Iowa,IA,Persia,,,,,,,,51563,41.58055,-95.567,America/Chicago,CST,-6,,,,,,,,,,,
Iowa,IA,Petersburg,,,,,,,,,42.55499,-91.2132,America/Chicago,CST,-6,,,,,,,,,,,
Iowa,IA,Peterson,,,,,,,,51047,42.91803,-95.3439,America/Chicago,CST,-6,,,,,,,,,,,
Iowa,IA,Pictured Rocks Wildlife Area,,,,,,,,,0,0,,,,,,,,,,,,,,
Iowa,IA,Pierson,,,,,,,,51048,42.54416,-95.8675,America/Chicago,CST,-6,,,,,,,,,,,
Iowa,IA,Pilot Grove,,,,,,,,52648,40.5947,-91.4156,America/Chicago,CST,-6,,,,,,,,,,,
Iowa,IA,Pilot Mound,,,,,,,,50223,42.16442,-94.0166,America/Chicago,CST,-6,,,,,,,,,,,
Iowa,IA,Pioneer,,,,,,,,,42.65386,-94.3925,America/Chicago,CST,-6,,,,,,,,,,,
Iowa,IA,Pisgah,,,,,,,,51564,41.80554,-95.8982,America/Chicago,CST,-6,,,,,,,,,,,
Iowa,IA,Plainfield,,,,,,,,50666,42.8472,-92.5363,America/Chicago,CST,-6,,,,,,,,,,,
Iowa,IA,Plainview,,,,,,,,,0,0,,,,,,,,,,,,,,
Iowa,IA,Plano,,,,,,,,52581,40.75556,-93.0466,America/Chicago,CST,-6,,,,,,,,,,,
Iowa,IA,Pleasant Grove,,,,,,,,,40.96753,-91.2879,America/Chicago,CST,-6,,,,,,,,,,,
Iowa,IA,Pleasant Hill,,,,,,,,,41.62135,-93.5479,America/Chicago,CST,-6,,,,,,,,,,,
Iowa,IA,Pleasant Plain,,,,,,,,,41.14724,-91.8591,America/Chicago,CST,-6,,,,,,,,,,,
Iowa,IA,Pleasant Prairie,,,,,,,,,41.4387,-91.064,America/Chicago,CST,-6,,,,,,,,,,,
Iowa,IA,Pleasant Valley,,,,,,,,52767,41.57458,-90.4213,America/Chicago,CST,-6,,,,,,,,,,,
Iowa,IA,Pleasanton,,,,,,,,,40.58056,-93.7438,America/Chicago,CST,-6,,,,,,,,,,,
Iowa,IA,Pleasantville,,,,,,,,50225,41.35112,-93.2336,America/Chicago,CST,-6,,,,,,,,,,,
Iowa,IA,Plover,,,,,,,,50573,42.8783,-94.6205,America/Chicago,CST,-6,,,,,,,,,,,
Iowa,IA,Plymouth,,,,,,,,50464,43.2342,-93.0829,America/Chicago,CST,-6,,,,,,,,,,,
Iowa,IA,Pocahontas,,,,,,,,50574,42.72651,-94.6508,America/Chicago,CST,-6,,,,,,,,,,,
Iowa,IA,Polk City,,,,,,,,50226,41.75673,-93.6981,America/Chicago,CST,-6,,,,,,,,,,,
Iowa,IA,Pomeroy,,,,,,,,50575,42.51921,-94.6784,America/Chicago,CST,-6,,,,,,,,,,,
Iowa,IA,Popejoy,,,,,,,,50227,42.59387,-93.426,America/Chicago,CST,-6,,,,,,,,,,,
Iowa,IA,Portsmouth,,,,,,,,51565,41.65027,-95.5186,America/Chicago,CST,-6,,,,,,,,,,,
Iowa,IA,Postville,,,,,,,,52162,43.17542,-91.5078,America/Chicago,CST,-6,,,,,,,,,,,
Iowa,IA,Powersville,,,,,,,,,42.93636,-92.6871,America/Chicago,CST,-6,,,,,,,,,,,
Iowa,IA,Prairie City,,,,,,,,50228,41.59096,-93.2348,America/Chicago,CST,-6,,,,,,,,,,,
Iowa,IA,Prairie Grove,,,,,,,,,0,0,,,,,,,,,,,,,,
Iowa,IA,Prairieburg,,,,,,,,52219,42.23833,-91.4224,America/Chicago,CST,-6,,,,,,,,,,,
Iowa,IA,Prescott,,,,,,,,50859,41.05768,-94.5942,America/Chicago,CST,-6,,,,,,,,,,,
Iowa,IA,Preston,,,,,,,,52069,42.0503,-90.414,America/Chicago,CST,-6,,,,,,,,,,,
Iowa,IA,Primghar,,,,,,,,,43.08385,-95.625,America/Chicago,CST,-6,,,,,,,,,,,
Iowa,IA,Primrose,,,,,,,,,40.67559,-91.6382,America/Chicago,CST,-6,,,,,,,,,,,
Iowa,IA,Princeton,,,,,,,,52768,41.69565,-90.3947,America/Chicago,CST,-6,,,,,,,,,,,
Iowa,IA,Princeton Wildlife Area,,,,,,,,,41.69565,-90.3947,America/Chicago,CST,-6,,,,,,,,,,,
Iowa,IA,Promise City,,,,,,,,52583,40.78654,-93.1413,America/Chicago,CST,-6,,,,,,,,,,,
Iowa,IA,Protivin,,,,,,,,52163,43.21698,-92.0927,America/Chicago,CST,-6,,,,,,,,,,,
Iowa,IA,Pulaski,,,,,,,,52584,40.64904,-92.2652,America/Chicago,CST,-6,,,,,,,,,,,
Iowa,IA,Quandahl,,,,,,,,,43.35361,-91.7661,America/Chicago,CST,-6,,,,,,,,,,,
Iowa,IA,Quasqueton,,,,,,,,52326,42.39443,-91.761,America/Chicago,CST,-6,,,,,,,,,,,
Iowa,IA,Quimby,,,,,,,,51049,42.63026,-95.642,America/Chicago,CST,-6,,,,,,,,,,,
Iowa,IA,Radcliffe,,,,,,,,50230,42.31526,-93.4344,America/Chicago,CST,-6,,,,,,,,,,,
Iowa,IA,Rake,,,,,,,,50465,43.48551,-93.9197,America/Chicago,CST,-6,,,,,,,,,,,
Iowa,IA,Ralston,,,,,,,,51459,42.04141,-94.6321,America/Chicago,CST,-6,,,,,,,,,,,
Iowa,IA,Randalia,,,,,,,,52164,42.84658,-91.8966,America/Chicago,CST,-6,,,,,,,,,,,
Iowa,IA,Randall,,,,,,,,50231,42.23721,-93.603,America/Chicago,CST,-6,,,,,,,,,,,
Iowa,IA,Randolph,,,,,,,,51649,40.84795,-95.5374,America/Chicago,CST,-6,,,,,,,,,,,
Iowa,IA,Rathbun,,,,,,,,,40.80112,-92.8888,America/Chicago,CST,-6,,,,,,,,,,,
Iowa,IA,Raymond,,,,,,,,50667,42.46659,-92.2164,America/Chicago,CST,-6,,,,,,,,,,,
Iowa,IA,Readlyn,,,,,,,,50668,42.69334,-92.2196,America/Chicago,CST,-6,,,,,,,,,,,
Iowa,IA,Reasnor,,,,,,,,50232,41.56031,-92.9819,America/Chicago,CST,-6,,,,,,,,,,,
Iowa,IA,Red Oak,,,,,,,,51591###51566,41.03052,-95.194,America/Chicago,CST,-6,,,,,,,,,,,
Iowa,IA,Redding,,,,,,,,50860,40.60464,-94.3885,America/Chicago,CST,-6,,,,,,,,,,,
Iowa,IA,Redfield,,,,,,,,50233,41.62115,-94.212,America/Chicago,CST,-6,,,,,,,,,,,
Iowa,IA,Reeceville,,,,,,,,,43.3818,-92.4752,America/Chicago,CST,-6,,,,,,,,,,,
Iowa,IA,Reinbeck,,,,,,,,50669,42.3236,-92.5994,America/Chicago,CST,-6,,,,,,,,,,,
Iowa,IA,Rembrandt,,,,,,,,50576,42.82524,-95.1414,America/Chicago,CST,-6,,,,,,,,,,,
Iowa,IA,Remsen,,,,,,,,51050,42.81471,-95.9734,America/Chicago,CST,-6,,,,,,,,,,,
Iowa,IA,Renwick,,,,,,,,50577,42.82803,-93.9811,America/Chicago,CST,-6,,,,,,,,,,,
Iowa,IA,Republic,,,,,,,,,42.95109,-92.3974,America/Chicago,CST,-6,,,,,,,,,,,
Iowa,IA,Rhodes,,,,,,,,50234,41.90623,-93.1544,America/Chicago,CST,-6,,,,,,,,,,,
Iowa,IA,Riceville,,,,,,,,50466,43.3818,-92.4752,America/Chicago,CST,-6,,,,,,,,,,,
Iowa,IA,Richfield,,,,,,,,,0,0,,,,,,,,,,,,,,
Iowa,IA,Richland,,,,,,,,52585,41.18557,-91.993,America/Chicago,CST,-6,,,,,,,,,,,
Iowa,IA,Richmond,,,,,,,,,41.44974,-91.6974,America/Chicago,CST,-6,,,,,,,,,,,
Iowa,IA,Rickardsville,,,,,,,,,42.58333,-90.884,America/Chicago,CST,-6,,,,,,,,,,,
Iowa,IA,Ricketts,,,,,,,,51460,42.13043,-95.5746,America/Chicago,CST,-6,,,,,,,,,,,
Iowa,IA,Ridgeway,,,,,,,,52165,43.29775,-91.9877,America/Chicago,CST,-6,,,,,,,,,,,
Iowa,IA,Rinard,,,,,,,,,42.33912,-94.4886,America/Chicago,CST,-6,,,,,,,,,,,
Iowa,IA,Ringsted,,,,,,,,50578,43.31281,-94.5607,America/Chicago,CST,-6,,,,,,,,,,,
Iowa,IA,Rippey,,,,,,,,50235,41.9284,-94.2221,America/Chicago,CST,-6,,,,,,,,,,,
Iowa,IA,River Junction,,,,,,,,,41.49058,-91.4968,America/Chicago,CST,-6,,,,,,,,,,,
Iowa,IA,Riverdale,,,,,,,,,41.54448,-90.4582,America/Chicago,CST,-6,,,,,,,,,,,
Iowa,IA,Riverside,,,,,,,,52327,41.47974,-91.5813,America/Chicago,CST,-6,,,,,,,,,,,
Iowa,IA,Riverton,,,,,,,,51650,40.66288,-95.5773,America/Chicago,CST,-6,,,,,,,,,,,
Iowa,IA,Robins,,,,,,,,52328,42.07394,-91.6652,America/Chicago,CST,-6,,,,,,,,,,,
Iowa,IA,Robinson,,,,,,,,,0,0,,,,,,,,,,,,,,
Iowa,IA,Rochester,,,,,,,,,41.67391,-91.1585,America/Chicago,CST,-6,,,,,,,,,,,
Iowa,IA,Rock Creek,,,,,,,,,43.23497,-92.9188,America/Chicago,CST,-6,,,,,,,,,,,
Iowa,IA,Rock Creek Park,,,,,,,,,43.23497,-92.9188,America/Chicago,CST,-6,,,,,,,,,,,
Iowa,IA,Rock Falls,,,,,,,,50467,43.20659,-93.0857,America/Chicago,CST,-6,,,,,,,,,,,
Iowa,IA,Rock Rapids,,,,,,,,51246,43.41513,-96.1466,America/Chicago,CST,-6,,,,,,,,,,,
Iowa,IA,Rock Valley,,,,,,,,51247,43.20526,-96.295,America/Chicago,CST,-6,,,,,,,,,,,
Iowa,IA,Rockdale,,,,,,,,,42.54541,-90.6963,America/Chicago,CST,-6,,,,,,,,,,,
Iowa,IA,Rockford,,,,,,,,50468,43.01691,-92.9076,America/Chicago,CST,-6,,,,,,,,,,,
Iowa,IA,Rockwell,,,,,,,,50469,43.00211,-93.1817,America/Chicago,CST,-6,,,,,,,,,,,
Iowa,IA,Rockwell City,,,,,,,,50579,42.39311,-94.6337,America/Chicago,CST,-6,,,,,,,,,,,
Iowa,IA,Rodman,,,,,,,,,43.02858,-94.5311,America/Chicago,CST,-6,,,,,,,,,,,
Iowa,IA,Rodney,,,,,,,,51051,42.19795,-95.9769,America/Chicago,CST,-6,,,,,,,,,,,
Iowa,IA,Roland,,,,,,,,50236,42.16197,-93.4961,America/Chicago,CST,-6,,,,,,,,,,,
Iowa,IA,Rolfe,,,,,,,,50581,42.80914,-94.5266,America/Chicago,CST,-6,,,,,,,,,,,
Iowa,IA,Rome,,,,,,,,52642,40.9774,-91.6923,America/Chicago,CST,-6,,,,,,,,,,,
Iowa,IA,Rose Hill,,,,,,,,52586,41.32195,-92.4621,America/Chicago,CST,-6,,,,,,,,,,,
Iowa,IA,Roseville,,,,,,,,,43.3818,-92.4752,America/Chicago,CST,-6,,,,,,,,,,,
Iowa,IA,Rossie,,,,,,,,,41.77415,-94.9189,America/Chicago,CST,-6,,,,,,,,,,,
Iowa,IA,Rossville,,,,,,,,,43.07889,-91.3627,America/Chicago,CST,-6,,,,,,,,,,,
Iowa,IA,Rowan,,,,,,,,50470,42.72479,-93.558,America/Chicago,CST,-6,,,,,,,,,,,
Iowa,IA,Rowley,,,,,,,,52329,42.36999,-91.8441,America/Chicago,CST,-6,,,,,,,,,,,
Iowa,IA,Royal,,,,,,,,51357,43.06553,-95.2839,America/Chicago,CST,-6,,,,,,,,,,,
Iowa,IA,Rubio,,,,,,,,,41.22113,-91.9377,America/Chicago,CST,-6,,,,,,,,,,,
Iowa,IA,Rudd,,,,,,,,50471,43.12838,-92.8874,America/Chicago,CST,-6,,,,,,,,,,,
Iowa,IA,Runnells,,,,,,,,50237,41.56137,-93.3989,America/Chicago,CST,-6,,,,,,,,,,,
Iowa,IA,Russell,,,,,,,,50238,40.98122,-93.2005,America/Chicago,CST,-6,,,,,,,,,,,
Iowa,IA,Ruthven,,,,,,,,51358,43.13046,-94.8554,America/Chicago,CST,-6,,,,,,,,,,,
Iowa,IA,Rutland,,,,,,,,50582,42.79315,-94.3056,America/Chicago,CST,-6,,,,,,,,,,,
Iowa,IA,Ryan,,,,,,,,52330,42.36779,-91.446,America/Chicago,CST,-6,,,,,,,,,,,
Iowa,IA,Sabula,,,,,,,,52070,42.06391,-90.1696,America/Chicago,CST,-6,,,,,,,,,,,
Iowa,IA,Sac City,,,,,,,,50583,42.43975,-94.993,America/Chicago,CST,-6,,,,,,,,,,,
Iowa,IA,Sageville,,,,,,,,,42.55278,-90.709,America/Chicago,CST,-6,,,,,,,,,,,
Iowa,IA,Salem,,,,,,,,52649,40.85738,-91.6109,America/Chicago,CST,-6,,,,,,,,,,,
Iowa,IA,Salina,,,,,,,,,41.04585,-91.8332,America/Chicago,CST,-6,,,,,,,,,,,
Iowa,IA,Salix,,,,,,,,51052,42.30833,-96.2878,America/Chicago,CST,-6,,,,,,,,,,,
Iowa,IA,Sanborn,,,,,,,,,43.17287,-95.644,America/Chicago,CST,-6,,,,,,,,,,,
Iowa,IA,Sand Springs,,,,,,,,,42.3175,-91.1893,America/Chicago,CST,-6,,,,,,,,,,,
Iowa,IA,Sandusky,,,,,,,,,40.46449,-91.3874,America/Chicago,CST,-6,,,,,,,,,,,
Iowa,IA,Sandy Beach Camp Ground,,,,,,,,,0,0,,,,,,,,,,,,,,
Iowa,IA,Sandyville,,,,,,,,,41.37083,-93.3863,America/Chicago,CST,-6,,,,,,,,,,,
Iowa,IA,Saratoga,,,,,,,,,43.37136,-92.406,America/Chicago,CST,-6,,,,,,,,,,,
Iowa,IA,Sattre,,,,,,,,,43.39219,-91.6396,America/Chicago,CST,-6,,,,,,,,,,,
Iowa,IA,Saude,,,,,,,,,43.19803,-92.1613,America/Chicago,CST,-6,,,,,,,,,,,
Iowa,IA,Sawyer,,,,,,,,,40.69643,-91.3552,America/Chicago,CST,-6,,,,,,,,,,,
Iowa,IA,Saylorville,,,,,,,,,41.6786,-93.6297,America/Chicago,CST,-6,,,,,,,,,,,
Iowa,IA,Saylorville Lake,,,,,,,,,41.6786,-93.6297,America/Chicago,CST,-6,,,,,,,,,,,
Iowa,IA,Scarville,,,,,,,,50473,43.45734,-93.6746,America/Chicago,CST,-6,,,,,,,,,,,
Iowa,IA,Schaller,,,,,,,,51053,42.48067,-95.2651,America/Chicago,CST,-6,,,,,,,,,,,
Iowa,IA,Schleswig,,,,,,,,51461,42.16527,-95.4369,America/Chicago,CST,-6,,,,,,,,,,,
Iowa,IA,Schley,,,,,,,,,43.3033,-92.2191,America/Chicago,CST,-6,,,,,,,,,,,
Iowa,IA,Scotch Grove,,,,,,,,,42.17278,-91.1076,America/Chicago,CST,-6,,,,,,,,,,,
Iowa,IA,Scott County Park,,,,,,,,,0,0,,,,,,,,,,,,,,
Iowa,IA,Scranton,,,,,,,,51462,42.02913,-94.542,America/Chicago,CST,-6,,,,,,,,,,,
Iowa,IA,Searsboro,,,,,,,,50242,41.56963,-92.6542,America/Chicago,CST,-6,,,,,,,,,,,
Iowa,IA,Selma,,,,,,,,52588,40.86512,-92.1704,America/Chicago,CST,-6,,,,,,,,,,,
Iowa,IA,Sergeant Bluff,,,,,,,,51054,42.38787,-96.3359,America/Chicago,CST,-6,,,,,,,,,,,
Iowa,IA,Seymour,,,,,,,,52590,40.71052,-93.1304,America/Chicago,CST,-6,,,,,,,,,,,
Iowa,IA,Shambaugh,,,,,,,,51651,40.65747,-95.025,America/Chicago,CST,-6,,,,,,,,,,,
Iowa,IA,Shannon City,,,,,,,,50861,40.93366,-94.2429,America/Chicago,CST,-6,,,,,,,,,,,
Iowa,IA,Sharon Center,,,,,,,,,41.56918,-91.6613,America/Chicago,CST,-6,,,,,,,,,,,
Iowa,IA,Sharpsburg,,,,,,,,50862,40.81293,-94.6621,America/Chicago,CST,-6,,,,,,,,,,,
Iowa,IA,Sheffield,,,,,,,,50475,42.89441,-93.2119,America/Chicago,CST,-6,,,,,,,,,,,
Iowa,IA,Shelby,,,,,,,,51570,41.5161,-95.4503,America/Chicago,CST,-6,,,,,,,,,,,
Iowa,IA,Sheldahl,,,,,,,,50243,41.85707,-93.6973,America/Chicago,CST,-6,,,,,,,,,,,
Iowa,IA,Sheldon,,,,,,,,,43.17089,-95.7929,America/Chicago,CST,-6,,,,,,,,,,,
Iowa,IA,Shell Rock,,,,,,,,50670,42.67431,-92.6335,America/Chicago,CST,-6,,,,,,,,,,,
Iowa,IA,Shellsburg,,,,,,,,52332,42.10144,-91.9142,America/Chicago,CST,-6,,,,,,,,,,,
Iowa,IA,Shenandoah,,,,,,,,51603###51601,40.72613,-95.3496,America/Chicago,CST,-6,,,,,,,,,,,
Iowa,IA,Sherman Park,,,,,,,,,0,0,,,,,,,,,,,,,,
Iowa,IA,Sherrill,,,,,,,,52073,42.5854,-90.8119,America/Chicago,CST,-6,,,,,,,,,,,
Iowa,IA,Shimek State Forest,,,,,,,,,0,0,,,,,,,,,,,,,,
Iowa,IA,Shueyville,,,,,,,,,41.92306,-91.6989,America/Chicago,CST,-6,,,,,,,,,,,
Iowa,IA,Sibley,,,,,,,,51249,43.37768,-95.6248,America/Chicago,CST,-6,,,,,,,,,,,
Iowa,IA,Sidney,,,,,,,,51652,40.77152,-95.6264,America/Chicago,CST,-6,,,,,,,,,,,
Iowa,IA,Sig-Nor Field Airport,,,,,,,,,0,0,,,,,,,,,,,,,,
Iowa,IA,Sigourney,,,,,,,,52591,41.31088,-92.1592,America/Chicago,CST,-6,,,,,,,,,,,
Iowa,IA,Sigourney Iowa Airport,,,,,,,,,0,0,,,,,,,,,,,,,,
Iowa,IA,Silver City,,,,,,,,51571,41.11064,-95.605,America/Chicago,CST,-6,,,,,,,,,,,
Iowa,IA,Sioux Center,,,,,,,,51250,43.08401,-96.2696,America/Chicago,CST,-6,,,,,,,,,,,
Iowa,IA,Sioux City,,,,,,,,51111###51102###51108###51106###51105###51101###51109###51104###51103,42.49475,-96.3994,America/Chicago,CST,-6,,,,,,,,,,,
Iowa,IA,Sioux Rapids,,,,,,,,50585,42.89331,-95.1511,America/Chicago,CST,-6,,,,,,,,,,,
Iowa,IA,Slater,,,,,,,,50244,41.8925,-93.664,America/Chicago,CST,-6,,,,,,,,,,,
Iowa,IA,Sloan,,,,,,,,51055,42.23277,-96.2281,America/Chicago,CST,-6,,,,,,,,,,,
Iowa,IA,Smithland,,,,,,,,51056,42.22916,-95.9308,America/Chicago,CST,-6,,,,,,,,,,,
Iowa,IA,Smiths,,,,,,,,,0,0,,,,,,,,,,,,,,
Iowa,IA,Soldier,,,,,,,,51572,41.99401,-95.7785,America/Chicago,CST,-6,,,,,,,,,,,
Iowa,IA,Solon,,,,,,,,52333,41.79285,-91.5061,America/Chicago,CST,-6,,,,,,,,,,,
Iowa,IA,Somers,,,,,,,,50586,42.38648,-94.4545,America/Chicago,CST,-6,,,,,,,,,,,
Iowa,IA,South Amana,,,,,,,,52334,41.72437,-91.9393,America/Chicago,CST,-6,,,,,,,,,,,
Iowa,IA,South Augusta,,,,,,,,,0,0,,,,,,,,,,,,,,
Iowa,IA,South English,,,,,,,,52335,41.45286,-92.068,America/Chicago,CST,-6,,,,,,,,,,,
Iowa,IA,South Gary Owen,,,,,,,,,0,0,,,,,,,,,,,,,,
Iowa,IA,Spencer,,,,,,,,51301,43.13291,-95.1779,America/Chicago,CST,-6,,,,,,,,,,,
Iowa,IA,Spencers Grove,,,,,,,,,42.49306,-90.8712,America/Chicago,CST,-6,,,,,,,,,,,
Iowa,IA,Sperry,,,,,,,,52650,40.95698,-91.1565,America/Chicago,CST,-6,,,,,,,,,,,
Iowa,IA,Spillville,,,,,,,,52168,43.20548,-91.9524,America/Chicago,CST,-6,,,,,,,,,,,
Iowa,IA,Spirit Lake,,,,,,,,51360,43.407,-95.1218,America/Chicago,CST,-6,,,,,,,,,,,
Iowa,IA,Spragueville,,,,,,,,52074,42.09836,-90.479,America/Chicago,CST,-6,,,,,,,,,,,
Iowa,IA,Spring Grove,,,,,,,,,40.73976,-91.1582,America/Chicago,CST,-6,,,,,,,,,,,
Iowa,IA,Spring Hill,,,,,,,,,41.41138,-93.6449,America/Chicago,CST,-6,,,,,,,,,,,
Iowa,IA,Springbrook,,,,,,,,52075,42.16477,-90.4984,America/Chicago,CST,-6,,,,,,,,,,,
Iowa,IA,Springdale,,,,,,,,,41.67058,-91.259,America/Chicago,CST,-6,,,,,,,,,,,
Iowa,IA,Springville,,,,,,,,52336,42.06334,-91.4719,America/Chicago,CST,-6,,,,,,,,,,,
Iowa,IA,St. Ansgar,,,,,,,,,43.3758,-92.9169,America/Chicago,CST,-6,,,,,,,,,,,
Iowa,IA,St. Anthony,,,,,,,,,42.14091,-93.1745,America/Chicago,CST,-6,,,,,,,,,,,
Iowa,IA,St. Charles,,,,,,,,,41.28934,-93.8627,America/Chicago,CST,-6,,,,,,,,,,,
Iowa,IA,St. Donatus,,,,,,,,,42.31958,-90.4903,America/Chicago,CST,-6,,,,,,,,,,,
Iowa,IA,St. Lucas,,,,,,,,,43.06636,-91.9335,America/Chicago,CST,-6,,,,,,,,,,,
Iowa,IA,St. Marys,,,,,,,,,41.30841,-93.7369,America/Chicago,CST,-6,,,,,,,,,,,
Iowa,IA,St. Olaf,,,,,,,,,42.9286,-91.3863,America/Chicago,CST,-6,,,,,,,,,,,
Iowa,IA,St. Paul,,,,,,,,,40.76948,-91.5171,America/Chicago,CST,-6,,,,,,,,,,,
Iowa,IA,Stacyville,,,,,,,,50476,43.43913,-92.7821,America/Chicago,CST,-6,,,,,,,,,,,
Iowa,IA,Stanhope,,,,,,,,50246,42.29667,-93.7766,America/Chicago,CST,-6,,,,,,,,,,,
Iowa,IA,Stanley,,,,,,,,50671,42.64276,-91.8127,America/Chicago,CST,-6,,,,,,,,,,,
Iowa,IA,Stanton,,,,,,,,51573,40.98012,-95.1158,America/Chicago,CST,-6,,,,,,,,,,,
Iowa,IA,Stanwood,,,,,,,,52337,41.89206,-91.1521,America/Chicago,CST,-6,,,,,,,,,,,
Iowa,IA,State Center,,,,,,,,50247,42.02551,-93.1448,America/Chicago,CST,-6,,,,,,,,,,,
Iowa,IA,Steamboat Rock,,,,,,,,50672,42.41233,-93.0848,America/Chicago,CST,-6,,,,,,,,,,,
Iowa,IA,Stockport,,,,,,,,52651,40.85753,-91.8352,America/Chicago,CST,-6,,,,,,,,,,,
Iowa,IA,Stockton,,,,,,,,52769,41.53873,-90.8569,America/Chicago,CST,-6,,,,,,,,,,,
Iowa,IA,Stone City,,,,,,,,,42.11389,-91.3493,America/Chicago,CST,-6,,,,,,,,,,,
Iowa,IA,Storm Lake,,,,,,,,50588,42.69318,-95.1518,America/Chicago,CST,-6,,,,,,,,,,,
Iowa,IA,Story City,,,,,,,,50248,42.15807,-93.6101,America/Chicago,CST,-6,,,,,,,,,,,
Iowa,IA,Stout,,,,,,,,50673,42.52637,-92.7119,America/Chicago,CST,-6,,,,,,,,,,,
Iowa,IA,Stratford,,,,,,,,50249,42.27137,-93.9272,America/Chicago,CST,-6,,,,,,,,,,,
Iowa,IA,Strawberry Point,,,,,,,,52076,42.72041,-91.49,America/Chicago,CST,-6,,,,,,,,,,,
Iowa,IA,Struble,,,,,,,,,42.83764,-96.1786,America/Chicago,CST,-6,,,,,,,,,,,
Iowa,IA,Stuart,,,,,,,,50250,41.57397,-94.3396,America/Chicago,CST,-6,,,,,,,,,,,
Iowa,IA,Sugar Bottom Camp Ground,,,,,,,,,0,0,,,,,,,,,,,,,,
Iowa,IA,Sully,,,,,,,,50251,41.57683,-92.9244,America/Chicago,CST,-6,,,,,,,,,,,
Iowa,IA,Summitville,,,,,,,,,40.47282,-91.4488,America/Chicago,CST,-6,,,,,,,,,,,
Iowa,IA,Sumner,,,,,,,,50674,42.84748,-92.0916,America/Chicago,CST,-6,,,,,,,,,,,
Iowa,IA,Sunbury,,,,,,,,,41.67003,-90.931,America/Chicago,CST,-6,,,,,,,,,,,
Iowa,IA,Superior,,,,,,,,51363,43.43184,-94.9469,America/Chicago,CST,-6,,,,,,,,,,,
Iowa,IA,Sutherland,,,,,,,,,42.99713,-95.4863,America/Chicago,CST,-6,,,,,,,,,,,
Iowa,IA,Sutliff,,,,,,,,,41.83918,-91.3916,America/Chicago,CST,-6,,,,,,,,,,,
Iowa,IA,Swaledale,,,,,,,,50477,42.98427,-93.3561,America/Chicago,CST,-6,,,,,,,,,,,
Iowa,IA,Swan,,,,,,,,50252,41.46527,-93.3113,America/Chicago,CST,-6,,,,,,,,,,,
Iowa,IA,Swea City,,,,,,,,50590,43.38551,-94.3097,America/Chicago,CST,-6,,,,,,,,,,,
Iowa,IA,Swedesburg,,,,,,,,52652,41.1043,-91.547,America/Chicago,CST,-6,,,,,,,,,,,
Iowa,IA,Sweetland Center,,,,,,,,,41.49336,-90.9696,America/Chicago,CST,-6,,,,,,,,,,,
Iowa,IA,Swisher,,,,,,,,52338,41.82711,-91.7216,America/Chicago,CST,-6,,,,,,,,,,,
Iowa,IA,Tabor,,,,,,,,51653,40.89833,-95.6714,America/Chicago,CST,-6,,,,,,,,,,,
Iowa,IA,Talleyrand,,,,,,,,,41.29501,-91.9652,America/Chicago,CST,-6,,,,,,,,,,,
Iowa,IA,Tama,,,,,,,,52339,41.93409,-92.5855,America/Chicago,CST,-6,,,,,,,,,,,
Iowa,IA,Teeds Grove,,,,,,,,52771,41.99911,-90.2187,America/Chicago,CST,-6,,,,,,,,,,,
Iowa,IA,Temple Hill,,,,,,,,,0,0,,,,,,,,,,,,,,
Iowa,IA,Templeton,,,,,,,,51463,41.9127,-94.8987,America/Chicago,CST,-6,,,,,,,,,,,
Iowa,IA,Tennant,,,,,,,,,41.59566,-95.4419,America/Chicago,CST,-6,,,,,,,,,,,
Iowa,IA,Terril,,,,,,,,51364,43.30579,-94.9717,America/Chicago,CST,-6,,,,,,,,,,,
Iowa,IA,Thayer,,,,,,,,50254,40.97869,-94.1004,America/Chicago,CST,-6,,,,,,,,,,,
Iowa,IA,Thompson,,,,,,,,50478,43.40641,-93.7486,America/Chicago,CST,-6,,,,,,,,,,,
Iowa,IA,Thor,,,,,,,,50591,42.68803,-94.0494,America/Chicago,CST,-6,,,,,,,,,,,
Iowa,IA,Thornburg,,,,,,,,50255,41.45473,-92.3357,America/Chicago,CST,-6,,,,,,,,,,,
Iowa,IA,Thornton,,,,,,,,50479,42.94385,-93.3816,America/Chicago,CST,-6,,,,,,,,,,,
Iowa,IA,Three Elms County,,,,,,,,,42.07002,-93.4933,,,,,,,,,,,,,,
Iowa,IA,Thurman,,,,,,,,51654,40.79334,-95.7586,America/Chicago,CST,-6,,,,,,,,,,,
Iowa,IA,Tiffin,,,,,,,,52340,41.70179,-91.6773,America/Chicago,CST,-6,,,,,,,,,,,
Iowa,IA,Tingley,,,,,,,,50863,40.85359,-94.194,America/Chicago,CST,-6,,,,,,,,,,,
Iowa,IA,Tipton,,,,,,,,52772,41.7725,-91.1325,America/Chicago,CST,-6,,,,,,,,,,,
Iowa,IA,Tipton Matthews Airport,,,,,,,,,0,0,,,,,,,,,,,,,,
Iowa,IA,Titonka,,,,,,,,50480,43.25339,-94.0593,America/Chicago,CST,-6,,,,,,,,,,,
Iowa,IA,Toddville,,,,,,,,52341,42.11167,-91.7329,America/Chicago,CST,-6,,,,,,,,,,,
Iowa,IA,Toeterville,,,,,,,,50481,43.35644,-92.789,America/Chicago,CST,-6,,,,,,,,,,,
Iowa,IA,Toledo,,,,,,,,52342,42.06897,-92.5517,America/Chicago,CST,-6,,,,,,,,,,,
Iowa,IA,Toolesboro,,,,,,,,,0,0,,,,,,,,,,,,,,
Iowa,IA,Toronto,,,,,,,,,41.90502,-90.864,America/Chicago,CST,-6,,,,,,,,,,,
Iowa,IA,Traer,,,,,,,,50675,42.17362,-92.5272,America/Chicago,CST,-6,,,,,,,,,,,
Iowa,IA,Trenton,,,,,,,,,41.06169,-91.6374,America/Chicago,CST,-6,,,,,,,,,,,
Iowa,IA,Treynor,,,,,,,,51575,41.23074,-95.6086,America/Chicago,CST,-6,,,,,,,,,,,
Iowa,IA,Tripoli,,,,,,,,50676,42.7862,-92.2786,America/Chicago,CST,-6,,,,,,,,,,,
Iowa,IA,Troy Mills,,,,,,,,52344,42.07942,-91.5992,America/Chicago,CST,-6,,,,,,,,,,,
Iowa,IA,Troy Mills Park,,,,,,,,,42.07942,-91.5992,America/Chicago,CST,-6,,,,,,,,,,,
Iowa,IA,Truesdale,,,,,,,,50592,42.72617,-95.1853,America/Chicago,CST,-6,,,,,,,,,,,
Iowa,IA,Truro,,,,,,,,50257,41.20638,-93.8635,America/Chicago,CST,-6,,,,,,,,,,,
Iowa,IA,Turin,,,,,,,,,42.03321,-95.9651,America/Chicago,CST,-6,,,,,,,,,,,
Iowa,IA,Turtle Creek Park,,,,,,,,,0,0,,,,,,,,,,,,,,
Iowa,IA,Twin Bridges Park,,,,,,,,,0,0,,,,,,,,,,,,,,
Iowa,IA,Twin View Heights,,,,,,,,,41.81057,-91.5732,America/Chicago,CST,-6,,,,,,,,,,,
Iowa,IA,Udell,,,,,,,,52593,40.78085,-92.7421,America/Chicago,CST,-6,,,,,,,,,,,
Iowa,IA,Underwood,,,,,,,,51576,41.38299,-95.7215,America/Chicago,CST,-6,,,,,,,,,,,
Iowa,IA,Union,,,,,,,,50258,42.25227,-93.089,America/Chicago,CST,-6,,,,,,,,,,,
Iowa,IA,Unionville,,,,,,,,52594,40.81249,-92.7015,America/Chicago,CST,-6,,,,,,,,,,,
Iowa,IA,University Heights,,,,,,,,,41.65502,-91.5568,America/Chicago,CST,-6,,,,,,,,,,,
Iowa,IA,University Of Iowa,,,,,,,,,0,0,,,,,,,,,,,,,,
Iowa,IA,University Park,,,,,,,,52595,41.28638,-92.6184,America/Chicago,CST,-6,,,,,,,,,,,
Iowa,IA,Upper South Amana,,,,,,,,,41.72437,-91.9393,America/Chicago,CST,-6,,,,,,,,,,,
Iowa,IA,Urbana,,,,,,,,52345,42.23651,-91.8881,America/Chicago,CST,-6,,,,,,,,,,,
Iowa,IA,Urbandale,,,,,,,,50323###50322,41.63045,-93.7536,America/Chicago,CST,-6,,,,,,,,,,,
Iowa,IA,Ute,,,,,,,,51060,42.03371,-95.7209,America/Chicago,CST,-6,,,,,,,,,,,
Iowa,IA,Utica,,,,,,,,,0,0,,,,,,,,,,,,,,
Iowa,IA,Vail,,,,,,,,51465,42.03719,-95.2565,America/Chicago,CST,-6,,,,,,,,,,,
Iowa,IA,Valeria,,,,,,,,,41.72999,-93.3252,America/Chicago,CST,-6,,,,,,,,,,,
Iowa,IA,Van Buren,,,,,,,,,0,0,,,,,,,,,,,,,,
Iowa,IA,Van Horne,,,,,,,,52346,42.0144,-92.0672,America/Chicago,CST,-6,,,,,,,,,,,
Iowa,IA,Van Meter,,,,,,,,50261,41.53332,-93.9544,America/Chicago,CST,-6,,,,,,,,,,,
Iowa,IA,Van Wert,,,,,,,,50262,40.86972,-93.793,America/Chicago,CST,-6,,,,,,,,,,,
Iowa,IA,Varina,,,,,,,,50593,42.65979,-94.8979,America/Chicago,CST,-6,,,,,,,,,,,
Iowa,IA,Ventura,,,,,,,,50482,43.12913,-93.478,America/Chicago,CST,-6,,,,,,,,,,,
Iowa,IA,Vernon Springs,,,,,,,,,43.34997,-92.1382,America/Chicago,CST,-6,,,,,,,,,,,
Iowa,IA,Victor,,,,,,,,52347,41.70664,-92.2513,America/Chicago,CST,-6,,,,,,,,,,,
Iowa,IA,Village Creek,,,,,,,,,43.30914,-91.2351,America/Chicago,CST,-6,,,,,,,,,,,
Iowa,IA,Villisca,,,,,,,,50864,40.92499,-94.9772,America/Chicago,CST,-6,,,,,,,,,,,
Iowa,IA,Vincennes,,,,,,,,,0,0,,,,,,,,,,,,,,
Iowa,IA,Vincent,,,,,,,,50594,42.58175,-94.0307,America/Chicago,CST,-6,,,,,,,,,,,
Iowa,IA,Vining,,,,,,,,52348,41.98999,-92.3799,America/Chicago,CST,-6,,,,,,,,,,,
Iowa,IA,Vinton,,,,,,,,52349,42.08735,-91.9873,America/Chicago,CST,-6,,,,,,,,,,,
Iowa,IA,Vinton Memorial Airport,,,,,,,,,0,0,,,,,,,,,,,,,,
Iowa,IA,Viola,,,,,,,,,42.09122,-91.385,America/Chicago,CST,-6,,,,,,,,,,,
Iowa,IA,Volga,,,,,,,,52077,42.84445,-91.4965,America/Chicago,CST,-6,,,,,,,,,,,
Iowa,IA,Volney,,,,,,,,,43.13054,-91.3737,America/Chicago,CST,-6,,,,,,,,,,,
Iowa,IA,Wadena,,,,,,,,52169,42.84101,-91.6742,America/Chicago,CST,-6,,,,,,,,,,,
Iowa,IA,Wahpeton,,,,,,,,,43.36608,-95.1719,America/Chicago,CST,-6,,,,,,,,,,,
Iowa,IA,Walcott,,,,,,,,52773,41.61358,-90.7535,America/Chicago,CST,-6,,,,,,,,,,,
Iowa,IA,Walford,,,,,,,,52351,41.87705,-91.8369,America/Chicago,CST,-6,,,,,,,,,,,
Iowa,IA,Walker,,,,,,,,52352,42.25516,-91.7266,America/Chicago,CST,-6,,,,,,,,,,,
Iowa,IA,Wall Lake,,,,,,,,51466,42.26808,-95.1212,America/Chicago,CST,-6,,,,,,,,,,,
Iowa,IA,Wallingford,,,,,,,,51365,43.31887,-94.7964,America/Chicago,CST,-6,,,,,,,,,,,
Iowa,IA,Walnut,,,,,,,,51577,41.47749,-95.2219,America/Chicago,CST,-6,,,,,,,,,,,
Iowa,IA,Wapello,,,,,,,,52653,41.20353,-91.2075,America/Chicago,CST,-6,,,,,,,,,,,
Iowa,IA,Wapsipinicon Golf Course,,,,,,,,,41.60759,-93.7449,America/Chicago,CST,-6,,,,,,,,,,,
Iowa,IA,Wapsipinicon State Park,,,,,,,,,0,0,,,,,,,,,,,,,,
Iowa,IA,Washington,,,,,,,,52353,41.31663,-91.7518,America/Chicago,CST,-6,,,,,,,,,,,
Iowa,IA,Washington Airport,,,,,,,,,41.31663,-91.7518,America/Chicago,CST,-6,,,,,,,,,,,
Iowa,IA,Washington Mills,,,,,,,,,41.31663,-91.7518,America/Chicago,CST,-6,,,,,,,,,,,
Iowa,IA,Washta,,,,,,,,51061,42.57554,-95.7175,America/Chicago,CST,-6,,,,,,,,,,,
Iowa,IA,Waterloo,,,,,,,,50704###50703###50701###50702,42.44112,-92.3392,America/Chicago,CST,-6,,,,,,,,,,,
Iowa,IA,Waterville,,,,,,,,52170,43.21729,-91.3103,America/Chicago,CST,-6,,,,,,,,,,,
Iowa,IA,Watkins,,,,,,,,52354,41.92003,-91.9787,America/Chicago,CST,-6,,,,,,,,,,,
Iowa,IA,Watson,,,,,,,,,43.07526,-91.3301,America/Chicago,CST,-6,,,,,,,,,,,
Iowa,IA,Waubeek,,,,,,,,,42.16583,-91.4652,America/Chicago,CST,-6,,,,,,,,,,,
Iowa,IA,Waucoma,,,,,,,,52171,43.05609,-92.0332,America/Chicago,CST,-6,,,,,,,,,,,
Iowa,IA,Waukee,,,,,,,,50263,41.59896,-93.8753,America/Chicago,CST,-6,,,,,,,,,,,
Iowa,IA,Waukon,,,,,,,,52172,43.29003,-91.4458,America/Chicago,CST,-6,,,,,,,,,,,
Iowa,IA,Waukon Jct,,,,,,,,,43.29003,-91.4458,America/Chicago,CST,-6,,,,,,,,,,,
Iowa,IA,Waupeton,,,,,,,,,42.66777,-90.8824,America/Chicago,CST,-6,,,,,,,,,,,
Iowa,IA,Waverly,,,,,,,,50677,42.77478,-92.404,America/Chicago,CST,-6,,,,,,,,,,,
Iowa,IA,Wayland,,,,,,,,52654,41.14724,-91.6607,America/Chicago,CST,-6,,,,,,,,,,,
Iowa,IA,Webb,,,,,,,,51366,42.96722,-95.0132,America/Chicago,CST,-6,,,,,,,,,,,
Iowa,IA,Webster,,,,,,,,52355,41.44914,-92.169,America/Chicago,CST,-6,,,,,,,,,,,
Iowa,IA,Webster City,,,,,,,,50595,42.43416,-93.8256,America/Chicago,CST,-6,,,,,,,,,,,
Iowa,IA,Weldon,,,,,,,,50264,40.88582,-93.7616,America/Chicago,CST,-6,,,,,,,,,,,
Iowa,IA,Wellman,,,,,,,,52356,41.44866,-91.8403,America/Chicago,CST,-6,,,,,,,,,,,
Iowa,IA,Wellsburg,,,,,,,,50680,42.44505,-92.9262,America/Chicago,CST,-6,,,,,,,,,,,
Iowa,IA,Welton,,,,,,,,52774,41.90808,-90.5954,America/Chicago,CST,-6,,,,,,,,,,,
Iowa,IA,Wesley,,,,,,,,50483,43.1033,-94.0295,America/Chicago,CST,-6,,,,,,,,,,,
Iowa,IA,West Amana,,,,,,,,,41.81224,-91.9139,America/Chicago,CST,-6,,,,,,,,,,,
Iowa,IA,West Bend,,,,,,,,50597,43.00247,-94.5016,America/Chicago,CST,-6,,,,,,,,,,,
Iowa,IA,West Branch,,,,,,,,52358,41.72892,-91.2506,America/Chicago,CST,-6,,,,,,,,,,,
Iowa,IA,West Burlington,,,,,,,,52655,40.85078,-91.2299,America/Chicago,CST,-6,,,,,,,,,,,
Iowa,IA,West Chester,,,,,,,,52359,41.3389,-91.8177,America/Chicago,CST,-6,,,,,,,,,,,
Iowa,IA,West Des Moines,,,,,,,,50265###50398###50266,41.56714,-93.7172,America/Chicago,CST,-6,,,,,,,,,,,
Iowa,IA,West Lake Park,,,,,,,,,43.39967,-95.2842,America/Chicago,CST,-6,,,,,,,,,,,
Iowa,IA,West Liberty,,,,,,,,52776,41.56919,-91.2607,America/Chicago,CST,-6,,,,,,,,,,,
Iowa,IA,West Okoboji,,,,,,,,,43.3533,-95.1625,America/Chicago,CST,-6,,,,,,,,,,,
Iowa,IA,West Overlook,,,,,,,,,0,0,,,,,,,,,,,,,,
Iowa,IA,West Point,,,,,,,,52656,40.7167,-91.4502,America/Chicago,CST,-6,,,,,,,,,,,
Iowa,IA,West Union,,,,,,,,52175,42.94383,-91.8334,America/Chicago,CST,-6,,,,,,,,,,,
Iowa,IA,Westfield,,,,,,,,51062,42.70123,-96.5094,America/Chicago,CST,-6,,,,,,,,,,,
Iowa,IA,Westgate,,,,,,,,50681,42.78121,-92.0122,America/Chicago,CST,-6,,,,,,,,,,,
Iowa,IA,Westphalia,,,,,,,,51578,41.71936,-95.3946,America/Chicago,CST,-6,,,,,,,,,,,
Iowa,IA,Westside,,,,,,,,51467,42.05915,-95.0981,America/Chicago,CST,-6,,,,,,,,,,,
Iowa,IA,Westwood,,,,,,,,,40.96558,-91.6238,America/Chicago,CST,-6,,,,,,,,,,,
Iowa,IA,Wever,,,,,,,,52658,40.7129,-91.2382,America/Chicago,CST,-6,,,,,,,,,,,
Iowa,IA,What Cheer,,,,,,,,50268,41.39631,-92.3313,America/Chicago,CST,-6,,,,,,,,,,,
Iowa,IA,Wheatland,,,,,,,,52777,41.8303,-90.8396,America/Chicago,CST,-6,,,,,,,,,,,
Iowa,IA,Whiting,,,,,,,,51063,42.14965,-96.1796,America/Chicago,CST,-6,,,,,,,,,,,
Iowa,IA,Whittemore,,,,,,,,50598,43.0825,-94.3899,America/Chicago,CST,-6,,,,,,,,,,,
Iowa,IA,Whitten,,,,,,,,50269,42.27177,-93.0214,America/Chicago,CST,-6,,,,,,,,,,,
Iowa,IA,Whittier,,,,,,,,,42.09472,-91.4627,America/Chicago,CST,-6,,,,,,,,,,,
Iowa,IA,Wildcat Den State Park,,,,,,,,,0,0,,,,,,,,,,,,,,
Iowa,IA,Wildwood Acres,,,,,,,,,0,0,,,,,,,,,,,,,,
Iowa,IA,Willey,,,,,,,,,41.97915,-94.8222,America/Chicago,CST,-6,,,,,,,,,,,
Iowa,IA,Williams,,,,,,,,50271,42.47773,-93.5546,America/Chicago,CST,-6,,,,,,,,,,,
Iowa,IA,Williamsburg,,,,,,,,52361,41.65,-92.0652,America/Chicago,CST,-6,,,,,,,,,,,
Iowa,IA,Williamson,,,,,,,,50272,41.09593,-93.2559,America/Chicago,CST,-6,,,,,,,,,,,
Iowa,IA,Williamstown,,,,,,,,,41.57002,-91.7324,America/Chicago,CST,-6,,,,,,,,,,,
Iowa,IA,Wilton,,,,,,,,52778,41.55974,-90.9592,America/Chicago,CST,-6,,,,,,,,,,,
Iowa,IA,Windham,,,,,,,,,41.6089,-91.7621,America/Chicago,CST,-6,,,,,,,,,,,
Iowa,IA,Windsor Heights,,,,,,,,50324,41.60103,-93.6729,America/Chicago,CST,-6,,,,,,,,,,,
Iowa,IA,Winfield,,,,,,,,52659,41.12308,-91.4413,America/Chicago,CST,-6,,,,,,,,,,,
Iowa,IA,Winterset,,,,,,,,50273,41.35162,-94.0422,America/Chicago,CST,-6,,,,,,,,,,,
Iowa,IA,Winthrop,,,,,,,,50682,42.47137,-91.7363,America/Chicago,CST,-6,,,,,,,,,,,
Iowa,IA,Winthrop Golf Course,,,,,,,,,42.47137,-91.7363,America/Chicago,CST,-6,,,,,,,,,,,
Iowa,IA,Wiota,,,,,,,,50274,41.37439,-94.9049,America/Chicago,CST,-6,,,,,,,,,,,
Iowa,IA,Woden,,,,,,,,50484,43.23302,-93.9091,America/Chicago,CST,-6,,,,,,,,,,,
Iowa,IA,Woodbine,,,,,,,,51579,41.74517,-95.7167,America/Chicago,CST,-6,,,,,,,,,,,
Iowa,IA,Woodburn,,,,,,,,50275,41.02982,-93.6149,America/Chicago,CST,-6,,,,,,,,,,,
Iowa,IA,Woodward,,,,,,,,50276,41.85776,-93.9216,America/Chicago,CST,-6,,,,,,,,,,,
Iowa,IA,Woolstock,,,,,,,,50599,42.60098,-93.7944,America/Chicago,CST,-6,,,,,,,,,,,
Iowa,IA,Worthington,,,,,,,,52078,42.38874,-91.0894,America/Chicago,CST,-6,,,,,,,,,,,
Iowa,IA,Wyman,,,,,,,,,41.19225,-91.474,America/Chicago,CST,-6,,,,,,,,,,,
Iowa,IA,Wyoming,,,,,,,,52362,42.06528,-91.0789,America/Chicago,CST,-6,,,,,,,,,,,
Iowa,IA,Yale,,,,,,,,50277,41.77593,-94.358,America/Chicago,CST,-6,,,,,,,,,,,
Iowa,IA,Yarmouth,,,,,,,,52660,40.98351,-91.3026,America/Chicago,CST,-6,,,,,,,,,,,
Iowa,IA,Yetter,,,,,,,,,42.31609,-94.8461,America/Chicago,CST,-6,,,,,,,,,,,
Iowa,IA,Yorktown,,,,,,,,51656,40.73745,-95.1562,America/Chicago,CST,-6,,,,,,,,,,,
Iowa,IA,Zearing,,,,,,,,50278,42.14985,-93.299,America/Chicago,CST,-6,,,,,,,,,,,
Iowa,IA,Zwingle,,,,,,,,52079,42.33845,-90.7145,America/Chicago,CST,-6,,,,,,,,,,,
