Idaho,ID,Aberdeen,,,,,,,,83210,43.00488,-112.84,America/Boise,MST,-7,,,,,,,,,,,
Idaho,ID,Acequia,,,,,,,,,0,0,,,,,,,,,,,,,,
Idaho,ID,Ahsahka,,,,,,,,83520,46.54631,-116.325,America/Los_Angeles,PST,-8,,,,,,,,,,,
Idaho,ID,Albion,,,,,,,,83311,42.41269,-113.578,America/Boise,MST,-7,,,,,,,,,,,
Idaho,ID,Almo,,,,,,,,83312,42.08461,-113.628,America/Boise,MST,-7,,,,,,,,,,,
Idaho,ID,Alton,,,,,,,,,0,0,,,,,,,,,,,,,,
Idaho,ID,American Falls,,,,,,,,83211,42.63523,-112.946,America/Boise,MST,-7,,,,,,,,,,,
Idaho,ID,Ammon,,,,,,,,,0,0,,,,,,,,,,,,,,
Idaho,ID,Anderson Dam,,,,,,,,,0,0,,,,,,,,,,,,,,
Idaho,ID,Arbon Valley,,,,,,,,,42.51279,-112.543,America/Boise,MST,-7,,,,,,,,,,,
Idaho,ID,Archer,,,,,,,,,0,0,,,,,,,,,,,,,,
Idaho,ID,Arco,,,,,,,,83213,43.63424,-113.213,America/Boise,MST,-7,,,,,,,,,,,
Idaho,ID,Arimo,,,,,,,,83214,42.56674,-112.259,America/Boise,MST,-7,,,,,,,,,,,
Idaho,ID,Ashton,,,,,,,,83420,44.01526,-111.425,America/Boise,MST,-7,,,,,,,,,,,
Idaho,ID,Athol,,,,,,,,,47.92236,-116.686,America/Los_Angeles,PST,-8,,,,,,,,,,,
Idaho,ID,Atlanta,,,,,,,,83601,43.84792,-115.254,America/Boise,MST,-7,,,,,,,,,,,
Idaho,ID,Atomic City,,,,,,,,83215,43.44491,-112.813,America/Boise,MST,-7,,,,,,,,,,,
Idaho,ID,Avery,,,,,,,,83802,47.25048,-115.805,America/Los_Angeles,PST,-8,,,,,,,,,,,
Idaho,ID,Baker,,,,,,,,,0,0,,,,,,,,,,,,,,
Idaho,ID,Bancroft,,,,,,,,83217,42.7202,-111.886,America/Boise,MST,-7,,,,,,,,,,,
Idaho,ID,Banida,,,,,,,,,42.23103,-111.942,America/Boise,MST,-7,,,,,,,,,,,
Idaho,ID,Banks,,,,,,,,83602,44.0887,-116.066,America/Boise,MST,-7,,,,,,,,,,,
Idaho,ID,Basalt,,,,,,,,83218,43.31547,-112.164,America/Boise,MST,-7,,,,,,,,,,,
Idaho,ID,Basin,,,,,,,,,0,0,,,,,,,,,,,,,,
Idaho,ID,Bayview,,,,,,,,,47.98217,-116.549,America/Los_Angeles,PST,-8,,,,,,,,,,,
Idaho,ID,Bear,,,,,,,,,0,0,,,,,,,,,,,,,,
Idaho,ID,Bellevue,,,,,,,,83313,43.39476,-114.218,America/Boise,MST,-7,,,,,,,,,,,
Idaho,ID,Bennington,,,,,,,,,0,0,,,,,,,,,,,,,,
Idaho,ID,Berenice,,,,,,,,,0,0,,,,,,,,,,,,,,
Idaho,ID,Bern,,,,,,,,83220,42.33965,-111.386,America/Boise,MST,-7,,,,,,,,,,,
Idaho,ID,Big Creek,,,,,,,,,45.12713,-115.324,America/Boise,MST,-7,,,,,,,,,,,
Idaho,ID,Big Springs,,,,,,,,,0,0,,,,,,,,,,,,,,
Idaho,ID,Black Pine,,,,,,,,,43.48406,-115.312,America/Boise,MST,-7,,,,,,,,,,,
Idaho,ID,Blackfoot,,,,,,,,83221,43.25133,-112.465,America/Boise,MST,-7,,,,,,,,,,,
Idaho,ID,Blaine,,,,,,,,,0,0,,,,,,,,,,,,,,
Idaho,ID,Blanchard,,,,,,,,83804,48.01685,-116.984,America/Los_Angeles,PST,-8,,,,,,,,,,,
Idaho,ID,Blanchard-Glengary,,,,,,,,,48.45528,-116.512,America/Los_Angeles,PST,-8,,,,,,,,,,,
Idaho,ID,Bliss,,,,,,,,83314,42.91899,-114.888,America/Boise,MST,-7,,,,,,,,,,,
Idaho,ID,Bloomington,,,,,,,,83223,42.19187,-111.401,America/Boise,MST,-7,,,,,,,,,,,
Idaho,ID,Boise,,,,,,,,83799###83701###83726###83728###83729###83756###83731###83735###83732###83725###83724###83708###83702###83707###83709###83712###83703###83704###83705###83706###83713###83715###83722###83711###83720###83719###83717###83716,43.60377,-116.273,America/Boise,MST,-7,,,,,,,,,,,
Idaho,ID,Bone,,,,,,,,,43.54241,-111.878,America/Boise,MST,-7,,,,,,,,,,,
Idaho,ID,Bonners Ferry,,,,,,,,83805,48.81408,-116.398,America/Los_Angeles,PST,-8,,,,,,,,,,,
Idaho,ID,Bovill,,,,,,,,83806,46.85879,-116.393,America/Los_Angeles,PST,-8,,,,,,,,,,,
Idaho,ID,Bridge,,,,,,,,,0,0,,,,,,,,,,,,,,
Idaho,ID,Brownlee Dam,,,,,,,,,0,0,,,,,,,,,,,,,,
Idaho,ID,Bruneau,,,,,,,,83604,42.61396,-115.842,America/Boise,MST,-7,,,,,,,,,,,
Idaho,ID,Buhl,,,,,,,,83316,42.5862,-114.83,America/Boise,MST,-7,,,,,,,,,,,
Idaho,ID,Buist,,,,,,,,,0,0,,,,,,,,,,,,,,
Idaho,ID,Burgdorf,,,,,,,,,0,0,,,,,,,,,,,,,,
Idaho,ID,Burley,,,,,,,,83318,42.39947,-113.849,America/Boise,MST,-7,,,,,,,,,,,
Idaho,ID,Butte City,,,,,,,,,43.6099,-113.244,America/Boise,MST,-7,,,,,,,,,,,
Idaho,ID,Cabinet,,,,,,,,,0,0,,,,,,,,,,,,,,
Idaho,ID,Calder,,,,,,,,83808,47.2777,-116.191,America/Los_Angeles,PST,-8,,,,,,,,,,,
Idaho,ID,Caldwell,,,,,,,,83605###83606###83607,43.66191,-116.656,America/Boise,MST,-7,,,,,,,,,,,
Idaho,ID,Camas,,,,,,,,,0,0,,,,,,,,,,,,,,
Idaho,ID,Cambridge,,,,,,,,83610,44.64251,-116.69,America/Boise,MST,-7,,,,,,,,,,,
Idaho,ID,Canfield,,,,,,,,,0,0,,,,,,,,,,,,,,
Idaho,ID,Cardiff,,,,,,,,,0,0,,,,,,,,,,,,,,
Idaho,ID,Carey,,,,,,,,83320,43.39174,-114.076,America/Boise,MST,-7,,,,,,,,,,,
Idaho,ID,Careywood,,,,,,,,83809,48.04822,-116.594,America/Los_Angeles,PST,-8,,,,,,,,,,,
Idaho,ID,Carmen,,,,,,,,83462,45.24242,-113.893,America/Boise,MST,-7,,,,,,,,,,,
Idaho,ID,Cascade,,,,,,,,83611,44.69271,-115.642,America/Boise,MST,-7,,,,,,,,,,,
Idaho,ID,Castleford,,,,,,,,83321,42.4635,-114.915,America/Boise,MST,-7,,,,,,,,,,,
Idaho,ID,Cataldo,,,,,,,,,47.52772,-116.453,America/Los_Angeles,PST,-8,,,,,,,,,,,
Idaho,ID,Centerville,,,,,,,,,0,0,,,,,,,,,,,,,,
Idaho,ID,Challis,,,,,,,,83226,44.50599,-114.223,America/Boise,MST,-7,,,,,,,,,,,
Idaho,ID,Chatcolet,,,,,,,,,0,0,,,,,,,,,,,,,,
Idaho,ID,Cherry Creek,,,,,,,,,0,0,,,,,,,,,,,,,,
Idaho,ID,Chester,,,,,,,,83421,44.00114,-111.535,America/Boise,MST,-7,,,,,,,,,,,
Idaho,ID,Chesterfield,,,,,,,,,42.86686,-111.902,America/Boise,MST,-7,,,,,,,,,,,
Idaho,ID,Chilco,,,,,,,,,47.93684,-116.666,America/Los_Angeles,PST,-8,,,,,,,,,,,
Idaho,ID,Chilly,,,,,,,,,43.34966,-112.119,America/Boise,MST,-7,,,,,,,,,,,
Idaho,ID,Chubbuck,,,,,,,,,0,0,,,,,,,,,,,,,,
Idaho,ID,Churchill,,,,,,,,,0,0,,,,,,,,,,,,,,
Idaho,ID,Clark Fork,,,,,,,,83811,48.11589,-116.129,America/Los_Angeles,PST,-8,,,,,,,,,,,
Idaho,ID,Clarkia,,,,,,,,83812,46.97433,-116.281,America/Los_Angeles,PST,-8,,,,,,,,,,,
Idaho,ID,Clayton,,,,,,,,83227,44.22397,-114.313,America/Boise,MST,-7,,,,,,,,,,,
Idaho,ID,Clearwater,,,,,,,,,0,0,,,,,,,,,,,,,,
Idaho,ID,Clementsville,,,,,,,,,0,0,,,,,,,,,,,,,,
Idaho,ID,Clifton,,,,,,,,83228,42.20752,-111.997,America/Boise,MST,-7,,,,,,,,,,,
Idaho,ID,Cobalt,,,,,,,,83229,44.96806,-113.817,America/Boise,MST,-7,,,,,,,,,,,
Idaho,ID,Cocolalla,,,,,,,,83813,48.08798,-116.615,America/Los_Angeles,PST,-8,,,,,,,,,,,
Idaho,ID,Coeur d'Alene,,,,,,,,,47.69174,-116.654,America/Los_Angeles,PST,-8,,,,,,,,,,,
Idaho,ID,Colburn,,,,,,,,83865,48.36325,-116.626,America/Los_Angeles,PST,-8,,,,,,,,,,,
Idaho,ID,Cold Water,,,,,,,,,0,0,,,,,,,,,,,,,,
Idaho,ID,Conant,,,,,,,,,0,0,,,,,,,,,,,,,,
Idaho,ID,Conda,,,,,,,,83230,42.7191,-111.597,America/Boise,MST,-7,,,,,,,,,,,
Idaho,ID,Coolin,,,,,,,,83821,48.60781,-116.849,America/Los_Angeles,PST,-8,,,,,,,,,,,
Idaho,ID,Copperville,,,,,,,,,0,0,,,,,,,,,,,,,,
Idaho,ID,Corral,,,,,,,,83322,43.34407,-114.949,America/Boise,MST,-7,,,,,,,,,,,
Idaho,ID,Cottonwood,,,,,,,,83522,46.04849,-116.35,America/Los_Angeles,PST,-8,,,,,,,,,,,
Idaho,ID,Council,,,,,,,,83612,44.85345,-116.549,America/Boise,MST,-7,,,,,,,,,,,
Idaho,ID,Craigmont,,,,,,,,83523,46.26938,-116.539,America/Los_Angeles,PST,-8,,,,,,,,,,,
Idaho,ID,Craters Of Moon,,,,,,,,,0,0,,,,,,,,,,,,,,
Idaho,ID,Crouch,,,,,,,,,0,0,,,,,,,,,,,,,,
Idaho,ID,Crystal,,,,,,,,,44.16711,-116.891,America/Boise,MST,-7,,,,,,,,,,,
Idaho,ID,Culdesac,,,,,,,,83524,46.40188,-116.651,America/Los_Angeles,PST,-8,,,,,,,,,,,
Idaho,ID,Cuprum,,,,,,,,,45.08655,-116.689,America/Boise,MST,-7,,,,,,,,,,,
Idaho,ID,Custer,,,,,,,,,0,0,,,,,,,,,,,,,,
Idaho,ID,Dalton Gardens,,,,,,,,,47.69174,-116.654,America/Los_Angeles,PST,-8,,,,,,,,,,,
Idaho,ID,Darlington,,,,,,,,,43.81351,-113.415,America/Boise,MST,-7,,,,,,,,,,,
Idaho,ID,Dayton,,,,,,,,83232,42.14583,-111.977,America/Boise,MST,-7,,,,,,,,,,,
Idaho,ID,Deadwood Reservoir,,,,,,,,,0,0,,,,,,,,,,,,,,
Idaho,ID,Deary,,,,,,,,83823,46.77704,-116.526,America/Los_Angeles,PST,-8,,,,,,,,,,,
Idaho,ID,Declo,,,,,,,,83323,42.52453,-113.434,America/Boise,MST,-7,,,,,,,,,,,
Idaho,ID,Dent,,,,,,,,,44.96806,-113.817,America/Boise,MST,-7,,,,,,,,,,,
Idaho,ID,Dickey,,,,,,,,,0,0,,,,,,,,,,,,,,
Idaho,ID,Dietrich,,,,,,,,83324,42.889,-114.289,America/Boise,MST,-7,,,,,,,,,,,
Idaho,ID,Donnelly,,,,,,,,83615,44.66591,-116.037,America/Boise,MST,-7,,,,,,,,,,,
Idaho,ID,Dover,,,,,,,,83825,48.25159,-116.611,America/Los_Angeles,PST,-8,,,,,,,,,,,
Idaho,ID,Downey,,,,,,,,83234,42.47301,-112.12,America/Boise,MST,-7,,,,,,,,,,,
Idaho,ID,Driggs,,,,,,,,83422,43.71375,-111.158,America/Boise,MST,-7,,,,,,,,,,,
Idaho,ID,Drummond,,,,,,,,,43.99853,-111.345,America/Boise,MST,-7,,,,,,,,,,,
Idaho,ID,Dubois,,,,,,,,83423,44.17743,-112.22,America/Boise,MST,-7,,,,,,,,,,,
Idaho,ID,Eagle,,,,,,,,83616,43.73518,-116.41,America/Boise,MST,-7,,,,,,,,,,,
Idaho,ID,East Hope,,,,,,,,,48.2487,-116.279,America/Los_Angeles,PST,-8,,,,,,,,,,,
Idaho,ID,East Kamiah,,,,,,,,,46.22329,-116.034,America/Los_Angeles,PST,-8,,,,,,,,,,,
Idaho,ID,Eastport,,,,,,,,83826,48.9994,-116.181,America/Los_Angeles,PST,-8,,,,,,,,,,,
Idaho,ID,Eden,,,,,,,,83325,42.5868,-114.247,America/Boise,MST,-7,,,,,,,,,,,
Idaho,ID,Egin,,,,,,,,,0,0,,,,,,,,,,,,,,
Idaho,ID,Elba,,,,,,,,,42.24825,-113.561,America/Boise,MST,-7,,,,,,,,,,,
Idaho,ID,Elk City,,,,,,,,83525,45.82685,-115.437,America/Los_Angeles,PST,-8,,,,,,,,,,,
Idaho,ID,Elk River,,,,,,,,83827,46.77955,-116.215,America/Los_Angeles,PST,-8,,,,,,,,,,,
Idaho,ID,Ellis,,,,,,,,83235,44.69187,-114.048,America/Boise,MST,-7,,,,,,,,,,,
Idaho,ID,Elmira,,,,,,,,,48.47965,-116.462,America/Los_Angeles,PST,-8,,,,,,,,,,,
Idaho,ID,Emida,,,,,,,,,47.11574,-116.598,America/Los_Angeles,PST,-8,,,,,,,,,,,
Idaho,ID,Emmett,,,,,,,,83617,43.90888,-116.493,America/Boise,MST,-7,,,,,,,,,,,
Idaho,ID,Emmett Valley,,,,,,,,,43.90888,-116.493,America/Boise,MST,-7,,,,,,,,,,,
Idaho,ID,Fairfield,,,,,,,,83327,43.36842,-114.687,America/Boise,MST,-7,,,,,,,,,,,
Idaho,ID,Fall Creek,,,,,,,,,0,0,,,,,,,,,,,,,,
Idaho,ID,Featherville,,,,,,,,,0,0,,,,,,,,,,,,,,
Idaho,ID,Felt,,,,,,,,83424,43.87297,-111.185,America/Boise,MST,-7,,,,,,,,,,,
Idaho,ID,Fenn,,,,,,,,83531,45.88931,-115.557,America/Los_Angeles,PST,-8,,,,,,,,,,,
Idaho,ID,Ferdinand,,,,,,,,83526,46.15262,-116.391,America/Los_Angeles,PST,-8,,,,,,,,,,,
Idaho,ID,Fernan Lake Village,,,,,,,,,47.6738,-116.745,America/Los_Angeles,PST,-8,,,,,,,,,,,
Idaho,ID,Filer,,,,,,,,83328,42.54076,-114.624,America/Boise,MST,-7,,,,,,,,,,,
Idaho,ID,Firth,,,,,,,,83236,43.30519,-112.183,America/Boise,MST,-7,,,,,,,,,,,
Idaho,ID,Fish Haven,,,,,,,,83287,42.03968,-111.442,America/Boise,MST,-7,,,,,,,,,,,
Idaho,ID,Fort Hall,,,,,,,,83203,43.03313,-112.429,America/Boise,MST,-7,,,,,,,,,,,
Idaho,ID,Franklin,,,,,,,,83237,42.02879,-111.787,America/Boise,MST,-7,,,,,,,,,,,
Idaho,ID,Fruitland,,,,,,,,83619,43.97462,-116.901,America/Boise,MST,-7,,,,,,,,,,,
Idaho,ID,Fruitvale,,,,,,,,,44.81767,-116.43,America/Boise,MST,-7,,,,,,,,,,,
Idaho,ID,Galena,,,,,,,,,48.60781,-116.849,America/Los_Angeles,PST,-8,,,,,,,,,,,
Idaho,ID,Gannett,,,,,,,,,43.35991,-114.176,America/Boise,MST,-7,,,,,,,,,,,
Idaho,ID,Garden City,,,,,,,,83714,43.73268,-116.288,America/Boise,MST,-7,,,,,,,,,,,
Idaho,ID,Garden Valley,,,,,,,,83622,44.09171,-115.91,America/Boise,MST,-7,,,,,,,,,,,
Idaho,ID,Gardena,,,,,,,,,0,0,,,,,,,,,,,,,,
Idaho,ID,Genesee,,,,,,,,83832,46.60418,-116.904,America/Los_Angeles,PST,-8,,,,,,,,,,,
Idaho,ID,Geneva,,,,,,,,83238,42.33105,-111.089,America/Boise,MST,-7,,,,,,,,,,,
Idaho,ID,Georgetown,,,,,,,,83239,42.47326,-111.398,America/Boise,MST,-7,,,,,,,,,,,
Idaho,ID,Gibbonsville,,,,,,,,83463,45.55548,-113.923,America/Boise,MST,-7,,,,,,,,,,,
Idaho,ID,Gibson,,,,,,,,,43.04239,-112.496,America/Boise,MST,-7,,,,,,,,,,,
Idaho,ID,Gifford,,,,,,,,,0,0,,,,,,,,,,,,,,
Idaho,ID,Gilmore,,,,,,,,,0,0,,,,,,,,,,,,,,
Idaho,ID,Glendale,,,,,,,,,42.12993,-111.705,America/Boise,MST,-7,,,,,,,,,,,
Idaho,ID,Glenns Ferry,,,,,,,,83623,42.95033,-115.31,America/Boise,MST,-7,,,,,,,,,,,
Idaho,ID,Glenwood,,,,,,,,,0,0,,,,,,,,,,,,,,
Idaho,ID,Goldburg,,,,,,,,,0,0,,,,,,,,,,,,,,
Idaho,ID,Golden,,,,,,,,,45.91993,-116.084,America/Los_Angeles,PST,-8,,,,,,,,,,,
Idaho,ID,Gooding,,,,,,,,83330,42.90749,-114.774,America/Boise,MST,-7,,,,,,,,,,,
Idaho,ID,Goodrich,,,,,,,,,44.6535,-116.558,America/Boise,MST,-7,,,,,,,,,,,
Idaho,ID,Goshen,,,,,,,,,0,0,,,,,,,,,,,,,,
Idaho,ID,Grace,,,,,,,,83241,42.52587,-111.767,America/Boise,MST,-7,,,,,,,,,,,
Idaho,ID,Grand View,,,,,,,,83624,42.98961,-116.093,America/Boise,MST,-7,,,,,,,,,,,
Idaho,ID,Grangeville,,,,,,,,83530,45.8698,-116.197,America/Los_Angeles,PST,-8,,,,,,,,,,,
Idaho,ID,Granite,,,,,,,,,48.01046,-116.67,America/Los_Angeles,PST,-8,,,,,,,,,,,
Idaho,ID,Grasmere,,,,,,,,,42.37657,-115.883,America/Boise,MST,-7,,,,,,,,,,,
Idaho,ID,Gray,,,,,,,,,43.39174,-114.076,America/Boise,MST,-7,,,,,,,,,,,
Idaho,ID,Greenleaf,,,,,,,,83626,43.67127,-116.816,America/Boise,MST,-7,,,,,,,,,,,
Idaho,ID,Greer,,,,,,,,,0,0,,,,,,,,,,,,,,
Idaho,ID,Grouse,,,,,,,,,42.52587,-111.767,America/Boise,MST,-7,,,,,,,,,,,
Idaho,ID,Hagerman,,,,,,,,83332,42.80754,-114.862,America/Boise,MST,-7,,,,,,,,,,,
Idaho,ID,Hailey,,,,,,,,83333,43.54195,-114.31,America/Boise,MST,-7,,,,,,,,,,,
Idaho,ID,Hamer,,,,,,,,83425,43.87851,-112.261,America/Boise,MST,-7,,,,,,,,,,,
Idaho,ID,Hammett,,,,,,,,83627,42.94573,-115.466,America/Boise,MST,-7,,,,,,,,,,,
Idaho,ID,Hansen,,,,,,,,83334,42.53068,-114.301,America/Boise,MST,-7,,,,,,,,,,,
Idaho,ID,Harpster,,,,,,,,,46.17786,-114.98,America/Los_Angeles,PST,-8,,,,,,,,,,,
Idaho,ID,Harrison,,,,,,,,,47.50176,-116.751,America/Los_Angeles,PST,-8,,,,,,,,,,,
Idaho,ID,Harvard,,,,,,,,83834,46.9241,-116.716,America/Los_Angeles,PST,-8,,,,,,,,,,,
Idaho,ID,Hatch,,,,,,,,,0,0,,,,,,,,,,,,,,
Idaho,ID,Hauser,,,,,,,,,0,0,,,,,,,,,,,,,,
Idaho,ID,Hawkins,,,,,,,,,42.54353,-112.342,America/Boise,MST,-7,,,,,,,,,,,
Idaho,ID,Hayden,,,,,,,,,47.79889,-116.742,America/Los_Angeles,PST,-8,,,,,,,,,,,
Idaho,ID,Hayden Lake,,,,,,,,,47.75879,-116.757,America/Los_Angeles,PST,-8,,,,,,,,,,,
Idaho,ID,Hazelton,,,,,,,,83335,42.59607,-114.071,America/Boise,MST,-7,,,,,,,,,,,
Idaho,ID,Headquarters,,,,,,,,,46.62991,-115.809,America/Los_Angeles,PST,-8,,,,,,,,,,,
Idaho,ID,Heglar,,,,,,,,,42.47352,-113.147,America/Boise,MST,-7,,,,,,,,,,,
Idaho,ID,Helmer,,,,,,,,,46.80073,-116.47,America/Los_Angeles,PST,-8,,,,,,,,,,,
Idaho,ID,Henry,,,,,,,,,42.90686,-111.531,America/Boise,MST,-7,,,,,,,,,,,
Idaho,ID,Herbert,,,,,,,,,0,0,,,,,,,,,,,,,,
Idaho,ID,Herman,,,,,,,,,0,0,,,,,,,,,,,,,,
Idaho,ID,Heyburn,,,,,,,,83336,42.56473,-113.81,America/Boise,MST,-7,,,,,,,,,,,
Idaho,ID,Hill City,,,,,,,,83337,43.30045,-115.051,America/Boise,MST,-7,,,,,,,,,,,
Idaho,ID,Holbrook,,,,,,,,83243,42.16186,-112.654,America/Boise,MST,-7,,,,,,,,,,,
Idaho,ID,Hollister,,,,,,,,,0,0,,,,,,,,,,,,,,
Idaho,ID,Homedale,,,,,,,,83628,43.63559,-116.968,America/Boise,MST,-7,,,,,,,,,,,
Idaho,ID,Hope,,,,,,,,83836,48.2487,-116.279,America/Los_Angeles,PST,-8,,,,,,,,,,,
Idaho,ID,Horseshoe Bend,,,,,,,,83629,43.96909,-116.118,America/Boise,MST,-7,,,,,,,,,,,
Idaho,ID,Hot Spg,,,,,,,,,44.3021,-114.596,,,,,,,,,,,,,,
Idaho,ID,Howe,,,,,,,,83244,43.90866,-113.088,America/Boise,MST,-7,,,,,,,,,,,
Idaho,ID,Huetter,,,,,,,,,47.70362,-116.85,America/Los_Angeles,PST,-8,,,,,,,,,,,
Idaho,ID,Humphrey,,,,,,,,,0,0,,,,,,,,,,,,,,
Idaho,ID,Huston,,,,,,,,83630,43.60266,-116.79,America/Boise,MST,-7,,,,,,,,,,,
Idaho,ID,Idaho City,,,,,,,,83631,43.88337,-115.708,America/Boise,MST,-7,,,,,,,,,,,
Idaho,ID,Idaho Falls,,,,,,,,83406###83402###83405###83415###83404###83401###83403,43.54241,-111.878,America/Boise,MST,-7,,,,,,,,,,,
Idaho,ID,Idaho Falls Arpt,,,,,,,,,43.54241,-111.878,America/Boise,MST,-7,,,,,,,,,,,
Idaho,ID,Idahome,,,,,,,,,42.41547,-113.4,America/Boise,MST,-7,,,,,,,,,,,
Idaho,ID,Idmon,,,,,,,,,44.36075,-111.912,America/Boise,MST,-7,,,,,,,,,,,
Idaho,ID,Indian Valley,,,,,,,,83632,44.56057,-116.463,America/Boise,MST,-7,,,,,,,,,,,
Idaho,ID,Inkom,,,,,,,,83245,42.7963,-112.254,America/Boise,MST,-7,,,,,,,,,,,
Idaho,ID,Iona,,,,,,,,83427,43.5263,-111.933,America/Boise,MST,-7,,,,,,,,,,,
Idaho,ID,Irwin,,,,,,,,83428,43.38615,-111.253,America/Boise,MST,-7,,,,,,,,,,,
Idaho,ID,Island Park,,,,,,,,83429,44.40835,-111.428,America/Boise,MST,-7,,,,,,,,,,,
Idaho,ID,Jaype,,,,,,,,,0,0,,,,,,,,,,,,,,
Idaho,ID,Jerome,,,,,,,,83338,42.73687,-114.375,America/Boise,MST,-7,,,,,,,,,,,
Idaho,ID,Joel,,,,,,,,,46.71045,-116.878,America/Los_Angeles,PST,-8,,,,,,,,,,,
Idaho,ID,Judkins,,,,,,,,,0,0,,,,,,,,,,,,,,
Idaho,ID,Juliaetta,,,,,,,,83535,46.58238,-116.74,America/Los_Angeles,PST,-8,,,,,,,,,,,
Idaho,ID,Kamiah,,,,,,,,83536,46.22329,-116.034,America/Los_Angeles,PST,-8,,,,,,,,,,,
Idaho,ID,Kellogg,,,,,,,,83837,47.53826,-116.119,America/Los_Angeles,PST,-8,,,,,,,,,,,
Idaho,ID,Kendrick,,,,,,,,83537,46.66394,-116.574,America/Los_Angeles,PST,-8,,,,,,,,,,,
Idaho,ID,Keogh,,,,,,,,,0,0,,,,,,,,,,,,,,
Idaho,ID,Ketchum,,,,,,,,83340,43.66916,-114.486,America/Boise,MST,-7,,,,,,,,,,,
Idaho,ID,Keuterville,,,,,,,,,0,0,,,,,,,,,,,,,,
Idaho,ID,Kilgore,,,,,,,,,44.40214,-111.894,America/Boise,MST,-7,,,,,,,,,,,
Idaho,ID,Kimama,,,,,,,,,0,0,,,,,,,,,,,,,,
Idaho,ID,Kimberly,,,,,,,,83341,42.50541,-114.368,America/Boise,MST,-7,,,,,,,,,,,
Idaho,ID,Kingston,,,,,,,,83839,47.54909,-116.271,America/Los_Angeles,PST,-8,,,,,,,,,,,
Idaho,ID,Kooskia,,,,,,,,83539,46.11599,-115.946,America/Los_Angeles,PST,-8,,,,,,,,,,,
Idaho,ID,Kootenai,,,,,,,,83840,48.3102,-116.514,America/Los_Angeles,PST,-8,,,,,,,,,,,
Idaho,ID,Kuna,,,,,,,,83634,43.4599,-116.338,America/Boise,MST,-7,,,,,,,,,,,
Idaho,ID,Laclede,,,,,,,,83841,48.20152,-116.751,America/Los_Angeles,PST,-8,,,,,,,,,,,
Idaho,ID,Lago,,,,,,,,,42.45131,-111.697,America/Boise,MST,-7,,,,,,,,,,,
Idaho,ID,Lapwai,,,,,,,,83540,46.40267,-116.805,America/Los_Angeles,PST,-8,,,,,,,,,,,
Idaho,ID,Lava Hot Springs,,,,,,,,83246,42.60197,-112.058,America/Boise,MST,-7,,,,,,,,,,,
Idaho,ID,Leadore,,,,,,,,83464,44.6802,-113.358,America/Boise,MST,-7,,,,,,,,,,,
Idaho,ID,Leesburg,,,,,,,,,0,0,,,,,,,,,,,,,,
Idaho,ID,Lemhi,,,,,,,,83465,44.85159,-113.62,America/Boise,MST,-7,,,,,,,,,,,
Idaho,ID,Lenore,,,,,,,,83541,46.50851,-116.551,America/Los_Angeles,PST,-8,,,,,,,,,,,
Idaho,ID,Lewiston,,,,,,,,83501,46.3646,-116.861,America/Los_Angeles,PST,-8,,,,,,,,,,,
Idaho,ID,Lewisville,,,,,,,,83431,43.69291,-112.023,America/Boise,MST,-7,,,,,,,,,,,
Idaho,ID,Liberty,,,,,,,,,42.31715,-111.452,America/Boise,MST,-7,,,,,,,,,,,
Idaho,ID,Lindsayville,,,,,,,,,0,0,,,,,,,,,,,,,,
Idaho,ID,Locust,,,,,,,,,0,0,,,,,,,,,,,,,,
Idaho,ID,Lorenzo,,,,,,,,,43.72825,-111.871,America/Boise,MST,-7,,,,,,,,,,,
Idaho,ID,Lost River,,,,,,,,,43.69148,-113.62,America/Boise,MST,-7,,,,,,,,,,,
Idaho,ID,Lowell,,,,,,,,,46.14407,-115.596,America/Los_Angeles,PST,-8,,,,,,,,,,,
Idaho,ID,Lowman,,,,,,,,83637,44.10822,-115.482,America/Boise,MST,-7,,,,,,,,,,,
Idaho,ID,Lucile,,,,,,,,83542,45.53696,-116.324,America/Boise,MST,-7,,,,,,,,,,,
Idaho,ID,Lund,,,,,,,,,42.6427,-111.889,America/Boise,MST,-7,,,,,,,,,,,
Idaho,ID,Mackay,,,,,,,,83251,44.0172,-113.741,America/Boise,MST,-7,,,,,,,,,,,
Idaho,ID,Mackay Bar,,,,,,,,,45.06698,-115.965,America/Boise,MST,-7,,,,,,,,,,,
Idaho,ID,Macks Inn,,,,,,,,83433,44.48448,-111.333,America/Boise,MST,-7,,,,,,,,,,,
Idaho,ID,Magic City,,,,,,,,,43.5683,-114.311,America/Boise,MST,-7,,,,,,,,,,,
Idaho,ID,Malad City,,,,,,,,83252,42.23644,-112.556,America/Boise,MST,-7,,,,,,,,,,,
Idaho,ID,Malta,,,,,,,,83342,42.27408,-113.393,America/Boise,MST,-7,,,,,,,,,,,
Idaho,ID,Mapleton,,,,,,,,,42.08382,-111.749,America/Boise,MST,-7,,,,,,,,,,,
Idaho,ID,Marion,,,,,,,,,42.28658,-113.911,America/Boise,MST,-7,,,,,,,,,,,
Idaho,ID,Marsing,,,,,,,,83639,43.38898,-116.731,America/Boise,MST,-7,,,,,,,,,,,
Idaho,ID,Marysville,,,,,,,,,44.0713,-111.42,America/Boise,MST,-7,,,,,,,,,,,
Idaho,ID,May,,,,,,,,83253,44.60437,-113.912,America/Boise,MST,-7,,,,,,,,,,,
Idaho,ID,Mccall,,,,,,,,83638,44.75196,-116.058,America/Boise,MST,-7,,,,,,,,,,,
Idaho,ID,Mccammon,,,,,,,,83250,42.61188,-112.207,America/Boise,MST,-7,,,,,,,,,,,
Idaho,ID,Meadow Creek,,,,,,,,,48.81994,-116.157,America/Los_Angeles,PST,-8,,,,,,,,,,,
Idaho,ID,Meadows,,,,,,,,,0,0,,,,,,,,,,,,,,
Idaho,ID,Medimont,,,,,,,,,47.47602,-116.604,America/Los_Angeles,PST,-8,,,,,,,,,,,
Idaho,ID,Melba,,,,,,,,83641,43.38933,-116.583,America/Boise,MST,-7,,,,,,,,,,,
Idaho,ID,Menan,,,,,,,,83434,43.71455,-112.042,America/Boise,MST,-7,,,,,,,,,,,
Idaho,ID,Meridian,,,,,,,,83642###83680###83646,43.57907,-116.422,America/Boise,MST,-7,,,,,,,,,,,
Idaho,ID,Mesa,,,,,,,,83643,44.62548,-116.449,America/Boise,MST,-7,,,,,,,,,,,
Idaho,ID,Michaud,,,,,,,,,0,0,,,,,,,,,,,,,,
Idaho,ID,Middleton,,,,,,,,83644,43.70683,-116.62,America/Boise,MST,-7,,,,,,,,,,,
Idaho,ID,Midvale,,,,,,,,83645,44.38304,-116.652,America/Boise,MST,-7,,,,,,,,,,,
Idaho,ID,Minidoka,,,,,,,,83343,42.77296,-113.51,America/Boise,MST,-7,,,,,,,,,,,
Idaho,ID,Mink Creek,,,,,,,,,42.22826,-111.716,America/Boise,MST,-7,,,,,,,,,,,
Idaho,ID,Mohler,,,,,,,,,46.28961,-116.346,America/Los_Angeles,PST,-8,,,,,,,,,,,
Idaho,ID,Monteview,,,,,,,,83435,43.97185,-112.536,America/Boise,MST,-7,,,,,,,,,,,
Idaho,ID,Montpelier,,,,,,,,83254,42.28644,-111.297,America/Boise,MST,-7,,,,,,,,,,,
Idaho,ID,Moody,,,,,,,,,0,0,,,,,,,,,,,,,,
Idaho,ID,Moore,,,,,,,,83255,43.7296,-113.454,America/Boise,MST,-7,,,,,,,,,,,
Idaho,ID,Moreland,,,,,,,,83256,43.22265,-112.442,America/Boise,MST,-7,,,,,,,,,,,
Idaho,ID,Moscow,,,,,,,,83843###83844,46.73533,-116.87,America/Los_Angeles,PST,-8,,,,,,,,,,,
Idaho,ID,Mountain Home,,,,,,,,83647,43.1562,-115.72,America/Boise,MST,-7,,,,,,,,,,,
Idaho,ID,Mountain Home Afb,,,,,,,,,43.1562,-115.72,America/Boise,MST,-7,,,,,,,,,,,
Idaho,ID,Moyie Springs,,,,,,,,83845,48.72633,-116.189,America/Los_Angeles,PST,-8,,,,,,,,,,,
Idaho,ID,Mud Lake,,,,,,,,,42.45131,-111.697,America/Boise,MST,-7,,,,,,,,,,,
Idaho,ID,Mullan,,,,,,,,83846,47.46583,-115.766,America/Los_Angeles,PST,-8,,,,,,,,,,,
Idaho,ID,Murphy,,,,,,,,83650,43.21822,-116.552,America/Boise,MST,-7,,,,,,,,,,,
Idaho,ID,Murphy Hot Spgs,,,,,,,,,43.21822,-116.552,America/Boise,MST,-7,,,,,,,,,,,
Idaho,ID,Murray,,,,,,,,83874,47.62715,-115.859,America/Los_Angeles,PST,-8,,,,,,,,,,,
Idaho,ID,Murtaugh,,,,,,,,83344,42.4769,-114.121,America/Boise,MST,-7,,,,,,,,,,,
Idaho,ID,Musselshell,,,,,,,,,0,0,,,,,,,,,,,,,,
Idaho,ID,Nampa,,,,,,,,83651###83653###83686###83687###83652,43.59557,-116.611,America/Boise,MST,-7,,,,,,,,,,,
Idaho,ID,Naples,,,,,,,,83847,48.57104,-116.392,America/Los_Angeles,PST,-8,,,,,,,,,,,
Idaho,ID,Neeley,,,,,,,,,42.73352,-112.915,America/Boise,MST,-7,,,,,,,,,,,
Idaho,ID,New Meadows,,,,,,,,83654,45.08684,-116.303,America/Boise,MST,-7,,,,,,,,,,,
Idaho,ID,New Plymouth,,,,,,,,83655,43.95779,-116.813,America/Boise,MST,-7,,,,,,,,,,,
Idaho,ID,Newdale,,,,,,,,83436,43.88325,-111.606,America/Boise,MST,-7,,,,,,,,,,,
Idaho,ID,Newsome,,,,,,,,,0,0,,,,,,,,,,,,,,
Idaho,ID,Nezperce,,,,,,,,83543,46.29628,-116.264,America/Los_Angeles,PST,-8,,,,,,,,,,,
Idaho,ID,Nicholia,,,,,,,,,0,0,,,,,,,,,,,,,,
Idaho,ID,Niter,,,,,,,,,42.50353,-111.731,America/Boise,MST,-7,,,,,,,,,,,
Idaho,ID,North Fork,,,,,,,,83466,45.40603,-113.994,America/Boise,MST,-7,,,,,,,,,,,
Idaho,ID,Notus,,,,,,,,83656,43.72593,-116.8,America/Boise,MST,-7,,,,,,,,,,,
Idaho,ID,Nounan,,,,,,,,,42.4777,-111.451,America/Boise,MST,-7,,,,,,,,,,,
Idaho,ID,Oakley,,,,,,,,83346,42.19395,-113.872,America/Boise,MST,-7,,,,,,,,,,,
Idaho,ID,Obsidian,,,,,,,,,43.70643,-114.618,America/Boise,MST,-7,,,,,,,,,,,
Idaho,ID,Ola,,,,,,,,83657,44.24176,-116.273,America/Boise,MST,-7,,,,,,,,,,,
Idaho,ID,Oldtown,,,,,,,,83822,48.15519,-116.978,America/Los_Angeles,PST,-8,,,,,,,,,,,
Idaho,ID,Onaway,,,,,,,,,0,0,,,,,,,,,,,,,,
Idaho,ID,Orchard,,,,,,,,,43.31461,-116.026,America/Boise,MST,-7,,,,,,,,,,,
Idaho,ID,Oreana,,,,,,,,,43.0535,-116.395,America/Boise,MST,-7,,,,,,,,,,,
Idaho,ID,Orofino,,,,,,,,83544,46.4976,-116.185,America/Los_Angeles,PST,-8,,,,,,,,,,,
Idaho,ID,Orogrande,,,,,,,,,45.70546,-115.543,America/Los_Angeles,PST,-8,,,,,,,,,,,
Idaho,ID,Osburn,,,,,,,,83849,47.52113,-116.021,America/Los_Angeles,PST,-8,,,,,,,,,,,
Idaho,ID,Osgood,,,,,,,,,43.54241,-111.878,America/Boise,MST,-7,,,,,,,,,,,
Idaho,ID,Ovid,,,,,,,,,42.28882,-111.398,America/Boise,MST,-7,,,,,,,,,,,
Idaho,ID,Owinza,,,,,,,,,0,0,,,,,,,,,,,,,,
Idaho,ID,Oxford,,,,,,,,,42.18125,-111.753,America/Boise,MST,-7,,,,,,,,,,,
Idaho,ID,Ozone,,,,,,,,,0,0,,,,,,,,,,,,,,
Idaho,ID,Palisades,,,,,,,,,43.35186,-111.218,America/Boise,MST,-7,,,,,,,,,,,
Idaho,ID,Pardee,,,,,,,,,0,0,,,,,,,,,,,,,,
Idaho,ID,Paris,,,,,,,,83261,42.22425,-111.421,America/Boise,MST,-7,,,,,,,,,,,
Idaho,ID,Parker,,,,,,,,83438,44.3192,-111.602,America/Boise,MST,-7,,,,,,,,,,,
Idaho,ID,Parma,,,,,,,,83660,43.78508,-116.897,America/Boise,MST,-7,,,,,,,,,,,
Idaho,ID,Patterson,,,,,,,,,44.3152,-113.691,America/Boise,MST,-7,,,,,,,,,,,
Idaho,ID,Paul,,,,,,,,83347,42.68492,-113.79,America/Boise,MST,-7,,,,,,,,,,,
Idaho,ID,Payette,,,,,,,,83661,44.0636,-116.751,America/Boise,MST,-7,,,,,,,,,,,
Idaho,ID,Pebble,,,,,,,,,42.74408,-112.001,America/Boise,MST,-7,,,,,,,,,,,
Idaho,ID,Peck,,,,,,,,83545,46.47518,-116.424,America/Los_Angeles,PST,-8,,,,,,,,,,,
Idaho,ID,Picabo,,,,,,,,83348,43.30574,-114.068,America/Boise,MST,-7,,,,,,,,,,,
Idaho,ID,Pierce,,,,,,,,83546,46.49102,-115.799,America/Los_Angeles,PST,-8,,,,,,,,,,,
Idaho,ID,Pine,,,,,,,,,43.48406,-115.312,America/Boise,MST,-7,,,,,,,,,,,
Idaho,ID,Pinehurst,,,,,,,,83850,47.45434,-116.234,America/Los_Angeles,PST,-8,,,,,,,,,,,
Idaho,ID,Pingree,,,,,,,,83262,43.13365,-112.629,America/Boise,MST,-7,,,,,,,,,,,
Idaho,ID,Pioneerville,,,,,,,,,43.96878,-115.847,America/Boise,MST,-7,,,,,,,,,,,
Idaho,ID,Placerville,,,,,,,,83666,43.94323,-115.947,America/Boise,MST,-7,,,,,,,,,,,
Idaho,ID,Plano,,,,,,,,,43.89102,-111.892,America/Boise,MST,-7,,,,,,,,,,,
Idaho,ID,Pleasantview,,,,,,,,,42.15603,-112.338,America/Boise,MST,-7,,,,,,,,,,,
Idaho,ID,Plummer,,,,,,,,83851,47.24349,-116.862,America/Los_Angeles,PST,-8,,,,,,,,,,,
Idaho,ID,Pocatello,,,,,,,,83201###83204###83205###83202###83206###83209,42.90493,-112.38,America/Boise,MST,-7,,,,,,,,,,,
Idaho,ID,Pocatello Arpt,,,,,,,,,42.90493,-112.38,America/Boise,MST,-7,,,,,,,,,,,
Idaho,ID,Pollock,,,,,,,,83547,45.32535,-116.359,America/Boise,MST,-7,,,,,,,,,,,
Idaho,ID,Ponderay,,,,,,,,83852,48.30548,-116.534,America/Los_Angeles,PST,-8,,,,,,,,,,,
Idaho,ID,Poplar,,,,,,,,,0,0,,,,,,,,,,,,,,
Idaho,ID,Porthill,,,,,,,,83853,48.75062,-116.541,America/Los_Angeles,PST,-8,,,,,,,,,,,
Idaho,ID,Portneuf,,,,,,,,,42.90493,-112.38,America/Boise,MST,-7,,,,,,,,,,,
Idaho,ID,Post Falls,,,,,,,,,47.71929,-116.967,America/Los_Angeles,PST,-8,,,,,,,,,,,
Idaho,ID,Potlatch,,,,,,,,83855,46.95021,-116.936,America/Los_Angeles,PST,-8,,,,,,,,,,,
Idaho,ID,Powell,,,,,,,,,0,0,,,,,,,,,,,,,,
Idaho,ID,Prairie,,,,,,,,,43.50489,-115.574,America/Boise,MST,-7,,,,,,,,,,,
Idaho,ID,Preston,,,,,,,,83263,42.20738,-111.812,America/Boise,MST,-7,,,,,,,,,,,
Idaho,ID,Prichard,,,,,,,,,47.65631,-115.976,America/Los_Angeles,PST,-8,,,,,,,,,,,
Idaho,ID,Priest River,,,,,,,,83856,48.17685,-116.893,America/Los_Angeles,PST,-8,,,,,,,,,,,
Idaho,ID,Princeton,,,,,,,,83857,46.88434,-116.805,America/Los_Angeles,PST,-8,,,,,,,,,,,
Idaho,ID,Rathdrum,,,,,,,,,47.84581,-116.839,America/Los_Angeles,PST,-8,,,,,,,,,,,
Idaho,ID,Rea,,,,,,,,,42.36381,-112.831,America/Boise,MST,-7,,,,,,,,,,,
Idaho,ID,Red River Hot Spring,,,,,,,,,43.08033,-112.673,America/Boise,MST,-7,,,,,,,,,,,
Idaho,ID,Reubens,,,,,,,,83548,46.32309,-116.539,America/Los_Angeles,PST,-8,,,,,,,,,,,
Idaho,ID,Rexburg,,,,,,,,83440###83441###83460,43.79132,-111.771,America/Boise,MST,-7,,,,,,,,,,,
Idaho,ID,Reynolds,,,,,,,,,43.20127,-116.744,America/Boise,MST,-7,,,,,,,,,,,
Idaho,ID,Richfield,,,,,,,,83349,43.0608,-114.212,America/Boise,MST,-7,,,,,,,,,,,
Idaho,ID,Riddle,,,,,,,,,42.18684,-116.11,America/Boise,MST,-7,,,,,,,,,,,
Idaho,ID,Ridgedale,,,,,,,,,0,0,,,,,,,,,,,,,,
Idaho,ID,Rigby,,,,,,,,83442,43.69221,-111.889,America/Boise,MST,-7,,,,,,,,,,,
Idaho,ID,Riggins,,,,,,,,83549,45.40016,-116.351,America/Boise,MST,-7,,,,,,,,,,,
Idaho,ID,Riggins Hot Spring,,,,,,,,,43.08033,-112.673,America/Boise,MST,-7,,,,,,,,,,,
Idaho,ID,Ririe,,,,,,,,83443,43.63186,-111.774,America/Boise,MST,-7,,,,,,,,,,,
Idaho,ID,Riverdale,,,,,,,,,42.16131,-111.838,America/Boise,MST,-7,,,,,,,,,,,
Idaho,ID,Riverside,,,,,,,,,43.19686,-112.435,America/Boise,MST,-7,,,,,,,,,,,
Idaho,ID,Roberts,,,,,,,,83444,43.69892,-112.173,America/Boise,MST,-7,,,,,,,,,,,
Idaho,ID,Robin,,,,,,,,,42.57714,-112.247,America/Boise,MST,-7,,,,,,,,,,,
Idaho,ID,Rockford,,,,,,,,,43.18964,-112.535,America/Boise,MST,-7,,,,,,,,,,,
Idaho,ID,Rockland,,,,,,,,83271,42.49085,-112.836,America/Boise,MST,-7,,,,,,,,,,,
Idaho,ID,Rogerson,,,,,,,,83302,42.21797,-114.594,America/Boise,MST,-7,,,,,,,,,,,
Idaho,ID,Rose,,,,,,,,,43.25436,-112.326,America/Boise,MST,-7,,,,,,,,,,,
Idaho,ID,Rose Lake,,,,,,,,,47.5388,-116.472,America/Los_Angeles,PST,-8,,,,,,,,,,,
Idaho,ID,Roy,,,,,,,,,42.36381,-112.831,America/Boise,MST,-7,,,,,,,,,,,
Idaho,ID,Rupert,,,,,,,,83350,42.68875,-113.648,America/Boise,MST,-7,,,,,,,,,,,
Idaho,ID,Salmon,,,,,,,,83467,45.17186,-113.921,America/Boise,MST,-7,,,,,,,,,,,
Idaho,ID,Samaria,,,,,,,,,42.1177,-112.337,America/Boise,MST,-7,,,,,,,,,,,
Idaho,ID,Sanders,,,,,,,,,0,0,,,,,,,,,,,,,,
Idaho,ID,Sandpoint,,,,,,,,83864,48.29949,-116.554,America/Los_Angeles,PST,-8,,,,,,,,,,,
Idaho,ID,Santa,,,,,,,,83866,47.15442,-116.431,America/Los_Angeles,PST,-8,,,,,,,,,,,
Idaho,ID,Selby,,,,,,,,,43.34379,-114.711,America/Boise,MST,-7,,,,,,,,,,,
Idaho,ID,Sharon,,,,,,,,,42.35048,-111.479,America/Boise,MST,-7,,,,,,,,,,,
Idaho,ID,Shelley,,,,,,,,83274,43.34966,-112.119,America/Boise,MST,-7,,,,,,,,,,,
Idaho,ID,Shoshone,,,,,,,,83352,43.05917,-114.415,America/Boise,MST,-7,,,,,,,,,,,
Idaho,ID,Shoup,,,,,,,,83469,45.38815,-114.421,America/Boise,MST,-7,,,,,,,,,,,
Idaho,ID,Silver City,,,,,,,,,43.01683,-116.733,America/Boise,MST,-7,,,,,,,,,,,
Idaho,ID,Slate Creek,,,,,,,,,45.63822,-116.28,America/Los_Angeles,PST,-8,,,,,,,,,,,
Idaho,ID,Small,,,,,,,,,0,0,,,,,,,,,,,,,,
Idaho,ID,Smelterville,,,,,,,,83868,47.53616,-116.206,America/Los_Angeles,PST,-8,,,,,,,,,,,
Idaho,ID,Smiths Ferry,,,,,,,,,44.30128,-116.09,America/Boise,MST,-7,,,,,,,,,,,
Idaho,ID,Soda Springs,,,,,,,,83276,42.77287,-111.635,America/Boise,MST,-7,,,,,,,,,,,
Idaho,ID,Soldier,,,,,,,,,43.37018,-114.792,America/Boise,MST,-7,,,,,,,,,,,
Idaho,ID,Southwick,,,,,,,,,46.60351,-116.472,America/Los_Angeles,PST,-8,,,,,,,,,,,
Idaho,ID,Spalding,,,,,,,,,46.40035,-116.805,America/Los_Angeles,PST,-8,,,,,,,,,,,
Idaho,ID,Spencer,,,,,,,,83446,44.35,-112.183,America/Boise,MST,-7,,,,,,,,,,,
Idaho,ID,Spirit Lake,,,,,,,,,47.96629,-116.869,America/Los_Angeles,PST,-8,,,,,,,,,,,
Idaho,ID,Springfield,,,,,,,,83277,43.08033,-112.673,America/Boise,MST,-7,,,,,,,,,,,
Idaho,ID,Squirrel,,,,,,,,,44.3192,-111.602,America/Boise,MST,-7,,,,,,,,,,,
Idaho,ID,St. Anthony,,,,,,,,,43.96297,-111.704,America/Boise,MST,-7,,,,,,,,,,,
Idaho,ID,St. Charles,,,,,,,,,42.11382,-111.389,America/Boise,MST,-7,,,,,,,,,,,
Idaho,ID,St. Joe,,,,,,,,,47.31103,-116.353,America/Los_Angeles,PST,-8,,,,,,,,,,,
Idaho,ID,St. Maries,,,,,,,,,47.27923,-116.647,America/Los_Angeles,PST,-8,,,,,,,,,,,
Idaho,ID,Stanley,,,,,,,,83278,44.37144,-114.856,America/Boise,MST,-7,,,,,,,,,,,
Idaho,ID,Star,,,,,,,,83669,43.71304,-116.485,America/Boise,MST,-7,,,,,,,,,,,
Idaho,ID,State Line,,,,,,,,,47.70517,-117.037,America/Los_Angeles,PST,-8,,,,,,,,,,,
Idaho,ID,Sterling,,,,,,,,,43.03797,-112.732,America/Boise,MST,-7,,,,,,,,,,,
Idaho,ID,Stites,,,,,,,,83552,46.09156,-115.976,America/Los_Angeles,PST,-8,,,,,,,,,,,
Idaho,ID,Stone,,,,,,,,,42.01631,-112.695,America/Boise,MST,-7,,,,,,,,,,,
Idaho,ID,Sublett,,,,,,,,,42.31214,-113.137,America/Boise,MST,-7,,,,,,,,,,,
Idaho,ID,Sugar City,,,,,,,,83448,43.84766,-111.693,America/Boise,MST,-7,,,,,,,,,,,
Idaho,ID,Sun Valley,,,,,,,,83353###83354,43.69228,-114.321,America/Boise,MST,-7,,,,,,,,,,,
Idaho,ID,Sunbeam,,,,,,,,,44.27102,-114.734,America/Boise,MST,-7,,,,,,,,,,,
Idaho,ID,Swan Falls,,,,,,,,,0,0,,,,,,,,,,,,,,
Idaho,ID,Swan Valley,,,,,,,,83449,43.45603,-111.342,America/Boise,MST,-7,,,,,,,,,,,
Idaho,ID,Swanlake,,,,,,,,83281,42.3195,-111.978,America/Boise,MST,-7,,,,,,,,,,,
Idaho,ID,Sweet,,,,,,,,83670,43.98997,-116.329,America/Boise,MST,-7,,,,,,,,,,,
Idaho,ID,Syringa,,,,,,,,,46.15074,-115.727,America/Los_Angeles,PST,-8,,,,,,,,,,,
Idaho,ID,Taber,,,,,,,,,43.31797,-112.689,America/Boise,MST,-7,,,,,,,,,,,
Idaho,ID,Tamarack,,,,,,,,,44.91958,-116.589,America/Boise,MST,-7,,,,,,,,,,,
Idaho,ID,Teakean,,,,,,,,,46.54631,-116.325,America/Los_Angeles,PST,-8,,,,,,,,,,,
Idaho,ID,Tendoy,,,,,,,,83468,44.96806,-113.817,America/Boise,MST,-7,,,,,,,,,,,
Idaho,ID,Tensed,,,,,,,,83870,47.1599,-116.922,America/Los_Angeles,PST,-8,,,,,,,,,,,
Idaho,ID,Terreton,,,,,,,,83450,43.85886,-112.439,America/Boise,MST,-7,,,,,,,,,,,
Idaho,ID,Teton,,,,,,,,83451,43.89067,-111.65,America/Boise,MST,-7,,,,,,,,,,,
Idaho,ID,Tetonia,,,,,,,,83452,43.78138,-111.212,America/Boise,MST,-7,,,,,,,,,,,
Idaho,ID,Thatcher,,,,,,,,83283,42.37941,-111.684,America/Boise,MST,-7,,,,,,,,,,,
Idaho,ID,Thornton,,,,,,,,,43.75825,-111.845,America/Boise,MST,-7,,,,,,,,,,,
Idaho,ID,Three Creek,,,,,,,,,42.0713,-115.16,America/Boise,MST,-7,,,,,,,,,,,
Idaho,ID,Troy,,,,,,,,83871,46.75717,-116.714,America/Los_Angeles,PST,-8,,,,,,,,,,,
Idaho,ID,Twin Falls,,,,,,,,83303###83301,42.40056,-114.525,America/Boise,MST,-7,,,,,,,,,,,
Idaho,ID,Ucon,,,,,,,,83454,43.59542,-111.952,America/Boise,MST,-7,,,,,,,,,,,
Idaho,ID,Victor,,,,,,,,83455,43.63848,-111.132,America/Boise,MST,-7,,,,,,,,,,,
Idaho,ID,View,,,,,,,,,42.45074,-113.697,America/Boise,MST,-7,,,,,,,,,,,
Idaho,ID,Viola,,,,,,,,83872,46.87172,-116.968,America/Los_Angeles,PST,-8,,,,,,,,,,,
Idaho,ID,Virginia,,,,,,,,,42.49408,-112.166,America/Boise,MST,-7,,,,,,,,,,,
Idaho,ID,Waha,,,,,,,,,46.21322,-116.852,America/Los_Angeles,PST,-8,,,,,,,,,,,
Idaho,ID,Wallace,,,,,,,,83873,47.47409,-115.928,America/Los_Angeles,PST,-8,,,,,,,,,,,
Idaho,ID,Wardboro,,,,,,,,,42.25576,-111.277,America/Boise,MST,-7,,,,,,,,,,,
Idaho,ID,Wardner,,,,,,,,,47.5227,-116.134,America/Los_Angeles,PST,-8,,,,,,,,,,,
Idaho,ID,Warm Lake,,,,,,,,,44.65407,-115.668,America/Boise,MST,-7,,,,,,,,,,,
Idaho,ID,Warm River,,,,,,,,,44.11492,-111.321,America/Boise,MST,-7,,,,,,,,,,,
Idaho,ID,Warren,,,,,,,,83671,45.26407,-115.677,America/Boise,MST,-7,,,,,,,,,,,
Idaho,ID,Wayan,,,,,,,,83285,42.97825,-111.377,America/Boise,MST,-7,,,,,,,,,,,
Idaho,ID,Weippe,,,,,,,,83553,46.38116,-115.919,America/Los_Angeles,PST,-8,,,,,,,,,,,
Idaho,ID,Weiser,,,,,,,,83672,44.30419,-116.86,America/Boise,MST,-7,,,,,,,,,,,
Idaho,ID,Wendell,,,,,,,,83355,42.74754,-114.731,America/Boise,MST,-7,,,,,,,,,,,
Idaho,ID,Weston,,,,,,,,83286,42.06035,-112.013,America/Boise,MST,-7,,,,,,,,,,,
Idaho,ID,White Bird,,,,,,,,83554,45.76155,-116.301,America/Los_Angeles,PST,-8,,,,,,,,,,,
Idaho,ID,Whitney,,,,,,,,,42.06576,-111.838,America/Boise,MST,-7,,,,,,,,,,,
Idaho,ID,Wilder,,,,,,,,83676,43.65786,-116.92,America/Boise,MST,-7,,,,,,,,,,,
Idaho,ID,Williams Lake,,,,,,,,,42.45131,-111.697,America/Boise,MST,-7,,,,,,,,,,,
Idaho,ID,Winchester,,,,,,,,83555,46.23988,-116.624,America/Los_Angeles,PST,-8,,,,,,,,,,,
Idaho,ID,Winona,,,,,,,,,0,0,,,,,,,,,,,,,,
Idaho,ID,Woodland,,,,,,,,,46.31101,-116.068,America/Los_Angeles,PST,-8,,,,,,,,,,,
Idaho,ID,Worley,,,,,,,,,47.45686,-116.899,America/Los_Angeles,PST,-8,,,,,,,,,,,
Idaho,ID,Yellow Pine,,,,,,,,83677,44.96491,-115.494,America/Boise,MST,-7,,,,,,,,,,,
Idaho,ID,Yellowjacket,,,,,,,,,0,0,,,,,,,,,,,,,,
