Indiana,IN,Aboite,,,,,,,,,0,0,,,,,,,,,,,,,,
Indiana,IN,Adams Lake,,,,,,,,,0,0,,,,,,,,,,,,,,
Indiana,IN,Adamsboro,,,,,,,,,0,0,,,,,,,,,,,,,,
Indiana,IN,Advance,,,,,,,,46102,39.9956,-86.6198,America/Indiana/Indianapolis,EST,-5,,,,,,,,,,,
Indiana,IN,Akron,,,,,,,,46910,41.04793,-86.0692,America/Indiana/Indianapolis,EST,-5,,,,,,,,,,,
Indiana,IN,Alamo,,,,,,,,47916,39.98199,-87.0572,America/Indiana/Indianapolis,EST,-5,,,,,,,,,,,
Indiana,IN,Albany,,,,,,,,47320,40.27797,-85.2741,America/Indiana/Indianapolis,EST,-5,,,,,,,,,,,
Indiana,IN,Albion,,,,,,,,46701,41.37603,-85.4139,America/Indiana/Indianapolis,EST,-5,,,,,,,,,,,
Indiana,IN,Alexandria,,,,,,,,46001,40.21315,-85.6807,America/Indiana/Indianapolis,EST,-5,,,,,,,,,,,
Indiana,IN,Alfordsville,,,,,,,,,0,0,,,,,,,,,,,,,,
Indiana,IN,Altona,,,,,,,,,0,0,,,,,,,,,,,,,,
Indiana,IN,Alvarado,,,,,,,,,0,0,,,,,,,,,,,,,,
Indiana,IN,Ambia,,,,,,,,47917,40.52788,-87.4993,America/Indiana/Indianapolis,EST,-5,,,,,,,,,,,
Indiana,IN,Amboy,,,,,,,,46911,40.60143,-85.9289,America/Indiana/Indianapolis,EST,-5,,,,,,,,,,,
Indiana,IN,Amo,,,,,,,,46103,39.6881,-86.6136,America/Indiana/Indianapolis,EST,-5,,,,,,,,,,,
Indiana,IN,Anderson,,,,,,,,46012###46013###46014###46015###46018###46017###46011###46016,40.14103,-85.7662,America/Indiana/Indianapolis,EST,-5,,,,,,,,,,,
Indiana,IN,Andrews,,,,,,,,46702,40.82028,-85.5979,America/Indiana/Indianapolis,EST,-5,,,,,,,,,,,
Indiana,IN,Angola,,,,,,,,46703,41.67257,-85.0005,America/Indiana/Indianapolis,EST,-5,,,,,,,,,,,
Indiana,IN,Anoka,,,,,,,,,40.72198,-86.2825,America/Indiana/Indianapolis,EST,-5,,,,,,,,,,,
Indiana,IN,Arcadia,,,,,,,,46030,40.16776,-86.0458,America/Indiana/Indianapolis,EST,-5,,,,,,,,,,,
Indiana,IN,Arcana,,,,,,,,,0,0,,,,,,,,,,,,,,
Indiana,IN,Arcola,,,,,,,,46704,41.1038,-85.2925,America/Indiana/Indianapolis,EST,-5,,,,,,,,,,,
Indiana,IN,Argos,,,,,,,,46501,41.24267,-86.2481,America/Indiana/Indianapolis,EST,-5,,,,,,,,,,,
Indiana,IN,Ari,,,,,,,,,0,0,,,,,,,,,,,,,,
Indiana,IN,Artic,,,,,,,,,0,0,,,,,,,,,,,,,,
Indiana,IN,Ashley,,,,,,,,46705,41.50146,-85.0713,America/Indiana/Indianapolis,EST,-5,,,,,,,,,,,
Indiana,IN,Athens,,,,,,,,46912,41.04099,-86.2069,America/Indiana/Indianapolis,EST,-5,,,,,,,,,,,
Indiana,IN,Atlanta,,,,,,,,46031,40.21532,-86.0264,America/Indiana/Indianapolis,EST,-5,,,,,,,,,,,
Indiana,IN,Attica,,,,,,,,47918,40.2402,-87.2139,America/Indiana/Indianapolis,EST,-5,,,,,,,,,,,
Indiana,IN,Atwood,,,,,,,,46502,41.25942,-85.9762,America/Indiana/Indianapolis,EST,-5,,,,,,,,,,,
Indiana,IN,Auburn,,,,,,,,46706,41.37776,-85.0277,America/Indiana/Indianapolis,EST,-5,,,,,,,,,,,
Indiana,IN,Aurora,,,,,,,,47001,39.057,-84.9013,America/New_York,EST,-5,,,,,,,,,,,
Indiana,IN,Avilla,,,,,,,,46710,41.36588,-85.2389,America/Indiana/Indianapolis,EST,-5,,,,,,,,,,,
Indiana,IN,Avon,,,,,,,,46123,39.7644,-86.4035,America/Indiana/Indianapolis,EST,-5,,,,,,,,,,,
Indiana,IN,Badger Grove,,,,,,,,,0,0,,,,,,,,,,,,,,
Indiana,IN,Bainbridge,,,,,,,,46105,39.76116,-86.812,America/Indiana/Indianapolis,EST,-5,,,,,,,,,,,
Indiana,IN,Balbec,,,,,,,,,0,0,,,,,,,,,,,,,,
Indiana,IN,Banquo,,,,,,,,,0,0,,,,,,,,,,,,,,
Indiana,IN,Bargersville,,,,,,,,46106,39.52088,-86.1678,America/Indiana/Indianapolis,EST,-5,,,,,,,,,,,
Indiana,IN,Bass Lake,,,,,,,,,0,0,,,,,,,,,,,,,,
Indiana,IN,Batesville,,,,,,,,47006,39.30005,-85.2222,America/Indiana/Indianapolis,EST,-5,,,,,,,,,,,
Indiana,IN,Battle Ground,,,,,,,,47920,40.53313,-86.8228,America/Indiana/Indianapolis,EST,-5,,,,,,,,,,,
Indiana,IN,Bear Lake,,,,,,,,,0,0,,,,,,,,,,,,,,
Indiana,IN,Beardstown,,,,,,,,,0,0,,,,,,,,,,,,,,
Indiana,IN,Beaver Dam,,,,,,,,,0,0,,,,,,,,,,,,,,
Indiana,IN,Beaver Dam Lake,,,,,,,,,0,0,,,,,,,,,,,,,,
Indiana,IN,Bedford,,,,,,,,47421,38.86116,-86.4872,America/Indiana/Indianapolis,EST,-5,,,,,,,,,,,
Indiana,IN,Beech Grove,,,,,,,,46107,39.71389,-86.0933,America/Indiana/Indianapolis,EST,-5,,,,,,,,,,,
Indiana,IN,Bell Center,,,,,,,,,40.53127,-86.1695,America/Indiana/Indianapolis,EST,-5,,,,,,,,,,,
Indiana,IN,Bellfountain,,,,,,,,,0,0,,,,,,,,,,,,,,
Indiana,IN,Bennetts Switch,,,,,,,,,39.90303,-86.284,,,,,,,,,,,,,,
Indiana,IN,Benton,,,,,,,,,0,0,,,,,,,,,,,,,,
Indiana,IN,Berlien,,,,,,,,,41.63672,-84.8766,America/Indiana/Indianapolis,EST,-5,,,,,,,,,,,
Indiana,IN,Berne,,,,,,,,46711,40.67163,-84.9343,America/Indiana/Indianapolis,EST,-5,,,,,,,,,,,
Indiana,IN,Bethany,,,,,,,,,0,0,,,,,,,,,,,,,,
Indiana,IN,Beverly Shores,,,,,,,,46301,41.69254,-86.9775,America/Chicago,CST,-6,,,,,,,,,,,
Indiana,IN,Bicknell,,,,,,,,47512,38.74129,-87.3462,America/Indiana/Vincennes,EST,-5,,,,,,,,,,,
Indiana,IN,Big Barbee Lake,,,,,,,,,0,0,,,,,,,,,,,,,,
Indiana,IN,Big Lake,,,,,,,,,0,0,,,,,,,,,,,,,,
Indiana,IN,Big Long Lake,,,,,,,,,41.52171,-87.0484,America/Chicago,CST,-6,,,,,,,,,,,
Indiana,IN,Big Turkey Lake,,,,,,,,,0,0,,,,,,,,,,,,,,
Indiana,IN,Bippus,,,,,,,,46713,40.8292,-85.4892,America/Indiana/Indianapolis,EST,-5,,,,,,,,,,,
Indiana,IN,Blaine,,,,,,,,,40.40255,-85.0561,America/Indiana/Indianapolis,EST,-5,,,,,,,,,,,
Indiana,IN,Bloomfield,,,,,,,,47424,39.03154,-86.8384,America/Indiana/Indianapolis,EST,-5,,,,,,,,,,,
Indiana,IN,Bloomingdale,,,,,,,,47832,39.83337,-87.2497,America/Indiana/Indianapolis,EST,-5,,,,,,,,,,,
Indiana,IN,Bloomington,,,,,,,,47406###47405###47404###47403###47407###47401###47402###47408,39.07881,-86.4351,America/Indiana/Indianapolis,EST,-5,,,,,,,,,,,
Indiana,IN,Blountsville,,,,,,,,,0,0,,,,,,,,,,,,,,
Indiana,IN,Blue Lake,,,,,,,,,0,0,,,,,,,,,,,,,,
Indiana,IN,Bluff Point,,,,,,,,,40.34588,-84.9772,America/Indiana/Indianapolis,EST,-5,,,,,,,,,,,
Indiana,IN,Bluffton,,,,,,,,46714,40.71327,-85.2023,America/Indiana/Indianapolis,EST,-5,,,,,,,,,,,
Indiana,IN,Boonville,,,,,,,,47601,38.04247,-87.2871,America/Chicago,CST,-6,,,,,,,,,,,
Indiana,IN,Boston,,,,,,,,47324,39.74116,-84.8519,America/Indiana/Indianapolis,EST,-5,,,,,,,,,,,
Indiana,IN,Boswell,,,,,,,,47921,40.52115,-87.3784,America/Indiana/Indianapolis,EST,-5,,,,,,,,,,,
Indiana,IN,Boundary City,,,,,,,,,39.90303,-86.284,,,,,,,,,,,,,,
Indiana,IN,Bourbon,,,,,,,,46504,41.3239,-86.1508,America/Indiana/Indianapolis,EST,-5,,,,,,,,,,,
Indiana,IN,Bowerstown,,,,,,,,,0,0,,,,,,,,,,,,,,
Indiana,IN,Bracken,,,,,,,,,40.98671,-85.6239,America/Indiana/Indianapolis,EST,-5,,,,,,,,,,,
Indiana,IN,Brazil,,,,,,,,47834,39.52365,-87.125,America/Indiana/Indianapolis,EST,-5,,,,,,,,,,,
Indiana,IN,Bremen,,,,,,,,46506,41.40577,-86.2422,America/Indiana/Indianapolis,EST,-5,,,,,,,,,,,
Indiana,IN,Brems,,,,,,,,,41.33921,-86.6975,America/Indiana/Knox,CST,-6,,,,,,,,,,,
Indiana,IN,Brice,,,,,,,,,40.4181,-84.8964,America/Indiana/Indianapolis,EST,-5,,,,,,,,,,,
Indiana,IN,Bright,,,,,,,,,40.37365,-86.4506,America/Indiana/Indianapolis,EST,-5,,,,,,,,,,,
Indiana,IN,Brighton,,,,,,,,,38.46673,-85.9458,America/Kentucky/Louisville,EST,-5,,,,,,,,,,,
Indiana,IN,Brimfield,,,,,,,,,41.39528,-85.4235,America/Indiana/Indianapolis,EST,-5,,,,,,,,,,,
Indiana,IN,Bristol,,,,,,,,46507,41.71298,-85.8248,America/Indiana/Indianapolis,EST,-5,,,,,,,,,,,
Indiana,IN,Brook,,,,,,,,47922,40.88304,-87.3941,America/Chicago,CST,-6,,,,,,,,,,,
Indiana,IN,Brooklyn,,,,,,,,46111,40.6451,-73.945,America/New_York,EST,-5,,,,,,,,,,,
Indiana,IN,Brookston,,,,,,,,47923,40.60281,-86.8672,America/Indiana/Indianapolis,EST,-5,,,,,,,,,,,
Indiana,IN,Brookville,,,,,,,,47012,39.4164,-85.0003,America/Indiana/Indianapolis,EST,-5,,,,,,,,,,,
Indiana,IN,Brownsburg,,,,,,,,46112,39.84338,-86.3978,America/Indiana/Indianapolis,EST,-5,,,,,,,,,,,
Indiana,IN,Brownstown,,,,,,,,47220,38.86619,-86.0465,America/Indiana/Indianapolis,EST,-5,,,,,,,,,,,
Indiana,IN,Bruce Lake Station,,,,,,,,,41.55874,-87.2927,America/Chicago,CST,-6,,,,,,,,,,,
Indiana,IN,Bruceville,,,,,,,,47516,38.76135,-87.4171,America/Indiana/Vincennes,EST,-5,,,,,,,,,,,
Indiana,IN,Brushy Prairie,,,,,,,,,0,0,,,,,,,,,,,,,,
Indiana,IN,Bryant,,,,,,,,47326,40.54116,-84.9828,America/Indiana/Indianapolis,EST,-5,,,,,,,,,,,
Indiana,IN,Buckeye,,,,,,,,,0,0,,,,,,,,,,,,,,
Indiana,IN,Buffalo,,,,,,,,47925,40.88254,-86.7453,America/Indiana/Indianapolis,EST,-5,,,,,,,,,,,
Indiana,IN,Bunker Hill,,,,,,,,46914,40.65907,-86.1021,America/Indiana/Indianapolis,EST,-5,,,,,,,,,,,
Indiana,IN,Burket,,,,,,,,46508,41.15473,-85.9693,America/Indiana/Indianapolis,EST,-5,,,,,,,,,,,
Indiana,IN,Burlington,,,,,,,,46915,40.48031,-86.3947,America/Indiana/Indianapolis,EST,-5,,,,,,,,,,,
Indiana,IN,Burnettsville,,,,,,,,47926,40.81317,-86.6194,America/Indiana/Indianapolis,EST,-5,,,,,,,,,,,
Indiana,IN,Burns Harbor,,,,,,,,,41.61363,-87.0461,America/Chicago,CST,-6,,,,,,,,,,,
Indiana,IN,Burr Oak,,,,,,,,,41.3231,-85.433,America/Indiana/Indianapolis,EST,-5,,,,,,,,,,,
Indiana,IN,Butler,,,,,,,,46721,41.42644,-84.9125,America/Indiana/Indianapolis,EST,-5,,,,,,,,,,,
Indiana,IN,Butler Center,,,,,,,,,41.30838,-85.1366,America/Indiana/Indianapolis,EST,-5,,,,,,,,,,,
Indiana,IN,Byron,,,,,,,,,40.67163,-84.9343,America/Indiana/Indianapolis,EST,-5,,,,,,,,,,,
Indiana,IN,Cadiz,,,,,,,,,39.95144,-85.4866,America/Indiana/Indianapolis,EST,-5,,,,,,,,,,,
Indiana,IN,Cambridge City,,,,,,,,47327,39.81255,-85.1716,America/Indiana/Indianapolis,EST,-5,,,,,,,,,,,
Indiana,IN,Camden,,,,,,,,46917,40.62695,-86.4991,America/Indiana/Indianapolis,EST,-5,,,,,,,,,,,
Indiana,IN,Cannelburg,,,,,,,,47519,38.66977,-86.9983,America/Indiana/Vincennes,EST,-5,,,,,,,,,,,
Indiana,IN,Carbon,,,,,,,,47837,39.59128,-87.1132,America/Indiana/Indianapolis,EST,-5,,,,,,,,,,,
Indiana,IN,Carlisle,,,,,,,,47838,38.96681,-87.3844,America/Indiana/Indianapolis,EST,-5,,,,,,,,,,,
Indiana,IN,Carmel,,,,,,,,46032###46033###46082,39.9626,-86.1748,America/Indiana/Indianapolis,EST,-5,,,,,,,,,,,
Indiana,IN,Carthage,,,,,,,,46115,39.73546,-85.5522,America/Indiana/Indianapolis,EST,-5,,,,,,,,,,,
Indiana,IN,Castleton,,,,,,,,,39.90698,-86.0522,America/Indiana/Indianapolis,EST,-5,,,,,,,,,,,
Indiana,IN,Cayuga,,,,,,,,47928,39.92718,-87.4716,America/Indiana/Indianapolis,EST,-5,,,,,,,,,,,
Indiana,IN,Cedar Grove,,,,,,,,47016,39.36738,-84.9104,America/Indiana/Indianapolis,EST,-5,,,,,,,,,,,
Indiana,IN,Cedar Lake,,,,,,,,46303,41.36476,-87.4412,America/Chicago,CST,-6,,,,,,,,,,,
Indiana,IN,Cedar Point,,,,,,,,,40.70893,-86.7603,America/Indiana/Indianapolis,EST,-5,,,,,,,,,,,
Indiana,IN,Center,,,,,,,,,40.53127,-86.1695,America/Indiana/Indianapolis,EST,-5,,,,,,,,,,,
Indiana,IN,Center Point,,,,,,,,,39.40824,-87.0533,America/Indiana/Indianapolis,EST,-5,,,,,,,,,,,
Indiana,IN,Centerville,,,,,,,,47330,39.78744,-84.9863,America/Indiana/Indianapolis,EST,-5,,,,,,,,,,,
Indiana,IN,Ceylon,,,,,,,,,40.30198,-87.4761,America/Indiana/Indianapolis,EST,-5,,,,,,,,,,,
Indiana,IN,Chain-O-Lakes,,,,,,,,,41.70838,-86.38,America/Indiana/Indianapolis,EST,-5,,,,,,,,,,,
Indiana,IN,Chalmers,,,,,,,,47929,40.66309,-86.8695,America/Indiana/Indianapolis,EST,-5,,,,,,,,,,,
Indiana,IN,Chandler,,,,,,,,47610,38.04171,-87.3681,America/Chicago,CST,-6,,,,,,,,,,,
Indiana,IN,Charlestown,,,,,,,,47111,38.45999,-85.6152,America/Kentucky/Louisville,EST,-5,,,,,,,,,,,
Indiana,IN,Chesterfield,,,,,,,,,40.11254,-85.5969,America/Indiana/Indianapolis,EST,-5,,,,,,,,,,,
Indiana,IN,Chesterton,,,,,,,,46304,41.61363,-87.0461,America/Chicago,CST,-6,,,,,,,,,,,
Indiana,IN,Chili,,,,,,,,,0,0,,,,,,,,,,,,,,
Indiana,IN,Chrisney,,,,,,,,47611,38.01477,-87.0364,America/Chicago,CST,-6,,,,,,,,,,,
Indiana,IN,Churubusco,,,,,,,,46723,41.2306,-85.3194,America/Indiana/Indianapolis,EST,-5,,,,,,,,,,,
Indiana,IN,Cicero,,,,,,,,46034,40.12393,-86.0133,America/Indiana/Indianapolis,EST,-5,,,,,,,,,,,
Indiana,IN,Clarks,,,,,,,,,38.31096,-85.7645,America/Kentucky/Louisville,EST,-5,,,,,,,,,,,
Indiana,IN,Clarks Hill,,,,,,,,47930,40.25079,-86.7524,America/Indiana/Indianapolis,EST,-5,,,,,,,,,,,
Indiana,IN,Clarksville,,,,,,,,47129,38.31096,-85.7645,America/Kentucky/Louisville,EST,-5,,,,,,,,,,,
Indiana,IN,Clay City,,,,,,,,47841,39.30166,-87.1369,America/Indiana/Indianapolis,EST,-5,,,,,,,,,,,
Indiana,IN,Claypool,,,,,,,,46510,41.13677,-85.8715,America/Indiana/Indianapolis,EST,-5,,,,,,,,,,,
Indiana,IN,Clayton,,,,,,,,46118,39.71109,-86.4954,America/Indiana/Indianapolis,EST,-5,,,,,,,,,,,
Indiana,IN,Clear Lake,,,,,,,,,41.73755,-84.8333,America/Indiana/Indianapolis,EST,-5,,,,,,,,,,,
Indiana,IN,Clermont,,,,,,,,,39.82671,-86.3442,America/Indiana/Indianapolis,EST,-5,,,,,,,,,,,
Indiana,IN,Clifford,,,,,,,,47226,39.28261,-85.8685,America/Indiana/Indianapolis,EST,-5,,,,,,,,,,,
Indiana,IN,Clinton,,,,,,,,47842,39.74669,-87.4587,America/Indiana/Indianapolis,EST,-5,,,,,,,,,,,
Indiana,IN,Cloverdale,,,,,,,,46120,39.51477,-86.7939,America/Indiana/Indianapolis,EST,-5,,,,,,,,,,,
Indiana,IN,Clunette,,,,,,,,,41.33024,-85.8234,America/Indiana/Indianapolis,EST,-5,,,,,,,,,,,
Indiana,IN,Clymers,,,,,,,,,40.70754,-86.4489,America/Indiana/Indianapolis,EST,-5,,,,,,,,,,,
Indiana,IN,Coatesville,,,,,,,,46121,39.68782,-86.6703,America/Indiana/Indianapolis,EST,-5,,,,,,,,,,,
Indiana,IN,Coesse,,,,,,,,,0,0,,,,,,,,,,,,,,
Indiana,IN,Colfax,,,,,,,,46035,40.19504,-86.6672,America/Indiana/Indianapolis,EST,-5,,,,,,,,,,,
Indiana,IN,Collamer,,,,,,,,,40.34865,-86.5056,America/Indiana/Indianapolis,EST,-5,,,,,,,,,,,
Indiana,IN,College Corner,,,,,,,,,40.41088,-84.9772,America/Indiana/Indianapolis,EST,-5,,,,,,,,,,,
Indiana,IN,Collegeville,,,,,,,,,40.91171,-87.1553,America/Chicago,CST,-6,,,,,,,,,,,
Indiana,IN,Collett,,,,,,,,,40.37532,-85.0008,America/Indiana/Indianapolis,EST,-5,,,,,,,,,,,
Indiana,IN,Collins,,,,,,,,,41.19755,-85.3866,America/Indiana/Indianapolis,EST,-5,,,,,,,,,,,
Indiana,IN,Columbia City,,,,,,,,46725,41.14956,-85.5004,America/Indiana/Indianapolis,EST,-5,,,,,,,,,,,
Indiana,IN,Columbus,,,,,,,,47203###47201###47202,39.19145,-85.8913,America/Indiana/Indianapolis,EST,-5,,,,,,,,,,,
Indiana,IN,Como,,,,,,,,,40.38532,-85.0869,America/Indiana/Indianapolis,EST,-5,,,,,,,,,,,
Indiana,IN,Concord,,,,,,,,,40.42002,-86.766,America/Indiana/Indianapolis,EST,-5,,,,,,,,,,,
Indiana,IN,Connersville,,,,,,,,47331,39.65693,-85.1681,America/Indiana/Indianapolis,EST,-5,,,,,,,,,,,
Indiana,IN,Converse,,,,,,,,46919,40.57803,-85.8781,America/Indiana/Indianapolis,EST,-5,,,,,,,,,,,
Indiana,IN,Corunna,,,,,,,,46730,41.46308,-85.1373,America/Indiana/Indianapolis,EST,-5,,,,,,,,,,,
Indiana,IN,Cosperville,,,,,,,,,0,0,,,,,,,,,,,,,,
Indiana,IN,Country Club Heights,,,,,,,,,40.12282,-85.6872,America/Indiana/Indianapolis,EST,-5,,,,,,,,,,,
Indiana,IN,Covington,,,,,,,,47932,40.09683,-87.3529,America/Indiana/Indianapolis,EST,-5,,,,,,,,,,,
Indiana,IN,Craigville,,,,,,,,46731,40.79406,-85.1042,America/Indiana/Indianapolis,EST,-5,,,,,,,,,,,
Indiana,IN,Crane,,,,,,,,47522,38.89488,-86.9002,America/Indiana/Vincennes,EST,-5,,,,,,,,,,,
Indiana,IN,Crawfordsville,,,,,,,,47933,40.04243,-86.8935,America/Indiana/Indianapolis,EST,-5,,,,,,,,,,,
Indiana,IN,Cromwell,,,,,,,,46732,41.3779,-85.5988,America/Indiana/Indianapolis,EST,-5,,,,,,,,,,,
Indiana,IN,Crooked Lake,,,,,,,,,41.67977,-85.0366,America/Indiana/Indianapolis,EST,-5,,,,,,,,,,,
Indiana,IN,Crothersville,,,,,,,,47229,38.80061,-85.8416,America/Indiana/Indianapolis,EST,-5,,,,,,,,,,,
Indiana,IN,Crown Point,,,,,,,,46308###46307,41.44441,-87.3601,America/Chicago,CST,-6,,,,,,,,,,,
Indiana,IN,Crows Nest,,,,,,,,,39.81933,-86.1711,America/Indiana/Indianapolis,EST,-5,,,,,,,,,,,
Indiana,IN,Crumstown,,,,,,,,,0,0,,,,,,,,,,,,,,
Indiana,IN,Cuba,,,,,,,,,39.3781,-86.7981,America/Indiana/Indianapolis,EST,-5,,,,,,,,,,,
Indiana,IN,Culver,,,,,,,,46511,41.21893,-86.4231,America/Indiana/Indianapolis,EST,-5,,,,,,,,,,,
Indiana,IN,Cumberland,,,,,,,,,0,0,,,,,,,,,,,,,,
Indiana,IN,Curryville,,,,,,,,,40.78644,-85.0719,America/Indiana/Indianapolis,EST,-5,,,,,,,,,,,
Indiana,IN,Cynthiana,,,,,,,,47612,38.18754,-87.7103,America/Chicago,CST,-6,,,,,,,,,,,
Indiana,IN,Dale,,,,,,,,47523,38.14961,-86.9462,America/Chicago,CST,-6,,,,,,,,,,,
Indiana,IN,Daleville,,,,,,,,47334,40.14384,-85.5085,America/Indiana/Indianapolis,EST,-5,,,,,,,,,,,
Indiana,IN,Dana,,,,,,,,47847,39.83895,-87.4712,America/Indiana/Indianapolis,EST,-5,,,,,,,,,,,
Indiana,IN,Danville,,,,,,,,46122,39.76679,-86.5303,America/Indiana/Indianapolis,EST,-5,,,,,,,,,,,
Indiana,IN,Darlington,,,,,,,,47940,40.10763,-86.7777,America/Indiana/Indianapolis,EST,-5,,,,,,,,,,,
Indiana,IN,Darmstadt,,,,,,,,,0,0,,,,,,,,,,,,,,
Indiana,IN,Dayton,,,,,,,,47941,40.3742,-86.7689,America/Indiana/Indianapolis,EST,-5,,,,,,,,,,,
Indiana,IN,De Motte,,,,,,,,,41.19504,-87.1986,America/Chicago,CST,-6,,,,,,,,,,,
Indiana,IN,Deacon,,,,,,,,,0,0,,,,,,,,,,,,,,
Indiana,IN,Decatur,,,,,,,,46733,40.81911,-84.9379,America/Indiana/Indianapolis,EST,-5,,,,,,,,,,,
Indiana,IN,Decker,,,,,,,,47524,38.51894,-87.5231,America/Indiana/Vincennes,EST,-5,,,,,,,,,,,
Indiana,IN,Deedsville,,,,,,,,46921,40.96054,-86.1291,America/Indiana/Indianapolis,EST,-5,,,,,,,,,,,
Indiana,IN,Delong,,,,,,,,46922,41.13838,-86.4164,America/Indiana/Indianapolis,EST,-5,,,,,,,,,,,
Indiana,IN,Delphi,,,,,,,,46923,40.58045,-86.6379,America/Indiana/Indianapolis,EST,-5,,,,,,,,,,,
Indiana,IN,Denham,,,,,,,,,41.15199,-86.7136,America/Indiana/Winamac,EST,-5,,,,,,,,,,,
Indiana,IN,Denver,,,,,,,,46926,40.86704,-86.0752,America/Indiana/Indianapolis,EST,-5,,,,,,,,,,,
Indiana,IN,Dewart Lake,,,,,,,,,0,0,,,,,,,,,,,,,,
Indiana,IN,Dillman,,,,,,,,,40.61032,-85.4289,America/Indiana/Indianapolis,EST,-5,,,,,,,,,,,
Indiana,IN,Dillsboro,,,,,,,,47018,39.00222,-85.0262,America/New_York,EST,-5,,,,,,,,,,,
Indiana,IN,Disko,,,,,,,,,0,0,,,,,,,,,,,,,,
Indiana,IN,Domestic,,,,,,,,,40.61171,-85.0886,America/Indiana/Indianapolis,EST,-5,,,,,,,,,,,
Indiana,IN,Donaldson,,,,,,,,46513,41.3619,-86.4443,America/Indiana/Indianapolis,EST,-5,,,,,,,,,,,
Indiana,IN,Dublin,,,,,,,,47335,39.81269,-85.2044,America/Indiana/Indianapolis,EST,-5,,,,,,,,,,,
Indiana,IN,Dugger,,,,,,,,47848,39.07004,-87.2614,America/Indiana/Indianapolis,EST,-5,,,,,,,,,,,
Indiana,IN,Dull,,,,,,,,,38.14961,-86.9462,America/Chicago,CST,-6,,,,,,,,,,,
Indiana,IN,Dune Acres,,,,,,,,,41.64948,-87.0859,America/Chicago,CST,-6,,,,,,,,,,,
Indiana,IN,Dunfee,,,,,,,,,0,0,,,,,,,,,,,,,,
Indiana,IN,Dunkirk,,,,,,,,47336,40.38672,-85.2104,America/Indiana/Indianapolis,EST,-5,,,,,,,,,,,
Indiana,IN,Dunlap,,,,,,,,,0,0,,,,,,,,,,,,,,
Indiana,IN,Dunreith,,,,,,,,47337,39.80306,-85.4371,America/Indiana/Indianapolis,EST,-5,,,,,,,,,,,
Indiana,IN,Dyer,,,,,,,,46311,41.4942,-87.5217,America/Chicago,CST,-6,,,,,,,,,,,
Indiana,IN,Earl Park,,,,,,,,47942,40.67938,-87.416,America/Indiana/Indianapolis,EST,-5,,,,,,,,,,,
Indiana,IN,East Chicago,,,,,,,,46312,41.64084,-87.4615,America/Chicago,CST,-6,,,,,,,,,,,
Indiana,IN,East Germantown,,,,,,,,,0,0,,,,,,,,,,,,,,
Indiana,IN,Eaton,,,,,,,,47338,40.34032,-85.3508,America/Indiana/Indianapolis,EST,-5,,,,,,,,,,,
Indiana,IN,Economy,,,,,,,,47339,39.9781,-85.088,America/Indiana/Indianapolis,EST,-5,,,,,,,,,,,
Indiana,IN,Eddy,,,,,,,,,0,0,,,,,,,,,,,,,,
Indiana,IN,Edgerton,,,,,,,,,0,0,,,,,,,,,,,,,,
Indiana,IN,Edgewood,,,,,,,,,40.10337,-85.7341,America/Indiana/Indianapolis,EST,-5,,,,,,,,,,,
Indiana,IN,Edinburgh,,,,,,,,46124,39.35422,-85.9667,America/Indiana/Indianapolis,EST,-5,,,,,,,,,,,
Indiana,IN,Edwardsport,,,,,,,,47528,38.81199,-87.2522,America/Indiana/Vincennes,EST,-5,,,,,,,,,,,
Indiana,IN,Ege,,,,,,,,,0,0,,,,,,,,,,,,,,
Indiana,IN,Elberfeld,,,,,,,,47613,38.12893,-87.4161,America/Chicago,CST,-6,,,,,,,,,,,
Indiana,IN,Elizabethtown,,,,,,,,47232,39.11888,-85.7735,America/Indiana/Indianapolis,EST,-5,,,,,,,,,,,
Indiana,IN,Elkhart,,,,,,,,46514###46516###46515###46517,41.71873,-85.937,America/Indiana/Indianapolis,EST,-5,,,,,,,,,,,
Indiana,IN,Ellettsville,,,,,,,,47429,39.27636,-86.6266,America/Indiana/Indianapolis,EST,-5,,,,,,,,,,,
Indiana,IN,Elmira,,,,,,,,,41.592,-85.2044,America/Indiana/Indianapolis,EST,-5,,,,,,,,,,,
Indiana,IN,Elnora,,,,,,,,47529,38.87717,-87.085,America/Indiana/Vincennes,EST,-5,,,,,,,,,,,
Indiana,IN,Elwood,,,,,,,,46036,40.27698,-85.8419,America/Indiana/Indianapolis,EST,-5,,,,,,,,,,,
Indiana,IN,Emma,,,,,,,,,0,0,,,,,,,,,,,,,,
Indiana,IN,English Lake,,,,,,,,,41.26587,-86.8236,America/Indiana/Knox,CST,-6,,,,,,,,,,,
Indiana,IN,Erie,,,,,,,,,0,0,,,,,,,,,,,,,,
Indiana,IN,Etna,,,,,,,,,41.14854,-85.4758,America/Indiana/Indianapolis,EST,-5,,,,,,,,,,,
Indiana,IN,Etna Green,,,,,,,,46524,41.27893,-86.0461,America/Indiana/Indianapolis,EST,-5,,,,,,,,,,,
Indiana,IN,Evansville,,,,,,,,47721###47716###47724###47725###47750###47719###47747###47740###47720###47737###47736###47735###47734###47733###47728###47722###47732###47731###47730###47704###47705###47711###47713###47712###47714###47702###47715###47710###47701###47708###47706###47703,37.99713,-87.575,America/Chicago,CST,-6,,,,,,,,,,,
Indiana,IN,Fairfield Center,,,,,,,,,41.45844,-85.1516,America/Indiana/Indianapolis,EST,-5,,,,,,,,,,,
Indiana,IN,Fairland,,,,,,,,46126,39.61734,-85.8759,America/Indiana/Indianapolis,EST,-5,,,,,,,,,,,
Indiana,IN,Fairmount,,,,,,,,46928,40.41532,-85.6505,America/Indiana/Indianapolis,EST,-5,,,,,,,,,,,
Indiana,IN,Fairview Park,,,,,,,,,39.68032,-87.4175,America/Indiana/Indianapolis,EST,-5,,,,,,,,,,,
Indiana,IN,Farmersburg,,,,,,,,47850,39.22206,-87.4253,America/Indiana/Indianapolis,EST,-5,,,,,,,,,,,
Indiana,IN,Farmland,,,,,,,,47340,40.18757,-85.1456,America/Indiana/Indianapolis,EST,-5,,,,,,,,,,,
Indiana,IN,Fiat,,,,,,,,,40.55338,-85.15,America/Indiana/Indianapolis,EST,-5,,,,,,,,,,,
Indiana,IN,Fillmore,,,,,,,,46128,39.65227,-86.738,America/Indiana/Indianapolis,EST,-5,,,,,,,,,,,
Indiana,IN,Fish Lake,,,,,,,,,0,0,,,,,,,,,,,,,,
Indiana,IN,Fishers,,,,,,,,46037###46085###46038,39.95559,-86.0139,America/Indiana/Indianapolis,EST,-5,,,,,,,,,,,
Indiana,IN,Fletcher,,,,,,,,,0,0,,,,,,,,,,,,,,
Indiana,IN,Flint,,,,,,,,,41.65005,-85.1272,America/Indiana/Indianapolis,EST,-5,,,,,,,,,,,
Indiana,IN,Flora,,,,,,,,46929,40.55627,-86.4905,America/Indiana/Indianapolis,EST,-5,,,,,,,,,,,
Indiana,IN,Foraker,,,,,,,,,41.51588,-85.9242,America/Indiana/Indianapolis,EST,-5,,,,,,,,,,,
Indiana,IN,Fort Branch,,,,,,,,47648,38.25116,-87.5811,America/Chicago,CST,-6,,,,,,,,,,,
Indiana,IN,Fort Wayne,,,,,,,,46808###46816###46807###46852###46815###46801###46802###46803###46804###46805###46806###46814###46809###46818###46825###46835###46898###46897###46896###46895###46885###46869###46868###46867###46862###46863###46866###46899###46864###46861###46845###46850###46851###46853###46854###46855###46856###46857###46858###46859###46860###46865###46819,41.09376,-85.0707,America/Indiana/Indianapolis,EST,-5,,,,,,,,,,,
Indiana,IN,Fortville,,,,,,,,46040,39.89491,-85.7928,America/Indiana/Indianapolis,EST,-5,,,,,,,,,,,
Indiana,IN,Fountain City,,,,,,,,47341,39.9556,-84.9175,America/Indiana/Indianapolis,EST,-5,,,,,,,,,,,
Indiana,IN,Fowler,,,,,,,,47944,40.60654,-87.3112,America/Indiana/Indianapolis,EST,-5,,,,,,,,,,,
Indiana,IN,Fowlerton,,,,,,,,46930,40.40993,-85.571,America/Indiana/Indianapolis,EST,-5,,,,,,,,,,,
Indiana,IN,Francesville,,,,,,,,47946,40.98444,-86.8347,America/Indiana/Winamac,EST,-5,,,,,,,,,,,
Indiana,IN,Francisco,,,,,,,,47649,38.33158,-87.4478,America/Chicago,CST,-6,,,,,,,,,,,
Indiana,IN,Frankfort,,,,,,,,46041,40.30436,-86.4689,America/Indiana/Indianapolis,EST,-5,,,,,,,,,,,
Indiana,IN,Franklin,,,,,,,,46131,39.46917,-86.0687,America/Indiana/Indianapolis,EST,-5,,,,,,,,,,,
Indiana,IN,Frankton,,,,,,,,46044,40.21317,-85.786,America/Indiana/Indianapolis,EST,-5,,,,,,,,,,,
Indiana,IN,Fremont,,,,,,,,46737,41.71146,-84.9456,America/Indiana/Indianapolis,EST,-5,,,,,,,,,,,
Indiana,IN,Fulton,,,,,,,,46931,40.94726,-86.2628,America/Indiana/Indianapolis,EST,-5,,,,,,,,,,,
Indiana,IN,Galveston,,,,,,,,46932,40.57893,-86.1903,America/Indiana/Indianapolis,EST,-5,,,,,,,,,,,
Indiana,IN,Garrett,,,,,,,,46738,41.32301,-85.1407,America/Indiana/Indianapolis,EST,-5,,,,,,,,,,,
Indiana,IN,Gary,,,,,,,,46409###46408###46407###46406###46404###46403###46402###46401,41.59069,-87.3199,America/Chicago,CST,-6,,,,,,,,,,,
Indiana,IN,Gas City,,,,,,,,46933,40.48726,-85.613,America/Indiana/Indianapolis,EST,-5,,,,,,,,,,,
Indiana,IN,Gaston,,,,,,,,47342,40.30936,-85.4327,America/Indiana/Indianapolis,EST,-5,,,,,,,,,,,
Indiana,IN,Geneva,,,,,,,,46740,40.61206,-84.9361,America/Indiana/Indianapolis,EST,-5,,,,,,,,,,,
Indiana,IN,Gentryville,,,,,,,,47537,38.08005,-87.0498,America/Chicago,CST,-6,,,,,,,,,,,
Indiana,IN,Georgetown,,,,,,,,47122,38.31098,-85.96,America/Kentucky/Louisville,EST,-5,,,,,,,,,,,
Indiana,IN,Gilead,,,,,,,,,40.97032,-86.0186,America/Indiana/Indianapolis,EST,-5,,,,,,,,,,,
Indiana,IN,Glenwood,,,,,,,,46133,39.58598,-85.2769,America/Indiana/Indianapolis,EST,-5,,,,,,,,,,,
Indiana,IN,Goblesville,,,,,,,,,40.99005,-85.5103,America/Indiana/Indianapolis,EST,-5,,,,,,,,,,,
Indiana,IN,Golden Hill,,,,,,,,,40.71032,-86.7606,America/Indiana/Indianapolis,EST,-5,,,,,,,,,,,
Indiana,IN,Golden Lake,,,,,,,,,0,0,,,,,,,,,,,,,,
Indiana,IN,Goodland,,,,,,,,47948,40.79404,-87.3248,America/Chicago,CST,-6,,,,,,,,,,,
Indiana,IN,Goose Lake,,,,,,,,,0,0,,,,,,,,,,,,,,
Indiana,IN,Goshen,,,,,,,,46528###46526###46527,41.58484,-85.8581,America/Indiana/Indianapolis,EST,-5,,,,,,,,,,,
Indiana,IN,Gosport,,,,,,,,47433,39.34696,-86.7013,America/Indiana/Indianapolis,EST,-5,,,,,,,,,,,
Indiana,IN,Grabill,,,,,,,,46741,41.19502,-84.964,America/Indiana/Indianapolis,EST,-5,,,,,,,,,,,
Indiana,IN,Grandview,,,,,,,,47615,38.00354,-86.9964,America/Chicago,CST,-6,,,,,,,,,,,
Indiana,IN,Granger,,,,,,,,46530,41.73491,-86.1399,America/Indiana/Indianapolis,EST,-5,,,,,,,,,,,
Indiana,IN,Grass Creek,,,,,,,,46935,41.04099,-86.2069,America/Indiana/Indianapolis,EST,-5,,,,,,,,,,,
Indiana,IN,Gravelton,,,,,,,,,0,0,,,,,,,,,,,,,,
Indiana,IN,Green Center,,,,,,,,,41.30838,-85.3661,America/Indiana/Indianapolis,EST,-5,,,,,,,,,,,
Indiana,IN,Greencastle,,,,,,,,46135,39.69949,-86.8572,America/Indiana/Indianapolis,EST,-5,,,,,,,,,,,
Indiana,IN,Greendale,,,,,,,,,41.11338,-85.0889,America/Indiana/Indianapolis,EST,-5,,,,,,,,,,,
Indiana,IN,Greenfield,,,,,,,,46140,39.82179,-85.7754,America/Indiana/Indianapolis,EST,-5,,,,,,,,,,,
Indiana,IN,Greens Fork,,,,,,,,47345,39.89385,-85.0138,America/Indiana/Indianapolis,EST,-5,,,,,,,,,,,
Indiana,IN,Greensboro,,,,,,,,47344,39.87893,-85.464,America/Indiana/Indianapolis,EST,-5,,,,,,,,,,,
Indiana,IN,Greensburg,,,,,,,,47240,39.2998,-85.4918,America/Indiana/Indianapolis,EST,-5,,,,,,,,,,,
Indiana,IN,Greentown,,,,,,,,46936,40.48544,-85.9973,America/Indiana/Indianapolis,EST,-5,,,,,,,,,,,
Indiana,IN,Greenwood,,,,,,,,46142###46143,39.62181,-86.1753,America/Indiana/Indianapolis,EST,-5,,,,,,,,,,,
Indiana,IN,Griffin,,,,,,,,47616,38.20421,-87.9148,America/Chicago,CST,-6,,,,,,,,,,,
Indiana,IN,Griffith,,,,,,,,46319,41.52837,-87.4237,America/Chicago,CST,-6,,,,,,,,,,,
Indiana,IN,Grissom Afb,,,,,,,,,0,0,,,,,,,,,,,,,,
Indiana,IN,Grovertown,,,,,,,,46531,41.34963,-86.5243,America/Indiana/Knox,CST,-6,,,,,,,,,,,
Indiana,IN,Gulivoire Park,,,,,,,,,39.01616,-86.8494,America/Indiana/Indianapolis,EST,-5,,,,,,,,,,,
Indiana,IN,Hackleman,,,,,,,,,40.42171,-85.748,America/Indiana/Indianapolis,EST,-5,,,,,,,,,,,
Indiana,IN,Hagerstown,,,,,,,,47346,39.91116,-85.1616,America/Indiana/Indianapolis,EST,-5,,,,,,,,,,,
Indiana,IN,Hamilton,,,,,,,,46742,41.5723,-84.8975,America/Indiana/Indianapolis,EST,-5,,,,,,,,,,,
Indiana,IN,Hamilton Lake,,,,,,,,,41.5723,-84.8975,America/Indiana/Indianapolis,EST,-5,,,,,,,,,,,
Indiana,IN,Hamlet,,,,,,,,46532,41.39314,-86.5948,America/Indiana/Knox,CST,-6,,,,,,,,,,,
Indiana,IN,Hammond,,,,,,,,46324###46320###46323###46325###46327,41.6917,-87.5109,America/Chicago,CST,-6,,,,,,,,,,,
Indiana,IN,Hanfield,,,,,,,,,40.60449,-85.5803,America/Indiana/Indianapolis,EST,-5,,,,,,,,,,,
Indiana,IN,Hanna,,,,,,,,46340,41.37859,-86.7887,America/Chicago,CST,-6,,,,,,,,,,,
Indiana,IN,Harlan,,,,,,,,46743,41.21536,-84.8511,America/Indiana/Indianapolis,EST,-5,,,,,,,,,,,
Indiana,IN,Harmony,,,,,,,,47853,39.5372,-87.0729,America/Indiana/Indianapolis,EST,-5,,,,,,,,,,,
Indiana,IN,Hartford City,,,,,,,,47348,40.47267,-85.3264,America/Indiana/Indianapolis,EST,-5,,,,,,,,,,,
Indiana,IN,Hartsville,,,,,,,,47244,39.26755,-85.698,America/Indiana/Indianapolis,EST,-5,,,,,,,,,,,
Indiana,IN,Haskell,,,,,,,,,0,0,,,,,,,,,,,,,,
Indiana,IN,Hastings,,,,,,,,,41.38366,-85.9294,America/Indiana/Indianapolis,EST,-5,,,,,,,,,,,
Indiana,IN,Haubstadt,,,,,,,,47639,38.2027,-87.5774,America/Chicago,CST,-6,,,,,,,,,,,
Indiana,IN,Hazleton,,,,,,,,47640,38.48894,-87.5417,America/Chicago,CST,-6,,,,,,,,,,,
Indiana,IN,Headlee,,,,,,,,,40.89782,-86.6586,America/Indiana/Indianapolis,EST,-5,,,,,,,,,,,
Indiana,IN,Hebron,,,,,,,,46341,41.34719,-87.1524,America/Chicago,CST,-6,,,,,,,,,,,
Indiana,IN,Helmer,,,,,,,,,41.53116,-85.1703,America/Indiana/Indianapolis,EST,-5,,,,,,,,,,,
Indiana,IN,Herbst,,,,,,,,,40.59943,-85.6292,America/Indiana/Indianapolis,EST,-5,,,,,,,,,,,
Indiana,IN,Hessen Cassel,,,,,,,,,40.97783,-85.0791,America/Indiana/Indianapolis,EST,-5,,,,,,,,,,,
Indiana,IN,Hesston,,,,,,,,,41.60706,-86.7217,America/Chicago,CST,-6,,,,,,,,,,,
Indiana,IN,Hibbard,,,,,,,,,41.25338,-86.387,America/Indiana/Indianapolis,EST,-5,,,,,,,,,,,
Indiana,IN,Hidden Valley,,,,,,,,,0,0,,,,,,,,,,,,,,
Indiana,IN,Highland,,,,,,,,46322,41.54649,-87.4572,America/Chicago,CST,-6,,,,,,,,,,,
Indiana,IN,Hillsboro,,,,,,,,47949,40.06054,-87.1373,America/Indiana/Indianapolis,EST,-5,,,,,,,,,,,
Indiana,IN,Hoagland,,,,,,,,46745,40.95735,-85.0021,America/Indiana/Indianapolis,EST,-5,,,,,,,,,,,
Indiana,IN,Hobart,,,,,,,,46342,41.53226,-87.255,America/Chicago,CST,-6,,,,,,,,,,,
Indiana,IN,Hoffman Lake,,,,,,,,,0,0,,,,,,,,,,,,,,
Indiana,IN,Holton,,,,,,,,47023,39.08286,-85.3744,America/Indiana/Indianapolis,EST,-5,,,,,,,,,,,
Indiana,IN,Home Corner,,,,,,,,,40.59943,-85.6292,America/Indiana/Indianapolis,EST,-5,,,,,,,,,,,
Indiana,IN,Homecroft,,,,,,,,,39.67005,-86.1314,America/Indiana/Indianapolis,EST,-5,,,,,,,,,,,
Indiana,IN,Honeyville,,,,,,,,,0,0,,,,,,,,,,,,,,
Indiana,IN,Hoover,,,,,,,,,40.80893,-86.2006,America/Indiana/Indianapolis,EST,-5,,,,,,,,,,,
Indiana,IN,Hope,,,,,,,,47246,39.30394,-85.7714,America/Indiana/Indianapolis,EST,-5,,,,,,,,,,,
Indiana,IN,Howe,,,,,,,,46746,41.71191,-85.3675,America/Indiana/Indianapolis,EST,-5,,,,,,,,,,,
Indiana,IN,Hudson,,,,,,,,46747,41.53283,-85.0811,America/Indiana/Indianapolis,EST,-5,,,,,,,,,,,
Indiana,IN,Hudson Lake,,,,,,,,,41.53283,-85.0811,America/Indiana/Indianapolis,EST,-5,,,,,,,,,,,
Indiana,IN,Huntertown,,,,,,,,46748,41.22838,-85.1725,America/Indiana/Indianapolis,EST,-5,,,,,,,,,,,
Indiana,IN,Huntingburg,,,,,,,,47542,38.29897,-86.9524,America/Indiana/Vincennes,EST,-5,,,,,,,,,,,
Indiana,IN,Huntington,,,,,,,,46750,40.8427,-85.4892,America/Indiana/Indianapolis,EST,-5,,,,,,,,,,,
Indiana,IN,Hymera,,,,,,,,47855,39.18334,-87.2994,America/Indiana/Indianapolis,EST,-5,,,,,,,,,,,
Indiana,IN,Idaville,,,,,,,,47950,40.75698,-86.6495,America/Indiana/Indianapolis,EST,-5,,,,,,,,,,,
Indiana,IN,Ijamsville,,,,,,,,,0,0,,,,,,,,,,,,,,
Indiana,IN,Indian Heights,,,,,,,,,40.53127,-86.1695,America/Indiana/Indianapolis,EST,-5,,,,,,,,,,,
Indiana,IN,Indian Village,,,,,,,,,41.36588,-85.6394,America/Indiana/Indianapolis,EST,-5,,,,,,,,,,,
Indiana,IN,Indiana Beach,,,,,,,,,40.79143,-86.7681,America/Indiana/Indianapolis,EST,-5,,,,,,,,,,,
Indiana,IN,Indianapolis,,,,,,,,46296###46283###46285###46280###46295###46278###46291###46290###46282###46277###46236###46218###46219###46220###46221###46222###46224###46225###46226###46227###46228###46217###46216###46201###46202###46203###46204###46205###46206###46207###46208###46209###46214###46229###46230###46253###46254###46255###46256###46259###46260###46262###46266###46268###46274###46251###46250###46231###46235###46237###46239###46240###46241###46242###46244###46247###46249###46275###46298###46211###46234,39.77509,-86.1322,America/Indiana/Indianapolis,EST,-5,,,,,,,,,,,
Indiana,IN,Indianola,,,,,,,,,41.56477,-85.2469,America/Indiana/Indianapolis,EST,-5,,,,,,,,,,,
Indiana,IN,Ingalls,,,,,,,,46048,39.95729,-85.7981,America/Indiana/Indianapolis,EST,-5,,,,,,,,,,,
Indiana,IN,Inwood,,,,,,,,,0,0,,,,,,,,,,,,,,
Indiana,IN,Irish Lake,,,,,,,,,0,0,,,,,,,,,,,,,,
Indiana,IN,Jalapa,,,,,,,,,40.62782,-85.7455,America/Indiana/Indianapolis,EST,-5,,,,,,,,,,,
Indiana,IN,James Lake,,,,,,,,,0,0,,,,,,,,,,,,,,
Indiana,IN,Jamestown,,,,,,,,46147,39.97115,-86.6228,America/Indiana/Indianapolis,EST,-5,,,,,,,,,,,
Indiana,IN,Jasonville,,,,,,,,47438,39.1631,-87.1992,America/Indiana/Indianapolis,EST,-5,,,,,,,,,,,
Indiana,IN,Jasper,,,,,,,,47549###47546###47547,38.36036,-86.9295,America/Indiana/Vincennes,EST,-5,,,,,,,,,,,
Indiana,IN,Jeffersonville,,,,,,,,47131###47132###47133###47134###47190###47199###47144###47130,38.3334,-85.6972,America/Kentucky/Louisville,EST,-5,,,,,,,,,,,
Indiana,IN,Jimtown,,,,,,,,,0,0,,,,,,,,,,,,,,
Indiana,IN,Jonesboro,,,,,,,,46938,40.47976,-85.6278,America/Indiana/Indianapolis,EST,-5,,,,,,,,,,,
Indiana,IN,Jonesville,,,,,,,,47247,39.05935,-85.8886,America/Indiana/Indianapolis,EST,-5,,,,,,,,,,,
Indiana,IN,Judson,,,,,,,,,39.77908,-87.2218,America/Indiana/Indianapolis,EST,-5,,,,,,,,,,,
Indiana,IN,Kempton,,,,,,,,46049,40.28837,-86.2297,America/Indiana/Indianapolis,EST,-5,,,,,,,,,,,
Indiana,IN,Kendallville,,,,,,,,46755,41.44144,-85.265,America/Indiana/Indianapolis,EST,-5,,,,,,,,,,,
Indiana,IN,Kennard,,,,,,,,47351,39.90402,-85.5205,America/Indiana/Indianapolis,EST,-5,,,,,,,,,,,
Indiana,IN,Kentland,,,,,,,,47951,40.79419,-87.4398,America/Chicago,CST,-6,,,,,,,,,,,
Indiana,IN,Kewanna,,,,,,,,46939,41.01865,-86.4133,America/Indiana/Indianapolis,EST,-5,,,,,,,,,,,
Indiana,IN,Keystone,,,,,,,,46759,40.60332,-85.2056,America/Indiana/Indianapolis,EST,-5,,,,,,,,,,,
Indiana,IN,Kimmel,,,,,,,,,41.36942,-85.5434,America/Indiana/Indianapolis,EST,-5,,,,,,,,,,,
Indiana,IN,Kingman,,,,,,,,47952,40.01736,-87.2569,America/Indiana/Indianapolis,EST,-5,,,,,,,,,,,
Indiana,IN,Kingsbury,,,,,,,,46345,41.52602,-86.6997,America/Chicago,CST,-6,,,,,,,,,,,
Indiana,IN,Kingsford Heights,,,,,,,,46346,41.48017,-86.6919,America/Chicago,CST,-6,,,,,,,,,,,
Indiana,IN,Kirklin,,,,,,,,46050,40.19337,-86.3606,America/Indiana/Indianapolis,EST,-5,,,,,,,,,,,
Indiana,IN,Knapp Lake,,,,,,,,,0,0,,,,,,,,,,,,,,
Indiana,IN,Knightstown,,,,,,,,46148,39.7956,-85.5264,America/Indiana/Indianapolis,EST,-5,,,,,,,,,,,
Indiana,IN,Knightsville,,,,,,,,47857,39.52691,-87.0869,America/Indiana/Indianapolis,EST,-5,,,,,,,,,,,
Indiana,IN,Knox,,,,,,,,46534,41.28091,-86.6082,America/Indiana/Knox,CST,-6,,,,,,,,,,,
Indiana,IN,Kokomo,,,,,,,,46901###46904###46903###46902,40.50685,-86.1711,America/Indiana/Indianapolis,EST,-5,,,,,,,,,,,
Indiana,IN,Koontz Lake,,,,,,,,,41.4181,-86.4858,America/Indiana/Knox,CST,-6,,,,,,,,,,,
Indiana,IN,Kouts,,,,,,,,46347,41.30132,-87.0668,America/Chicago,CST,-6,,,,,,,,,,,
Indiana,IN,Kvpz,,,,,,,,,0,0,,,,,,,,,,,,,,
Indiana,IN,La Crosse,,,,,,,,46348,41.31754,-86.8914,America/Chicago,CST,-6,,,,,,,,,,,
Indiana,IN,La Fontaine,,,,,,,,46940,40.69616,-85.7404,America/Indiana/Indianapolis,EST,-5,,,,,,,,,,,
Indiana,IN,La Paz,,,,,,,,,41.45977,-86.3083,America/Indiana/Indianapolis,EST,-5,,,,,,,,,,,
Indiana,IN,La Porte,,,,,,,,46350###46352,41.53759,-86.7376,America/Chicago,CST,-6,,,,,,,,,,,
Indiana,IN,Ladoga,,,,,,,,47954,39.91366,-86.8011,America/Indiana/Indianapolis,EST,-5,,,,,,,,,,,
Indiana,IN,Lafayette,,,,,,,,47902###47901###47903###47904###47905###47909,40.41778,-86.8896,America/Indiana/Indianapolis,EST,-5,,,,,,,,,,,
Indiana,IN,Lagrange,,,,,,,,46761,41.65514,-85.3872,America/Indiana/Indianapolis,EST,-5,,,,,,,,,,,
Indiana,IN,Lagro,,,,,,,,46941,40.82648,-85.7009,America/Indiana/Indianapolis,EST,-5,,,,,,,,,,,
Indiana,IN,Lake Bruce,,,,,,,,,41.07032,-86.4645,America/Indiana/Indianapolis,EST,-5,,,,,,,,,,,
Indiana,IN,Lake Cicott,,,,,,,,46942,40.73611,-86.3734,America/Indiana/Indianapolis,EST,-5,,,,,,,,,,,
Indiana,IN,Lake Dalecarlia,,,,,,,,,41.33087,-87.3948,America/Chicago,CST,-6,,,,,,,,,,,
Indiana,IN,Lake Everett,,,,,,,,,0,0,,,,,,,,,,,,,,
Indiana,IN,Lake Gauge,,,,,,,,,0,0,,,,,,,,,,,,,,
Indiana,IN,Lake Hart,,,,,,,,,39.56755,-86.4319,America/Indiana/Indianapolis,EST,-5,,,,,,,,,,,
Indiana,IN,Lake James,,,,,,,,,41.69338,-85.0247,America/Indiana/Indianapolis,EST,-5,,,,,,,,,,,
Indiana,IN,Lake Manitou,,,,,,,,,0,0,,,,,,,,,,,,,,
Indiana,IN,Lake Of The Woods,,,,,,,,,0,0,,,,,,,,,,,,,,
Indiana,IN,Lake Station,,,,,,,,46405,41.57504,-87.2389,America/Chicago,CST,-6,,,,,,,,,,,
Indiana,IN,Lake Wawasee,,,,,,,,,0,0,,,,,,,,,,,,,,
Indiana,IN,Lake Wood,,,,,,,,,40.59943,-85.6292,America/Indiana/Indianapolis,EST,-5,,,,,,,,,,,
Indiana,IN,Lakes Of The Four,,,,,,,,,41.41032,-87.2131,America/Chicago,CST,-6,,,,,,,,,,,
Indiana,IN,Lakes of the Four Seasons,,,,,,,,,41.41032,-87.2131,America/Chicago,CST,-6,,,,,,,,,,,
Indiana,IN,Lakeside,,,,,,,,,0,0,,,,,,,,,,,,,,
Indiana,IN,Laketon,,,,,,,,46943,40.97428,-85.8375,America/Indiana/Indianapolis,EST,-5,,,,,,,,,,,
Indiana,IN,Lakeville,,,,,,,,46536,41.52637,-86.2701,America/Indiana/Indianapolis,EST,-5,,,,,,,,,,,
Indiana,IN,Lancaster,,,,,,,,,40.74893,-85.5069,America/Indiana/Indianapolis,EST,-5,,,,,,,,,,,
Indiana,IN,Landess,,,,,,,,,0,0,,,,,,,,,,,,,,
Indiana,IN,Laotto,,,,,,,,46763,41.29291,-85.279,America/Indiana/Indianapolis,EST,-5,,,,,,,,,,,
Indiana,IN,Lapel,,,,,,,,46051,40.05956,-85.8344,America/Indiana/Indianapolis,EST,-5,,,,,,,,,,,
Indiana,IN,Larwill,,,,,,,,46764,41.1806,-85.6255,America/Indiana/Indianapolis,EST,-5,,,,,,,,,,,
Indiana,IN,Laud,,,,,,,,,41.04949,-85.4522,America/Indiana/Indianapolis,EST,-5,,,,,,,,,,,
Indiana,IN,Laurel,,,,,,,,47024,39.46796,-85.1781,America/Indiana/Indianapolis,EST,-5,,,,,,,,,,,
Indiana,IN,Lawrence,,,,,,,,,39.83865,-86.0253,America/Indiana/Indianapolis,EST,-5,,,,,,,,,,,
Indiana,IN,Lawrenceburg,,,,,,,,47025,39.15274,-84.891,America/New_York,EST,-5,,,,,,,,,,,
Indiana,IN,Lawton,,,,,,,,,41.09976,-86.525,America/Indiana/Winamac,EST,-5,,,,,,,,,,,
Indiana,IN,Leases Corner,,,,,,,,,0,0,,,,,,,,,,,,,,
Indiana,IN,Lebanon,,,,,,,,46052,40.0503,-86.4904,America/Indiana/Indianapolis,EST,-5,,,,,,,,,,,
Indiana,IN,Lee,,,,,,,,,40.89643,-86.9681,America/Indiana/Indianapolis,EST,-5,,,,,,,,,,,
Indiana,IN,Leesburg,,,,,,,,46538,41.34288,-85.8238,America/Indiana/Indianapolis,EST,-5,,,,,,,,,,,
Indiana,IN,Leiters Ford,,,,,,,,46945,41.04099,-86.2069,America/Indiana/Indianapolis,EST,-5,,,,,,,,,,,
Indiana,IN,Leo-Cedarville,,,,,,,,,41.21255,-85.0166,America/Indiana/Indianapolis,EST,-5,,,,,,,,,,,
Indiana,IN,Lewisville,,,,,,,,47352,39.83037,-85.3727,America/Indiana/Indianapolis,EST,-5,,,,,,,,,,,
Indiana,IN,Liber,,,,,,,,,40.4081,-84.9694,America/Indiana/Indianapolis,EST,-5,,,,,,,,,,,
Indiana,IN,Liberty,,,,,,,,47353,39.62515,-84.925,America/Indiana/Indianapolis,EST,-5,,,,,,,,,,,
Indiana,IN,Liberty Center,,,,,,,,46766,40.69855,-85.2782,America/Indiana/Indianapolis,EST,-5,,,,,,,,,,,
Indiana,IN,Liberty Mills,,,,,,,,46946,41.03563,-85.7358,America/Indiana/Indianapolis,EST,-5,,,,,,,,,,,
Indiana,IN,Ligonier,,,,,,,,46767,41.46588,-85.5875,America/Indiana/Indianapolis,EST,-5,,,,,,,,,,,
Indiana,IN,Lincoln,,,,,,,,,40.6156,-86.21,America/Indiana/Indianapolis,EST,-5,,,,,,,,,,,
Indiana,IN,Lincolnville,,,,,,,,,38.12419,-86.996,America/Chicago,CST,-6,,,,,,,,,,,
Indiana,IN,Linden,,,,,,,,47955,40.1915,-86.9018,America/Indiana/Indianapolis,EST,-5,,,,,,,,,,,
Indiana,IN,Linkville,,,,,,,,,41.41616,-86.287,America/Indiana/Indianapolis,EST,-5,,,,,,,,,,,
Indiana,IN,Linn Grove,,,,,,,,46769,40.74532,-84.9379,America/Indiana/Indianapolis,EST,-5,,,,,,,,,,,
Indiana,IN,Linton,,,,,,,,47441,39.04963,-87.127,America/Indiana/Indianapolis,EST,-5,,,,,,,,,,,
Indiana,IN,Lisbon,,,,,,,,,41.41116,-85.2597,America/Indiana/Indianapolis,EST,-5,,,,,,,,,,,
Indiana,IN,Lizton,,,,,,,,46149,39.87167,-86.5603,America/Indiana/Indianapolis,EST,-5,,,,,,,,,,,
Indiana,IN,Locke,,,,,,,,,0,0,,,,,,,,,,,,,,
Indiana,IN,Logansport,,,,,,,,46947,40.77927,-86.3752,America/Indiana/Indianapolis,EST,-5,,,,,,,,,,,
Indiana,IN,Lomax,,,,,,,,,0,0,,,,,,,,,,,,,,
Indiana,IN,Long Beach,,,,,,,,,41.73893,-86.857,America/Chicago,CST,-6,,,,,,,,,,,
Indiana,IN,Long Lake,,,,,,,,,41.52171,-87.0484,America/Chicago,CST,-6,,,,,,,,,,,
Indiana,IN,Loogootee,,,,,,,,47553,38.77169,-86.913,America/Indiana/Vincennes,EST,-5,,,,,,,,,,,
Indiana,IN,Loon Lake,,,,,,,,,0,0,,,,,,,,,,,,,,
Indiana,IN,Lorane,,,,,,,,,41.20699,-85.5586,America/Indiana/Indianapolis,EST,-5,,,,,,,,,,,
Indiana,IN,Losantville,,,,,,,,47354,40.04815,-85.1705,America/Indiana/Indianapolis,EST,-5,,,,,,,,,,,
Indiana,IN,Lowell,,,,,,,,46356,41.2801,-87.4113,America/Chicago,CST,-6,,,,,,,,,,,
Indiana,IN,Lucerne,,,,,,,,46950,40.87528,-86.3541,America/Indiana/Indianapolis,EST,-5,,,,,,,,,,,
Indiana,IN,Luther,,,,,,,,,41.06625,-85.6197,America/Indiana/Indianapolis,EST,-5,,,,,,,,,,,
Indiana,IN,Lydick,,,,,,,,,41.69338,-86.38,America/Indiana/Indianapolis,EST,-5,,,,,,,,,,,
Indiana,IN,Lynn,,,,,,,,47355,40.05578,-84.9411,America/Indiana/Indianapolis,EST,-5,,,,,,,,,,,
Indiana,IN,Lynnville,,,,,,,,47619,38.1629,-87.284,America/Chicago,CST,-6,,,,,,,,,,,
Indiana,IN,Lyons,,,,,,,,47443,38.98826,-87.103,America/Indiana/Indianapolis,EST,-5,,,,,,,,,,,
Indiana,IN,Mackey,,,,,,,,47654,38.25227,-87.3917,America/Chicago,CST,-6,,,,,,,,,,,
Indiana,IN,Macy,,,,,,,,46951,40.95841,-86.1294,America/Indiana/Indianapolis,EST,-5,,,,,,,,,,,
Indiana,IN,Madison,,,,,,,,47250,38.80455,-85.4206,America/Indiana/Indianapolis,EST,-5,,,,,,,,,,,
Indiana,IN,Magley,,,,,,,,,40.83144,-85.0533,America/Indiana/Indianapolis,EST,-5,,,,,,,,,,,
Indiana,IN,Mahon,,,,,,,,,40.93866,-85.3805,America/Indiana/Indianapolis,EST,-5,,,,,,,,,,,
Indiana,IN,Majenica,,,,,,,,,40.77005,-85.4533,America/Indiana/Indianapolis,EST,-5,,,,,,,,,,,
Indiana,IN,Maples,,,,,,,,,41.01283,-84.9691,America/Indiana/Indianapolis,EST,-5,,,,,,,,,,,
Indiana,IN,Marion,,,,,,,,46952###46953,40.59943,-85.6292,America/Indiana/Indianapolis,EST,-5,,,,,,,,,,,
Indiana,IN,Markle,,,,,,,,46770,40.82462,-85.3388,America/Indiana/Indianapolis,EST,-5,,,,,,,,,,,
Indiana,IN,Markleville,,,,,,,,46056,39.98579,-85.6179,America/Indiana/Indianapolis,EST,-5,,,,,,,,,,,
Indiana,IN,Marshall,,,,,,,,47859,39.8481,-87.1878,America/Indiana/Indianapolis,EST,-5,,,,,,,,,,,
Indiana,IN,Marshtown,,,,,,,,,0,0,,,,,,,,,,,,,,
Indiana,IN,Martinsville,,,,,,,,46151,39.47763,-86.4668,America/Indiana/Indianapolis,EST,-5,,,,,,,,,,,
Indiana,IN,Matthews,,,,,,,,46957,40.38865,-85.4994,America/Indiana/Indianapolis,EST,-5,,,,,,,,,,,
Indiana,IN,Maxinkuckee,,,,,,,,,41.20838,-86.3814,America/Indiana/Indianapolis,EST,-5,,,,,,,,,,,
Indiana,IN,Mccordsville,,,,,,,,,39.87811,-85.898,America/Indiana/Indianapolis,EST,-5,,,,,,,,,,,
Indiana,IN,Mcnatts,,,,,,,,,0,0,,,,,,,,,,,,,,
Indiana,IN,Mecca,,,,,,,,47860,39.72726,-87.3306,America/Indiana/Indianapolis,EST,-5,,,,,,,,,,,
Indiana,IN,Medaryville,,,,,,,,47957,41.07262,-86.8497,America/Indiana/Winamac,EST,-5,,,,,,,,,,,
Indiana,IN,Medora,,,,,,,,47260,38.84003,-86.1947,America/Indiana/Indianapolis,EST,-5,,,,,,,,,,,
Indiana,IN,Mellott,,,,,,,,47958,40.16414,-87.1475,America/Indiana/Indianapolis,EST,-5,,,,,,,,,,,
Indiana,IN,Melody Hill,,,,,,,,,38.02615,-87.5158,America/Chicago,CST,-6,,,,,,,,,,,
Indiana,IN,Mentone,,,,,,,,46539,41.17765,-86.0086,America/Indiana/Indianapolis,EST,-5,,,,,,,,,,,
Indiana,IN,Meridian Hills,,,,,,,,,39.89814,-86.1776,America/Indiana/Indianapolis,EST,-5,,,,,,,,,,,
Indiana,IN,Merom,,,,,,,,47861,39.05764,-87.5666,America/Indiana/Indianapolis,EST,-5,,,,,,,,,,,
Indiana,IN,Merriam,,,,,,,,,41.28727,-85.4344,America/Indiana/Indianapolis,EST,-5,,,,,,,,,,,
Indiana,IN,Merrillville,,,,,,,,46410###46411,41.49721,-87.3387,America/Chicago,CST,-6,,,,,,,,,,,
Indiana,IN,Metea,,,,,,,,,40.86921,-86.3094,America/Indiana/Indianapolis,EST,-5,,,,,,,,,,,
Indiana,IN,Metz,,,,,,,,,41.61616,-84.8394,America/Indiana/Indianapolis,EST,-5,,,,,,,,,,,
Indiana,IN,Mexico,,,,,,,,46958,40.82238,-86.1162,America/Indiana/Indianapolis,EST,-5,,,,,,,,,,,
Indiana,IN,Miami,,,,,,,,46959,40.61466,-86.1064,America/Indiana/Indianapolis,EST,-5,,,,,,,,,,,
Indiana,IN,Michaelsville,,,,,,,,,0,0,,,,,,,,,,,,,,
Indiana,IN,Michiana Shores,,,,,,,,,41.75587,-86.8167,America/Chicago,CST,-6,,,,,,,,,,,
Indiana,IN,Michigan City,,,,,,,,46361###46360,41.68934,-86.8692,America/Chicago,CST,-6,,,,,,,,,,,
Indiana,IN,Michigantown,,,,,,,,46057,40.32643,-86.3928,America/Indiana/Indianapolis,EST,-5,,,,,,,,,,,
Indiana,IN,Middlebury,,,,,,,,46540,41.67533,-85.7061,America/Indiana/Indianapolis,EST,-5,,,,,,,,,,,
Indiana,IN,Middletown,,,,,,,,47356,40.03146,-85.5074,America/Indiana/Indianapolis,EST,-5,,,,,,,,,,,
Indiana,IN,Mier,,,,,,,,,40.57532,-85.8255,America/Indiana/Indianapolis,EST,-5,,,,,,,,,,,
Indiana,IN,Milan,,,,,,,,47031,39.11527,-85.2282,America/Indiana/Indianapolis,EST,-5,,,,,,,,,,,
Indiana,IN,Milford,,,,,,,,46542,41.39663,-85.8697,America/Indiana/Indianapolis,EST,-5,,,,,,,,,,,
Indiana,IN,Mill Grove,,,,,,,,,40.40838,-85.275,America/Indiana/Indianapolis,EST,-5,,,,,,,,,,,
Indiana,IN,Millersburg,,,,,,,,46543,41.53126,-85.7121,America/Indiana/Indianapolis,EST,-5,,,,,,,,,,,
Indiana,IN,Millhousen,,,,,,,,47261,39.292,-85.4918,America/Indiana/Indianapolis,EST,-5,,,,,,,,,,,
Indiana,IN,Milton,,,,,,,,47357,39.76491,-85.109,America/Indiana/Indianapolis,EST,-5,,,,,,,,,,,
Indiana,IN,Mishawaka,,,,,,,,46544###46545###46546,41.61508,-86.1478,America/Indiana/Indianapolis,EST,-5,,,,,,,,,,,
Indiana,IN,Mitchell,,,,,,,,47446,38.73283,-86.4736,America/Indiana/Indianapolis,EST,-5,,,,,,,,,,,
Indiana,IN,Modoc,,,,,,,,47358,40.05542,-85.1085,America/Indiana/Indianapolis,EST,-5,,,,,,,,,,,
Indiana,IN,Mongo,,,,,,,,46771,41.68477,-85.2797,America/Indiana/Indianapolis,EST,-5,,,,,,,,,,,
Indiana,IN,Monmouth,,,,,,,,,40.86783,-84.9444,America/Indiana/Indianapolis,EST,-5,,,,,,,,,,,
Indiana,IN,Monon,,,,,,,,47959,40.86782,-86.8789,America/Indiana/Indianapolis,EST,-5,,,,,,,,,,,
Indiana,IN,Monoquet,,,,,,,,,41.21383,-85.8695,America/Indiana/Indianapolis,EST,-5,,,,,,,,,,,
Indiana,IN,Monroe,,,,,,,,46772,40.70952,-84.9192,America/Indiana/Indianapolis,EST,-5,,,,,,,,,,,
Indiana,IN,Monroe City,,,,,,,,47557,38.59043,-87.3685,America/Indiana/Vincennes,EST,-5,,,,,,,,,,,
Indiana,IN,Monroeville,,,,,,,,46773,41.05901,-84.904,America/Indiana/Indianapolis,EST,-5,,,,,,,,,,,
Indiana,IN,Monterey,,,,,,,,46960,41.15699,-86.4828,America/Indiana/Winamac,EST,-5,,,,,,,,,,,
Indiana,IN,Montezuma,,,,,,,,47862,39.79173,-87.3691,America/Indiana/Indianapolis,EST,-5,,,,,,,,,,,
Indiana,IN,Montgomery,,,,,,,,47558,38.66255,-87.0461,America/Indiana/Vincennes,EST,-5,,,,,,,,,,,
Indiana,IN,Monticello,,,,,,,,47960,40.77921,-86.7495,America/Indiana/Indianapolis,EST,-5,,,,,,,,,,,
Indiana,IN,Montpelier,,,,,,,,47359,40.5159,-85.2956,America/Indiana/Indianapolis,EST,-5,,,,,,,,,,,
Indiana,IN,Moore,,,,,,,,,41.397,-84.9525,America/Indiana/Indianapolis,EST,-5,,,,,,,,,,,
Indiana,IN,Mooreland,,,,,,,,47360,40.01641,-85.293,America/Indiana/Indianapolis,EST,-5,,,,,,,,,,,
Indiana,IN,Moores Hill,,,,,,,,47032,39.11339,-85.088,America/New_York,EST,-5,,,,,,,,,,,
Indiana,IN,Mooresville,,,,,,,,46158,39.61282,-86.3742,America/Indiana/Indianapolis,EST,-5,,,,,,,,,,,
Indiana,IN,Morgantown,,,,,,,,46160,39.37144,-86.2611,America/Indiana/Indianapolis,EST,-5,,,,,,,,,,,
Indiana,IN,Morocco,,,,,,,,47963,40.95469,-87.411,America/Chicago,CST,-6,,,,,,,,,,,
Indiana,IN,Morristown,,,,,,,,46161,39.65521,-85.7126,America/Indiana/Indianapolis,EST,-5,,,,,,,,,,,
Indiana,IN,Mount Auburn,,,,,,,,,39.81282,-85.1897,America/Indiana/Indianapolis,EST,-5,,,,,,,,,,,
Indiana,IN,Mount Ayr,,,,,,,,47964,40.95198,-87.2992,America/Chicago,CST,-6,,,,,,,,,,,
Indiana,IN,Mount Carmel,,,,,,,,,39.40728,-84.8733,America/Indiana/Indianapolis,EST,-5,,,,,,,,,,,
Indiana,IN,Mount Etna,,,,,,,,,40.74254,-85.5619,America/Indiana/Indianapolis,EST,-5,,,,,,,,,,,
Indiana,IN,Mount Summit,,,,,,,,47361,40.00449,-85.3847,America/Indiana/Indianapolis,EST,-5,,,,,,,,,,,
Indiana,IN,Mount Vernon,,,,,,,,47620,37.96178,-87.8682,America/Chicago,CST,-6,,,,,,,,,,,
Indiana,IN,Mount Zion,,,,,,,,,40.65032,-85.3347,America/Indiana/Indianapolis,EST,-5,,,,,,,,,,,
Indiana,IN,Mulberry,,,,,,,,46058,40.35943,-86.6287,America/Indiana/Indianapolis,EST,-5,,,,,,,,,,,
Indiana,IN,Muncie,,,,,,,,47307###47308###47306###47303###47305###47304###47302,40.14212,-85.3899,America/Indiana/Indianapolis,EST,-5,,,,,,,,,,,
Indiana,IN,Munster,,,,,,,,46321,41.55054,-87.5026,America/Chicago,CST,-6,,,,,,,,,,,
Indiana,IN,Murray,,,,,,,,,40.79199,-85.2008,America/Indiana/Indianapolis,EST,-5,,,,,,,,,,,
Indiana,IN,Napoleon,,,,,,,,47034,39.20483,-85.327,America/Indiana/Indianapolis,EST,-5,,,,,,,,,,,
Indiana,IN,Nappanee,,,,,,,,46550,41.44283,-86.0014,America/Indiana/Indianapolis,EST,-5,,,,,,,,,,,
Indiana,IN,Nashville,,,,,,,,47448,39.18058,-86.2262,America/Indiana/Indianapolis,EST,-5,,,,,,,,,,,
Indiana,IN,Nead,,,,,,,,,40.70726,-86.1275,America/Indiana/Indianapolis,EST,-5,,,,,,,,,,,
Indiana,IN,Nevada Mills,,,,,,,,,41.727,-85.0822,America/Indiana/Indianapolis,EST,-5,,,,,,,,,,,
Indiana,IN,New Albany,,,,,,,,47150###47151,38.29336,-85.8379,America/Kentucky/Louisville,EST,-5,,,,,,,,,,,
Indiana,IN,New Carlisle,,,,,,,,46552,41.70117,-86.4555,America/Indiana/Indianapolis,EST,-5,,,,,,,,,,,
Indiana,IN,New Castle,,,,,,,,47362,39.92487,-85.3669,America/Indiana/Indianapolis,EST,-5,,,,,,,,,,,
Indiana,IN,New Chicago,,,,,,,,,41.55837,-87.2745,America/Chicago,CST,-6,,,,,,,,,,,
Indiana,IN,New Corydon,,,,,,,,,40.56866,-84.84,America/Indiana/Indianapolis,EST,-5,,,,,,,,,,,
Indiana,IN,New Harmony,,,,,,,,47631,38.10183,-87.8988,America/Chicago,CST,-6,,,,,,,,,,,
Indiana,IN,New Haven,,,,,,,,46774,41.1021,-84.962,America/Indiana/Indianapolis,EST,-5,,,,,,,,,,,
Indiana,IN,New Market,,,,,,,,47965,39.95235,-86.9206,America/Indiana/Indianapolis,EST,-5,,,,,,,,,,,
Indiana,IN,New Mount Pleasant,,,,,,,,,40.35588,-85.065,America/Indiana/Indianapolis,EST,-5,,,,,,,,,,,
Indiana,IN,New Palestine,,,,,,,,46163,39.73993,-85.886,America/Indiana/Indianapolis,EST,-5,,,,,,,,,,,
Indiana,IN,New Paris,,,,,,,,46553,41.47867,-85.8192,America/Indiana/Indianapolis,EST,-5,,,,,,,,,,,
Indiana,IN,New Richmond,,,,,,,,47967,40.19358,-86.9762,America/Indiana/Indianapolis,EST,-5,,,,,,,,,,,
Indiana,IN,New Ross,,,,,,,,47968,39.96477,-86.7145,America/Indiana/Indianapolis,EST,-5,,,,,,,,,,,
Indiana,IN,New Waverly,,,,,,,,46961,40.76205,-86.1936,America/Indiana/Indianapolis,EST,-5,,,,,,,,,,,
Indiana,IN,New Whiteland,,,,,,,,,39.55005,-86.0797,America/Indiana/Indianapolis,EST,-5,,,,,,,,,,,
Indiana,IN,Newberry,,,,,,,,47449,38.92505,-87.0195,America/Indiana/Indianapolis,EST,-5,,,,,,,,,,,
Indiana,IN,Newburgh,,,,,,,,47629###47630,38.06242,-87.2452,America/Chicago,CST,-6,,,,,,,,,,,
Indiana,IN,Newpoint,,,,,,,,,39.30825,-85.3297,America/Indiana/Indianapolis,EST,-5,,,,,,,,,,,
Indiana,IN,Newport,,,,,,,,47966,39.8842,-87.4086,America/Indiana/Indianapolis,EST,-5,,,,,,,,,,,
Indiana,IN,Newtown,,,,,,,,47969,40.20346,-87.147,America/Indiana/Indianapolis,EST,-5,,,,,,,,,,,
Indiana,IN,Newville,,,,,,,,,41.34866,-84.845,America/Indiana/Indianapolis,EST,-5,,,,,,,,,,,
Indiana,IN,Nine Mile,,,,,,,,,40.97459,-85.1336,America/Indiana/Indianapolis,EST,-5,,,,,,,,,,,
Indiana,IN,Noblesville,,,,,,,,46062###46061###46060,40.07333,-85.9995,America/Indiana/Indianapolis,EST,-5,,,,,,,,,,,
Indiana,IN,Normal,,,,,,,,,0,0,,,,,,,,,,,,,,
Indiana,IN,North Crows Nest,,,,,,,,,39.81933,-86.1711,America/Indiana/Indianapolis,EST,-5,,,,,,,,,,,
Indiana,IN,North Judson,,,,,,,,46366,41.25163,-86.7351,America/Indiana/Knox,CST,-6,,,,,,,,,,,
Indiana,IN,North Liberty,,,,,,,,46554,41.56172,-86.414,America/Indiana/Indianapolis,EST,-5,,,,,,,,,,,
Indiana,IN,North Manchester,,,,,,,,46962,41.0006,-85.7686,America/Indiana/Indianapolis,EST,-5,,,,,,,,,,,
Indiana,IN,North Oaks,,,,,,,,,40.77671,-85.1739,America/Indiana/Indianapolis,EST,-5,,,,,,,,,,,
Indiana,IN,North Salem,,,,,,,,46165,39.83916,-86.6408,America/Indiana/Indianapolis,EST,-5,,,,,,,,,,,
Indiana,IN,North Terre Haute,,,,,,,,,39.52782,-87.3603,America/Indiana/Indianapolis,EST,-5,,,,,,,,,,,
Indiana,IN,North Vernon,,,,,,,,47265,39.02354,-85.6223,America/Indiana/Indianapolis,EST,-5,,,,,,,,,,,
Indiana,IN,North Webster,,,,,,,,46555,41.33257,-85.7103,America/Indiana/Indianapolis,EST,-5,,,,,,,,,,,
Indiana,IN,Norway,,,,,,,,,40.77837,-86.7595,America/Indiana/Indianapolis,EST,-5,,,,,,,,,,,
Indiana,IN,Nottingham,,,,,,,,,40.58116,-85.1502,America/Indiana/Indianapolis,EST,-5,,,,,,,,,,,
Indiana,IN,Nyena Lake,,,,,,,,,0,0,,,,,,,,,,,,,,
Indiana,IN,Oak Grove,,,,,,,,,41.21942,-86.427,America/Indiana/Indianapolis,EST,-5,,,,,,,,,,,
Indiana,IN,Oakland City,,,,,,,,47660,38.33866,-87.345,America/Chicago,CST,-6,,,,,,,,,,,
Indiana,IN,Oaktown,,,,,,,,47561,38.87116,-87.4414,America/Indiana/Vincennes,EST,-5,,,,,,,,,,,
Indiana,IN,Oakwood Park,,,,,,,,,41.41144,-85.7383,America/Indiana/Indianapolis,EST,-5,,,,,,,,,,,
Indiana,IN,Ober,,,,,,,,,41.27088,-86.5245,America/Indiana/Knox,CST,-6,,,,,,,,,,,
Indiana,IN,Odon,,,,,,,,47562,38.84187,-86.9861,America/Indiana/Vincennes,EST,-5,,,,,,,,,,,
Indiana,IN,Ogden Dunes,,,,,,,,,41.62282,-87.1917,America/Chicago,CST,-6,,,,,,,,,,,
Indiana,IN,Old Tip Town,,,,,,,,,40.31142,-86.0631,America/Indiana/Indianapolis,EST,-5,,,,,,,,,,,
Indiana,IN,Oldenburg,,,,,,,,47036,39.38618,-85.2385,America/Indiana/Indianapolis,EST,-5,,,,,,,,,,,
Indiana,IN,Oliver Lake,,,,,,,,,38.04338,-87.8392,America/Chicago,CST,-6,,,,,,,,,,,
Indiana,IN,Ontario,,,,,,,,,41.70227,-85.3825,America/Indiana/Indianapolis,EST,-5,,,,,,,,,,,
Indiana,IN,Onward,,,,,,,,46967,40.69476,-86.195,America/Indiana/Indianapolis,EST,-5,,,,,,,,,,,
Indiana,IN,Oolitic,,,,,,,,47451,38.89561,-86.5255,America/Indiana/Indianapolis,EST,-5,,,,,,,,,,,
Indiana,IN,Ora,,,,,,,,46968,41.17556,-86.5543,America/Indiana/Knox,CST,-6,,,,,,,,,,,
Indiana,IN,Orestes,,,,,,,,46063,40.27152,-85.7281,America/Indiana/Indianapolis,EST,-5,,,,,,,,,,,
Indiana,IN,Orland,,,,,,,,46776,41.73061,-85.1716,America/Indiana/Indianapolis,EST,-5,,,,,,,,,,,
Indiana,IN,Ormas,,,,,,,,,41.29505,-85.5461,America/Indiana/Indianapolis,EST,-5,,,,,,,,,,,
Indiana,IN,Osceola,,,,,,,,46561,41.6695,-86.087,America/Indiana/Indianapolis,EST,-5,,,,,,,,,,,
Indiana,IN,Osgood,,,,,,,,47037,39.17281,-85.2854,America/Indiana/Indianapolis,EST,-5,,,,,,,,,,,
Indiana,IN,Ossian,,,,,,,,46777,40.85544,-85.2038,America/Indiana/Indianapolis,EST,-5,,,,,,,,,,,
Indiana,IN,Oswego,,,,,,,,,41.32032,-85.7872,America/Indiana/Indianapolis,EST,-5,,,,,,,,,,,
Indiana,IN,Otis,,,,,,,,,41.59921,-86.9059,America/Chicago,CST,-6,,,,,,,,,,,
Indiana,IN,Otterbein,,,,,,,,47970,40.49059,-87.0964,America/Indiana/Indianapolis,EST,-5,,,,,,,,,,,
Indiana,IN,Owensville,,,,,,,,47665,38.27283,-87.6812,America/Chicago,CST,-6,,,,,,,,,,,
Indiana,IN,Oxford,,,,,,,,47971,40.53354,-87.2594,America/Indiana/Indianapolis,EST,-5,,,,,,,,,,,
Indiana,IN,Packerton,,,,,,,,,0,0,,,,,,,,,,,,,,
Indiana,IN,Palestine,,,,,,,,,41.17838,-85.9497,America/Indiana/Indianapolis,EST,-5,,,,,,,,,,,
Indiana,IN,Paragon,,,,,,,,46166,39.39505,-86.5625,America/Indiana/Indianapolis,EST,-5,,,,,,,,,,,
Indiana,IN,Parker City,,,,,,,,47368,40.17418,-85.1739,America/Indiana/Indianapolis,EST,-5,,,,,,,,,,,
Indiana,IN,Patoka,,,,,,,,47666,38.40123,-87.5838,America/Chicago,CST,-6,,,,,,,,,,,
Indiana,IN,Patriot,,,,,,,,47038,38.84188,-84.8818,America/Indiana/Vevay,EST,-5,,,,,,,,,,,
Indiana,IN,Peabody,,,,,,,,,41.08588,-85.4894,America/Indiana/Indianapolis,EST,-5,,,,,,,,,,,
Indiana,IN,Pendleton,,,,,,,,46064,39.99754,-85.7466,America/Indiana/Indianapolis,EST,-5,,,,,,,,,,,
Indiana,IN,Pennville,,,,,,,,47369,40.50734,-85.1421,America/Indiana/Indianapolis,EST,-5,,,,,,,,,,,
Indiana,IN,Peoria,,,,,,,,,39.49093,-84.7442,America/New_York,EST,-5,,,,,,,,,,,
Indiana,IN,Perrysville,,,,,,,,47974,40.02367,-87.4755,America/Indiana/Indianapolis,EST,-5,,,,,,,,,,,
Indiana,IN,Peru,,,,,,,,46970,40.73991,-86.0758,America/Indiana/Indianapolis,EST,-5,,,,,,,,,,,
Indiana,IN,Petersburg,,,,,,,,47567,38.45979,-87.2982,America/Indiana/Petersburg,EST,-5,,,,,,,,,,,
Indiana,IN,Peterson,,,,,,,,,40.8131,-85.0147,America/Indiana/Indianapolis,EST,-5,,,,,,,,,,,
Indiana,IN,Petroleum,,,,,,,,46778,40.61142,-85.1526,America/Indiana/Indianapolis,EST,-5,,,,,,,,,,,
Indiana,IN,Pierceton,,,,,,,,46562,41.20032,-85.7055,America/Indiana/Indianapolis,EST,-5,,,,,,,,,,,
Indiana,IN,Pine Village,,,,,,,,47975,40.43973,-87.2558,America/Indiana/Indianapolis,EST,-5,,,,,,,,,,,
Indiana,IN,Pinhook,,,,,,,,,41.56393,-86.8559,America/Chicago,CST,-6,,,,,,,,,,,
Indiana,IN,Pinola,,,,,,,,,41.59893,-86.7978,America/Chicago,CST,-6,,,,,,,,,,,
Indiana,IN,Pittsboro,,,,,,,,46167,39.86393,-86.4669,America/Indiana/Indianapolis,EST,-5,,,,,,,,,,,
Indiana,IN,Plainfield,,,,,,,,46168,39.70421,-86.3994,America/Indiana/Indianapolis,EST,-5,,,,,,,,,,,
Indiana,IN,Plainville,,,,,,,,47568,38.80616,-87.1522,America/Indiana/Vincennes,EST,-5,,,,,,,,,,,
Indiana,IN,Plato,,,,,,,,,41.64227,-85.3316,America/Indiana/Indianapolis,EST,-5,,,,,,,,,,,
Indiana,IN,Pleasant Lake,,,,,,,,46779,41.57744,-85.0319,America/Indiana/Indianapolis,EST,-5,,,,,,,,,,,
Indiana,IN,Pleasant Mills,,,,,,,,46780,40.74532,-84.9379,America/Indiana/Indianapolis,EST,-5,,,,,,,,,,,
Indiana,IN,Pleasant Plain,,,,,,,,,40.69671,-85.5453,America/Indiana/Indianapolis,EST,-5,,,,,,,,,,,
Indiana,IN,Plum Creek,,,,,,,,,0,0,,,,,,,,,,,,,,
Indiana,IN,Plymouth,,,,,,,,46563,41.353,-86.3015,America/Indiana/Indianapolis,EST,-5,,,,,,,,,,,
Indiana,IN,Poe,,,,,,,,,40.93588,-85.0869,America/Indiana/Indianapolis,EST,-5,,,,,,,,,,,
Indiana,IN,Point Isabel,,,,,,,,,40.42171,-85.8244,America/Indiana/Indianapolis,EST,-5,,,,,,,,,,,
Indiana,IN,Poneto,,,,,,,,46781,40.63968,-85.2592,America/Indiana/Indianapolis,EST,-5,,,,,,,,,,,
Indiana,IN,Portage,,,,,,,,46368,41.57587,-87.1762,America/Chicago,CST,-6,,,,,,,,,,,
Indiana,IN,Porter,,,,,,,,,41.61559,-87.0742,America/Chicago,CST,-6,,,,,,,,,,,
Indiana,IN,Portland,,,,,,,,47371,40.43163,-84.983,America/Indiana/Indianapolis,EST,-5,,,,,,,,,,,
Indiana,IN,Poseyville,,,,,,,,47633,38.14802,-87.7863,America/Chicago,CST,-6,,,,,,,,,,,
Indiana,IN,Pottawattomie Park,,,,,,,,,39.01616,-86.8494,America/Indiana/Indianapolis,EST,-5,,,,,,,,,,,
Indiana,IN,Powers,,,,,,,,,40.32199,-85.0925,America/Indiana/Indianapolis,EST,-5,,,,,,,,,,,
Indiana,IN,Preble,,,,,,,,46782,40.83204,-85.0054,America/Indiana/Indianapolis,EST,-5,,,,,,,,,,,
Indiana,IN,Princes Lakes,,,,,,,,,39.35366,-86.098,America/Indiana/Indianapolis,EST,-5,,,,,,,,,,,
Indiana,IN,Princeton,,,,,,,,47670,38.30337,-87.534,America/Chicago,CST,-6,,,,,,,,,,,
Indiana,IN,Pulaski,,,,,,,,,40.97532,-86.6583,America/Indiana/Winamac,EST,-5,,,,,,,,,,,
Indiana,IN,Raber,,,,,,,,,41.08588,-85.4328,America/Indiana/Indianapolis,EST,-5,,,,,,,,,,,
Indiana,IN,Radley,,,,,,,,,40.43643,-85.7336,America/Indiana/Indianapolis,EST,-5,,,,,,,,,,,
Indiana,IN,Redkey,,,,,,,,47373,40.35957,-85.152,America/Indiana/Indianapolis,EST,-5,,,,,,,,,,,
Indiana,IN,Reiffsburg,,,,,,,,,40.65588,-85.1519,America/Indiana/Indianapolis,EST,-5,,,,,,,,,,,
Indiana,IN,Remington,,,,,,,,47977,40.76087,-87.1509,America/Chicago,CST,-6,,,,,,,,,,,
Indiana,IN,Rensselaer,,,,,,,,47978,40.99479,-87.1037,America/Chicago,CST,-6,,,,,,,,,,,
Indiana,IN,Reynolds,,,,,,,,47980,40.78261,-86.9193,America/Indiana/Indianapolis,EST,-5,,,,,,,,,,,
Indiana,IN,Richmond,,,,,,,,47375###47374,39.83208,-84.8897,America/Indiana/Indianapolis,EST,-5,,,,,,,,,,,
Indiana,IN,Richvalley,,,,,,,,,40.78504,-85.9203,America/Indiana/Indianapolis,EST,-5,,,,,,,,,,,
Indiana,IN,Ridgeville,,,,,,,,47380,40.28921,-85.0289,America/Indiana/Indianapolis,EST,-5,,,,,,,,,,,
Indiana,IN,Ridinger Lake,,,,,,,,,0,0,,,,,,,,,,,,,,
Indiana,IN,Rigdon,,,,,,,,,40.29517,-85.8311,America/Indiana/Indianapolis,EST,-5,,,,,,,,,,,
Indiana,IN,Riley,,,,,,,,47871,39.39004,-87.3,America/Indiana/Indianapolis,EST,-5,,,,,,,,,,,
Indiana,IN,Ripley,,,,,,,,,41.1006,-86.6603,America/Indiana/Winamac,EST,-5,,,,,,,,,,,
Indiana,IN,Rising Sun,,,,,,,,47040,38.9495,-84.8538,America/New_York,EST,-5,,,,,,,,,,,
Indiana,IN,Rivare,,,,,,,,,40.81227,-84.8414,America/Indiana/Indianapolis,EST,-5,,,,,,,,,,,
Indiana,IN,River Forest,,,,,,,,,40.10976,-85.7272,America/Indiana/Indianapolis,EST,-5,,,,,,,,,,,
Indiana,IN,Roachdale,,,,,,,,46172,39.82138,-86.8143,America/Indiana/Indianapolis,EST,-5,,,,,,,,,,,
Indiana,IN,Roann,,,,,,,,46974,40.91171,-85.9244,America/Indiana/Indianapolis,EST,-5,,,,,,,,,,,
Indiana,IN,Roanoke,,,,,,,,46783,40.95445,-85.3939,America/Indiana/Indianapolis,EST,-5,,,,,,,,,,,
Indiana,IN,Rochester,,,,,,,,46975,41.04099,-86.2543,America/Indiana/Indianapolis,EST,-5,,,,,,,,,,,
Indiana,IN,Rockford,,,,,,,,,40.76005,-85.3136,America/Indiana/Indianapolis,EST,-5,,,,,,,,,,,
Indiana,IN,Rockport,,,,,,,,47635,37.92917,-87.0337,America/Chicago,CST,-6,,,,,,,,,,,
Indiana,IN,Rockville,,,,,,,,47872,39.71236,-87.2226,America/Indiana/Indianapolis,EST,-5,,,,,,,,,,,
Indiana,IN,Rocky Ripple,,,,,,,,,39.8481,-86.1725,America/Indiana/Indianapolis,EST,-5,,,,,,,,,,,
Indiana,IN,Roll,,,,,,,,,40.55227,-85.3903,America/Indiana/Indianapolis,EST,-5,,,,,,,,,,,
Indiana,IN,Rolling Hills,,,,,,,,,38.47812,-85.5886,America/Kentucky/Louisville,EST,-5,,,,,,,,,,,
Indiana,IN,Rolling Prarie,,,,,,,,,41.68661,-86.5994,America/Chicago,CST,-6,,,,,,,,,,,
Indiana,IN,Rome City,,,,,,,,46784,41.49616,-85.3767,America/Indiana/Indianapolis,EST,-5,,,,,,,,,,,
Indiana,IN,Roseburg,,,,,,,,,40.59943,-85.6292,America/Indiana/Indianapolis,EST,-5,,,,,,,,,,,
Indiana,IN,Rosedale,,,,,,,,47874,39.62241,-87.3208,America/Indiana/Indianapolis,EST,-5,,,,,,,,,,,
Indiana,IN,Roseland,,,,,,,,,41.71616,-86.2525,America/Indiana/Indianapolis,EST,-5,,,,,,,,,,,
Indiana,IN,Rossville,,,,,,,,46065,40.41698,-86.5947,America/Indiana/Indianapolis,EST,-5,,,,,,,,,,,
Indiana,IN,Royal Center,,,,,,,,46978,40.85162,-86.492,America/Indiana/Indianapolis,EST,-5,,,,,,,,,,,
Indiana,IN,Rushville,,,,,,,,46173,39.61284,-85.4391,America/Indiana/Indianapolis,EST,-5,,,,,,,,,,,
Indiana,IN,Russellville,,,,,,,,46175,39.82249,-86.9733,America/Indiana/Indianapolis,EST,-5,,,,,,,,,,,
Indiana,IN,Russiaville,,,,,,,,46979,40.42573,-86.2697,America/Indiana/Indianapolis,EST,-5,,,,,,,,,,,
Indiana,IN,Rutland,,,,,,,,,41.35585,-86.3263,America/Indiana/Indianapolis,EST,-5,,,,,,,,,,,
Indiana,IN,Saint Joe,,,,,,,,46785,41.31975,-84.8886,America/Indiana/Indianapolis,EST,-5,,,,,,,,,,,
Indiana,IN,Saint Johns,,,,,,,,,41.30866,-85.1136,America/Indiana/Indianapolis,EST,-5,,,,,,,,,,,
Indiana,IN,Salamonia,,,,,,,,47381,40.38199,-84.8652,America/Indiana/Indianapolis,EST,-5,,,,,,,,,,,
Indiana,IN,Salem,,,,,,,,47167,38.60862,-86.0794,America/Indiana/Indianapolis,EST,-5,,,,,,,,,,,
Indiana,IN,Salem Center,,,,,,,,,41.58505,-85.1397,America/Indiana/Indianapolis,EST,-5,,,,,,,,,,,
Indiana,IN,Salem Heights,,,,,,,,,41.57477,-86.622,America/Chicago,CST,-6,,,,,,,,,,,
Indiana,IN,San Pierre,,,,,,,,46374,41.21666,-86.884,America/Indiana/Knox,CST,-6,,,,,,,,,,,
Indiana,IN,Sandborn,,,,,,,,47578,38.88147,-87.1959,America/Indiana/Vincennes,EST,-5,,,,,,,,,,,
Indiana,IN,Santa Claus,,,,,,,,47579,38.11758,-86.9286,America/Chicago,CST,-6,,,,,,,,,,,
Indiana,IN,Santa Fe,,,,,,,,,40.6531,-85.9861,America/Indiana/Indianapolis,EST,-5,,,,,,,,,,,
Indiana,IN,Saratoga,,,,,,,,47382,40.2347,-84.9185,America/Indiana/Indianapolis,EST,-5,,,,,,,,,,,
Indiana,IN,Schererville,,,,,,,,46375,41.48773,-87.4415,America/Chicago,CST,-6,,,,,,,,,,,
Indiana,IN,Schneider,,,,,,,,46376,41.18995,-87.4779,America/Chicago,CST,-6,,,,,,,,,,,
Indiana,IN,Scott,,,,,,,,,41.73366,-85.5569,America/Indiana/Indianapolis,EST,-5,,,,,,,,,,,
Indiana,IN,Sechrist Lake,,,,,,,,,0,0,,,,,,,,,,,,,,
Indiana,IN,Sedan,,,,,,,,,41.13792,-85.8888,America/Indiana/Indianapolis,EST,-5,,,,,,,,,,,
Indiana,IN,Seelyville,,,,,,,,47878,39.49284,-87.2665,America/Indiana/Indianapolis,EST,-5,,,,,,,,,,,
Indiana,IN,Sellersburg,,,,,,,,47172,38.40458,-85.788,America/Kentucky/Louisville,EST,-5,,,,,,,,,,,
Indiana,IN,Selma,,,,,,,,47383,40.15178,-85.2656,America/Indiana/Indianapolis,EST,-5,,,,,,,,,,,
Indiana,IN,Servia,,,,,,,,46980,40.84893,-85.7925,America/Indiana/Indianapolis,EST,-5,,,,,,,,,,,
Indiana,IN,Sevastopol,,,,,,,,,41.12921,-86.0189,America/Indiana/Indianapolis,EST,-5,,,,,,,,,,,
Indiana,IN,Seymour,,,,,,,,47274,38.94483,-86.0108,America/Indiana/Indianapolis,EST,-5,,,,,,,,,,,
Indiana,IN,Shadeland,,,,,,,,,40.42002,-86.766,America/Indiana/Indianapolis,EST,-5,,,,,,,,,,,
Indiana,IN,Shamrock Lakes,,,,,,,,,40.41115,-85.4264,America/Indiana/Indianapolis,EST,-5,,,,,,,,,,,
Indiana,IN,Sharpsville,,,,,,,,46068,40.35409,-86.1188,America/Indiana/Indianapolis,EST,-5,,,,,,,,,,,
Indiana,IN,Shelburn,,,,,,,,47879,39.17837,-87.3936,America/Indiana/Indianapolis,EST,-5,,,,,,,,,,,
Indiana,IN,Shelbyville,,,,,,,,46176,39.51157,-85.792,America/Indiana/Indianapolis,EST,-5,,,,,,,,,,,
Indiana,IN,Sheridan,,,,,,,,46069,40.12947,-86.1853,America/Indiana/Indianapolis,EST,-5,,,,,,,,,,,
Indiana,IN,Shipshewana,,,,,,,,46565,41.67572,-85.5674,America/Indiana/Indianapolis,EST,-5,,,,,,,,,,,
Indiana,IN,Shirley,,,,,,,,47384,39.89199,-85.5769,America/Indiana/Indianapolis,EST,-5,,,,,,,,,,,
Indiana,IN,Shoals,,,,,,,,47581,38.66998,-86.7884,America/Indiana/Vincennes,EST,-5,,,,,,,,,,,
Indiana,IN,Sidney,,,,,,,,,41.13792,-85.8888,America/Indiana/Indianapolis,EST,-5,,,,,,,,,,,
Indiana,IN,Silver Lake,,,,,,,,46982,41.07227,-85.8917,America/Indiana/Indianapolis,EST,-5,,,,,,,,,,,
Indiana,IN,Simonton Lake,,,,,,,,,41.75422,-85.975,America/Indiana/Indianapolis,EST,-5,,,,,,,,,,,
Indiana,IN,Sims,,,,,,,,,40.49976,-85.8553,America/Indiana/Indianapolis,EST,-5,,,,,,,,,,,
Indiana,IN,Sitka,,,,,,,,,40.8256,-86.7353,America/Indiana/Indianapolis,EST,-5,,,,,,,,,,,
Indiana,IN,Smithson,,,,,,,,,40.71782,-86.8725,America/Indiana/Indianapolis,EST,-5,,,,,,,,,,,
Indiana,IN,Somerset,,,,,,,,46984,40.67137,-85.8288,America/Indiana/Indianapolis,EST,-5,,,,,,,,,,,
Indiana,IN,Somerville,,,,,,,,47683,38.27644,-87.3778,America/Chicago,CST,-6,,,,,,,,,,,
Indiana,IN,South Bend,,,,,,,,46614###46613###46635###46616###46624###46626###46615###46634###46637###46699###46660###46680###46619###46617###46628###46601,41.67338,-86.2517,America/Indiana/Indianapolis,EST,-5,,,,,,,,,,,
Indiana,IN,South Center,,,,,,,,,41.47643,-86.64,America/Chicago,CST,-6,,,,,,,,,,,
Indiana,IN,South Haven,,,,,,,,,41.46317,-87.0075,America/Chicago,CST,-6,,,,,,,,,,,
Indiana,IN,South Wanatah,,,,,,,,,41.42112,-86.8721,America/Chicago,CST,-6,,,,,,,,,,,
Indiana,IN,South Whitley,,,,,,,,46787,41.08477,-85.628,America/Indiana/Indianapolis,EST,-5,,,,,,,,,,,
Indiana,IN,Southport,,,,,,,,,39.66505,-86.1278,America/Indiana/Indianapolis,EST,-5,,,,,,,,,,,
Indiana,IN,Southwest,,,,,,,,,41.53672,-85.9439,America/Indiana/Indianapolis,EST,-5,,,,,,,,,,,
Indiana,IN,Speedway,,,,,,,,,39.80227,-86.2672,America/Indiana/Indianapolis,EST,-5,,,,,,,,,,,
Indiana,IN,Speicherville,,,,,,,,,0,0,,,,,,,,,,,,,,
Indiana,IN,Spencer,,,,,,,,47460,39.31326,-86.7564,America/Indiana/Indianapolis,EST,-5,,,,,,,,,,,
Indiana,IN,Spencerville,,,,,,,,46788,41.28311,-84.9219,America/Indiana/Indianapolis,EST,-5,,,,,,,,,,,
Indiana,IN,Spiceland,,,,,,,,47385,39.83838,-85.4389,America/Indiana/Indianapolis,EST,-5,,,,,,,,,,,
Indiana,IN,Spring Grove,,,,,,,,,39.84838,-84.8941,America/Indiana/Indianapolis,EST,-5,,,,,,,,,,,
Indiana,IN,Spring Hill,,,,,,,,,39.81933,-86.1711,America/Indiana/Indianapolis,EST,-5,,,,,,,,,,,
Indiana,IN,Spring Lake,,,,,,,,,39.77671,-85.853,America/Indiana/Indianapolis,EST,-5,,,,,,,,,,,
Indiana,IN,Springport,,,,,,,,47386,40.04755,-85.3941,America/Indiana/Indianapolis,EST,-5,,,,,,,,,,,
Indiana,IN,Springville,,,,,,,,47462,38.94141,-86.5844,America/Indiana/Indianapolis,EST,-5,,,,,,,,,,,
Indiana,IN,Spurgeon,,,,,,,,47584,38.25227,-87.2572,America/Indiana/Petersburg,EST,-5,,,,,,,,,,,
Indiana,IN,St. Joe,,,,,,,,,41.31975,-84.8886,America/Indiana/Indianapolis,EST,-5,,,,,,,,,,,
Indiana,IN,St. John,,,,,,,,,41.45397,-87.4531,America/Chicago,CST,-6,,,,,,,,,,,
Indiana,IN,St. Leon,,,,,,,,,40.05578,-84.9411,America/Indiana/Indianapolis,EST,-5,,,,,,,,,,,
Indiana,IN,St. Paul,,,,,,,,,39.4281,-85.6283,America/Indiana/Indianapolis,EST,-5,,,,,,,,,,,
Indiana,IN,Star City,,,,,,,,46985,41.003,-86.589,America/Indiana/Winamac,EST,-5,,,,,,,,,,,
Indiana,IN,State Line City,,,,,,,,,40.19741,-87.5271,America/Indiana/Indianapolis,EST,-5,,,,,,,,,,,
Indiana,IN,Staunton,,,,,,,,47881,39.48754,-87.1889,America/Indiana/Indianapolis,EST,-5,,,,,,,,,,,
Indiana,IN,Steubenville,,,,,,,,,41.53227,-85.0227,America/Indiana/Indianapolis,EST,-5,,,,,,,,,,,
Indiana,IN,Stilesville,,,,,,,,46180,39.633,-86.6077,America/Indiana/Indianapolis,EST,-5,,,,,,,,,,,
Indiana,IN,Stillwell,,,,,,,,,41.55588,-86.6028,America/Chicago,CST,-6,,,,,,,,,,,
Indiana,IN,Stinesville,,,,,,,,47464,39.29982,-86.6482,America/Indiana/Indianapolis,EST,-5,,,,,,,,,,,
Indiana,IN,Stockdale,,,,,,,,,40.91504,-85.9442,America/Indiana/Indianapolis,EST,-5,,,,,,,,,,,
Indiana,IN,Straughn,,,,,,,,47387,39.83059,-85.2843,America/Indiana/Indianapolis,EST,-5,,,,,,,,,,,
Indiana,IN,Stroh,,,,,,,,46789,41.58349,-85.1992,America/Indiana/Indianapolis,EST,-5,,,,,,,,,,,
Indiana,IN,Sullivan,,,,,,,,47882,39.0842,-87.419,America/Indiana/Indianapolis,EST,-5,,,,,,,,,,,
Indiana,IN,Sulphur Springs,,,,,,,,47388,40.006,-85.4434,America/Indiana/Indianapolis,EST,-5,,,,,,,,,,,
Indiana,IN,Summitville,,,,,,,,46070,40.31401,-85.6668,America/Indiana/Indianapolis,EST,-5,,,,,,,,,,,
Indiana,IN,Sunman,,,,,,,,47041,39.2314,-85.14,America/Indiana/Indianapolis,EST,-5,,,,,,,,,,,
Indiana,IN,Swan,,,,,,,,,41.31588,-85.2125,America/Indiana/Indianapolis,EST,-5,,,,,,,,,,,
Indiana,IN,Swayzee,,,,,,,,46986,40.50514,-85.8156,America/Indiana/Indianapolis,EST,-5,,,,,,,,,,,
Indiana,IN,Sweetser,,,,,,,,46987,40.56467,-85.7656,America/Indiana/Indianapolis,EST,-5,,,,,,,,,,,
Indiana,IN,Switz City,,,,,,,,47465,39.035,-87.053,America/Indiana/Indianapolis,EST,-5,,,,,,,,,,,
Indiana,IN,Syracuse,,,,,,,,46567,41.42783,-85.7525,America/Indiana/Indianapolis,EST,-5,,,,,,,,,,,
Indiana,IN,Talma,,,,,,,,,41.15393,-86.135,America/Indiana/Indianapolis,EST,-5,,,,,,,,,,,
Indiana,IN,Taylorsville,,,,,,,,47280,39.29527,-85.9498,America/Indiana/Indianapolis,EST,-5,,,,,,,,,,,
Indiana,IN,Teegarden,,,,,,,,,41.46505,-86.3775,America/Indiana/Indianapolis,EST,-5,,,,,,,,,,,
Indiana,IN,Tell City,,,,,,,,47586,37.99971,-86.732,America/Indiana/Tell_City,CST,-6,,,,,,,,,,,
Indiana,IN,Tennyson,,,,,,,,47637,38.08227,-87.1183,America/Chicago,CST,-6,,,,,,,,,,,
Indiana,IN,Terre Haute,,,,,,,,47803###47801###47807###47808###47809###47804###47805###47802,39.4336,-87.4101,America/Indiana/Indianapolis,EST,-5,,,,,,,,,,,
Indiana,IN,Thomaston,,,,,,,,,41.37838,-86.8142,America/Chicago,CST,-6,,,,,,,,,,,
Indiana,IN,Thornhope,,,,,,,,,40.92587,-86.5295,America/Indiana/Winamac,EST,-5,,,,,,,,,,,
Indiana,IN,Thorntown,,,,,,,,46071,40.06863,-86.5819,America/Indiana/Indianapolis,EST,-5,,,,,,,,,,,
Indiana,IN,Tillman,,,,,,,,,41.02422,-84.8933,America/Indiana/Indianapolis,EST,-5,,,,,,,,,,,
Indiana,IN,Tiosa,,,,,,,,,41.15282,-86.2056,America/Indiana/Indianapolis,EST,-5,,,,,,,,,,,
Indiana,IN,Tippecanoe,,,,,,,,46570,41.21597,-86.1228,America/Indiana/Indianapolis,EST,-5,,,,,,,,,,,
Indiana,IN,Tippecanoe Lake,,,,,,,,,41.21597,-86.1228,America/Indiana/Indianapolis,EST,-5,,,,,,,,,,,
Indiana,IN,Tipton,,,,,,,,46072,40.31142,-86.0631,America/Indiana/Indianapolis,EST,-5,,,,,,,,,,,
Indiana,IN,Tocsin,,,,,,,,,40.83033,-85.1091,America/Indiana/Indianapolis,EST,-5,,,,,,,,,,,
Indiana,IN,Topeka,,,,,,,,46571,41.5789,-85.5401,America/Indiana/Indianapolis,EST,-5,,,,,,,,,,,
Indiana,IN,Toto,,,,,,,,,41.25949,-86.6981,America/Indiana/Knox,CST,-6,,,,,,,,,,,
Indiana,IN,Town Of Pines,,,,,,,,,41.68198,-86.9603,America/Chicago,CST,-6,,,,,,,,,,,
Indiana,IN,Townley,,,,,,,,,41.0181,-84.8639,America/Indiana/Indianapolis,EST,-5,,,,,,,,,,,
Indiana,IN,Tracy,,,,,,,,,41.48532,-86.6825,America/Chicago,CST,-6,,,,,,,,,,,
Indiana,IN,Trafalgar,,,,,,,,46181,39.41616,-86.1508,America/Indiana/Indianapolis,EST,-5,,,,,,,,,,,
Indiana,IN,Trail Creek,,,,,,,,,41.69837,-86.8592,America/Chicago,CST,-6,,,,,,,,,,,
Indiana,IN,Travisville,,,,,,,,,40.69199,-85.208,America/Indiana/Indianapolis,EST,-5,,,,,,,,,,,
Indiana,IN,Treaty,,,,,,,,,40.72449,-85.7825,America/Indiana/Indianapolis,EST,-5,,,,,,,,,,,
Indiana,IN,Trenton,,,,,,,,,40.45004,-85.2389,America/Indiana/Indianapolis,EST,-5,,,,,,,,,,,
Indiana,IN,Tri-Lakes,,,,,,,,,41.24588,-85.4419,America/Indiana/Indianapolis,EST,-5,,,,,,,,,,,
Indiana,IN,Trinity,,,,,,,,,40.54255,-84.8486,America/Indiana/Indianapolis,EST,-5,,,,,,,,,,,
Indiana,IN,Tunker,,,,,,,,,41.04866,-85.5575,America/Indiana/Indianapolis,EST,-5,,,,,,,,,,,
Indiana,IN,Twelve Mile,,,,,,,,46988,40.8661,-86.2339,America/Indiana/Indianapolis,EST,-5,,,,,,,,,,,
Indiana,IN,Twin Lakes,,,,,,,,,41.30421,-86.3572,America/Indiana/Indianapolis,EST,-5,,,,,,,,,,,
Indiana,IN,Tyner,,,,,,,,46572,41.32551,-86.2606,America/Indiana/Indianapolis,EST,-5,,,,,,,,,,,
Indiana,IN,Ulen,,,,,,,,,40.0631,-86.4644,America/Indiana/Indianapolis,EST,-5,,,,,,,,,,,
Indiana,IN,Union City,,,,,,,,47390,40.20199,-84.8091,America/Indiana/Indianapolis,EST,-5,,,,,,,,,,,
Indiana,IN,Union Mills,,,,,,,,46382,41.46686,-86.7722,America/Chicago,CST,-6,,,,,,,,,,,
Indiana,IN,Uniondale,,,,,,,,46791,40.8306,-85.2416,America/Indiana/Indianapolis,EST,-5,,,,,,,,,,,
Indiana,IN,Universal,,,,,,,,47884,39.62213,-87.4548,America/Indiana/Indianapolis,EST,-5,,,,,,,,,,,
Indiana,IN,Upland,,,,,,,,46989,40.4756,-85.4944,America/Indiana/Indianapolis,EST,-5,,,,,,,,,,,
Indiana,IN,Urbana,,,,,,,,46990,40.88657,-85.7364,America/Indiana/Indianapolis,EST,-5,,,,,,,,,,,
Indiana,IN,Valparaiso,,,,,,,,46384###46383###46385,41.45473,-87.0656,America/Chicago,CST,-6,,,,,,,,,,,
Indiana,IN,Van Buren,,,,,,,,46991,40.61738,-85.5148,America/Indiana/Indianapolis,EST,-5,,,,,,,,,,,
Indiana,IN,Vanmeter Park,,,,,,,,,41.08588,-86.5681,America/Indiana/Winamac,EST,-5,,,,,,,,,,,
Indiana,IN,Veedersburg,,,,,,,,47987,40.11032,-87.2284,America/Indiana/Indianapolis,EST,-5,,,,,,,,,,,
Indiana,IN,Vera Cruz,,,,,,,,,40.70116,-85.0791,America/Indiana/Indianapolis,EST,-5,,,,,,,,,,,
Indiana,IN,Vernon,,,,,,,,47282,38.98478,-85.6094,America/Indiana/Indianapolis,EST,-5,,,,,,,,,,,
Indiana,IN,Versailles,,,,,,,,47042,39.03968,-85.2442,America/Indiana/Indianapolis,EST,-5,,,,,,,,,,,
Indiana,IN,Vevay,,,,,,,,47043,38.80939,-85.0611,America/Indiana/Vevay,EST,-5,,,,,,,,,,,
Indiana,IN,Vincennes,,,,,,,,47591,38.70723,-87.4173,America/Indiana/Vincennes,EST,-5,,,,,,,,,,,
Indiana,IN,Wabash,,,,,,,,46992,40.80187,-85.7918,America/Indiana/Indianapolis,EST,-5,,,,,,,,,,,
Indiana,IN,Wakarusa,,,,,,,,46573,41.53616,-86.0208,America/Indiana/Indianapolis,EST,-5,,,,,,,,,,,
Indiana,IN,Walkerton,,,,,,,,46574,41.48896,-86.4467,America/Indiana/Indianapolis,EST,-5,,,,,,,,,,,
Indiana,IN,Wallace,,,,,,,,47988,39.98654,-87.1477,America/Indiana/Indianapolis,EST,-5,,,,,,,,,,,
Indiana,IN,Wallen,,,,,,,,,41.16116,-85.1661,America/Indiana/Indianapolis,EST,-5,,,,,,,,,,,
Indiana,IN,Walnut,,,,,,,,,41.17615,-86.2119,America/Indiana/Indianapolis,EST,-5,,,,,,,,,,,
Indiana,IN,Walton,,,,,,,,46994,40.67713,-86.2609,America/Indiana/Indianapolis,EST,-5,,,,,,,,,,,
Indiana,IN,Wanatah,,,,,,,,46390,41.42112,-86.8721,America/Chicago,CST,-6,,,,,,,,,,,
Indiana,IN,Warren,,,,,,,,46792,40.71207,-85.4688,America/Indiana/Indianapolis,EST,-5,,,,,,,,,,,
Indiana,IN,Warren Park,,,,,,,,,39.78199,-86.0503,America/Indiana/Indianapolis,EST,-5,,,,,,,,,,,
Indiana,IN,Warsaw,,,,,,,,46580###46582###46581,41.2228,-85.8602,America/Indiana/Indianapolis,EST,-5,,,,,,,,,,,
Indiana,IN,Washington,,,,,,,,47501,38.6895,-87.1215,America/Indiana/Vincennes,EST,-5,,,,,,,,,,,
Indiana,IN,Washington Center,,,,,,,,,41.04838,-85.5094,America/Indiana/Indianapolis,EST,-5,,,,,,,,,,,
Indiana,IN,Waterford,,,,,,,,,41.67143,-86.845,America/Chicago,CST,-6,,,,,,,,,,,
Indiana,IN,Waterford Mills,,,,,,,,,41.54311,-85.8305,America/Indiana/Indianapolis,EST,-5,,,,,,,,,,,
Indiana,IN,Waterloo,,,,,,,,46793,41.46102,-85.0196,America/Indiana/Indianapolis,EST,-5,,,,,,,,,,,
Indiana,IN,Waveland,,,,,,,,47989,39.87699,-87.0445,America/Indiana/Indianapolis,EST,-5,,,,,,,,,,,
Indiana,IN,Wawpecong,,,,,,,,,40.57837,-86.0422,America/Indiana/Indianapolis,EST,-5,,,,,,,,,,,
Indiana,IN,Waynetown,,,,,,,,47990,40.05566,-87.0354,America/Indiana/Indianapolis,EST,-5,,,,,,,,,,,
Indiana,IN,Wells,,,,,,,,,40.73226,-86.1111,America/Indiana/Indianapolis,EST,-5,,,,,,,,,,,
Indiana,IN,Wellsburg,,,,,,,,,41.49727,-86.7653,America/Chicago,CST,-6,,,,,,,,,,,
Indiana,IN,West College Corner,,,,,,,,47003,39.55969,-84.8343,America/Indiana/Indianapolis,EST,-5,,,,,,,,,,,
Indiana,IN,West Harrison,,,,,,,,47060,39.26089,-84.8208,America/New_York,EST,-5,,,,,,,,,,,
Indiana,IN,West Lafayette,,,,,,,,47907###47906###47996,40.4673,-86.9281,America/Indiana/Indianapolis,EST,-5,,,,,,,,,,,
Indiana,IN,West Lebanon,,,,,,,,47991,40.26586,-87.4384,America/Indiana/Indianapolis,EST,-5,,,,,,,,,,,
Indiana,IN,West Terre Haute,,,,,,,,47885,39.49842,-87.4688,America/Indiana/Indianapolis,EST,-5,,,,,,,,,,,
Indiana,IN,Westchester,,,,,,,,,40.49838,-84.895,America/Indiana/Indianapolis,EST,-5,,,,,,,,,,,
Indiana,IN,Westfield,,,,,,,,46074,40.04282,-86.1275,America/Indiana/Indianapolis,EST,-5,,,,,,,,,,,
Indiana,IN,Westport,,,,,,,,47283,39.17589,-85.573,America/Indiana/Indianapolis,EST,-5,,,,,,,,,,,
Indiana,IN,Westville,,,,,,,,46391,41.54143,-86.9006,America/Chicago,CST,-6,,,,,,,,,,,
Indiana,IN,Wheatfield,,,,,,,,46392,41.1333,-87.0638,America/Chicago,CST,-6,,,,,,,,,,,
Indiana,IN,Wheatland,,,,,,,,47597,38.65697,-87.3294,America/Indiana/Vincennes,EST,-5,,,,,,,,,,,
Indiana,IN,Whiteland,,,,,,,,46184,39.55005,-86.0797,America/Indiana/Indianapolis,EST,-5,,,,,,,,,,,
Indiana,IN,Whitestown,,,,,,,,46075,40.02261,-86.3462,America/Indiana/Indianapolis,EST,-5,,,,,,,,,,,
Indiana,IN,Whitewater,,,,,,,,,39.94477,-84.8311,America/Indiana/Indianapolis,EST,-5,,,,,,,,,,,
Indiana,IN,Whiting,,,,,,,,46394,41.67976,-87.4945,America/Chicago,CST,-6,,,,,,,,,,,
Indiana,IN,Wilkinson,,,,,,,,46186,39.89514,-85.6438,America/Indiana/Indianapolis,EST,-5,,,,,,,,,,,
Indiana,IN,Williams,,,,,,,,47470,38.81828,-86.6371,America/Indiana/Indianapolis,EST,-5,,,,,,,,,,,
Indiana,IN,Williams Creek,,,,,,,,,39.89976,-86.1503,America/Indiana/Indianapolis,EST,-5,,,,,,,,,,,
Indiana,IN,Williamsport,,,,,,,,47993,40.31417,-87.4039,America/Indiana/Indianapolis,EST,-5,,,,,,,,,,,
Indiana,IN,Wilmot,,,,,,,,,41.31005,-85.6417,America/Indiana/Indianapolis,EST,-5,,,,,,,,,,,
Indiana,IN,Winamac,,,,,,,,46996,41.03586,-86.6222,America/Indiana/Winamac,EST,-5,,,,,,,,,,,
Indiana,IN,Winchester,,,,,,,,47394,40.15985,-84.9847,America/Indiana/Indianapolis,EST,-5,,,,,,,,,,,
Indiana,IN,Windfall,,,,,,,,46076,40.34893,-85.9376,America/Indiana/Indianapolis,EST,-5,,,,,,,,,,,
Indiana,IN,Wingate,,,,,,,,47994,40.17226,-87.0728,America/Indiana/Indianapolis,EST,-5,,,,,,,,,,,
Indiana,IN,Winona,,,,,,,,,41.23615,-86.5695,America/Indiana/Knox,CST,-6,,,,,,,,,,,
Indiana,IN,Winona Lake,,,,,,,,46590,41.23273,-85.8263,America/Indiana/Indianapolis,EST,-5,,,,,,,,,,,
Indiana,IN,Winslow,,,,,,,,47598,38.37293,-87.2111,America/Indiana/Petersburg,EST,-5,,,,,,,,,,,
Indiana,IN,Wolcott,,,,,,,,47995,40.72647,-86.9895,America/Indiana/Indianapolis,EST,-5,,,,,,,,,,,
Indiana,IN,Wolcottville,,,,,,,,46795,41.58348,-85.3377,America/Indiana/Indianapolis,EST,-5,,,,,,,,,,,
Indiana,IN,Wolflake,,,,,,,,46796,41.33612,-85.5002,America/Indiana/Indianapolis,EST,-5,,,,,,,,,,,
Indiana,IN,Woodburn,,,,,,,,46797,41.12504,-84.8742,America/Indiana/Indianapolis,EST,-5,,,,,,,,,,,
Indiana,IN,Woodland,,,,,,,,,41.66094,-86.3538,America/Indiana/Indianapolis,EST,-5,,,,,,,,,,,
Indiana,IN,Woodlawn Heights,,,,,,,,,40.11893,-85.6936,America/Indiana/Indianapolis,EST,-5,,,,,,,,,,,
Indiana,IN,Woodruff,,,,,,,,,41.57338,-85.3289,America/Indiana/Indianapolis,EST,-5,,,,,,,,,,,
Indiana,IN,Wooster,,,,,,,,,41.20921,-85.7428,America/Indiana/Indianapolis,EST,-5,,,,,,,,,,,
Indiana,IN,Worthington,,,,,,,,47471,39.12429,-86.9708,America/Indiana/Indianapolis,EST,-5,,,,,,,,,,,
Indiana,IN,Wyatt,,,,,,,,46595,41.52588,-86.1695,America/Indiana/Indianapolis,EST,-5,,,,,,,,,,,
Indiana,IN,Wynnedale,,,,,,,,,39.81933,-86.1711,America/Indiana/Indianapolis,EST,-5,,,,,,,,,,,
Indiana,IN,Yeoman,,,,,,,,47997,40.66782,-86.7242,America/Indiana/Indianapolis,EST,-5,,,,,,,,,,,
Indiana,IN,Yoder,,,,,,,,46798,40.93116,-85.1766,America/Indiana/Indianapolis,EST,-5,,,,,,,,,,,
Indiana,IN,York,,,,,,,,,41.64959,-85.0066,America/Indiana/Indianapolis,EST,-5,,,,,,,,,,,
Indiana,IN,Yorktown,,,,,,,,47396,40.19855,-85.5093,America/Indiana/Indianapolis,EST,-5,,,,,,,,,,,
Indiana,IN,Zionsville,,,,,,,,46077,39.99746,-86.2981,America/Indiana/Indianapolis,EST,-5,,,,,,,,,,,
Indiana,IN,Zulu,,,,,,,,,41.03699,-84.8922,America/Indiana/Indianapolis,EST,-5,,,,,,,,,,,
