Kansas,KS,Abbyville,,,,,,,,67510,38.01371,-98.1695,America/Chicago,CST,-6,,,,,,,,,,,
Kansas,KS,Abilene,,,,,,,,67410,38.9111,-97.1953,America/Chicago,CST,-6,,,,,,,,,,,
Kansas,KS,Acres,,,,,,,,,0,0,,,,,,,,,,,,,,
Kansas,KS,Ada,,,,,,,,,39.15139,-97.8892,America/Chicago,CST,-6,,,,,,,,,,,
Kansas,KS,Admire,,,,,,,,66830,38.60839,-96.1083,America/Chicago,CST,-6,,,,,,,,,,,
Kansas,KS,Aetna,,,,,,,,,37.07184,-95.3472,America/Chicago,CST,-6,,,,,,,,,,,
Kansas,KS,Agenda,,,,,,,,66930,39.70438,-97.4465,America/Chicago,CST,-6,,,,,,,,,,,
Kansas,KS,Agra,,,,,,,,67621,39.76086,-99.1196,America/Chicago,CST,-6,,,,,,,,,,,
Kansas,KS,Alamota,,,,,,,,,0,0,,,,,,,,,,,,,,
Kansas,KS,Albert,,,,,,,,67511,38.45279,-99.0115,America/Chicago,CST,-6,,,,,,,,,,,
Kansas,KS,Alden,,,,,,,,67512,38.2333,-98.3165,America/Chicago,CST,-6,,,,,,,,,,,
Kansas,KS,Alexander,,,,,,,,67513,38.47012,-99.5532,America/Chicago,CST,-6,,,,,,,,,,,
Kansas,KS,Allen,,,,,,,,66833,38.65201,-96.1735,America/Chicago,CST,-6,,,,,,,,,,,
Kansas,KS,Alma,,,,,,,,66401,38.95356,-96.2046,America/Chicago,CST,-6,,,,,,,,,,,
Kansas,KS,Almena,,,,,,,,67622,39.89127,-99.7115,America/Chicago,CST,-6,,,,,,,,,,,
Kansas,KS,Alta Vista,,,,,,,,66834,38.86451,-96.4881,America/Chicago,CST,-6,,,,,,,,,,,
Kansas,KS,Altamont,,,,,,,,67330,37.19034,-95.2972,America/Chicago,CST,-6,,,,,,,,,,,
Kansas,KS,Alton,,,,,,,,67623,39.43015,-98.9289,America/Chicago,CST,-6,,,,,,,,,,,
Kansas,KS,Altoona,,,,,,,,66710,37.52502,-95.6618,America/Chicago,CST,-6,,,,,,,,,,,
Kansas,KS,Americus,,,,,,,,66835,38.55617,-96.2619,America/Chicago,CST,-6,,,,,,,,,,,
Kansas,KS,Amy,,,,,,,,,0,0,,,,,,,,,,,,,,
Kansas,KS,Andale,,,,,,,,67001,37.77973,-97.6366,America/Chicago,CST,-6,,,,,,,,,,,
Kansas,KS,Andover,,,,,,,,67002,37.70153,-97.0984,America/Chicago,CST,-6,,,,,,,,,,,
Kansas,KS,Angelus,,,,,,,,,0,0,,,,,,,,,,,,,,
Kansas,KS,Angola,,,,,,,,,0,0,,,,,,,,,,,,,,
Kansas,KS,Anthony,,,,,,,,67003,37.11149,-98.0481,America/Chicago,CST,-6,,,,,,,,,,,
Kansas,KS,Antonino,,,,,,,,,0,0,,,,,,,,,,,,,,
Kansas,KS,Arcadia,,,,,,,,66741###66711,37.60124,-94.6975,America/Chicago,CST,-6,,,,,,,,,,,
Kansas,KS,Argonia,,,,,,,,67004,37.26585,-97.7656,America/Chicago,CST,-6,,,,,,,,,,,
Kansas,KS,Arkansas City,,,,,,,,67005,37.06197,-97.0384,America/Chicago,CST,-6,,,,,,,,,,,
Kansas,KS,Arlington,,,,,,,,67514,37.82988,-98.1969,America/Chicago,CST,-6,,,,,,,,,,,
Kansas,KS,Arma,,,,,,,,66712,37.5573,-94.6949,America/Chicago,CST,-6,,,,,,,,,,,
Kansas,KS,Arnold,,,,,,,,67515,38.64029,-100.046,America/Chicago,CST,-6,,,,,,,,,,,
Kansas,KS,Arrington,,,,,,,,,0,0,,,,,,,,,,,,,,
Kansas,KS,Ash Grove,,,,,,,,,0,0,,,,,,,,,,,,,,
Kansas,KS,Ash Valley,,,,,,,,,37.48307,-97.6439,America/Chicago,CST,-6,,,,,,,,,,,
Kansas,KS,Asherville,,,,,,,,,0,0,,,,,,,,,,,,,,
Kansas,KS,Ashland,,,,,,,,67831,37.17195,-99.7696,America/Chicago,CST,-6,,,,,,,,,,,
Kansas,KS,Assaria,,,,,,,,67416,38.68889,-97.5943,America/Chicago,CST,-6,,,,,,,,,,,
Kansas,KS,Atchison,,,,,,,,66002,39.53595,-95.2251,America/Chicago,CST,-6,,,,,,,,,,,
Kansas,KS,Athol,,,,,,,,66932,39.76678,-98.9193,America/Chicago,CST,-6,,,,,,,,,,,
Kansas,KS,Atlanta,,,,,,,,67008,37.43641,-96.7648,America/Chicago,CST,-6,,,,,,,,,,,
Kansas,KS,Attica,,,,,,,,67009,37.22489,-98.2101,America/Chicago,CST,-6,,,,,,,,,,,
Kansas,KS,Atwood,,,,,,,,67730,39.82469,-101.041,America/Chicago,CST,-6,,,,,,,,,,,
Kansas,KS,Auburn,,,,,,,,66402,38.91692,-95.8392,America/Chicago,CST,-6,,,,,,,,,,,
Kansas,KS,Augusta,,,,,,,,67010,37.67435,-96.9701,America/Chicago,CST,-6,,,,,,,,,,,
Kansas,KS,Aurora,,,,,,,,67417,39.45212,-97.5296,America/Chicago,CST,-6,,,,,,,,,,,
Kansas,KS,Axtell,,,,,,,,66403,39.88583,-96.2955,America/Chicago,CST,-6,,,,,,,,,,,
Kansas,KS,Baileyville,,,,,,,,66404,39.84444,-96.185,America/Chicago,CST,-6,,,,,,,,,,,
Kansas,KS,Baldwin City,,,,,,,,66006,38.8215,-95.2239,America/Chicago,CST,-6,,,,,,,,,,,
Kansas,KS,Barnard,,,,,,,,67418,39.18866,-98.0446,America/Chicago,CST,-6,,,,,,,,,,,
Kansas,KS,Barnes,,,,,,,,66933,39.68137,-96.8626,America/Chicago,CST,-6,,,,,,,,,,,
Kansas,KS,Bartlett,,,,,,,,67332,37.04546,-95.2299,America/Chicago,CST,-6,,,,,,,,,,,
Kansas,KS,Basehor,,,,,,,,66007,39.13345,-94.9472,America/Chicago,CST,-6,,,,,,,,,,,
Kansas,KS,Bassett,,,,,,,,,0,0,,,,,,,,,,,,,,
Kansas,KS,Batesville,,,,,,,,,0,0,,,,,,,,,,,,,,
Kansas,KS,Baxter Springs,,,,,,,,66713,37.02451,-94.7375,America/Chicago,CST,-6,,,,,,,,,,,
Kansas,KS,Bazine,,,,,,,,67516,38.44557,-99.6925,America/Chicago,CST,-6,,,,,,,,,,,
Kansas,KS,Beagle,,,,,,,,,0,0,,,,,,,,,,,,,,
Kansas,KS,Beardsley,,,,,,,,,39.81444,-101.228,America/Chicago,CST,-6,,,,,,,,,,,
Kansas,KS,Beattie,,,,,,,,66406,39.90695,-96.4168,America/Chicago,CST,-6,,,,,,,,,,,
Kansas,KS,Beeler,,,,,,,,67518,38.44446,-100.195,America/Chicago,CST,-6,,,,,,,,,,,
Kansas,KS,Bel Aire,,,,,,,,,37.76446,-97.2684,America/Chicago,CST,-6,,,,,,,,,,,
Kansas,KS,Bellaire,,,,,,,,,37.76251,-97.267,America/Chicago,CST,-6,,,,,,,,,,,
Kansas,KS,Belle Plaine,,,,,,,,67013,37.35976,-97.2877,America/Chicago,CST,-6,,,,,,,,,,,
Kansas,KS,Bellefont,,,,,,,,,0,0,,,,,,,,,,,,,,
Kansas,KS,Belleville,,,,,,,,66935,39.83622,-97.6015,America/Chicago,CST,-6,,,,,,,,,,,
Kansas,KS,Beloit,,,,,,,,67420,39.44163,-98.1192,America/Chicago,CST,-6,,,,,,,,,,,
Kansas,KS,Belpre,,,,,,,,67519,37.9512,-99.0989,America/Chicago,CST,-6,,,,,,,,,,,
Kansas,KS,Belvidere,,,,,,,,,37.4503,-99.0801,America/Chicago,CST,-6,,,,,,,,,,,
Kansas,KS,Belvue,,,,,,,,66407,39.27734,-96.1647,America/Chicago,CST,-6,,,,,,,,,,,
Kansas,KS,Bendena,,,,,,,,66008,39.71262,-95.1869,America/Chicago,CST,-6,,,,,,,,,,,
Kansas,KS,Benedict,,,,,,,,66714,37.61182,-95.7038,America/Chicago,CST,-6,,,,,,,,,,,
Kansas,KS,Bennington,,,,,,,,67422,39.01993,-97.6221,America/Chicago,CST,-6,,,,,,,,,,,
Kansas,KS,Bentley,,,,,,,,67016,37.8866,-97.5166,America/Chicago,CST,-6,,,,,,,,,,,
Kansas,KS,Benton,,,,,,,,67017,37.83177,-97.0974,America/Chicago,CST,-6,,,,,,,,,,,
Kansas,KS,Bern,,,,,,,,66408,39.96093,-95.9671,America/Chicago,CST,-6,,,,,,,,,,,
Kansas,KS,Berryton,,,,,,,,66409,38.92785,-95.5847,America/Chicago,CST,-6,,,,,,,,,,,
Kansas,KS,Beto Junction,,,,,,,,,39.02647,-96.7834,America/Chicago,CST,-6,,,,,,,,,,,
Kansas,KS,Beulah,,,,,,,,,0,0,,,,,,,,,,,,,,
Kansas,KS,Beverly,,,,,,,,67423,39.01278,-97.9756,America/Chicago,CST,-6,,,,,,,,,,,
Kansas,KS,Big Bow,,,,,,,,,0,0,,,,,,,,,,,,,,
Kansas,KS,Bird City,,,,,,,,67731,39.75044,-101.533,America/Chicago,CST,-6,,,,,,,,,,,
Kansas,KS,Bison,,,,,,,,67520,38.56316,-99.1958,America/Chicago,CST,-6,,,,,,,,,,,
Kansas,KS,Blaine,,,,,,,,,0,0,,,,,,,,,,,,,,
Kansas,KS,Blakeman,,,,,,,,,39.82222,-101.117,America/Chicago,CST,-6,,,,,,,,,,,
Kansas,KS,Bloom,,,,,,,,,0,0,,,,,,,,,,,,,,
Kansas,KS,Blue Mound,,,,,,,,66010,38.08976,-95.0077,America/Chicago,CST,-6,,,,,,,,,,,
Kansas,KS,Blue Rapids,,,,,,,,66411,39.68194,-96.6597,America/Chicago,CST,-6,,,,,,,,,,,
Kansas,KS,Bluff City,,,,,,,,67018,37.06226,-97.8659,America/Chicago,CST,-6,,,,,,,,,,,
Kansas,KS,Bogue,,,,,,,,67625,39.36003,-99.6876,America/Chicago,CST,-6,,,,,,,,,,,
Kansas,KS,Bolton,,,,,,,,,0,0,,,,,,,,,,,,,,
Kansas,KS,Bonner Springs,,,,,,,,66012,39.05973,-94.8836,America/Chicago,CST,-6,,,,,,,,,,,
Kansas,KS,Brazilton,,,,,,,,,37.55977,-94.9575,America/Chicago,CST,-6,,,,,,,,,,,
Kansas,KS,Bremen,,,,,,,,66412,39.90721,-96.759,America/Chicago,CST,-6,,,,,,,,,,,
Kansas,KS,Brewster,,,,,,,,67732,39.36667,-101.377,America/Chicago,CST,-6,,,,,,,,,,,
Kansas,KS,Bridgeport,,,,,,,,,38.62778,-97.6131,America/Chicago,CST,-6,,,,,,,,,,,
Kansas,KS,Bronson,,,,,,,,66716,37.87446,-95.0262,America/Chicago,CST,-6,,,,,,,,,,,
Kansas,KS,Brookville,,,,,,,,67425,38.78392,-97.8546,America/Chicago,CST,-6,,,,,,,,,,,
Kansas,KS,Brownell,,,,,,,,67521,38.64029,-99.7462,America/Chicago,CST,-6,,,,,,,,,,,
Kansas,KS,Bucklin,,,,,,,,67834,37.54724,-99.6343,America/Chicago,CST,-6,,,,,,,,,,,
Kansas,KS,Bucyrus,,,,,,,,66013,38.7264,-94.7183,America/Chicago,CST,-6,,,,,,,,,,,
Kansas,KS,Buffalo,,,,,,,,66717,37.70977,-95.6975,America/Chicago,CST,-6,,,,,,,,,,,
Kansas,KS,Buhler,,,,,,,,67522,38.12279,-97.7664,America/Chicago,CST,-6,,,,,,,,,,,
Kansas,KS,Bunker Hill,,,,,,,,67626,38.86893,-98.6763,America/Chicago,CST,-6,,,,,,,,,,,
Kansas,KS,Burden,,,,,,,,67019,37.37062,-96.76,America/Chicago,CST,-6,,,,,,,,,,,
Kansas,KS,Burdett,,,,,,,,67523,38.19196,-99.5268,America/Chicago,CST,-6,,,,,,,,,,,
Kansas,KS,Burdick,,,,,,,,66838,38.56576,-96.8013,America/Chicago,CST,-6,,,,,,,,,,,
Kansas,KS,Burlingame,,,,,,,,66413,38.73799,-95.8158,America/Chicago,CST,-6,,,,,,,,,,,
Kansas,KS,Burlington,,,,,,,,66839,38.23632,-95.7336,America/Chicago,CST,-6,,,,,,,,,,,
Kansas,KS,Burns,,,,,,,,66840,38.08922,-96.8885,America/Chicago,CST,-6,,,,,,,,,,,
Kansas,KS,Burr Oak,,,,,,,,66936,39.86612,-98.3051,America/Chicago,CST,-6,,,,,,,,,,,
Kansas,KS,Burrton,,,,,,,,67020,38.0239,-97.6698,America/Chicago,CST,-6,,,,,,,,,,,
Kansas,KS,Bushong,,,,,,,,,38.64306,-96.2572,America/Chicago,CST,-6,,,,,,,,,,,
Kansas,KS,Bushton,,,,,,,,67427,38.46388,-98.3872,America/Chicago,CST,-6,,,,,,,,,,,
Kansas,KS,Buttermilk,,,,,,,,,0,0,,,,,,,,,,,,,,
Kansas,KS,Buxton,,,,,,,,,0,0,,,,,,,,,,,,,,
Kansas,KS,Byers,,,,,,,,67021,37.77796,-98.9311,America/Chicago,CST,-6,,,,,,,,,,,
Kansas,KS,Cairo,,,,,,,,,39.09694,-95.7978,America/Chicago,CST,-6,,,,,,,,,,,
Kansas,KS,Caldwell,,,,,,,,67022,37.13326,-97.6017,America/Chicago,CST,-6,,,,,,,,,,,
Kansas,KS,Calvert,,,,,,,,,39.84973,-99.7579,America/Chicago,CST,-6,,,,,,,,,,,
Kansas,KS,Cambridge,,,,,,,,67023,37.31614,-96.6645,America/Chicago,CST,-6,,,,,,,,,,,
Kansas,KS,Caney,,,,,,,,67333,37.04805,-95.8849,America/Chicago,CST,-6,,,,,,,,,,,
Kansas,KS,Canton,,,,,,,,67428,38.39263,-97.427,America/Chicago,CST,-6,,,,,,,,,,,
Kansas,KS,Carbondale,,,,,,,,66414,38.81168,-95.7061,America/Chicago,CST,-6,,,,,,,,,,,
Kansas,KS,Carlton,,,,,,,,,38.68723,-97.2934,America/Chicago,CST,-6,,,,,,,,,,,
Kansas,KS,Carona,,,,,,,,,39.48032,-97.0149,America/Chicago,CST,-6,,,,,,,,,,,
Kansas,KS,Cassoday,,,,,,,,66842,37.99555,-96.661,America/Chicago,CST,-6,,,,,,,,,,,
Kansas,KS,Catherine,,,,,,,,,38.92765,-99.2161,America/Chicago,CST,-6,,,,,,,,,,,
Kansas,KS,Cave,,,,,,,,,39.66422,-95.9305,America/Chicago,CST,-6,,,,,,,,,,,
Kansas,KS,Cawker City,,,,,,,,67430,39.51251,-98.4337,America/Chicago,CST,-6,,,,,,,,,,,
Kansas,KS,Cedar,,,,,,,,67628,39.62738,-99.0016,America/Chicago,CST,-6,,,,,,,,,,,
Kansas,KS,Cedar Bluff,,,,,,,,,39.62738,-99.0016,America/Chicago,CST,-6,,,,,,,,,,,
Kansas,KS,Cedar Bluffs,,,,,,,,,39.62738,-99.0016,America/Chicago,CST,-6,,,,,,,,,,,
Kansas,KS,Cedar Point,,,,,,,,66843,38.26004,-96.8228,America/Chicago,CST,-6,,,,,,,,,,,
Kansas,KS,Cedar Vale,,,,,,,,67024,37.13023,-96.4441,America/Chicago,CST,-6,,,,,,,,,,,
Kansas,KS,Centerview,,,,,,,,,38.22086,-95.0141,America/Chicago,CST,-6,,,,,,,,,,,
Kansas,KS,Centralia,,,,,,,,66415,39.72583,-96.1272,America/Chicago,CST,-6,,,,,,,,,,,
Kansas,KS,Centropolis,,,,,,,,,0,0,,,,,,,,,,,,,,
Kansas,KS,Chanute,,,,,,,,66720,37.60922,-95.4164,America/Chicago,CST,-6,,,,,,,,,,,
Kansas,KS,Chapman,,,,,,,,67431,38.97267,-97.0189,America/Chicago,CST,-6,,,,,,,,,,,
Kansas,KS,Charleston,,,,,,,,,0,0,,,,,,,,,,,,,,
Kansas,KS,Chase,,,,,,,,67524,38.35501,-98.3495,America/Chicago,CST,-6,,,,,,,,,,,
Kansas,KS,Chautauqua,,,,,,,,67334,37.02624,-96.1783,America/Chicago,CST,-6,,,,,,,,,,,
Kansas,KS,Cheney,,,,,,,,67025,37.63371,-97.7351,America/Chicago,CST,-6,,,,,,,,,,,
Kansas,KS,Cherokee,,,,,,,,66724,37.36822,-94.8323,America/Chicago,CST,-6,,,,,,,,,,,
Kansas,KS,Cherryvale,,,,,,,,67335,37.27034,-95.5525,America/Chicago,CST,-6,,,,,,,,,,,
Kansas,KS,Chetopa,,,,,,,,67336,37.03729,-95.09,America/Chicago,CST,-6,,,,,,,,,,,
Kansas,KS,Chicopee,,,,,,,,,37.382,-94.7419,America/Chicago,CST,-6,,,,,,,,,,,
Kansas,KS,Chiles,,,,,,,,,0,0,,,,,,,,,,,,,,
Kansas,KS,Cimarron,,,,,,,,67835,37.80361,-100.339,America/Chicago,CST,-6,,,,,,,,,,,
Kansas,KS,Circleville,,,,,,,,66416,39.52813,-95.8487,America/Chicago,CST,-6,,,,,,,,,,,
Kansas,KS,Claflin,,,,,,,,67525,38.56588,-98.6271,America/Chicago,CST,-6,,,,,,,,,,,
Kansas,KS,Clark State Lake,,,,,,,,,0,0,,,,,,,,,,,,,,
Kansas,KS,Clay Center,,,,,,,,67432,39.34945,-97.1648,America/Chicago,CST,-6,,,,,,,,,,,
Kansas,KS,Clayton,,,,,,,,67629,39.7375,-100.178,America/Chicago,CST,-6,,,,,,,,,,,
Kansas,KS,Clearview City,,,,,,,,,38.94544,-95.0033,America/Chicago,CST,-6,,,,,,,,,,,
Kansas,KS,Clearwater,,,,,,,,67026,37.54828,-97.4884,America/Chicago,CST,-6,,,,,,,,,,,
Kansas,KS,Cleveland,,,,,,,,,38.56588,-98.6271,America/Chicago,CST,-6,,,,,,,,,,,
Kansas,KS,Clifton,,,,,,,,66937,39.56722,-97.2786,America/Chicago,CST,-6,,,,,,,,,,,
Kansas,KS,Climax,,,,,,,,,0,0,,,,,,,,,,,,,,
Kansas,KS,Clinton,,,,,,,,,39.02329,-95.2089,America/Chicago,CST,-6,,,,,,,,,,,
Kansas,KS,Clyde,,,,,,,,66938,39.59127,-97.3986,America/Chicago,CST,-6,,,,,,,,,,,
Kansas,KS,Coats,,,,,,,,67028,37.51196,-98.8243,America/Chicago,CST,-6,,,,,,,,,,,
Kansas,KS,Codell,,,,,,,,,39.19334,-99.1773,America/Chicago,CST,-6,,,,,,,,,,,
Kansas,KS,Coffeyville,,,,,,,,67337,37.0373,-95.6164,America/Chicago,CST,-6,,,,,,,,,,,
Kansas,KS,Coffeyville Airport,,,,,,,,,37.0373,-95.6164,America/Chicago,CST,-6,,,,,,,,,,,
Kansas,KS,Colby,,,,,,,,67701,39.40152,-100.974,America/Chicago,CST,-6,,,,,,,,,,,
Kansas,KS,Coldwater,,,,,,,,67029,37.25486,-99.3226,America/Chicago,CST,-6,,,,,,,,,,,
Kansas,KS,Collyer,,,,,,,,67631,39.03556,-100.118,America/Chicago,CST,-6,,,,,,,,,,,
Kansas,KS,Colony,,,,,,,,66015,38.07086,-95.3655,America/Chicago,CST,-6,,,,,,,,,,,
Kansas,KS,Columbus,,,,,,,,66725,37.16989,-94.8899,America/Chicago,CST,-6,,,,,,,,,,,
Kansas,KS,Colwich,,,,,,,,67030,37.77081,-97.5459,America/Chicago,CST,-6,,,,,,,,,,,
Kansas,KS,Concordia,,,,,,,,66901,39.55163,-97.6568,America/Chicago,CST,-6,,,,,,,,,,,
Kansas,KS,Conway Springs,,,,,,,,67031,37.3943,-97.6582,America/Chicago,CST,-6,,,,,,,,,,,
Kansas,KS,Coolidge,,,,,,,,67836,38.04168,-102.009,America/Denver,MST,-7,,,,,,,,,,,
Kansas,KS,Copeland,,,,,,,,67837,37.54197,-100.63,America/Chicago,CST,-6,,,,,,,,,,,
Kansas,KS,Corning,,,,,,,,66417,39.65431,-96.0318,America/Chicago,CST,-6,,,,,,,,,,,
Kansas,KS,Corwin,,,,,,,,,39.67307,-99.1223,America/Chicago,CST,-6,,,,,,,,,,,
Kansas,KS,Cottonwood Falls,,,,,,,,66845,38.37674,-96.5495,America/Chicago,CST,-6,,,,,,,,,,,
Kansas,KS,Council Grove,,,,,,,,66846,38.69588,-96.5469,America/Chicago,CST,-6,,,,,,,,,,,
Kansas,KS,Courtland,,,,,,,,66939,39.7814,-97.8928,America/Chicago,CST,-6,,,,,,,,,,,
Kansas,KS,Coyville,,,,,,,,,37.55915,-95.7438,America/Chicago,CST,-6,,,,,,,,,,,
Kansas,KS,Crestline,,,,,,,,66728,37.16944,-94.7041,America/Chicago,CST,-6,,,,,,,,,,,
Kansas,KS,Croft,,,,,,,,,37.50335,-98.9948,America/Chicago,CST,-6,,,,,,,,,,,
Kansas,KS,Croweburg,,,,,,,,,37.55699,-94.6661,America/Chicago,CST,-6,,,,,,,,,,,
Kansas,KS,Cuba,,,,,,,,66940,39.80179,-97.4583,America/Chicago,CST,-6,,,,,,,,,,,
Kansas,KS,Cullison,,,,,,,,,0,0,,,,,,,,,,,,,,
Kansas,KS,Culver,,,,,,,,,0,0,,,,,,,,,,,,,,
Kansas,KS,Cummings,,,,,,,,66016,39.48352,-95.241,America/Chicago,CST,-6,,,,,,,,,,,
Kansas,KS,Cunningham,,,,,,,,67035,37.63092,-98.3564,America/Chicago,CST,-6,,,,,,,,,,,
Kansas,KS,Damar,,,,,,,,67632,39.3189,-99.5826,America/Chicago,CST,-6,,,,,,,,,,,
Kansas,KS,Danville,,,,,,,,67036,37.29989,-97.8697,America/Chicago,CST,-6,,,,,,,,,,,
Kansas,KS,De Soto,,,,,,,,66018,38.94616,-94.9714,America/Chicago,CST,-6,,,,,,,,,,,
Kansas,KS,Dearing,,,,,,,,67340,37.05869,-95.7133,America/Chicago,CST,-6,,,,,,,,,,,
Kansas,KS,Deerfield,,,,,,,,67838,37.96459,-101.191,America/Chicago,CST,-6,,,,,,,,,,,
Kansas,KS,Delia,,,,,,,,66418,39.30007,-95.9007,America/Chicago,CST,-6,,,,,,,,,,,
Kansas,KS,Delphos,,,,,,,,67436,39.2631,-97.7146,America/Chicago,CST,-6,,,,,,,,,,,
Kansas,KS,Denison,,,,,,,,66419,39.35398,-95.6127,America/Chicago,CST,-6,,,,,,,,,,,
Kansas,KS,Dennis,,,,,,,,67341,37.34701,-95.4128,America/Chicago,CST,-6,,,,,,,,,,,
Kansas,KS,Densmore,,,,,,,,,0,0,,,,,,,,,,,,,,
Kansas,KS,Denton,,,,,,,,66017,39.73278,-95.2694,America/Chicago,CST,-6,,,,,,,,,,,
Kansas,KS,Derby,,,,,,,,67037,37.56613,-97.2285,America/Chicago,CST,-6,,,,,,,,,,,
Kansas,KS,Devon,,,,,,,,,0,0,,,,,,,,,,,,,,
Kansas,KS,Dexter,,,,,,,,67038,37.17874,-96.7158,America/Chicago,CST,-6,,,,,,,,,,,
Kansas,KS,Dighton,,,,,,,,67839,38.47419,-100.465,America/Chicago,CST,-6,,,,,,,,,,,
Kansas,KS,Dillwyn,,,,,,,,,0,0,,,,,,,,,,,,,,
Kansas,KS,Dodge City,,,,,,,,67801,37.69053,-99.9024,America/Chicago,CST,-6,,,,,,,,,,,
Kansas,KS,Doniphan,,,,,,,,,39.64166,-95.0808,America/Chicago,CST,-6,,,,,,,,,,,
Kansas,KS,Dorrance,,,,,,,,67634,38.84668,-98.5895,America/Chicago,CST,-6,,,,,,,,,,,
Kansas,KS,Douglass,,,,,,,,67039,37.53587,-96.9988,America/Chicago,CST,-6,,,,,,,,,,,
Kansas,KS,Dover,,,,,,,,66420,38.96453,-95.9172,America/Chicago,CST,-6,,,,,,,,,,,
Kansas,KS,Downs,,,,,,,,67437,39.44946,-98.5814,America/Chicago,CST,-6,,,,,,,,,,,
Kansas,KS,Dresden,,,,,,,,67635,39.62417,-100.422,America/Chicago,CST,-6,,,,,,,,,,,
Kansas,KS,Dunlap,,,,,,,,,38.5764,-96.3658,America/Chicago,CST,-6,,,,,,,,,,,
Kansas,KS,Durham,,,,,,,,67438,38.52397,-97.252,America/Chicago,CST,-6,,,,,,,,,,,
Kansas,KS,Dwight,,,,,,,,66849,38.82668,-96.5798,America/Chicago,CST,-6,,,,,,,,,,,
Kansas,KS,Earlton,,,,,,,,,37.58811,-95.4691,America/Chicago,CST,-6,,,,,,,,,,,
Kansas,KS,East Wichita,,,,,,,,,37.65197,-97.259,America/Chicago,CST,-6,,,,,,,,,,,
Kansas,KS,Easton,,,,,,,,66020,39.33914,-95.0999,America/Chicago,CST,-6,,,,,,,,,,,
Kansas,KS,Edgerton,,,,,,,,66021,38.76473,-95.008,America/Chicago,CST,-6,,,,,,,,,,,
Kansas,KS,Edmond,,,,,,,,,39.62723,-99.8226,America/Chicago,CST,-6,,,,,,,,,,,
Kansas,KS,Edna,,,,,,,,67342,37.07184,-95.3472,America/Chicago,CST,-6,,,,,,,,,,,
Kansas,KS,Edson,,,,,,,,67733,39.36655,-101.494,America/Denver,MST,-7,,,,,,,,,,,
Kansas,KS,Edwardsville,,,,,,,,66113,39.07354,-94.7233,America/Chicago,CST,-6,,,,,,,,,,,
Kansas,KS,Effingham,,,,,,,,66023,39.50756,-95.3937,America/Chicago,CST,-6,,,,,,,,,,,
Kansas,KS,El Dorado,,,,,,,,67042,37.83049,-96.866,America/Chicago,CST,-6,,,,,,,,,,,
Kansas,KS,Elbing,,,,,,,,67041,38.05454,-97.1284,America/Chicago,CST,-6,,,,,,,,,,,
Kansas,KS,Elgin,,,,,,,,,0,0,,,,,,,,,,,,,,
Kansas,KS,Elk City,,,,,,,,67344,37.28887,-95.908,America/Chicago,CST,-6,,,,,,,,,,,
Kansas,KS,Elk Falls,,,,,,,,67345,37.36726,-96.1886,America/Chicago,CST,-6,,,,,,,,,,,
Kansas,KS,Elkhart,,,,,,,,67950,37.00405,-101.897,America/Chicago,CST,-6,,,,,,,,,,,
Kansas,KS,Ellinwood,,,,,,,,67526,38.35557,-98.5809,America/Chicago,CST,-6,,,,,,,,,,,
Kansas,KS,Ellis,,,,,,,,67637,38.93807,-99.5607,America/Chicago,CST,-6,,,,,,,,,,,
Kansas,KS,Ellsworth,,,,,,,,67439,38.69658,-98.2054,America/Chicago,CST,-6,,,,,,,,,,,
Kansas,KS,Elmdale,,,,,,,,66850,38.37298,-96.6461,America/Chicago,CST,-6,,,,,,,,,,,
Kansas,KS,Elsmore,,,,,,,,66732,37.79449,-95.1503,America/Chicago,CST,-6,,,,,,,,,,,
Kansas,KS,Elwood,,,,,,,,66024,39.75726,-94.8824,America/Chicago,CST,-6,,,,,,,,,,,
Kansas,KS,Emmeram,,,,,,,,,0,0,,,,,,,,,,,,,,
Kansas,KS,Emmett,,,,,,,,66422,39.34768,-96.1042,America/Chicago,CST,-6,,,,,,,,,,,
Kansas,KS,Emporia,,,,,,,,66801,38.43415,-96.1528,America/Chicago,CST,-6,,,,,,,,,,,
Kansas,KS,Englevale,,,,,,,,,37.54483,-94.6591,America/Chicago,CST,-6,,,,,,,,,,,
Kansas,KS,Englewood,,,,,,,,67840,37.03836,-99.9835,America/Chicago,CST,-6,,,,,,,,,,,
Kansas,KS,Ensign,,,,,,,,67841,37.62491,-100.275,America/Chicago,CST,-6,,,,,,,,,,,
Kansas,KS,Enterprise,,,,,,,,67441,38.88972,-97.0932,America/Chicago,CST,-6,,,,,,,,,,,
Kansas,KS,Erie,,,,,,,,66733,37.58006,-95.2989,America/Chicago,CST,-6,,,,,,,,,,,
Kansas,KS,Esbon,,,,,,,,66941,39.82096,-98.4334,America/Chicago,CST,-6,,,,,,,,,,,
Kansas,KS,Eskridge,,,,,,,,66423,38.85889,-96.1092,America/Chicago,CST,-6,,,,,,,,,,,
Kansas,KS,Eudora,,,,,,,,66025,38.87914,-95.1259,America/Chicago,CST,-6,,,,,,,,,,,
Kansas,KS,Eureka,,,,,,,,67045,37.75515,-96.17,America/Chicago,CST,-6,,,,,,,,,,,
Kansas,KS,Everest,,,,,,,,66424,39.69914,-95.4625,America/Chicago,CST,-6,,,,,,,,,,,
Kansas,KS,Fairview,,,,,,,,66425,39.82185,-95.727,America/Chicago,CST,-6,,,,,,,,,,,
Kansas,KS,Fairway,,,,,,,,,0,0,,,,,,,,,,,,,,
Kansas,KS,Fall River,,,,,,,,67047,37.60763,-96.0292,America/Chicago,CST,-6,,,,,,,,,,,
Kansas,KS,Fanning,,,,,,,,,39.56694,-97.2953,America/Chicago,CST,-6,,,,,,,,,,,
Kansas,KS,Farlington,,,,,,,,66734,37.62404,-94.7983,America/Chicago,CST,-6,,,,,,,,,,,
Kansas,KS,Farmington,,,,,,,,,39.51861,-95.3097,America/Chicago,CST,-6,,,,,,,,,,,
Kansas,KS,Faulkner,,,,,,,,,37.10146,-95.0116,America/Chicago,CST,-6,,,,,,,,,,,
Kansas,KS,Fellsburg,,,,,,,,,37.81196,-99.1754,America/Chicago,CST,-6,,,,,,,,,,,
Kansas,KS,Feterita,,,,,,,,,0,0,,,,,,,,,,,,,,
Kansas,KS,Florence,,,,,,,,66851,38.24446,-96.9281,America/Chicago,CST,-6,,,,,,,,,,,
Kansas,KS,Fontana,,,,,,,,66026,38.41789,-94.8834,America/Chicago,CST,-6,,,,,,,,,,,
Kansas,KS,Ford,,,,,,,,67842,37.58784,-99.7994,America/Chicago,CST,-6,,,,,,,,,,,
Kansas,KS,Formoso,,,,,,,,66942,39.77829,-97.9932,America/Chicago,CST,-6,,,,,,,,,,,
Kansas,KS,Fort Leavenworth,,,,,,,,66027,39.3468,-94.9313,America/Chicago,CST,-6,,,,,,,,,,,
Kansas,KS,Fort Riley North,,,,,,,,,39.11374,-96.8378,America/Chicago,CST,-6,,,,,,,,,,,
Kansas,KS,Fort Scott,,,,,,,,66701,37.82163,-94.7148,America/Chicago,CST,-6,,,,,,,,,,,
Kansas,KS,Fowler,,,,,,,,67844,37.27998,-100.211,America/Chicago,CST,-6,,,,,,,,,,,
Kansas,KS,Frankfort,,,,,,,,66427,39.73331,-96.5223,America/Chicago,CST,-6,,,,,,,,,,,
Kansas,KS,Franklin,,,,,,,,66735,37.52644,-94.7058,America/Chicago,CST,-6,,,,,,,,,,,
Kansas,KS,Frederick,,,,,,,,,38.51334,-98.2684,America/Chicago,CST,-6,,,,,,,,,,,
Kansas,KS,Fredonia,,,,,,,,66736,37.57167,-95.7484,America/Chicago,CST,-6,,,,,,,,,,,
Kansas,KS,Freeport,,,,,,,,67049,37.17538,-97.8572,America/Chicago,CST,-6,,,,,,,,,,,
Kansas,KS,Friend,,,,,,,,,0,0,,,,,,,,,,,,,,
Kansas,KS,Frizell,,,,,,,,,38.16613,-99.2143,America/Chicago,CST,-6,,,,,,,,,,,
Kansas,KS,Frontenac,,,,,,,,66763,37.44662,-94.6916,America/Chicago,CST,-6,,,,,,,,,,,
Kansas,KS,Ft. Dodge,,,,,,,,,0,0,,,,,,,,,,,,,,
Kansas,KS,Fulton,,,,,,,,66738,38.01017,-94.7202,America/Chicago,CST,-6,,,,,,,,,,,
Kansas,KS,Galatia,,,,,,,,,38.64168,-98.9587,America/Chicago,CST,-6,,,,,,,,,,,
Kansas,KS,Galena,,,,,,,,66739,37.0759,-94.6397,America/Chicago,CST,-6,,,,,,,,,,,
Kansas,KS,Galesburg,,,,,,,,66740,37.47243,-95.3707,America/Chicago,CST,-6,,,,,,,,,,,
Kansas,KS,Galva,,,,,,,,67443,38.38195,-97.5375,America/Chicago,CST,-6,,,,,,,,,,,
Kansas,KS,Garden City,,,,,,,,67846,38.00077,-100.664,America/Chicago,CST,-6,,,,,,,,,,,
Kansas,KS,Garden Plain,,,,,,,,67050,37.67424,-97.6549,America/Chicago,CST,-6,,,,,,,,,,,
Kansas,KS,Gardner,,,,,,,,66030,38.815,-94.9414,America/Chicago,CST,-6,,,,,,,,,,,
Kansas,KS,Garfield,,,,,,,,67529,38.07673,-99.2451,America/Chicago,CST,-6,,,,,,,,,,,
Kansas,KS,Garland,,,,,,,,,0,0,,,,,,,,,,,,,,
Kansas,KS,Garnett,,,,,,,,66032,38.23277,-95.2865,America/Chicago,CST,-6,,,,,,,,,,,
Kansas,KS,Gas,,,,,,,,66742,37.92316,-95.3467,America/Chicago,CST,-6,,,,,,,,,,,
Kansas,KS,Gaylord,,,,,,,,67638,39.64705,-98.8465,America/Chicago,CST,-6,,,,,,,,,,,
Kansas,KS,Gem,,,,,,,,67734,39.45964,-100.935,America/Chicago,CST,-6,,,,,,,,,,,
Kansas,KS,Geneseo,,,,,,,,67444,38.51612,-98.1567,America/Chicago,CST,-6,,,,,,,,,,,
Kansas,KS,Geuda Springs,,,,,,,,67051,37.11419,-97.1492,America/Chicago,CST,-6,,,,,,,,,,,
Kansas,KS,Girard,,,,,,,,66743,37.47161,-94.8814,America/Chicago,CST,-6,,,,,,,,,,,
Kansas,KS,Glade,,,,,,,,67639,39.68473,-99.3098,America/Chicago,CST,-6,,,,,,,,,,,
Kansas,KS,Glasco,,,,,,,,67445,39.36117,-97.8383,America/Chicago,CST,-6,,,,,,,,,,,
Kansas,KS,Glen Elder,,,,,,,,67446,39.50103,-98.3023,America/Chicago,CST,-6,,,,,,,,,,,
Kansas,KS,Glendale,,,,,,,,,38.89834,-97.875,America/Chicago,CST,-6,,,,,,,,,,,
Kansas,KS,Globe,,,,,,,,,39.40152,-100.974,America/Chicago,CST,-6,,,,,,,,,,,
Kansas,KS,Goddard,,,,,,,,67052,37.66343,-97.5796,America/Chicago,CST,-6,,,,,,,,,,,
Kansas,KS,Goessel,,,,,,,,67053,38.2464,-97.3489,America/Chicago,CST,-6,,,,,,,,,,,
Kansas,KS,Goff,,,,,,,,66428,39.66422,-95.9305,America/Chicago,CST,-6,,,,,,,,,,,
Kansas,KS,Goodland,,,,,,,,67735,39.35812,-101.799,America/Denver,MST,-7,,,,,,,,,,,
Kansas,KS,Gorham,,,,,,,,67640,38.85233,-99.0108,America/Chicago,CST,-6,,,,,,,,,,,
Kansas,KS,Gove,,,,,,,,67736,38.9153,-100.483,America/Chicago,CST,-6,,,,,,,,,,,
Kansas,KS,Grainfield,,,,,,,,67737,39.11464,-100.467,America/Chicago,CST,-6,,,,,,,,,,,
Kansas,KS,Grandview Plaza,,,,,,,,,39.06723,-94.8983,America/Chicago,CST,-6,,,,,,,,,,,
Kansas,KS,Grantville,,,,,,,,66429,39.10405,-95.5392,America/Chicago,CST,-6,,,,,,,,,,,
Kansas,KS,Gray,,,,,,,,,39.09694,-95.7978,America/Chicago,CST,-6,,,,,,,,,,,
Kansas,KS,Great Bend,,,,,,,,67530,38.39357,-98.7751,America/Chicago,CST,-6,,,,,,,,,,,
Kansas,KS,Great Bend Airport,,,,,,,,,38.39357,-98.7751,America/Chicago,CST,-6,,,,,,,,,,,
Kansas,KS,Greeley,,,,,,,,66033,38.34642,-95.1392,America/Chicago,CST,-6,,,,,,,,,,,
Kansas,KS,Green,,,,,,,,67447,39.48032,-97.0149,America/Chicago,CST,-6,,,,,,,,,,,
Kansas,KS,Greenbush,,,,,,,,,37.5145,-94.988,America/Chicago,CST,-6,,,,,,,,,,,
Kansas,KS,Greenleaf,,,,,,,,66943,39.688,-96.9751,America/Chicago,CST,-6,,,,,,,,,,,
Kansas,KS,Greensburg,,,,,,,,67054,37.6028,-99.2926,America/Chicago,CST,-6,,,,,,,,,,,
Kansas,KS,Grenola,,,,,,,,67346,37.40693,-96.3844,America/Chicago,CST,-6,,,,,,,,,,,
Kansas,KS,Gridley,,,,,,,,66852,38.10554,-95.7945,America/Chicago,CST,-6,,,,,,,,,,,
Kansas,KS,Grigston,,,,,,,,,38.48474,-100.717,America/Chicago,CST,-6,,,,,,,,,,,
Kansas,KS,Grinnell,,,,,,,,67738,39.12589,-100.632,America/Chicago,CST,-6,,,,,,,,,,,
Kansas,KS,Gypsum,,,,,,,,67448,38.71091,-97.4921,America/Chicago,CST,-6,,,,,,,,,,,
Kansas,KS,Haddam,,,,,,,,66944,39.83551,-97.2694,America/Chicago,CST,-6,,,,,,,,,,,
Kansas,KS,Hale,,,,,,,,,38.57899,-100.601,America/Chicago,CST,-6,,,,,,,,,,,
Kansas,KS,Halford,,,,,,,,,39.37306,-100.87,America/Chicago,CST,-6,,,,,,,,,,,
Kansas,KS,Hallowell,,,,,,,,,37.17479,-94.9955,America/Chicago,CST,-6,,,,,,,,,,,
Kansas,KS,Halstead,,,,,,,,67056,38.02428,-97.5097,America/Chicago,CST,-6,,,,,,,,,,,
Kansas,KS,Hamilton,,,,,,,,66853,37.98039,-96.1995,America/Chicago,CST,-6,,,,,,,,,,,
Kansas,KS,Hamlin,,,,,,,,,39.91611,-95.628,America/Chicago,CST,-6,,,,,,,,,,,
Kansas,KS,Hammond,,,,,,,,,37.93559,-94.6952,America/Chicago,CST,-6,,,,,,,,,,,
Kansas,KS,Hanover,,,,,,,,66945,39.86708,-96.8965,America/Chicago,CST,-6,,,,,,,,,,,
Kansas,KS,Hanston,,,,,,,,67849,38.12149,-99.7095,America/Chicago,CST,-6,,,,,,,,,,,
Kansas,KS,Harding,,,,,,,,,0,0,,,,,,,,,,,,,,
Kansas,KS,Hardtner,,,,,,,,67057,37.07695,-98.7519,America/Chicago,CST,-6,,,,,,,,,,,
Kansas,KS,Hargrave,,,,,,,,,38.5564,-99.4451,America/Chicago,CST,-6,,,,,,,,,,,
Kansas,KS,Harlan,,,,,,,,,39.60557,-98.767,America/Chicago,CST,-6,,,,,,,,,,,
Kansas,KS,Harper,,,,,,,,67058,37.29132,-98.0385,America/Chicago,CST,-6,,,,,,,,,,,
Kansas,KS,Harris,,,,,,,,,38.31946,-95.4364,America/Chicago,CST,-6,,,,,,,,,,,
Kansas,KS,Hartford,,,,,,,,66854,38.30835,-95.9558,America/Chicago,CST,-6,,,,,,,,,,,
Kansas,KS,Harveyville,,,,,,,,66431,38.7897,-95.9634,America/Chicago,CST,-6,,,,,,,,,,,
Kansas,KS,Havana,,,,,,,,67347,37.09255,-95.9418,America/Chicago,CST,-6,,,,,,,,,,,
Kansas,KS,Haven,,,,,,,,67543,37.88118,-97.7938,America/Chicago,CST,-6,,,,,,,,,,,
Kansas,KS,Havensville,,,,,,,,66432,39.51111,-96.0781,America/Chicago,CST,-6,,,,,,,,,,,
Kansas,KS,Haviland,,,,,,,,67059,37.61256,-99.1926,America/Chicago,CST,-6,,,,,,,,,,,
Kansas,KS,Hayne,,,,,,,,,0,0,,,,,,,,,,,,,,
Kansas,KS,Hays,,,,,,,,67601,38.8782,-99.3348,America/Chicago,CST,-6,,,,,,,,,,,
Kansas,KS,Haysville,,,,,,,,67060,37.5424,-97.3632,America/Chicago,CST,-6,,,,,,,,,,,
Kansas,KS,Hazelton,,,,,,,,67061,37.11457,-98.4102,America/Chicago,CST,-6,,,,,,,,,,,
Kansas,KS,Healy,,,,,,,,67850,38.57899,-100.601,America/Chicago,CST,-6,,,,,,,,,,,
Kansas,KS,Hepler,,,,,,,,66746,37.63833,-94.9421,America/Chicago,CST,-6,,,,,,,,,,,
Kansas,KS,Herington,,,,,,,,67449,38.67112,-96.9425,America/Chicago,CST,-6,,,,,,,,,,,
Kansas,KS,Herndon,,,,,,,,67739,39.90921,-100.785,America/Chicago,CST,-6,,,,,,,,,,,
Kansas,KS,Hesston,,,,,,,,67062,38.1374,-97.4432,America/Chicago,CST,-6,,,,,,,,,,,
Kansas,KS,Hiattville,,,,,,,,,37.72227,-94.8716,America/Chicago,CST,-6,,,,,,,,,,,
Kansas,KS,Hiawatha,,,,,,,,66434,39.79137,-95.6004,America/Chicago,CST,-6,,,,,,,,,,,
Kansas,KS,Hickok,,,,,,,,,0,0,,,,,,,,,,,,,,
Kansas,KS,Highland,,,,,,,,66035,39.87868,-95.2277,America/Chicago,CST,-6,,,,,,,,,,,
Kansas,KS,Hill City,,,,,,,,67642,39.36602,-99.8424,America/Chicago,CST,-6,,,,,,,,,,,
Kansas,KS,Hillsboro,,,,,,,,67063,38.34799,-97.2057,America/Chicago,CST,-6,,,,,,,,,,,
Kansas,KS,Hillsdale,,,,,,,,66036,38.65807,-94.8521,America/Chicago,CST,-6,,,,,,,,,,,
Kansas,KS,Hoisington,,,,,,,,67544,38.47894,-98.7565,America/Chicago,CST,-6,,,,,,,,,,,
Kansas,KS,Holcomb,,,,,,,,67851,38.09813,-100.962,America/Chicago,CST,-6,,,,,,,,,,,
Kansas,KS,Hollenburg,,,,,,,,,39.98056,-96.9923,America/Chicago,CST,-6,,,,,,,,,,,
Kansas,KS,Holliday,,,,,,,,,0,0,,,,,,,,,,,,,,
Kansas,KS,Holton,,,,,,,,66436,39.48101,-95.7656,America/Chicago,CST,-6,,,,,,,,,,,
Kansas,KS,Holyrood,,,,,,,,67450,38.61367,-98.4209,America/Chicago,CST,-6,,,,,,,,,,,
Kansas,KS,Hope,,,,,,,,67451,38.69028,-97.0767,America/Chicago,CST,-6,,,,,,,,,,,
Kansas,KS,Hopewell,,,,,,,,,37.80474,-98.9957,America/Chicago,CST,-6,,,,,,,,,,,
Kansas,KS,Horace,,,,,,,,,38.31946,-95.4364,America/Chicago,CST,-6,,,,,,,,,,,
Kansas,KS,Horton,,,,,,,,66439,39.66408,-95.5272,America/Chicago,CST,-6,,,,,,,,,,,
Kansas,KS,Howard,,,,,,,,67349,37.41993,-96.2786,America/Chicago,CST,-6,,,,,,,,,,,
Kansas,KS,Howell,,,,,,,,,0,0,,,,,,,,,,,,,,
Kansas,KS,Hoxie,,,,,,,,67740,39.35501,-100.441,America/Chicago,CST,-6,,,,,,,,,,,
Kansas,KS,Hoyt,,,,,,,,66440,39.24778,-95.7064,America/Chicago,CST,-6,,,,,,,,,,,
Kansas,KS,Hudson,,,,,,,,67545,38.1662,-98.629,America/Chicago,CST,-6,,,,,,,,,,,
Kansas,KS,Hugoton,,,,,,,,67951,37.24316,-101.282,America/Chicago,CST,-6,,,,,,,,,,,
Kansas,KS,Humboldt,,,,,,,,66748,37.82934,-95.3455,America/Chicago,CST,-6,,,,,,,,,,,
Kansas,KS,Hunnewell,,,,,,,,,0,0,,,,,,,,,,,,,,
Kansas,KS,Hunter,,,,,,,,67452,39.23418,-98.3973,America/Chicago,CST,-6,,,,,,,,,,,
Kansas,KS,Huron,,,,,,,,,0,0,,,,,,,,,,,,,,
Kansas,KS,Hutchinson,,,,,,,,67502###67504###67501,37.95431,-97.8857,America/Chicago,CST,-6,,,,,,,,,,,
Kansas,KS,Hymer,,,,,,,,,39.7625,-95.1716,America/Chicago,CST,-6,,,,,,,,,,,
Kansas,KS,Idana,,,,,,,,,39.3575,-97.2642,America/Chicago,CST,-6,,,,,,,,,,,
Kansas,KS,Independence,,,,,,,,67301,37.18064,-95.7562,America/Chicago,CST,-6,,,,,,,,,,,
Kansas,KS,Independence Airport,,,,,,,,,37.18064,-95.7562,America/Chicago,CST,-6,,,,,,,,,,,
Kansas,KS,Ingalls,,,,,,,,67853,37.78905,-100.461,America/Chicago,CST,-6,,,,,,,,,,,
Kansas,KS,Inman,,,,,,,,67546,38.24618,-97.7957,America/Chicago,CST,-6,,,,,,,,,,,
Kansas,KS,Iola,,,,,,,,66749,37.88576,-95.3911,America/Chicago,CST,-6,,,,,,,,,,,
Kansas,KS,Ionia,,,,,,,,,0,0,,,,,,,,,,,,,,
Kansas,KS,Isabel,,,,,,,,67065,37.42754,-98.5516,America/Chicago,CST,-6,,,,,,,,,,,
Kansas,KS,Iuka,,,,,,,,67066,37.75535,-98.7569,America/Chicago,CST,-6,,,,,,,,,,,
Kansas,KS,Jamestown,,,,,,,,66948,39.59896,-97.8612,America/Chicago,CST,-6,,,,,,,,,,,
Kansas,KS,Jarbalo,,,,,,,,,39.20195,-95.0691,America/Chicago,CST,-6,,,,,,,,,,,
Kansas,KS,Jennings,,,,,,,,67643,39.67928,-100.295,America/Chicago,CST,-6,,,,,,,,,,,
Kansas,KS,Jetmore,,,,,,,,67854,38.02394,-99.8937,America/Chicago,CST,-6,,,,,,,,,,,
Kansas,KS,Jewell,,,,,,,,66949,39.67187,-98.1472,America/Chicago,CST,-6,,,,,,,,,,,
Kansas,KS,Johnson City,,,,,,,,,37.56976,-101.744,America/Chicago,CST,-6,,,,,,,,,,,
Kansas,KS,Junction City,,,,,,,,66441,39.02647,-96.7834,America/Chicago,CST,-6,,,,,,,,,,,
Kansas,KS,Kalvesta,,,,,,,,,38.05946,-100.286,America/Chicago,CST,-6,,,,,,,,,,,
Kansas,KS,Kanona,,,,,,,,,39.79667,-100.39,America/Chicago,CST,-6,,,,,,,,,,,
Kansas,KS,Kanopolis,,,,,,,,67454,38.69685,-98.1382,America/Chicago,CST,-6,,,,,,,,,,,
Kansas,KS,Kanorado,,,,,,,,67741,39.36523,-101.967,America/Denver,MST,-7,,,,,,,,,,,
Kansas,KS,Kansas City,,,,,,,,66160###66109###66111###66102###66105###66115###66101###66104###66103###66118###66119###66110###66117###66112###66106,39.10305,-94.6304,America/Chicago,CST,-6,,,,,,,,,,,
Kansas,KS,Keats,,,,,,,,,37.51196,-98.8243,America/Chicago,CST,-6,,,,,,,,,,,
Kansas,KS,Kechi,,,,,,,,67067,37.79585,-97.2795,America/Chicago,CST,-6,,,,,,,,,,,
Kansas,KS,Keene,,,,,,,,,38.80129,-96.2327,America/Chicago,CST,-6,,,,,,,,,,,
Kansas,KS,Kendall,,,,,,,,67857,37.93474,-101.546,America/Denver,MST,-7,,,,,,,,,,,
Kansas,KS,Kensington,,,,,,,,66951,39.76696,-99.0318,America/Chicago,CST,-6,,,,,,,,,,,
Kansas,KS,Kincaid,,,,,,,,66039,38.11039,-95.1886,America/Chicago,CST,-6,,,,,,,,,,,
Kansas,KS,Kingman,,,,,,,,67068,37.59636,-98.1304,America/Chicago,CST,-6,,,,,,,,,,,
Kansas,KS,Kingsdown,,,,,,,,,37.52502,-99.7587,America/Chicago,CST,-6,,,,,,,,,,,
Kansas,KS,Kinsley,,,,,,,,67547,37.91204,-99.4789,America/Chicago,CST,-6,,,,,,,,,,,
Kansas,KS,Kiowa,,,,,,,,67070,37.13856,-98.5037,America/Chicago,CST,-6,,,,,,,,,,,
Kansas,KS,Kirwin,,,,,,,,67644,39.67307,-99.1223,America/Chicago,CST,-6,,,,,,,,,,,
Kansas,KS,Kismet,,,,,,,,67859,37.20422,-100.701,America/Chicago,CST,-6,,,,,,,,,,,
Kansas,KS,La Crosse,,,,,,,,67548,38.53187,-99.3005,America/Chicago,CST,-6,,,,,,,,,,,
Kansas,KS,La Cygne,,,,,,,,66040,38.36287,-94.7318,America/Chicago,CST,-6,,,,,,,,,,,
Kansas,KS,La Harpe,,,,,,,,66751,37.91453,-95.2558,America/Chicago,CST,-6,,,,,,,,,,,
Kansas,KS,Labette,,,,,,,,,0,0,,,,,,,,,,,,,,
Kansas,KS,Lake City,,,,,,,,67071,37.35336,-98.8209,America/Chicago,CST,-6,,,,,,,,,,,
Kansas,KS,Lake Coldwater,,,,,,,,,37.25486,-99.3226,America/Chicago,CST,-6,,,,,,,,,,,
Kansas,KS,Lake Quivira,,,,,,,,,39.06945,-94.7026,America/Chicago,CST,-6,,,,,,,,,,,
Kansas,KS,Lakin,,,,,,,,67860,37.93891,-101.265,America/Chicago,CST,-6,,,,,,,,,,,
Kansas,KS,Lancaster,,,,,,,,66041,39.57278,-95.3028,America/Chicago,CST,-6,,,,,,,,,,,
Kansas,KS,Lane,,,,,,,,66042,38.43974,-95.0822,America/Chicago,CST,-6,,,,,,,,,,,
Kansas,KS,Langdon,,,,,,,,,37.37476,-96.1336,America/Chicago,CST,-6,,,,,,,,,,,
Kansas,KS,Lansing,,,,,,,,66043,39.2332,-94.883,America/Chicago,CST,-6,,,,,,,,,,,
Kansas,KS,Larned,,,,,,,,67550,38.19464,-99.101,America/Chicago,CST,-6,,,,,,,,,,,
Kansas,KS,Latham,,,,,,,,67072,37.53613,-96.642,America/Chicago,CST,-6,,,,,,,,,,,
Kansas,KS,Latimer,,,,,,,,,38.7389,-96.8456,America/Chicago,CST,-6,,,,,,,,,,,
Kansas,KS,Lawrence,,,,,,,,66045###66049###66046###66047###66044,39.02329,-95.2089,America/Chicago,CST,-6,,,,,,,,,,,
Kansas,KS,Lawton,,,,,,,,,0,0,,,,,,,,,,,,,,
Kansas,KS,Le Roy,,,,,,,,66857,38.11486,-95.6856,America/Chicago,CST,-6,,,,,,,,,,,
Kansas,KS,Leavenworth,,,,,,,,66048,39.27966,-94.9822,America/Chicago,CST,-6,,,,,,,,,,,
Kansas,KS,Leawood,,,,,,,,,0,0,,,,,,,,,,,,,,
Kansas,KS,Lebanon,,,,,,,,66952,39.8077,-98.556,America/Chicago,CST,-6,,,,,,,,,,,
Kansas,KS,Lebo,,,,,,,,66856,38.41668,-95.853,America/Chicago,CST,-6,,,,,,,,,,,
Kansas,KS,Lecompton,,,,,,,,66050,39.04444,-95.3947,America/Chicago,CST,-6,,,,,,,,,,,
Kansas,KS,Lehigh,,,,,,,,67073,38.37288,-97.3029,America/Chicago,CST,-6,,,,,,,,,,,
Kansas,KS,Lenexa,,,,,,,,,38.95362,-94.7336,America/Chicago,CST,-6,,,,,,,,,,,
Kansas,KS,Lenora,,,,,,,,67645,39.6105,-100.003,America/Chicago,CST,-6,,,,,,,,,,,
Kansas,KS,Leon,,,,,,,,67074,37.66475,-96.7488,America/Chicago,CST,-6,,,,,,,,,,,
Kansas,KS,Leona,,,,,,,,,37.66475,-96.7488,America/Chicago,CST,-6,,,,,,,,,,,
Kansas,KS,Leonardville,,,,,,,,66449,39.40168,-96.8483,America/Chicago,CST,-6,,,,,,,,,,,
Kansas,KS,Leoti,,,,,,,,67861,38.47783,-101.293,America/Chicago,CST,-6,,,,,,,,,,,
Kansas,KS,Leoville,,,,,,,,,39.58167,-100.461,America/Chicago,CST,-6,,,,,,,,,,,
Kansas,KS,Levant,,,,,,,,67743,39.3728,-101.247,America/Chicago,CST,-6,,,,,,,,,,,
Kansas,KS,Lewis,,,,,,,,67552,37.93621,-99.2545,America/Chicago,CST,-6,,,,,,,,,,,
Kansas,KS,Liberal,,,,,,,,67901###67905,37.04324,-100.874,America/Chicago,CST,-6,,,,,,,,,,,
Kansas,KS,Liberty,,,,,,,,67351,37.15563,-95.5947,America/Chicago,CST,-6,,,,,,,,,,,
Kansas,KS,Liebenthal,,,,,,,,67553,38.65572,-99.3203,America/Chicago,CST,-6,,,,,,,,,,,
Kansas,KS,Lillis,,,,,,,,,39.66128,-96.4388,America/Chicago,CST,-6,,,,,,,,,,,
Kansas,KS,Lincoln,,,,,,,,67455,39.10272,-98.2149,America/Chicago,CST,-6,,,,,,,,,,,
Kansas,KS,Lincolnville,,,,,,,,66858,38.49329,-96.9626,America/Chicago,CST,-6,,,,,,,,,,,
Kansas,KS,Lindsborg,,,,,,,,67456,38.49741,-97.6289,America/Chicago,CST,-6,,,,,,,,,,,
Kansas,KS,Linn,,,,,,,,66953,39.68,-97.0842,America/Chicago,CST,-6,,,,,,,,,,,
Kansas,KS,Linwood,,,,,,,,66052,39.00755,-95.056,America/Chicago,CST,-6,,,,,,,,,,,
Kansas,KS,Little River,,,,,,,,67457,38.39807,-98.012,America/Chicago,CST,-6,,,,,,,,,,,
Kansas,KS,Logan,,,,,,,,67646,39.66433,-99.5689,America/Chicago,CST,-6,,,,,,,,,,,
Kansas,KS,Lone Elm,,,,,,,,,38.08003,-95.2433,America/Chicago,CST,-6,,,,,,,,,,,
Kansas,KS,Lone Oak,,,,,,,,,0,0,,,,,,,,,,,,,,
Kansas,KS,Lone Star,,,,,,,,,39.02329,-95.2089,America/Chicago,CST,-6,,,,,,,,,,,
Kansas,KS,Long Island,,,,,,,,67647,39.94945,-99.5359,America/Chicago,CST,-6,,,,,,,,,,,
Kansas,KS,Longford,,,,,,,,67458,39.18343,-97.2499,America/Chicago,CST,-6,,,,,,,,,,,
Kansas,KS,Longton,,,,,,,,67352,37.37476,-96.1336,America/Chicago,CST,-6,,,,,,,,,,,
Kansas,KS,Loretta,,,,,,,,,38.65362,-99.1807,America/Chicago,CST,-6,,,,,,,,,,,
Kansas,KS,Lorraine,,,,,,,,67459,38.60167,-98.2733,America/Chicago,CST,-6,,,,,,,,,,,
Kansas,KS,Lost Springs,,,,,,,,66859,38.56639,-96.9678,America/Chicago,CST,-6,,,,,,,,,,,
Kansas,KS,Louisburg,,,,,,,,66053,38.5872,-94.6899,America/Chicago,CST,-6,,,,,,,,,,,
Kansas,KS,Louisville,,,,,,,,,39.2618,-96.3332,America/Chicago,CST,-6,,,,,,,,,,,
Kansas,KS,Lovewell State Park,,,,,,,,,39.11251,-100.359,America/Chicago,CST,-6,,,,,,,,,,,
Kansas,KS,Lowell,,,,,,,,,37.04868,-94.7016,America/Chicago,CST,-6,,,,,,,,,,,
Kansas,KS,Lowemont,,,,,,,,,39.38055,-95.0558,America/Chicago,CST,-6,,,,,,,,,,,
Kansas,KS,Lucas,,,,,,,,67648,39.05612,-98.5365,America/Chicago,CST,-6,,,,,,,,,,,
Kansas,KS,Ludell,,,,,,,,67744,39.85556,-100.96,America/Chicago,CST,-6,,,,,,,,,,,
Kansas,KS,Luray,,,,,,,,67649,39.08201,-98.6511,America/Chicago,CST,-6,,,,,,,,,,,
Kansas,KS,Lydia,,,,,,,,,38.27835,-101.292,America/Chicago,CST,-6,,,,,,,,,,,
Kansas,KS,Lyndon,,,,,,,,66451,38.62285,-95.6561,America/Chicago,CST,-6,,,,,,,,,,,
Kansas,KS,Lyons,,,,,,,,67554,38.37698,-98.1932,America/Chicago,CST,-6,,,,,,,,,,,
Kansas,KS,Macksville,,,,,,,,67557,37.95853,-98.969,America/Chicago,CST,-6,,,,,,,,,,,
Kansas,KS,Madison,,,,,,,,66860,38.06194,-96.1448,America/Chicago,CST,-6,,,,,,,,,,,
Kansas,KS,Mahaska,,,,,,,,66955,39.9875,-97.3542,America/Chicago,CST,-6,,,,,,,,,,,
Kansas,KS,Maize,,,,,,,,67101,37.78956,-97.4867,America/Chicago,CST,-6,,,,,,,,,,,
Kansas,KS,Manchester,,,,,,,,,39.09472,-97.3247,America/Chicago,CST,-6,,,,,,,,,,,
Kansas,KS,Manhattan,,,,,,,,66503###66502###66506###66505,39.20938,-96.5646,America/Chicago,CST,-6,,,,,,,,,,,
Kansas,KS,Mankato,,,,,,,,66956,39.78753,-98.206,America/Chicago,CST,-6,,,,,,,,,,,
Kansas,KS,Manning,,,,,,,,,38.5553,-100.723,America/Chicago,CST,-6,,,,,,,,,,,
Kansas,KS,Manter,,,,,,,,67862,37.53628,-101.905,America/Chicago,CST,-6,,,,,,,,,,,
Kansas,KS,Maple City,,,,,,,,67102,37.2377,-96.8389,America/Chicago,CST,-6,,,,,,,,,,,
Kansas,KS,Maple Hill,,,,,,,,66507,39.08472,-96.0281,America/Chicago,CST,-6,,,,,,,,,,,
Kansas,KS,Mapleton,,,,,,,,66754,38.01503,-94.8836,America/Chicago,CST,-6,,,,,,,,,,,
Kansas,KS,Marienthal,,,,,,,,67863,38.48752,-101.213,America/Chicago,CST,-6,,,,,,,,,,,
Kansas,KS,Marion,,,,,,,,66861,38.28456,-96.9653,America/Chicago,CST,-6,,,,,,,,,,,
Kansas,KS,Marmaton,,,,,,,,,37.83199,-94.8247,America/Chicago,CST,-6,,,,,,,,,,,
Kansas,KS,Marquette,,,,,,,,67464,38.55556,-97.8337,America/Chicago,CST,-6,,,,,,,,,,,
Kansas,KS,Marysville,,,,,,,,66508,39.86354,-96.6172,America/Chicago,CST,-6,,,,,,,,,,,
Kansas,KS,Matfield Green,,,,,,,,66862,38.15918,-96.5606,America/Chicago,CST,-6,,,,,,,,,,,
Kansas,KS,Mayetta,,,,,,,,66509,39.31243,-95.7609,America/Chicago,CST,-6,,,,,,,,,,,
Kansas,KS,Mayfield,,,,,,,,67103,37.26879,-97.557,America/Chicago,CST,-6,,,,,,,,,,,
Kansas,KS,Mcconnell Air Force Base,,,,,,,,,0,0,,,,,,,,,,,,,,
Kansas,KS,Mccracken,,,,,,,,,38.58635,-99.5718,America/Chicago,CST,-6,,,,,,,,,,,
Kansas,KS,Mccune,,,,,,,,,37.35478,-95.0166,America/Chicago,CST,-6,,,,,,,,,,,
Kansas,KS,Mcdonald,,,,,,,,,39.78562,-101.37,America/Chicago,CST,-6,,,,,,,,,,,
Kansas,KS,Mcfarland,,,,,,,,,39.05349,-96.2379,America/Chicago,CST,-6,,,,,,,,,,,
Kansas,KS,Mclouth,,,,,,,,,39.1981,-95.2318,America/Chicago,CST,-6,,,,,,,,,,,
Kansas,KS,McPherson,,,,,,,,67460,38.3763,-97.6702,America/Chicago,CST,-6,,,,,,,,,,,
Kansas,KS,Meade,,,,,,,,67864,37.23836,-100.317,America/Chicago,CST,-6,,,,,,,,,,,
Kansas,KS,Meade State Park,,,,,,,,,39.11251,-100.359,America/Chicago,CST,-6,,,,,,,,,,,
Kansas,KS,Medicine Lodge,,,,,,,,67104,37.29174,-98.621,America/Chicago,CST,-6,,,,,,,,,,,
Kansas,KS,Melrose,,,,,,,,,37.0309,-94.9583,America/Chicago,CST,-6,,,,,,,,,,,
Kansas,KS,Melvern,,,,,,,,66510,38.49973,-95.6112,America/Chicago,CST,-6,,,,,,,,,,,
Kansas,KS,Menlo,,,,,,,,,39.35695,-100.723,America/Chicago,CST,-6,,,,,,,,,,,
Kansas,KS,Meriden,,,,,,,,66512,39.20279,-95.5306,America/Chicago,CST,-6,,,,,,,,,,,
Kansas,KS,Merriam,,,,,,,,,0,0,,,,,,,,,,,,,,
Kansas,KS,Milan,,,,,,,,67105,37.2275,-97.6741,America/Chicago,CST,-6,,,,,,,,,,,
Kansas,KS,Milberger,,,,,,,,,38.71196,-98.9123,America/Chicago,CST,-6,,,,,,,,,,,
Kansas,KS,Mildred,,,,,,,,,38.10441,-95.1649,America/Chicago,CST,-6,,,,,,,,,,,
Kansas,KS,Milford,,,,,,,,66514,39.12786,-96.874,America/Chicago,CST,-6,,,,,,,,,,,
Kansas,KS,Miltonvale,,,,,,,,67466,39.34996,-97.4548,America/Chicago,CST,-6,,,,,,,,,,,
Kansas,KS,Mingo,,,,,,,,,39.27834,-100.962,America/Chicago,CST,-6,,,,,,,,,,,
Kansas,KS,Minneapolis,,,,,,,,67467,39.1411,-97.6507,America/Chicago,CST,-6,,,,,,,,,,,
Kansas,KS,Minneola,,,,,,,,67865,37.44255,-100.009,America/Chicago,CST,-6,,,,,,,,,,,
Kansas,KS,Mission,,,,,,,,,39.02778,-94.6558,America/Chicago,CST,-6,,,,,,,,,,,
Kansas,KS,Mission Hills,,,,,,,,,39.02778,-94.6558,America/Chicago,CST,-6,,,,,,,,,,,
Kansas,KS,Mission Woods,,,,,,,,,39.03501,-94.6086,America/Chicago,CST,-6,,,,,,,,,,,
Kansas,KS,Missler,,,,,,,,,37.3178,-100.435,America/Chicago,CST,-6,,,,,,,,,,,
Kansas,KS,Modoc,,,,,,,,,38.48696,-101.082,America/Chicago,CST,-6,,,,,,,,,,,
Kansas,KS,Moline,,,,,,,,67353,37.35744,-96.3738,America/Chicago,CST,-6,,,,,,,,,,,
Kansas,KS,Montezuma,,,,,,,,67867,37.59864,-100.416,America/Chicago,CST,-6,,,,,,,,,,,
Kansas,KS,Montrose,,,,,,,,,39.78446,-98.0878,America/Chicago,CST,-6,,,,,,,,,,,
Kansas,KS,Monument,,,,,,,,67747,39.04641,-101.064,America/Chicago,CST,-6,,,,,,,,,,,
Kansas,KS,Moonlight,,,,,,,,,0,0,,,,,,,,,,,,,,
Kansas,KS,Moran,,,,,,,,66755,37.91439,-95.1977,America/Chicago,CST,-6,,,,,,,,,,,
Kansas,KS,Morganville,,,,,,,,67468,39.46639,-97.202,America/Chicago,CST,-6,,,,,,,,,,,
Kansas,KS,Morland,,,,,,,,67650,39.35243,-100.075,America/Chicago,CST,-6,,,,,,,,,,,
Kansas,KS,Morrill,,,,,,,,66515,39.9231,-95.6948,America/Chicago,CST,-6,,,,,,,,,,,
Kansas,KS,Morrowville,,,,,,,,66958,39.88581,-97.1721,America/Chicago,CST,-6,,,,,,,,,,,
Kansas,KS,Moscow,,,,,,,,67952,37.32531,-101.206,America/Chicago,CST,-6,,,,,,,,,,,
Kansas,KS,Mound City,,,,,,,,66056,38.14281,-94.8136,America/Chicago,CST,-6,,,,,,,,,,,
Kansas,KS,Mound Valley,,,,,,,,67354,37.21511,-95.4221,America/Chicago,CST,-6,,,,,,,,,,,
Kansas,KS,Moundridge,,,,,,,,67107,38.21715,-97.5233,America/Chicago,CST,-6,,,,,,,,,,,
Kansas,KS,Mount Hope,,,,,,,,67108,37.82385,-97.6378,America/Chicago,CST,-6,,,,,,,,,,,
Kansas,KS,Mt Vernon,,,,,,,,,37.98059,-95.6569,America/Chicago,CST,-6,,,,,,,,,,,
Kansas,KS,Mulberry,,,,,,,,66756,37.54259,-94.6611,America/Chicago,CST,-6,,,,,,,,,,,
Kansas,KS,Mullinville,,,,,,,,67109,37.58613,-99.4757,America/Chicago,CST,-6,,,,,,,,,,,
Kansas,KS,Mulvane,,,,,,,,67110,37.47446,-97.2439,America/Chicago,CST,-6,,,,,,,,,,,
Kansas,KS,Munden,,,,,,,,66959,39.91389,-97.5381,America/Chicago,CST,-6,,,,,,,,,,,
Kansas,KS,Munjor,,,,,,,,,38.81112,-99.2648,America/Chicago,CST,-6,,,,,,,,,,,
Kansas,KS,Muscotah,,,,,,,,66058,39.52952,-95.484,America/Chicago,CST,-6,,,,,,,,,,,
Kansas,KS,Narka,,,,,,,,66960,39.96073,-97.4286,America/Chicago,CST,-6,,,,,,,,,,,
Kansas,KS,Nashville,,,,,,,,67112,37.47101,-98.3916,America/Chicago,CST,-6,,,,,,,,,,,
Kansas,KS,Natoma,,,,,,,,67651,39.22788,-98.9454,America/Chicago,CST,-6,,,,,,,,,,,
Kansas,KS,Nekoma,,,,,,,,67559,38.47362,-99.4421,America/Chicago,CST,-6,,,,,,,,,,,
Kansas,KS,Neodesha,,,,,,,,66757,37.41839,-95.6803,America/Chicago,CST,-6,,,,,,,,,,,
Kansas,KS,Neola,,,,,,,,,37.86946,-98.509,America/Chicago,CST,-6,,,,,,,,,,,
Kansas,KS,Neosho Falls,,,,,,,,66758,37.99821,-95.6221,America/Chicago,CST,-6,,,,,,,,,,,
Kansas,KS,Neosho Rapids,,,,,,,,66864,38.36946,-95.9919,America/Chicago,CST,-6,,,,,,,,,,,
Kansas,KS,Ness City,,,,,,,,67560,38.45532,-99.9057,America/Chicago,CST,-6,,,,,,,,,,,
Kansas,KS,Netawaka,,,,,,,,66516,39.60152,-95.7163,America/Chicago,CST,-6,,,,,,,,,,,
Kansas,KS,Neutral,,,,,,,,,37.09784,-94.795,America/Chicago,CST,-6,,,,,,,,,,,
Kansas,KS,New Albany,,,,,,,,66759,37.56898,-95.9379,America/Chicago,CST,-6,,,,,,,,,,,
Kansas,KS,New Almelo,,,,,,,,,39.59417,-100.118,America/Chicago,CST,-6,,,,,,,,,,,
Kansas,KS,New Cambria,,,,,,,,67470,38.90538,-97.5157,America/Chicago,CST,-6,,,,,,,,,,,
Kansas,KS,New Lancaster,,,,,,,,,38.35453,-94.7479,America/Chicago,CST,-6,,,,,,,,,,,
Kansas,KS,New Strawn,,,,,,,,,38.26252,-95.7419,America/Chicago,CST,-6,,,,,,,,,,,
Kansas,KS,Newton,,,,,,,,67114,38.04486,-97.3173,America/Chicago,CST,-6,,,,,,,,,,,
Kansas,KS,Nickerson,,,,,,,,67561,38.10087,-98.1058,America/Chicago,CST,-6,,,,,,,,,,,
Kansas,KS,Nicodemus,,,,,,,,,39.39445,-99.6171,America/Chicago,CST,-6,,,,,,,,,,,
Kansas,KS,Niles,,,,,,,,,0,0,,,,,,,,,,,,,,
Kansas,KS,Niotaze,,,,,,,,67355,37.03704,-96.0121,America/Chicago,CST,-6,,,,,,,,,,,
Kansas,KS,Norcatur,,,,,,,,67653,39.83707,-100.188,America/Chicago,CST,-6,,,,,,,,,,,
Kansas,KS,North Newton,,,,,,,,67117,38.07223,-97.3456,America/Chicago,CST,-6,,,,,,,,,,,
Kansas,KS,Norton,,,,,,,,67654,39.82796,-99.8917,America/Chicago,CST,-6,,,,,,,,,,,
Kansas,KS,Nortonville,,,,,,,,66060,39.38385,-95.3197,America/Chicago,CST,-6,,,,,,,,,,,
Kansas,KS,Norway,,,,,,,,66961,39.82789,-97.6509,America/Chicago,CST,-6,,,,,,,,,,,
Kansas,KS,Norwich,,,,,,,,67118,37.45724,-97.8489,America/Chicago,CST,-6,,,,,,,,,,,
Kansas,KS,Oak Hill,,,,,,,,,39.24833,-97.3414,America/Chicago,CST,-6,,,,,,,,,,,
Kansas,KS,Oaklawn,,,,,,,,,37.61029,-97.297,America/Chicago,CST,-6,,,,,,,,,,,
Kansas,KS,Oakley,,,,,,,,67748,38.94581,-100.97,America/Chicago,CST,-6,,,,,,,,,,,
Kansas,KS,Oberlin,,,,,,,,67749,39.82083,-100.53,America/Chicago,CST,-6,,,,,,,,,,,
Kansas,KS,Offerle,,,,,,,,67563,37.89017,-99.5627,America/Chicago,CST,-6,,,,,,,,,,,
Kansas,KS,Ogallah,,,,,,,,67656,38.9914,-99.7323,America/Chicago,CST,-6,,,,,,,,,,,
Kansas,KS,Ogden,,,,,,,,66517,39.11531,-96.7101,America/Chicago,CST,-6,,,,,,,,,,,
Kansas,KS,Oketo,,,,,,,,66518,39.96484,-96.5511,America/Chicago,CST,-6,,,,,,,,,,,
Kansas,KS,Olathe,,,,,,,,66061###66062###66063###66051,38.8999,-94.832,America/Chicago,CST,-6,,,,,,,,,,,
Kansas,KS,Olivet,,,,,,,,,38.48057,-95.7517,America/Chicago,CST,-6,,,,,,,,,,,
Kansas,KS,Olmitz,,,,,,,,67564,38.54359,-98.8955,America/Chicago,CST,-6,,,,,,,,,,,
Kansas,KS,Olpe,,,,,,,,66865,38.26252,-96.1669,America/Chicago,CST,-6,,,,,,,,,,,
Kansas,KS,Olsburg,,,,,,,,66520,39.43055,-96.6156,America/Chicago,CST,-6,,,,,,,,,,,
Kansas,KS,Onaga,,,,,,,,66521,39.48888,-96.17,America/Chicago,CST,-6,,,,,,,,,,,
Kansas,KS,Oneida,,,,,,,,66522,39.86389,-95.9392,America/Chicago,CST,-6,,,,,,,,,,,
Kansas,KS,Opolis,,,,,,,,66760,37.34199,-94.6199,America/Chicago,CST,-6,,,,,,,,,,,
Kansas,KS,Osage City,,,,,,,,66523,38.62956,-95.7371,America/Chicago,CST,-6,,,,,,,,,,,
Kansas,KS,Osawatomie,,,,,,,,66064,38.49724,-94.9505,America/Chicago,CST,-6,,,,,,,,,,,
Kansas,KS,Osborne,,,,,,,,67473,39.38574,-98.7954,America/Chicago,CST,-6,,,,,,,,,,,
Kansas,KS,Oskaloosa,,,,,,,,66066,39.25575,-95.3566,America/Chicago,CST,-6,,,,,,,,,,,
Kansas,KS,Oswego,,,,,,,,67356,37.16757,-95.11,America/Chicago,CST,-6,,,,,,,,,,,
Kansas,KS,Otis,,,,,,,,67565,38.53527,-99.0534,America/Chicago,CST,-6,,,,,,,,,,,
Kansas,KS,Ottawa,,,,,,,,66067,38.56434,-95.2827,America/Chicago,CST,-6,,,,,,,,,,,
Kansas,KS,Overbrook,,,,,,,,66524,38.72455,-95.5749,America/Chicago,CST,-6,,,,,,,,,,,
Kansas,KS,Overland Park,,,,,,,,,39.02315,-94.6695,America/Chicago,CST,-6,,,,,,,,,,,
Kansas,KS,Oxford,,,,,,,,67119,37.2316,-97.2122,America/Chicago,CST,-6,,,,,,,,,,,
Kansas,KS,Ozawkie,,,,,,,,66070,39.17715,-95.4565,America/Chicago,CST,-6,,,,,,,,,,,
Kansas,KS,Palco,,,,,,,,67657,39.25223,-99.5629,America/Chicago,CST,-6,,,,,,,,,,,
Kansas,KS,Palmer,,,,,,,,66962,39.61023,-97.1299,America/Chicago,CST,-6,,,,,,,,,,,
Kansas,KS,Paola,,,,,,,,66071,38.57793,-94.8803,America/Chicago,CST,-6,,,,,,,,,,,
Kansas,KS,Paradise,,,,,,,,67658,39.07953,-98.9367,America/Chicago,CST,-6,,,,,,,,,,,
Kansas,KS,Park,,,,,,,,67751,39.11251,-100.359,America/Chicago,CST,-6,,,,,,,,,,,
Kansas,KS,Park City,,,,,,,,,39.11251,-100.359,America/Chicago,CST,-6,,,,,,,,,,,
Kansas,KS,Parker,,,,,,,,66072,38.32835,-94.9919,America/Chicago,CST,-6,,,,,,,,,,,
Kansas,KS,Parkerville,,,,,,,,,38.64747,-96.4704,America/Chicago,CST,-6,,,,,,,,,,,
Kansas,KS,Parsons,,,,,,,,67357,37.34034,-95.2611,America/Chicago,CST,-6,,,,,,,,,,,
Kansas,KS,Parsons Tri City Airport,,,,,,,,,0,0,,,,,,,,,,,,,,
Kansas,KS,Partridge,,,,,,,,67566,37.96723,-98.0926,America/Chicago,CST,-6,,,,,,,,,,,
Kansas,KS,Pauline,,,,,,,,,0,0,,,,,,,,,,,,,,
Kansas,KS,Pawnee Rock,,,,,,,,67567,38.26529,-98.9809,America/Chicago,CST,-6,,,,,,,,,,,
Kansas,KS,Pawnee Station,,,,,,,,,37.70004,-94.7914,America/Chicago,CST,-6,,,,,,,,,,,
Kansas,KS,Paxico,,,,,,,,66526,39.06928,-96.1678,America/Chicago,CST,-6,,,,,,,,,,,
Kansas,KS,Peabody,,,,,,,,66866,38.1348,-97.0038,America/Chicago,CST,-6,,,,,,,,,,,
Kansas,KS,Penalosa,,,,,,,,,37.71668,-98.3198,America/Chicago,CST,-6,,,,,,,,,,,
Kansas,KS,Pendennis,,,,,,,,,0,0,,,,,,,,,,,,,,
Kansas,KS,Penokee,,,,,,,,67659,39.34824,-99.9719,America/Chicago,CST,-6,,,,,,,,,,,
Kansas,KS,Perry,,,,,,,,66073,39.07583,-95.3933,America/Chicago,CST,-6,,,,,,,,,,,
Kansas,KS,Peru,,,,,,,,67360,37.0484,-96.0777,America/Chicago,CST,-6,,,,,,,,,,,
Kansas,KS,Petersburg,,,,,,,,,0,0,,,,,,,,,,,,,,
Kansas,KS,Petrolia,,,,,,,,,37.74588,-95.4716,America/Chicago,CST,-6,,,,,,,,,,,
Kansas,KS,Pheifer,,,,,,,,,0,0,,,,,,,,,,,,,,
Kansas,KS,Phillipsburg,,,,,,,,67661,39.77911,-99.3463,America/Chicago,CST,-6,,,,,,,,,,,
Kansas,KS,Piedmont,,,,,,,,67122,37.62364,-96.3656,America/Chicago,CST,-6,,,,,,,,,,,
Kansas,KS,Pierceville,,,,,,,,67868,37.90599,-100.752,America/Chicago,CST,-6,,,,,,,,,,,
Kansas,KS,Piper,,,,,,,,,39.14306,-94.8614,America/Chicago,CST,-6,,,,,,,,,,,
Kansas,KS,Pittsburg,,,,,,,,66762,37.41088,-94.705,America/Chicago,CST,-6,,,,,,,,,,,
Kansas,KS,Plains City,,,,,,,,,37.2603,-100.593,America/Chicago,CST,-6,,,,,,,,,,,
Kansas,KS,Plainville,,,,,,,,67663,39.24884,-99.3164,America/Chicago,CST,-6,,,,,,,,,,,
Kansas,KS,Pleasant Grove,,,,,,,,,39.02329,-95.2089,America/Chicago,CST,-6,,,,,,,,,,,
Kansas,KS,Pleasanton,,,,,,,,66075,38.17635,-94.7133,America/Chicago,CST,-6,,,,,,,,,,,
Kansas,KS,Plevna,,,,,,,,67568,37.97224,-98.3087,America/Chicago,CST,-6,,,,,,,,,,,
Kansas,KS,Plymell,,,,,,,,,37.80975,-100.87,America/Chicago,CST,-6,,,,,,,,,,,
Kansas,KS,Polk,,,,,,,,,37.504,-94.8937,America/Chicago,CST,-6,,,,,,,,,,,
Kansas,KS,Pomona,,,,,,,,66076,38.59584,-95.4536,America/Chicago,CST,-6,,,,,,,,,,,
Kansas,KS,Porterville,,,,,,,,,0,0,,,,,,,,,,,,,,
Kansas,KS,Portis,,,,,,,,67474,39.53193,-98.7386,America/Chicago,CST,-6,,,,,,,,,,,
Kansas,KS,Potter,,,,,,,,,39.42362,-95.1408,America/Chicago,CST,-6,,,,,,,,,,,
Kansas,KS,Potwin,,,,,,,,67123,37.9376,-97.0384,America/Chicago,CST,-6,,,,,,,,,,,
Kansas,KS,Powhattan,,,,,,,,66527,39.76145,-95.6351,America/Chicago,CST,-6,,,,,,,,,,,
Kansas,KS,Prairie View,,,,,,,,67664,39.83251,-99.5726,America/Chicago,CST,-6,,,,,,,,,,,
Kansas,KS,Prairie Village,,,,,,,,,39.02315,-94.6695,America/Chicago,CST,-6,,,,,,,,,,,
Kansas,KS,Pratt,,,,,,,,67124,37.63857,-98.7585,America/Chicago,CST,-6,,,,,,,,,,,
Kansas,KS,Prescott,,,,,,,,66767,38.06364,-94.6955,America/Chicago,CST,-6,,,,,,,,,,,
Kansas,KS,Preston,,,,,,,,,37.75891,-98.5531,America/Chicago,CST,-6,,,,,,,,,,,
Kansas,KS,Pretty Prairie,,,,,,,,67570,37.81385,-97.9976,America/Chicago,CST,-6,,,,,,,,,,,
Kansas,KS,Princeton,,,,,,,,66078,38.47043,-95.2584,America/Chicago,CST,-6,,,,,,,,,,,
Kansas,KS,Protection,,,,,,,,67127,37.20014,-99.4829,America/Chicago,CST,-6,,,,,,,,,,,
Kansas,KS,Quenemo,,,,,,,,66528,38.63494,-95.5552,America/Chicago,CST,-6,,,,,,,,,,,
Kansas,KS,Quinter,,,,,,,,67752,39.06361,-100.238,America/Chicago,CST,-6,,,,,,,,,,,
Kansas,KS,Radium,,,,,,,,,38.17418,-98.8934,America/Chicago,CST,-6,,,,,,,,,,,
Kansas,KS,Rago,,,,,,,,,37.43665,-97.9951,America/Chicago,CST,-6,,,,,,,,,,,
Kansas,KS,Randall,,,,,,,,66963,39.64301,-98.045,America/Chicago,CST,-6,,,,,,,,,,,
Kansas,KS,Randolph,,,,,,,,66554,39.46542,-96.8064,America/Chicago,CST,-6,,,,,,,,,,,
Kansas,KS,Ransom,,,,,,,,67572,38.63596,-99.9327,America/Chicago,CST,-6,,,,,,,,,,,
Kansas,KS,Rantoul,,,,,,,,66079,38.55019,-95.1387,America/Chicago,CST,-6,,,,,,,,,,,
Kansas,KS,Raymond,,,,,,,,67573,38.26748,-98.3928,America/Chicago,CST,-6,,,,,,,,,,,
Kansas,KS,Reading,,,,,,,,66868,38.53323,-96.0144,America/Chicago,CST,-6,,,,,,,,,,,
Kansas,KS,Reager,,,,,,,,,39.82695,-100.096,America/Chicago,CST,-6,,,,,,,,,,,
Kansas,KS,Redfield,,,,,,,,66769,37.83667,-94.8805,America/Chicago,CST,-6,,,,,,,,,,,
Kansas,KS,Reno,,,,,,,,,39.05111,-95.12,America/Chicago,CST,-6,,,,,,,,,,,
Kansas,KS,Republic,,,,,,,,66964,39.92362,-97.8217,America/Chicago,CST,-6,,,,,,,,,,,
Kansas,KS,Reserve,,,,,,,,,39.97723,-95.5619,America/Chicago,CST,-6,,,,,,,,,,,
Kansas,KS,Rexford,,,,,,,,67753,39.47167,-100.743,America/Chicago,CST,-6,,,,,,,,,,,
Kansas,KS,Richfield,,,,,,,,67953,37.19124,-101.799,America/Chicago,CST,-6,,,,,,,,,,,
Kansas,KS,Richland,,,,,,,,,38.92419,-95.5596,America/Chicago,CST,-6,,,,,,,,,,,
Kansas,KS,Richmond,,,,,,,,66080,38.4028,-95.2539,America/Chicago,CST,-6,,,,,,,,,,,
Kansas,KS,Riga,,,,,,,,,37.43665,-97.9951,America/Chicago,CST,-6,,,,,,,,,,,
Kansas,KS,Riley,,,,,,,,66531,39.30046,-96.8222,America/Chicago,CST,-6,,,,,,,,,,,
Kansas,KS,Ringo,,,,,,,,,37.50949,-94.7614,America/Chicago,CST,-6,,,,,,,,,,,
Kansas,KS,Riverton,,,,,,,,66770,37.07506,-94.7047,America/Chicago,CST,-6,,,,,,,,,,,
Kansas,KS,Robinson,,,,,,,,66532,39.81822,-95.4567,America/Chicago,CST,-6,,,,,,,,,,,
Kansas,KS,Roeland Park,,,,,,,,,39.02315,-94.6695,America/Chicago,CST,-6,,,,,,,,,,,
Kansas,KS,Rolla,,,,,,,,67954,37.08114,-101.605,America/Chicago,CST,-6,,,,,,,,,,,
Kansas,KS,Rosalia,,,,,,,,67132,37.8153,-96.6197,America/Chicago,CST,-6,,,,,,,,,,,
Kansas,KS,Rose,,,,,,,,,37.7931,-95.6864,America/Chicago,CST,-6,,,,,,,,,,,
Kansas,KS,Rose Hill,,,,,,,,67133,37.56297,-97.09,America/Chicago,CST,-6,,,,,,,,,,,
Kansas,KS,Roseland,,,,,,,,,37.28117,-94.8505,America/Chicago,CST,-6,,,,,,,,,,,
Kansas,KS,Rossville,,,,,,,,66533,39.15839,-95.959,America/Chicago,CST,-6,,,,,,,,,,,
Kansas,KS,Roxbury,,,,,,,,67476,38.39172,-97.6484,America/Chicago,CST,-6,,,,,,,,,,,
Kansas,KS,Rozel,,,,,,,,67574,38.19625,-99.4033,America/Chicago,CST,-6,,,,,,,,,,,
Kansas,KS,Ruleton,,,,,,,,,39.33944,-101.889,America/Denver,MST,-7,,,,,,,,,,,
Kansas,KS,Runnymede,,,,,,,,,0,0,,,,,,,,,,,,,,
Kansas,KS,Rush Center,,,,,,,,67575,38.46753,-99.2464,America/Chicago,CST,-6,,,,,,,,,,,
Kansas,KS,Russell,,,,,,,,67665,38.90516,-98.7848,America/Chicago,CST,-6,,,,,,,,,,,
Kansas,KS,Russell Airport,,,,,,,,,38.90516,-98.7848,America/Chicago,CST,-6,,,,,,,,,,,
Kansas,KS,Russell Springs,,,,,,,,,38.91334,-101.182,America/Chicago,CST,-6,,,,,,,,,,,
Kansas,KS,Ryus,,,,,,,,,0,0,,,,,,,,,,,,,,
Kansas,KS,Sabetha,,,,,,,,66534,39.89994,-95.8024,America/Chicago,CST,-6,,,,,,,,,,,
Kansas,KS,Saffordville,,,,,,,,,38.40001,-96.3928,America/Chicago,CST,-6,,,,,,,,,,,
Kansas,KS,Saint Peter,,,,,,,,,39.37267,-100.103,America/Chicago,CST,-6,,,,,,,,,,,
Kansas,KS,Salina,,,,,,,,67402###67401,38.82367,-97.6421,America/Chicago,CST,-6,,,,,,,,,,,
Kansas,KS,Sanford,,,,,,,,,38.18057,-99.3143,America/Chicago,CST,-6,,,,,,,,,,,
Kansas,KS,Satanta,,,,,,,,67870,37.44102,-100.998,America/Chicago,CST,-6,,,,,,,,,,,
Kansas,KS,Savonburg,,,,,,,,66772,37.76898,-95.2445,America/Chicago,CST,-6,,,,,,,,,,,
Kansas,KS,Sawyer,,,,,,,,67134,37.50954,-98.6479,America/Chicago,CST,-6,,,,,,,,,,,
Kansas,KS,Scammon,,,,,,,,66773,37.28095,-94.8092,America/Chicago,CST,-6,,,,,,,,,,,
Kansas,KS,Scandia,,,,,,,,66966,39.79459,-97.7837,America/Chicago,CST,-6,,,,,,,,,,,
Kansas,KS,Schoenchen,,,,,,,,67667,38.71277,-99.3322,America/Chicago,CST,-6,,,,,,,,,,,
Kansas,KS,Scott City,,,,,,,,67871,38.48231,-100.906,America/Chicago,CST,-6,,,,,,,,,,,
Kansas,KS,Scott State Lake,,,,,,,,,0,0,,,,,,,,,,,,,,
Kansas,KS,Scottsville,,,,,,,,,39.54362,-97.9531,America/Chicago,CST,-6,,,,,,,,,,,
Kansas,KS,Scranton,,,,,,,,66537,38.74633,-95.6752,America/Chicago,CST,-6,,,,,,,,,,,
Kansas,KS,Sedan,,,,,,,,67361,37.13435,-96.2192,America/Chicago,CST,-6,,,,,,,,,,,
Kansas,KS,Sedgwick,,,,,,,,67135,37.91668,-97.4225,America/Chicago,CST,-6,,,,,,,,,,,
Kansas,KS,Seguin,,,,,,,,,39.33751,-100.595,America/Chicago,CST,-6,,,,,,,,,,,
Kansas,KS,Selden,,,,,,,,67757,39.54113,-100.568,America/Chicago,CST,-6,,,,,,,,,,,
Kansas,KS,Selkirk,,,,,,,,,38.47335,-101.543,America/Chicago,CST,-6,,,,,,,,,,,
Kansas,KS,Seneca,,,,,,,,66538,39.84733,-96.0316,America/Chicago,CST,-6,,,,,,,,,,,
Kansas,KS,Severance,,,,,,,,,39.76722,-95.25,America/Chicago,CST,-6,,,,,,,,,,,
Kansas,KS,Severy,,,,,,,,67137,37.61705,-96.2252,America/Chicago,CST,-6,,,,,,,,,,,
Kansas,KS,Seward,,,,,,,,,38.17779,-98.7948,America/Chicago,CST,-6,,,,,,,,,,,
Kansas,KS,Shaffer,,,,,,,,,0,0,,,,,,,,,,,,,,
Kansas,KS,Shallow Water,,,,,,,,,38.37363,-100.913,America/Chicago,CST,-6,,,,,,,,,,,
Kansas,KS,Sharon,,,,,,,,67138,37.22445,-98.4223,America/Chicago,CST,-6,,,,,,,,,,,
Kansas,KS,Sharon Springs,,,,,,,,67758,38.89428,-101.749,America/Denver,MST,-7,,,,,,,,,,,
Kansas,KS,Shawnee,,,,,,,,,37.63371,-97.7351,America/Chicago,CST,-6,,,,,,,,,,,
Kansas,KS,Sherman,,,,,,,,,37.25728,-95.0572,America/Chicago,CST,-6,,,,,,,,,,,
Kansas,KS,Sherwin,,,,,,,,,37.18006,-94.9477,America/Chicago,CST,-6,,,,,,,,,,,
Kansas,KS,Shields,,,,,,,,,38.61557,-100.445,America/Chicago,CST,-6,,,,,,,,,,,
Kansas,KS,Silica,,,,,,,,,38.35168,-98.462,America/Chicago,CST,-6,,,,,,,,,,,
Kansas,KS,Silver Lake,,,,,,,,66539,39.1513,-95.8638,America/Chicago,CST,-6,,,,,,,,,,,
Kansas,KS,Simpson,,,,,,,,67478,39.38511,-97.9328,America/Chicago,CST,-6,,,,,,,,,,,
Kansas,KS,Sitka,,,,,,,,,37.17503,-99.6515,America/Chicago,CST,-6,,,,,,,,,,,
Kansas,KS,Skidmore,,,,,,,,,37.24034,-94.8319,America/Chicago,CST,-6,,,,,,,,,,,
Kansas,KS,Smith Center,,,,,,,,66967,39.77918,-98.7851,America/Chicago,CST,-6,,,,,,,,,,,
Kansas,KS,Smolan,,,,,,,,,38.73862,-97.6845,America/Chicago,CST,-6,,,,,,,,,,,
Kansas,KS,Soldier,,,,,,,,66540,39.53611,-95.9642,America/Chicago,CST,-6,,,,,,,,,,,
Kansas,KS,Solomon,,,,,,,,67480,38.91089,-97.3395,America/Chicago,CST,-6,,,,,,,,,,,
Kansas,KS,South Haven,,,,,,,,67140,37.13661,-97.3292,America/Chicago,CST,-6,,,,,,,,,,,
Kansas,KS,South Hutchinson,,,,,,,,67505,38.02807,-97.9403,America/Chicago,CST,-6,,,,,,,,,,,
Kansas,KS,Spearville,,,,,,,,67876,37.72988,-99.7158,America/Chicago,CST,-6,,,,,,,,,,,
Kansas,KS,Speed,,,,,,,,,39.67723,-99.4209,America/Chicago,CST,-6,,,,,,,,,,,
Kansas,KS,Spivey,,,,,,,,67142,37.4912,-98.21,America/Chicago,CST,-6,,,,,,,,,,,
Kansas,KS,Spring Hill,,,,,,,,66083,38.74306,-94.8255,America/Chicago,CST,-6,,,,,,,,,,,
Kansas,KS,St. Francis,,,,,,,,,39.68037,-101.909,America/Chicago,CST,-6,,,,,,,,,,,
Kansas,KS,St. George,,,,,,,,,39.28971,-96.4354,America/Chicago,CST,-6,,,,,,,,,,,
Kansas,KS,St. John,,,,,,,,,38.0608,-98.7868,America/Chicago,CST,-6,,,,,,,,,,,
Kansas,KS,St. Marys,,,,,,,,,39.25672,-96.1282,America/Chicago,CST,-6,,,,,,,,,,,
Kansas,KS,St. Paul,,,,,,,,,37.54514,-95.1837,America/Chicago,CST,-6,,,,,,,,,,,
Kansas,KS,Stafford,,,,,,,,67578,37.96224,-98.6006,America/Chicago,CST,-6,,,,,,,,,,,
Kansas,KS,Stanley,,,,,,,,,38.85445,-94.6658,America/Chicago,CST,-6,,,,,,,,,,,
Kansas,KS,Stark,,,,,,,,66775,37.69005,-95.143,America/Chicago,CST,-6,,,,,,,,,,,
Kansas,KS,Sterling,,,,,,,,67579,38.22419,-98.183,America/Chicago,CST,-6,,,,,,,,,,,
Kansas,KS,Stillwell,,,,,,,,,38.81799,-94.6567,America/Chicago,CST,-6,,,,,,,,,,,
Kansas,KS,Stippville,,,,,,,,,37.22228,-94.8377,America/Chicago,CST,-6,,,,,,,,,,,
Kansas,KS,Stockton,,,,,,,,67669,39.41217,-99.3699,America/Chicago,CST,-6,,,,,,,,,,,
Kansas,KS,Strong City,,,,,,,,66869,38.39068,-96.5387,America/Chicago,CST,-6,,,,,,,,,,,
Kansas,KS,Studley,,,,,,,,,39.35306,-100.164,America/Chicago,CST,-6,,,,,,,,,,,
Kansas,KS,Sublette,,,,,,,,67877,37.48224,-100.849,America/Chicago,CST,-6,,,,,,,,,,,
Kansas,KS,Summerfield,,,,,,,,66541,39.99722,-96.3503,America/Chicago,CST,-6,,,,,,,,,,,
Kansas,KS,Sun City,,,,,,,,67143,37.34182,-98.9634,America/Chicago,CST,-6,,,,,,,,,,,
Kansas,KS,Susank,,,,,,,,,38.64085,-98.774,America/Chicago,CST,-6,,,,,,,,,,,
Kansas,KS,Sycamore,,,,,,,,67363,37.32812,-95.717,America/Chicago,CST,-6,,,,,,,,,,,
Kansas,KS,Sylvan Grove,,,,,,,,67481,38.9698,-98.4355,America/Chicago,CST,-6,,,,,,,,,,,
Kansas,KS,Sylvia,,,,,,,,67581,37.95779,-98.4081,America/Chicago,CST,-6,,,,,,,,,,,
Kansas,KS,Syracuse,,,,,,,,67878,37.98643,-101.752,America/Denver,MST,-7,,,,,,,,,,,
Kansas,KS,Talmage,,,,,,,,67482,39.025,-97.2606,America/Chicago,CST,-6,,,,,,,,,,,
Kansas,KS,Tampa,,,,,,,,67483,38.54879,-97.17,America/Chicago,CST,-6,,,,,,,,,,,
Kansas,KS,Tasco,,,,,,,,,39.35417,-100.291,America/Chicago,CST,-6,,,,,,,,,,,
Kansas,KS,Tecumseh,,,,,,,,66542,39.04806,-95.5792,America/Chicago,CST,-6,,,,,,,,,,,
Kansas,KS,Tescott,,,,,,,,67484,39.00806,-97.8756,America/Chicago,CST,-6,,,,,,,,,,,
Kansas,KS,Thayer,,,,,,,,66776,37.48032,-95.4526,America/Chicago,CST,-6,,,,,,,,,,,
Kansas,KS,The Haggard Elev,,,,,,,,,37.63447,-100.32,America/Chicago,CST,-6,,,,,,,,,,,
Kansas,KS,The Monument Rocks,,,,,,,,,39.04641,-101.064,America/Chicago,CST,-6,,,,,,,,,,,
Kansas,KS,The Saunders Eleva,,,,,,,,,37.47113,-102.039,America/Chicago,CST,-6,,,,,,,,,,,
Kansas,KS,Thrall,,,,,,,,,38.01002,-96.3211,America/Chicago,CST,-6,,,,,,,,,,,
Kansas,KS,Tice,,,,,,,,,0,0,,,,,,,,,,,,,,
Kansas,KS,Timken,,,,,,,,,38.47362,-99.1782,America/Chicago,CST,-6,,,,,,,,,,,
Kansas,KS,Tipton,,,,,,,,67485,39.33943,-98.4703,America/Chicago,CST,-6,,,,,,,,,,,
Kansas,KS,Tonganoxie,,,,,,,,66086,0,0,,,,,,,,,,,,,,
Kansas,KS,Topeka,,,,,,,,66675###66622###66619###66620###66621###66624###66625###66626###66629###66699###66636###66647###66683###66618###66617###66616###66667###66601###66603###66604###66605###66606###66607###66608###66609###66610###66611###66615###66612###66614,38.98808,-95.7807,America/Chicago,CST,-6,,,,,,,,,,,
Kansas,KS,Toronto,,,,,,,,66777,37.81442,-95.8889,America/Chicago,CST,-6,,,,,,,,,,,
Kansas,KS,Toulon,,,,,,,,,0,0,,,,,,,,,,,,,,
Kansas,KS,Towanda,,,,,,,,67144,37.79752,-96.9998,America/Chicago,CST,-6,,,,,,,,,,,
Kansas,KS,Traer,,,,,,,,,39.92834,-100.666,America/Chicago,CST,-6,,,,,,,,,,,
Kansas,KS,Treece,,,,,,,,66778,37.0009,-94.8433,America/Chicago,CST,-6,,,,,,,,,,,
Kansas,KS,Trego Center,,,,,,,,,0,0,,,,,,,,,,,,,,
Kansas,KS,Tribune,,,,,,,,67879,38.4697,-101.748,America/Denver,MST,-7,,,,,,,,,,,
Kansas,KS,Trousdale,,,,,,,,,37.81529,-99.0857,America/Chicago,CST,-6,,,,,,,,,,,
Kansas,KS,Troy,,,,,,,,66087,39.79057,-95.1434,America/Chicago,CST,-6,,,,,,,,,,,
Kansas,KS,Turon,,,,,,,,67583,37.82239,-98.3591,America/Chicago,CST,-6,,,,,,,,,,,
Kansas,KS,Tyro,,,,,,,,67364,37.03698,-95.8237,America/Chicago,CST,-6,,,,,,,,,,,
Kansas,KS,Udall,,,,,,,,67146,37.38782,-97.1179,America/Chicago,CST,-6,,,,,,,,,,,
Kansas,KS,Ulysses,,,,,,,,67880,37.56247,-101.309,America/Chicago,CST,-6,,,,,,,,,,,
Kansas,KS,Uniontown,,,,,,,,66779,37.84719,-94.9758,America/Chicago,CST,-6,,,,,,,,,,,
Kansas,KS,Utica,,,,,,,,67584,38.64189,-100.17,America/Chicago,CST,-6,,,,,,,,,,,
Kansas,KS,Valley Center,,,,,,,,67147,37.84508,-97.3355,America/Chicago,CST,-6,,,,,,,,,,,
Kansas,KS,Valley Falls,,,,,,,,66088,39.34333,-95.4603,America/Chicago,CST,-6,,,,,,,,,,,
Kansas,KS,Vermillion,,,,,,,,66544,39.71944,-96.2658,America/Chicago,CST,-6,,,,,,,,,,,
Kansas,KS,Victor,,,,,,,,,38.91575,-99.142,America/Chicago,CST,-6,,,,,,,,,,,
Kansas,KS,Victoria,,,,,,,,67671,38.91575,-99.142,America/Chicago,CST,-6,,,,,,,,,,,
Kansas,KS,Vining,,,,,,,,,39.56694,-97.2953,America/Chicago,CST,-6,,,,,,,,,,,
Kansas,KS,Vinland,,,,,,,,,38.83945,-95.1822,America/Chicago,CST,-6,,,,,,,,,,,
Kansas,KS,Viola,,,,,,,,67149,37.48307,-97.6439,America/Chicago,CST,-6,,,,,,,,,,,
Kansas,KS,Virgil,,,,,,,,66870,37.97828,-96.0126,America/Chicago,CST,-6,,,,,,,,,,,
Kansas,KS,Voda,,,,,,,,,39.04917,-100.02,America/Chicago,CST,-6,,,,,,,,,,,
Kansas,KS,Volland,,,,,,,,,0,0,,,,,,,,,,,,,,
Kansas,KS,Wagstaff,,,,,,,,,38.66501,-94.7963,America/Chicago,CST,-6,,,,,,,,,,,
Kansas,KS,Wakeeney,,,,,,,,,39.02079,-99.8881,America/Chicago,CST,-6,,,,,,,,,,,
Kansas,KS,Wakefield,,,,,,,,67487,39.19094,-97.0754,America/Chicago,CST,-6,,,,,,,,,,,
Kansas,KS,Waldo,,,,,,,,67673,39.06796,-98.7887,America/Chicago,CST,-6,,,,,,,,,,,
Kansas,KS,Waldron,,,,,,,,67150,37.00225,-98.1826,America/Chicago,CST,-6,,,,,,,,,,,
Kansas,KS,Walker,,,,,,,,67674,38.86723,-99.0759,America/Chicago,CST,-6,,,,,,,,,,,
Kansas,KS,Wallace,,,,,,,,67761,38.9114,-101.592,America/Denver,MST,-7,,,,,,,,,,,
Kansas,KS,Walnut,,,,,,,,66780,37.60144,-95.078,America/Chicago,CST,-6,,,,,,,,,,,
Kansas,KS,Walton,,,,,,,,67151,38.12319,-97.2445,America/Chicago,CST,-6,,,,,,,,,,,
Kansas,KS,Wamego,,,,,,,,66547,39.29842,-96.3414,America/Chicago,CST,-6,,,,,,,,,,,
Kansas,KS,Washington,,,,,,,,66968,39.78111,-97.0543,America/Chicago,CST,-6,,,,,,,,,,,
Kansas,KS,Waterville,,,,,,,,66548,39.69111,-96.7475,America/Chicago,CST,-6,,,,,,,,,,,
Kansas,KS,Wathena,,,,,,,,66090,39.75916,-94.9497,America/Chicago,CST,-6,,,,,,,,,,,
Kansas,KS,Waverly,,,,,,,,66871,38.34691,-95.6281,America/Chicago,CST,-6,,,,,,,,,,,
Kansas,KS,Webber,,,,,,,,66970,39.93537,-98.0354,America/Chicago,CST,-6,,,,,,,,,,,
Kansas,KS,Webster State Park,,,,,,,,,39.11251,-100.359,America/Chicago,CST,-6,,,,,,,,,,,
Kansas,KS,Weir,,,,,,,,66781,37.31005,-94.7719,America/Chicago,CST,-6,,,,,,,,,,,
Kansas,KS,Wellington,,,,,,,,67152,37.28088,-97.4222,America/Chicago,CST,-6,,,,,,,,,,,
Kansas,KS,Wells,,,,,,,,,39.13889,-97.5509,America/Chicago,CST,-6,,,,,,,,,,,
Kansas,KS,Wellsford,,,,,,,,,37.61669,-99.0287,America/Chicago,CST,-6,,,,,,,,,,,
Kansas,KS,Wellsville,,,,,,,,66092,38.64224,-95.15,America/Chicago,CST,-6,,,,,,,,,,,
Kansas,KS,Weskan,,,,,,,,67762,38.86667,-101.964,America/Denver,MST,-7,,,,,,,,,,,
Kansas,KS,West Mineral,,,,,,,,66782,37.28515,-94.9261,America/Chicago,CST,-6,,,,,,,,,,,
Kansas,KS,Westfall,,,,,,,,,39.02048,-98.1654,America/Chicago,CST,-6,,,,,,,,,,,
Kansas,KS,Westmoreland,,,,,,,,66549,39.4138,-96.4374,America/Chicago,CST,-6,,,,,,,,,,,
Kansas,KS,Westphalia,,,,,,,,66093,38.2106,-95.4577,America/Chicago,CST,-6,,,,,,,,,,,
Kansas,KS,Westwood,,,,,,,,,39.04056,-94.6169,America/Chicago,CST,-6,,,,,,,,,,,
Kansas,KS,Westwood Hills,,,,,,,,,39.03889,-94.61,America/Chicago,CST,-6,,,,,,,,,,,
Kansas,KS,Wetmore,,,,,,,,66550,39.63612,-95.8119,America/Chicago,CST,-6,,,,,,,,,,,
Kansas,KS,Wheaton,,,,,,,,,39.47174,-96.2576,America/Chicago,CST,-6,,,,,,,,,,,
Kansas,KS,Wheeler,,,,,,,,,39.76416,-101.713,America/Chicago,CST,-6,,,,,,,,,,,
Kansas,KS,White City,,,,,,,,66872,38.78312,-96.7796,America/Chicago,CST,-6,,,,,,,,,,,
Kansas,KS,White Cloud,,,,,,,,66094,39.97639,-95.2969,America/Chicago,CST,-6,,,,,,,,,,,
Kansas,KS,Whitewater,,,,,,,,67154,37.97798,-97.0884,America/Chicago,CST,-6,,,,,,,,,,,
Kansas,KS,Whiting,,,,,,,,66552,39.59411,-95.6392,America/Chicago,CST,-6,,,,,,,,,,,
Kansas,KS,Wichita,,,,,,,,67226###67218###67217###67216###67260###67215###67214###67213###67212###67219###67220###67223###67277###67276###67275###67235###67232###67230###67228###67227###67278###67211###67210###67202###67205###67206###67207###67201###67209###67204###67203###67208,37.65197,-97.259,America/Chicago,CST,-6,,,,,,,,,,,
Kansas,KS,Wilburton,,,,,,,,,37.07364,-101.773,America/Chicago,CST,-6,,,,,,,,,,,
Kansas,KS,Willard,,,,,,,,,39.03902,-95.7262,America/Chicago,CST,-6,,,,,,,,,,,
Kansas,KS,Williamsburg,,,,,,,,66095,38.47913,-95.4063,America/Chicago,CST,-6,,,,,,,,,,,
Kansas,KS,Williamstown,,,,,,,,,39.06278,-95.3328,America/Chicago,CST,-6,,,,,,,,,,,
Kansas,KS,Willis,,,,,,,,,39.725,-95.5058,America/Chicago,CST,-6,,,,,,,,,,,
Kansas,KS,Willowbrook,,,,,,,,,37.97749,-97.9265,America/Chicago,CST,-6,,,,,,,,,,,
Kansas,KS,Wilmore,,,,,,,,67155,37.33586,-99.2101,America/Chicago,CST,-6,,,,,,,,,,,
Kansas,KS,Wilsey,,,,,,,,66873,38.68209,-96.6639,America/Chicago,CST,-6,,,,,,,,,,,
Kansas,KS,Wilson,,,,,,,,67490,38.82501,-98.4753,America/Chicago,CST,-6,,,,,,,,,,,
Kansas,KS,Winchester,,,,,,,,66097,39.32222,-95.2669,America/Chicago,CST,-6,,,,,,,,,,,
Kansas,KS,Windhorst,,,,,,,,,37.7853,-99.6421,America/Chicago,CST,-6,,,,,,,,,,,
Kansas,KS,Windom,,,,,,,,67491,38.3839,-97.9101,America/Chicago,CST,-6,,,,,,,,,,,
Kansas,KS,Winfield,,,,,,,,67156,37.23213,-96.9963,America/Chicago,CST,-6,,,,,,,,,,,
Kansas,KS,Winona,,,,,,,,67764,38.9217,-101.094,America/Chicago,CST,-6,,,,,,,,,,,
Kansas,KS,Wonsevu,,,,,,,,,38.0656,-96.879,America/Chicago,CST,-6,,,,,,,,,,,
Kansas,KS,Woodbine,,,,,,,,67492,38.8124,-96.964,America/Chicago,CST,-6,,,,,,,,,,,
Kansas,KS,Woodlawn,,,,,,,,,39.78333,-95.8647,America/Chicago,CST,-6,,,,,,,,,,,
Kansas,KS,Woodruff,,,,,,,,,39.99279,-99.4265,America/Chicago,CST,-6,,,,,,,,,,,
Kansas,KS,Woods,,,,,,,,,37.1703,-101.106,America/Chicago,CST,-6,,,,,,,,,,,
Kansas,KS,Woodston,,,,,,,,67675,39.45529,-99.0957,America/Chicago,CST,-6,,,,,,,,,,,
Kansas,KS,Wright,,,,,,,,67882,37.81401,-99.9031,America/Chicago,CST,-6,,,,,,,,,,,
Kansas,KS,Xenia,,,,,,,,,37.99531,-94.9864,America/Chicago,CST,-6,,,,,,,,,,,
Kansas,KS,Yale,,,,,,,,,37.48394,-94.6419,America/Chicago,CST,-6,,,,,,,,,,,
Kansas,KS,Yates Center,,,,,,,,66783,37.88474,-95.7236,America/Chicago,CST,-6,,,,,,,,,,,
Kansas,KS,Yocemento,,,,,,,,,38.90723,-99.424,America/Chicago,CST,-6,,,,,,,,,,,
Kansas,KS,Zenda,,,,,,,,67159,37.44963,-98.3057,America/Chicago,CST,-6,,,,,,,,,,,
Kansas,KS,Zenith,,,,,,,,,37.95724,-98.492,America/Chicago,CST,-6,,,,,,,,,,,
Kansas,KS,Zook,,,,,,,,,38.05779,-99.087,America/Chicago,CST,-6,,,,,,,,,,,
Kansas,KS,Zurich,,,,,,,,,39.23445,-99.4382,America/Chicago,CST,-6,,,,,,,,,,,
