Maryland,MD,Aberdeen,,,,,,,,21001,39.49991,-76.2312,America/New_York,EST,-5,,,,,,,,,,,
Maryland,MD,Abingdon,,,,,,,,21009,39.47258,-76.2773,America/New_York,EST,-5,,,,,,,,,,,
Maryland,MD,Accident,,,,,,,,21520,39.6287,-79.3198,America/New_York,EST,-5,,,,,,,,,,,
Maryland,MD,Accokeek,,,,,,,,,38.66607,-76.9984,America/New_York,EST,-5,,,,,,,,,,,
Maryland,MD,Adelphi,,,,,,,,,0,0,,,,,,,,,,,,,,
Maryland,MD,Agner,,,,,,,,,39.71394,-76.6513,America/New_York,EST,-5,,,,,,,,,,,
Maryland,MD,Allen,,,,,,,,21810,38.28734,-75.688,America/New_York,EST,-5,,,,,,,,,,,
Maryland,MD,Andora,,,,,,,,,0,0,,,,,,,,,,,,,,
Maryland,MD,Andrews,,,,,,,,,38.80621,-76.8756,America/New_York,EST,-5,,,,,,,,,,,
Maryland,MD,Annapolis,,,,,,,,21409###21401###21402###21403###21404###21405###21411###21412,38.98775,-76.5528,America/New_York,EST,-5,,,,,,,,,,,
Maryland,MD,Antietam,,,,,,,,,39.71394,-76.6513,America/New_York,EST,-5,,,,,,,,,,,
Maryland,MD,Appleton,,,,,,,,,0,0,,,,,,,,,,,,,,
Maryland,MD,Arbutus,,,,,,,,,0,0,,,,,,,,,,,,,,
Maryland,MD,Arnold,,,,,,,,21012,39.04362,-76.4978,America/New_York,EST,-5,,,,,,,,,,,
Maryland,MD,Arnoldtown,,,,,,,,,39.71394,-76.6513,America/New_York,EST,-5,,,,,,,,,,,
Maryland,MD,Aspen Hill,,,,,,,,,39.07955,-77.073,America/New_York,EST,-5,,,,,,,,,,,
Maryland,MD,Baden,,,,,,,,,0,0,,,,,,,,,,,,,,
Maryland,MD,Ballenger Creek,,,,,,,,,0,0,,,,,,,,,,,,,,
Maryland,MD,Baltimore,,,,,,,,21212###21210###21213###21214###21215###21216###21217###21218###21288###21287###21209###21289###21206###21211###21270###21298###21281###21297###21201###21202###21203###21290###21205###21223###21224###21239###21240###21241###21250###21251###21252###21273###21263###21264###21275###21278###21285###21284###21280###21229###21230###21231###21233###21279###21235###21282,39.29654,-76.6235,America/New_York,EST,-5,,,,,,,,,,,
Maryland,MD,Barksdale,,,,,,,,,39.669,-75.8147,America/New_York,EST,-5,,,,,,,,,,,
Maryland,MD,Barnesville,,,,,,,,20838,39.22066,-77.3775,America/New_York,EST,-5,,,,,,,,,,,
Maryland,MD,Barton,,,,,,,,21521,39.5368,-79.009,America/New_York,EST,-5,,,,,,,,,,,
Maryland,MD,Bay Ridge,,,,,,,,,38.93789,-76.46,America/New_York,EST,-5,,,,,,,,,,,
Maryland,MD,Bay View,,,,,,,,,0,0,,,,,,,,,,,,,,
Maryland,MD,Beaver Dam,,,,,,,,,0,0,,,,,,,,,,,,,,
Maryland,MD,Bel Air,,,,,,,,21015###21014,39.54756,-76.322,America/New_York,EST,-5,,,,,,,,,,,
Maryland,MD,Bel Air North,,,,,,,,,39.54756,-76.322,America/New_York,EST,-5,,,,,,,,,,,
Maryland,MD,Bel Air South,,,,,,,,,39.50507,-76.3198,America/New_York,EST,-5,,,,,,,,,,,
Maryland,MD,Bel Alton,,,,,,,,20611,38.45492,-76.9804,America/New_York,EST,-5,,,,,,,,,,,
Maryland,MD,Bellegrove,,,,,,,,,39.35094,-76.5341,America/New_York,EST,-5,,,,,,,,,,,
Maryland,MD,Beltsville,,,,,,,,,38.83356,-76.8777,America/New_York,EST,-5,,,,,,,,,,,
Maryland,MD,Belvedere Heights,,,,,,,,,39.05594,-76.5022,America/New_York,EST,-5,,,,,,,,,,,
Maryland,MD,Benedict,,,,,,,,20612,38.50929,-76.6797,America/New_York,EST,-5,,,,,,,,,,,
Maryland,MD,Benfield,,,,,,,,,0,0,,,,,,,,,,,,,,
Maryland,MD,Bennsville,,,,,,,,,0,0,,,,,,,,,,,,,,
Maryland,MD,Bentley Springs,,,,,,,,,39.60101,-78.6871,America/New_York,EST,-5,,,,,,,,,,,
Maryland,MD,Berlin,,,,,,,,21811,38.31045,-75.3209,America/New_York,EST,-5,,,,,,,,,,,
Maryland,MD,Bethesda,,,,,,,,20824###20827###20889###20817###20816###20892###20810###20811###20814###20813###20894,39.14398,-77.2076,America/New_York,EST,-5,,,,,,,,,,,
Maryland,MD,Bishop,,,,,,,,,0,0,,,,,,,,,,,,,,
Maryland,MD,Bishopville,,,,,,,,21813,38.42112,-75.196,America/New_York,EST,-5,,,,,,,,,,,
Maryland,MD,Bivalve,,,,,,,,21814,38.30623,-75.8891,America/New_York,EST,-5,,,,,,,,,,,
Maryland,MD,Bladensburg,,,,,,,,,38.93928,-76.9339,America/New_York,EST,-5,,,,,,,,,,,
Maryland,MD,Blake,,,,,,,,,0,0,,,,,,,,,,,,,,
Maryland,MD,Bloomfield,,,,,,,,,39.44355,-77.3329,America/New_York,EST,-5,,,,,,,,,,,
Maryland,MD,Bohemias Mills,,,,,,,,,0,0,,,,,,,,,,,,,,
Maryland,MD,Bolivar,,,,,,,,,0,0,,,,,,,,,,,,,,
Maryland,MD,Boonsboro,,,,,,,,21713,39.55199,-77.6957,America/New_York,EST,-5,,,,,,,,,,,
Maryland,MD,Bowie,,,,,,,,,38.98261,-76.7438,America/New_York,EST,-5,,,,,,,,,,,
Maryland,MD,Bowleys Quarters,,,,,,,,,39.33539,-76.3902,America/New_York,EST,-5,,,,,,,,,,,
Maryland,MD,Boxiron,,,,,,,,,39.71394,-76.6513,America/New_York,EST,-5,,,,,,,,,,,
Maryland,MD,Boyds,,,,,,,,20841,39.18468,-77.3288,America/New_York,EST,-5,,,,,,,,,,,
Maryland,MD,Braddock Heights,,,,,,,,21714,39.4193,-77.5044,America/New_York,EST,-5,,,,,,,,,,,
Maryland,MD,Bradley Farms,,,,,,,,,39.00678,-77.1908,America/New_York,EST,-5,,,,,,,,,,,
Maryland,MD,Brady,,,,,,,,,0,0,,,,,,,,,,,,,,
Maryland,MD,Brandywine,,,,,,,,,38.65881,-76.8243,America/New_York,EST,-5,,,,,,,,,,,
Maryland,MD,Brantwood,,,,,,,,,38.65881,-76.8243,America/New_York,EST,-5,,,,,,,,,,,
Maryland,MD,Brentwood,,,,,,,,,38.94317,-76.9566,America/New_York,EST,-5,,,,,,,,,,,
Maryland,MD,Bridgeport,,,,,,,,,39.63192,-77.7436,America/New_York,EST,-5,,,,,,,,,,,
Maryland,MD,Brookeville,,,,,,,,20833,39.20434,-77.0506,America/New_York,EST,-5,,,,,,,,,,,
Maryland,MD,Brooklandville,,,,,,,,21022,39.39786,-76.6717,America/New_York,EST,-5,,,,,,,,,,,
Maryland,MD,Brooklyn Park,,,,,,,,,40.6451,-73.945,America/New_York,EST,-5,,,,,,,,,,,
Maryland,MD,Brookview,,,,,,,,,0,0,,,,,,,,,,,,,,
Maryland,MD,Broomes Island,,,,,,,,20615,38.40707,-76.5513,America/New_York,EST,-5,,,,,,,,,,,
Maryland,MD,Brownsville,,,,,,,,21715,39.38689,-77.658,America/New_York,EST,-5,,,,,,,,,,,
Maryland,MD,Brunswick,,,,,,,,21716,39.31795,-77.6247,America/New_York,EST,-5,,,,,,,,,,,
Maryland,MD,Bryantown,,,,,,,,20617,38.53626,-76.8538,America/New_York,EST,-5,,,,,,,,,,,
Maryland,MD,Buckeystown,,,,,,,,21717,39.33688,-77.436,America/New_York,EST,-5,,,,,,,,,,,
Maryland,MD,Bucktown,,,,,,,,,38.45929,-76.0308,America/New_York,EST,-5,,,,,,,,,,,
Maryland,MD,Burkittsville,,,,,,,,21718,39.39371,-77.6289,America/New_York,EST,-5,,,,,,,,,,,
Maryland,MD,Burtonsville,,,,,,,,20866,39.10564,-76.9359,America/New_York,EST,-5,,,,,,,,,,,
Maryland,MD,Bynum,,,,,,,,,39.56566,-76.3647,America/New_York,EST,-5,,,,,,,,,,,
Maryland,MD,Byrdtown,,,,,,,,,39.71394,-76.6513,America/New_York,EST,-5,,,,,,,,,,,
Maryland,MD,California,,,,,,,,,38.3004,-76.5075,America/New_York,EST,-5,,,,,,,,,,,
Maryland,MD,Callaway,,,,,,,,,38.23392,-76.5289,America/New_York,EST,-5,,,,,,,,,,,
Maryland,MD,Calvert,,,,,,,,,39.05761,-76.9358,America/New_York,EST,-5,,,,,,,,,,,
Maryland,MD,Calverton,,,,,,,,,39.05761,-76.9358,America/New_York,EST,-5,,,,,,,,,,,
Maryland,MD,Cambridge,,,,,,,,21613,38.47981,-76.0799,America/New_York,EST,-5,,,,,,,,,,,
Maryland,MD,Camp Springs,,,,,,,,,38.804,-76.9066,America/New_York,EST,-5,,,,,,,,,,,
Maryland,MD,Cape Arthur,,,,,,,,,0,0,,,,,,,,,,,,,,
Maryland,MD,Cape Isle Of Wight,,,,,,,,,0,0,,,,,,,,,,,,,,
Maryland,MD,Cape St. Claire,,,,,,,,,38.98775,-76.5528,America/New_York,EST,-5,,,,,,,,,,,
Maryland,MD,Capitol Heights,,,,,,,,,38.83356,-76.8777,America/New_York,EST,-5,,,,,,,,,,,
Maryland,MD,Carney,,,,,,,,,39.39427,-76.5236,America/New_York,EST,-5,,,,,,,,,,,
Maryland,MD,Carsins,,,,,,,,,39.54539,-76.2113,America/New_York,EST,-5,,,,,,,,,,,
Maryland,MD,Carville,,,,,,,,,0,0,,,,,,,,,,,,,,
Maryland,MD,Catchpenny,,,,,,,,,39.71394,-76.6513,America/New_York,EST,-5,,,,,,,,,,,
Maryland,MD,Catonsville,,,,,,,,21228,39.26461,-76.7424,America/New_York,EST,-5,,,,,,,,,,,
Maryland,MD,Cayots,,,,,,,,,39.48595,-75.8477,America/New_York,EST,-5,,,,,,,,,,,
Maryland,MD,Cedartown,,,,,,,,,39.00499,-77.1015,America/New_York,EST,-5,,,,,,,,,,,
Maryland,MD,Champ,,,,,,,,,0,0,,,,,,,,,,,,,,
Maryland,MD,Chaptico,,,,,,,,,38.35099,-76.7833,America/New_York,EST,-5,,,,,,,,,,,
Maryland,MD,Charlestown,,,,,,,,21914,39.57439,-75.9786,America/New_York,EST,-5,,,,,,,,,,,
Maryland,MD,Charlotte Hall,,,,,,,,,38.48096,-76.778,America/New_York,EST,-5,,,,,,,,,,,
Maryland,MD,Chase,,,,,,,,21027,39.43896,-76.5921,America/New_York,EST,-5,,,,,,,,,,,
Maryland,MD,Chelsea Beach,,,,,,,,,39.10205,-76.52,America/New_York,EST,-5,,,,,,,,,,,
Maryland,MD,Cheltenham,,,,,,,,,38.74551,-76.8406,America/New_York,EST,-5,,,,,,,,,,,
Maryland,MD,Cherry Hill,,,,,,,,,39.0165,-76.9322,America/New_York,EST,-5,,,,,,,,,,,
Maryland,MD,Chesapeake Beach,,,,,,,,20732,38.68623,-76.5347,America/New_York,EST,-5,,,,,,,,,,,
Maryland,MD,Chesapeake Heights,,,,,,,,,0,0,,,,,,,,,,,,,,
Maryland,MD,Chesapeake Ranch Estates-Drum Point,,,,,,,,,38.38185,-76.3911,America/New_York,EST,-5,,,,,,,,,,,
Maryland,MD,Chester,,,,,,,,,38.94603,-76.2792,America/New_York,EST,-5,,,,,,,,,,,
Maryland,MD,Cheverly,,,,,,,,,38.92817,-76.9158,America/New_York,EST,-5,,,,,,,,,,,
Maryland,MD,Chevy Chase,,,,,,,,20825###20815,38.98376,-77.0794,America/New_York,EST,-5,,,,,,,,,,,
Maryland,MD,Chillum,,,,,,,,,38.99976,-76.9707,America/New_York,EST,-5,,,,,,,,,,,
Maryland,MD,Choptank,,,,,,,,,39.71394,-76.6513,America/New_York,EST,-5,,,,,,,,,,,
Maryland,MD,Chrome Hill,,,,,,,,,0,0,,,,,,,,,,,,,,
Maryland,MD,Church Creek,,,,,,,,21622,38.41521,-76.191,America/New_York,EST,-5,,,,,,,,,,,
Maryland,MD,Churchville,,,,,,,,21028,39.56317,-76.2364,America/New_York,EST,-5,,,,,,,,,,,
Maryland,MD,Clarksburg,,,,,,,,20871,39.23872,-77.2794,America/New_York,EST,-5,,,,,,,,,,,
Maryland,MD,Clarksville,,,,,,,,21029,39.21246,-76.9515,America/New_York,EST,-5,,,,,,,,,,,
Maryland,MD,Clear Spring,,,,,,,,21722,39.66575,-77.9064,America/New_York,EST,-5,,,,,,,,,,,
Maryland,MD,Clements,,,,,,,,,38.32942,-76.7308,America/New_York,EST,-5,,,,,,,,,,,
Maryland,MD,Clinton,,,,,,,,,38.73977,-76.9121,America/New_York,EST,-5,,,,,,,,,,,
Maryland,MD,Cloverly,,,,,,,,,39.06661,-76.9809,America/New_York,EST,-5,,,,,,,,,,,
Maryland,MD,Cockeysville,,,,,,,,21030,39.47931,-76.63,America/New_York,EST,-5,,,,,,,,,,,
Maryland,MD,Cokesbury,,,,,,,,,0,0,,,,,,,,,,,,,,
Maryland,MD,Colesville,,,,,,,,,39.07566,-77.0019,America/New_York,EST,-5,,,,,,,,,,,
Maryland,MD,College Park,,,,,,,,,39.00287,-76.9317,America/New_York,EST,-5,,,,,,,,,,,
Maryland,MD,Columbia,,,,,,,,21046###21045###21044,39.20613,-76.8879,America/New_York,EST,-5,,,,,,,,,,,
Maryland,MD,Congressional Manor,,,,,,,,,39.55733,-76.5647,America/New_York,EST,-5,,,,,,,,,,,
Maryland,MD,Conococheague,,,,,,,,,39.71394,-76.6513,America/New_York,EST,-5,,,,,,,,,,,
Maryland,MD,Conowingo,,,,,,,,21918,39.67789,-76.1591,America/New_York,EST,-5,,,,,,,,,,,
Maryland,MD,Copperville,,,,,,,,,39.63399,-77.1536,America/New_York,EST,-5,,,,,,,,,,,
Maryland,MD,Coral Hills,,,,,,,,,38.87039,-76.9211,America/New_York,EST,-5,,,,,,,,,,,
Maryland,MD,Cordova,,,,,,,,21625,38.86928,-76.0001,America/New_York,EST,-5,,,,,,,,,,,
Maryland,MD,Corriganville,,,,,,,,21524,39.69668,-78.8031,America/New_York,EST,-5,,,,,,,,,,,
Maryland,MD,Cove Point,,,,,,,,,38.38124,-76.3888,America/New_York,EST,-5,,,,,,,,,,,
Maryland,MD,Crisfield,,,,,,,,21817,37.99831,-75.8188,America/New_York,EST,-5,,,,,,,,,,,
Maryland,MD,Crocheron,,,,,,,,21627,38.24261,-76.0531,America/New_York,EST,-5,,,,,,,,,,,
Maryland,MD,Crofton,,,,,,,,21114,39.00891,-76.6844,America/New_York,EST,-5,,,,,,,,,,,
Maryland,MD,Crownsville,,,,,,,,21032,39.01811,-76.5883,America/New_York,EST,-5,,,,,,,,,,,
Maryland,MD,Crumpton,,,,,,,,,39.23177,-75.9298,America/New_York,EST,-5,,,,,,,,,,,
Maryland,MD,Cumberland,,,,,,,,21503###21504###21502###21501###21505,39.58069,-78.6906,America/New_York,EST,-5,,,,,,,,,,,
Maryland,MD,Damascus,,,,,,,,20872,39.28548,-77.2152,America/New_York,EST,-5,,,,,,,,,,,
Maryland,MD,Dameron,,,,,,,,,38.14811,-76.3597,America/New_York,EST,-5,,,,,,,,,,,
Maryland,MD,Dames Quarter,,,,,,,,,38.18873,-75.8991,America/New_York,EST,-5,,,,,,,,,,,
Maryland,MD,Dares Beach,,,,,,,,,38.56179,-76.5155,America/New_York,EST,-5,,,,,,,,,,,
Maryland,MD,Darlington,,,,,,,,21034,39.64621,-76.2264,America/New_York,EST,-5,,,,,,,,,,,
Maryland,MD,Darnestown,,,,,,,,,39.10344,-77.2908,America/New_York,EST,-5,,,,,,,,,,,
Maryland,MD,Dawsonville,,,,,,,,,39.19185,-77.3275,America/New_York,EST,-5,,,,,,,,,,,
Maryland,MD,Dayton,,,,,,,,21036,39.24016,-77.0038,America/New_York,EST,-5,,,,,,,,,,,
Maryland,MD,Deal Island,,,,,,,,21821,38.1661,-75.9233,America/New_York,EST,-5,,,,,,,,,,,
Maryland,MD,Deale,,,,,,,,20751,38.79301,-76.5428,America/New_York,EST,-5,,,,,,,,,,,
Maryland,MD,Deer Park,,,,,,,,,39.42371,-79.325,America/New_York,EST,-5,,,,,,,,,,,
Maryland,MD,Delmar,,,,,,,,21875,38.45253,-75.5742,America/New_York,EST,-5,,,,,,,,,,,
Maryland,MD,Dentsville,,,,,,,,,0,0,,,,,,,,,,,,,,
Maryland,MD,Dickerson,,,,,,,,20842,39.2201,-77.4242,America/New_York,EST,-5,,,,,,,,,,,
Maryland,MD,District Heights,,,,,,,,,38.85126,-76.8857,America/New_York,EST,-5,,,,,,,,,,,
Maryland,MD,Dogwood Flats,,,,,,,,,39.52481,-79.0167,America/New_York,EST,-5,,,,,,,,,,,
Maryland,MD,Drum Point,,,,,,,,,38.32679,-76.4261,America/New_York,EST,-5,,,,,,,,,,,
Maryland,MD,Dundalk,,,,,,,,21222,39.2666,-76.4965,America/New_York,EST,-5,,,,,,,,,,,
Maryland,MD,Dunkirk,,,,,,,,20754,38.7156,-76.673,America/New_York,EST,-5,,,,,,,,,,,
Maryland,MD,Eagle Harbor,,,,,,,,,38.5679,-76.6861,America/New_York,EST,-5,,,,,,,,,,,
Maryland,MD,East New Market,,,,,,,,21631,38.57945,-75.9397,America/New_York,EST,-5,,,,,,,,,,,
Maryland,MD,East Riverdale,,,,,,,,,38.96206,-76.9219,America/New_York,EST,-5,,,,,,,,,,,
Maryland,MD,Easton,,,,,,,,21601,38.80071,-76.0515,America/New_York,EST,-5,,,,,,,,,,,
Maryland,MD,Eden,,,,,,,,21822,38.28068,-75.651,America/New_York,EST,-5,,,,,,,,,,,
Maryland,MD,Edgemere,,,,,,,,,39.26484,-76.4926,America/New_York,EST,-5,,,,,,,,,,,
Maryland,MD,Edgewood,,,,,,,,21040,39.4348,-76.2936,America/New_York,EST,-5,,,,,,,,,,,
Maryland,MD,Ednor,,,,,,,,,39.06661,-76.9809,America/New_York,EST,-5,,,,,,,,,,,
Maryland,MD,Eldersburg,,,,,,,,,39.40372,-76.9503,America/New_York,EST,-5,,,,,,,,,,,
Maryland,MD,Eldorado,,,,,,,,,38.58428,-75.7891,America/New_York,EST,-5,,,,,,,,,,,
Maryland,MD,Elkridge,,,,,,,,21075,39.20576,-76.7531,America/New_York,EST,-5,,,,,,,,,,,
Maryland,MD,Elkton,,,,,,,,21922###21921,39.56186,-75.8757,America/New_York,EST,-5,,,,,,,,,,,
Maryland,MD,Ellerslie,,,,,,,,21529,39.70826,-78.7774,America/New_York,EST,-5,,,,,,,,,,,
Maryland,MD,Ellicott City,,,,,,,,21042###21041###21043,39.23641,-76.9419,America/New_York,EST,-5,,,,,,,,,,,
Maryland,MD,Elliott,,,,,,,,,38.31012,-75.9963,America/New_York,EST,-5,,,,,,,,,,,
Maryland,MD,Emmitsburg,,,,,,,,21727,39.6754,-77.3367,America/New_York,EST,-5,,,,,,,,,,,
Maryland,MD,Essex,,,,,,,,21221,39.30235,-76.4443,America/New_York,EST,-5,,,,,,,,,,,
Maryland,MD,Fair Hill,,,,,,,,,39.70233,-75.868,America/New_York,EST,-5,,,,,,,,,,,
Maryland,MD,Fairland,,,,,,,,,39.07622,-76.9578,America/New_York,EST,-5,,,,,,,,,,,
Maryland,MD,Fairmount,,,,,,,,,38.90095,-76.9155,America/New_York,EST,-5,,,,,,,,,,,
Maryland,MD,Fairplay,,,,,,,,21733,39.55942,-77.7604,America/New_York,EST,-5,,,,,,,,,,,
Maryland,MD,Fallston,,,,,,,,21047,39.53121,-76.439,America/New_York,EST,-5,,,,,,,,,,,
Maryland,MD,Farmington,,,,,,,,,39.67872,-76.0322,America/New_York,EST,-5,,,,,,,,,,,
Maryland,MD,Faulkner,,,,,,,,20632,38.42176,-76.9487,America/New_York,EST,-5,,,,,,,,,,,
Maryland,MD,Fells Point,,,,,,,,,39.57245,-78.844,America/New_York,EST,-5,,,,,,,,,,,
Maryland,MD,Ferndale,,,,,,,,,38.75178,-76.9786,America/New_York,EST,-5,,,,,,,,,,,
Maryland,MD,Finksburg,,,,,,,,21048,39.4991,-76.9101,America/New_York,EST,-5,,,,,,,,,,,
Maryland,MD,Flintstone,,,,,,,,21530,39.67942,-78.5242,America/New_York,EST,-5,,,,,,,,,,,
Maryland,MD,Forest Glen,,,,,,,,,39.45705,-76.2288,America/New_York,EST,-5,,,,,,,,,,,
Maryland,MD,Forest Park,,,,,,,,,0,0,,,,,,,,,,,,,,
Maryland,MD,Forestville,,,,,,,,,38.84511,-76.875,America/New_York,EST,-5,,,,,,,,,,,
Maryland,MD,Fort Howard,,,,,,,,21052,39.207,-76.4456,America/New_York,EST,-5,,,,,,,,,,,
Maryland,MD,Fort Meade,,,,,,,,,39.10815,-76.7432,America/New_York,EST,-5,,,,,,,,,,,
Maryland,MD,Fort Ritchie,,,,,,,,,39.70221,-77.5022,America/New_York,EST,-5,,,,,,,,,,,
Maryland,MD,Fort Washington,,,,,,,,,38.75711,-76.9776,America/New_York,EST,-5,,,,,,,,,,,
Maryland,MD,Four Corners,,,,,,,,,0,0,,,,,,,,,,,,,,
Maryland,MD,Frederick,,,,,,,,21704###21702###21703###21705###21709###21701,39.44355,-77.3329,America/New_York,EST,-5,,,,,,,,,,,
Maryland,MD,Friendly,,,,,,,,,38.75178,-76.9786,America/New_York,EST,-5,,,,,,,,,,,
Maryland,MD,Friendship,,,,,,,,20758,38.73608,-76.5835,America/New_York,EST,-5,,,,,,,,,,,
Maryland,MD,Friendsville,,,,,,,,21531,39.66369,-79.4053,America/New_York,EST,-5,,,,,,,,,,,
Maryland,MD,Frostburg,,,,,,,,21532,39.64206,-78.9125,America/New_York,EST,-5,,,,,,,,,,,
Maryland,MD,Fruitland,,,,,,,,21826,38.32032,-75.6208,America/New_York,EST,-5,,,,,,,,,,,
Maryland,MD,Fullerton,,,,,,,,,39.33843,-76.5389,America/New_York,EST,-5,,,,,,,,,,,
Maryland,MD,Fulton,,,,,,,,20759,39.16081,-76.9279,America/New_York,EST,-5,,,,,,,,,,,
Maryland,MD,Funkstown,,,,,,,,21734,39.60899,-77.7044,America/New_York,EST,-5,,,,,,,,,,,
Maryland,MD,Gaither,,,,,,,,,39.36149,-76.993,America/New_York,EST,-5,,,,,,,,,,,
Maryland,MD,Gaithersburg,,,,,,,,20898###20878###20885###20899###20882###20879###20877###20883###20884,39.13934,-77.183,America/New_York,EST,-5,,,,,,,,,,,
Maryland,MD,Galestown,,,,,,,,,38.6389,-75.6159,America/New_York,EST,-5,,,,,,,,,,,
Maryland,MD,Galesville,,,,,,,,20765,38.84317,-76.5436,America/New_York,EST,-5,,,,,,,,,,,
Maryland,MD,Gamber,,,,,,,,,39.46483,-76.9339,America/New_York,EST,-5,,,,,,,,,,,
Maryland,MD,Gapland,,,,,,,,,39.5207,-77.9162,America/New_York,EST,-5,,,,,,,,,,,
Maryland,MD,Garrett Park,,,,,,,,20896,39.0365,-77.0931,America/New_York,EST,-5,,,,,,,,,,,
Maryland,MD,Garrison,,,,,,,,,39.43896,-76.5921,America/New_York,EST,-5,,,,,,,,,,,
Maryland,MD,Germantown,,,,,,,,20876###20875###20874,39.13551,-77.2822,America/New_York,EST,-5,,,,,,,,,,,
Maryland,MD,Gibson Island,,,,,,,,21056,39.07428,-76.4239,America/New_York,EST,-5,,,,,,,,,,,
Maryland,MD,Girdletree,,,,,,,,21829,38.10296,-75.3819,America/New_York,EST,-5,,,,,,,,,,,
Maryland,MD,Glen Burnie,,,,,,,,21060###21062###21061,39.17016,-76.5798,America/New_York,EST,-5,,,,,,,,,,,
Maryland,MD,Glen Echo,,,,,,,,20812,38.96851,-77.1408,America/New_York,EST,-5,,,,,,,,,,,
Maryland,MD,Glen Westover,,,,,,,,,39.7136,-75.7411,America/New_York,EST,-5,,,,,,,,,,,
Maryland,MD,Glenarden,,,,,,,,,39.71394,-76.6513,America/New_York,EST,-5,,,,,,,,,,,
Maryland,MD,Glenelg,,,,,,,,21737,39.26427,-76.9925,America/New_York,EST,-5,,,,,,,,,,,
Maryland,MD,Glenmont,,,,,,,,,39.08732,-77.0572,America/New_York,EST,-5,,,,,,,,,,,
Maryland,MD,Glenn Dale,,,,,,,,,38.98346,-76.8114,America/New_York,EST,-5,,,,,,,,,,,
Maryland,MD,Glenwood,,,,,,,,21738,39.2815,-77.0254,America/New_York,EST,-5,,,,,,,,,,,
Maryland,MD,Glyndon,,,,,,,,21071,39.47649,-76.8158,America/New_York,EST,-5,,,,,,,,,,,
Maryland,MD,Golden Beach,,,,,,,,,38.48985,-76.6822,America/New_York,EST,-5,,,,,,,,,,,
Maryland,MD,Goodwill,,,,,,,,,38.07068,-75.4916,America/New_York,EST,-5,,,,,,,,,,,
Maryland,MD,Grantsville,,,,,,,,21536,39.65514,-79.1241,America/New_York,EST,-5,,,,,,,,,,,
Maryland,MD,Greater Landover,,,,,,,,,38.91829,-76.8819,America/New_York,EST,-5,,,,,,,,,,,
Maryland,MD,Greater Upper Marlboro,,,,,,,,,38.81617,-76.7861,America/New_York,EST,-5,,,,,,,,,,,
Maryland,MD,Green Haven,,,,,,,,,39.13955,-76.5477,America/New_York,EST,-5,,,,,,,,,,,
Maryland,MD,Green Hill,,,,,,,,,0,0,,,,,,,,,,,,,,
Maryland,MD,Green Ridge,,,,,,,,,39.41927,-76.6125,America/New_York,EST,-5,,,,,,,,,,,
Maryland,MD,Green Valley,,,,,,,,,39.26399,-77.4389,America/New_York,EST,-5,,,,,,,,,,,
Maryland,MD,Greenbelt,,,,,,,,,38.83356,-76.8777,America/New_York,EST,-5,,,,,,,,,,,
Maryland,MD,Greensboro,,,,,,,,21639,38.96859,-75.7907,America/New_York,EST,-5,,,,,,,,,,,
Maryland,MD,Griffin,,,,,,,,,0,0,,,,,,,,,,,,,,
Maryland,MD,Gunpowder,,,,,,,,21010,39.38016,-76.2955,America/New_York,EST,-5,,,,,,,,,,,
Maryland,MD,Hagerstown,,,,,,,,21741###21740###21742###21747###21746###21749,39.58887,-77.7002,America/New_York,EST,-5,,,,,,,,,,,
Maryland,MD,Halfway,,,,,,,,,39.62065,-77.7589,America/New_York,EST,-5,,,,,,,,,,,
Maryland,MD,Hambleton,,,,,,,,,39.3565,-76.5569,America/New_York,EST,-5,,,,,,,,,,,
Maryland,MD,Hamilton,,,,,,,,,39.3565,-76.5569,America/New_York,EST,-5,,,,,,,,,,,
Maryland,MD,Hampstead,,,,,,,,21074,39.61455,-76.8644,America/New_York,EST,-5,,,,,,,,,,,
Maryland,MD,Hampton,,,,,,,,,39.33094,-76.635,America/New_York,EST,-5,,,,,,,,,,,
Maryland,MD,Hancock,,,,,,,,21750,39.69898,-78.1797,America/New_York,EST,-5,,,,,,,,,,,
Maryland,MD,Harford Furnace,,,,,,,,,39.53608,-76.3522,America/New_York,EST,-5,,,,,,,,,,,
Maryland,MD,Harmony,,,,,,,,,38.779,-75.8805,America/New_York,EST,-5,,,,,,,,,,,
Maryland,MD,Harney,,,,,,,,,39.71399,-77.2067,America/New_York,EST,-5,,,,,,,,,,,
Maryland,MD,Havre de Grace,,,,,,,,21078,39.5601,-76.1552,America/New_York,EST,-5,,,,,,,,,,,
Maryland,MD,Hebron,,,,,,,,21830,38.40924,-75.7248,America/New_York,EST,-5,,,,,,,,,,,
Maryland,MD,Henryton,,,,,,,,,39.5347,-77.0493,America/New_York,EST,-5,,,,,,,,,,,
Maryland,MD,Herald Harbor,,,,,,,,,39.05372,-76.5691,America/New_York,EST,-5,,,,,,,,,,,
Maryland,MD,Hickory,,,,,,,,,39.58534,-76.3922,America/New_York,EST,-5,,,,,,,,,,,
Maryland,MD,Highland,,,,,,,,20777,39.17306,-76.9667,America/New_York,EST,-5,,,,,,,,,,,
Maryland,MD,Highlandtown,,,,,,,,,39.2865,-76.5689,America/New_York,EST,-5,,,,,,,,,,,
Maryland,MD,Hillandale,,,,,,,,,39.0265,-76.9741,America/New_York,EST,-5,,,,,,,,,,,
Maryland,MD,Hillcrest Heights,,,,,,,,,38.83289,-76.9594,America/New_York,EST,-5,,,,,,,,,,,
Maryland,MD,Hillsmere Shores,,,,,,,,,38.94011,-76.495,America/New_York,EST,-5,,,,,,,,,,,
Maryland,MD,Hillville,,,,,,,,,0,0,,,,,,,,,,,,,,
Maryland,MD,Hollywood,,,,,,,,,38.34244,-76.5692,America/New_York,EST,-5,,,,,,,,,,,
Maryland,MD,Hollywood Beach,,,,,,,,,39.50234,-75.908,America/New_York,EST,-5,,,,,,,,,,,
Maryland,MD,Honga,,,,,,,,,38.34457,-76.2297,America/New_York,EST,-5,,,,,,,,,,,
Maryland,MD,Hoopersville,,,,,,,,,38.26123,-76.1799,America/New_York,EST,-5,,,,,,,,,,,
Maryland,MD,Hope,,,,,,,,,0,0,,,,,,,,,,,,,,
Maryland,MD,Hopewell,,,,,,,,,38.00624,-75.8183,America/New_York,EST,-5,,,,,,,,,,,
Maryland,MD,Hudson,,,,,,,,,38.59207,-76.2544,America/New_York,EST,-5,,,,,,,,,,,
Maryland,MD,Hughesville,,,,,,,,20637,38.52057,-76.7813,America/New_York,EST,-5,,,,,,,,,,,
Maryland,MD,Huntingtown,,,,,,,,20639,38.61166,-76.6187,America/New_York,EST,-5,,,,,,,,,,,
Maryland,MD,Hurlock,,,,,,,,21643,38.64382,-75.863,America/New_York,EST,-5,,,,,,,,,,,
Maryland,MD,Hyattsville,,,,,,,,,38.95286,-76.9463,America/New_York,EST,-5,,,,,,,,,,,
Maryland,MD,Indian Head,,,,,,,,20640,38.60512,-77.1755,America/New_York,EST,-5,,,,,,,,,,,
Maryland,MD,Ironshire,,,,,,,,,38.28401,-75.231,America/New_York,EST,-5,,,,,,,,,,,
Maryland,MD,Ironsides,,,,,,,,20643,38.50388,-77.1483,America/New_York,EST,-5,,,,,,,,,,,
Maryland,MD,Jarrettsville,,,,,,,,21084,39.60315,-76.4753,America/New_York,EST,-5,,,,,,,,,,,
Maryland,MD,Jefferson,,,,,,,,21755,39.35369,-77.5671,America/New_York,EST,-5,,,,,,,,,,,
Maryland,MD,Jessup,,,,,,,,20794,39.15527,-76.8134,America/New_York,EST,-5,,,,,,,,,,,
Maryland,MD,Joppa,,,,,,,,21085,39.44916,-76.3519,America/New_York,EST,-5,,,,,,,,,,,
Maryland,MD,Joppatowne,,,,,,,,,39.71394,-76.6513,America/New_York,EST,-5,,,,,,,,,,,
Maryland,MD,Jumptown,,,,,,,,,39.71394,-76.6513,America/New_York,EST,-5,,,,,,,,,,,
Maryland,MD,Keedysville,,,,,,,,21756,39.45849,-77.6933,America/New_York,EST,-5,,,,,,,,,,,
Maryland,MD,Kemp Mill,,,,,,,,,39.039,-77.0191,America/New_York,EST,-5,,,,,,,,,,,
Maryland,MD,Kennedyville,,,,,,,,21645,39.31368,-75.9615,America/New_York,EST,-5,,,,,,,,,,,
Maryland,MD,Kensington,,,,,,,,20891###20895,39.14398,-77.2076,America/New_York,EST,-5,,,,,,,,,,,
Maryland,MD,Kettering,,,,,,,,,0,0,,,,,,,,,,,,,,
Maryland,MD,Keysville,,,,,,,,,39.67763,-77.1726,America/New_York,EST,-5,,,,,,,,,,,
Maryland,MD,Kingston,,,,,,,,,39.20483,-76.0513,America/New_York,EST,-5,,,,,,,,,,,
Maryland,MD,Kingsville,,,,,,,,21087,39.44526,-76.4218,America/New_York,EST,-5,,,,,,,,,,,
Maryland,MD,Kitzmiller,,,,,,,,21538,39.41692,-79.2222,America/New_York,EST,-5,,,,,,,,,,,
Maryland,MD,La Plata,,,,,,,,20646,38.51388,-77.0103,America/New_York,EST,-5,,,,,,,,,,,
Maryland,MD,La Vale,,,,,,,,,39.65564,-78.8106,America/New_York,EST,-5,,,,,,,,,,,
Maryland,MD,Lake Arbor,,,,,,,,,0,0,,,,,,,,,,,,,,
Maryland,MD,Lake Shore,,,,,,,,,39.10705,-76.485,America/New_York,EST,-5,,,,,,,,,,,
Maryland,MD,Lakewood,,,,,,,,,38.3823,-75.6396,America/New_York,EST,-5,,,,,,,,,,,
Maryland,MD,Landover,,,,,,,,,38.91829,-76.8819,America/New_York,EST,-5,,,,,,,,,,,
Maryland,MD,Langford,,,,,,,,,0,0,,,,,,,,,,,,,,
Maryland,MD,Langley Park,,,,,,,,,38.98872,-76.9814,America/New_York,EST,-5,,,,,,,,,,,
Maryland,MD,Lanham-Seabrook,,,,,,,,,38.96691,-76.8454,America/New_York,EST,-5,,,,,,,,,,,
Maryland,MD,Lansdowne-Baltimore Highlands,,,,,,,,,39.25154,-76.6582,America/New_York,EST,-5,,,,,,,,,,,
Maryland,MD,Largo,,,,,,,,,38.78028,-76.767,America/New_York,EST,-5,,,,,,,,,,,
Maryland,MD,Laurel,,,,,,,,20723###20724,39.09314,-76.8819,America/New_York,EST,-5,,,,,,,,,,,
Maryland,MD,Lawsonia,,,,,,,,,37.97485,-75.8338,America/New_York,EST,-5,,,,,,,,,,,
Maryland,MD,Laytonsville,,,,,,,,,39.21205,-77.1428,America/New_York,EST,-5,,,,,,,,,,,
Maryland,MD,Leitersburg,,,,,,,,,39.63192,-77.7436,America/New_York,EST,-5,,,,,,,,,,,
Maryland,MD,Leonardtown,,,,,,,,,38.27876,-76.6559,America/New_York,EST,-5,,,,,,,,,,,
Maryland,MD,Lexington Park,,,,,,,,,38.23291,-76.4309,America/New_York,EST,-5,,,,,,,,,,,
Maryland,MD,Libertytown,,,,,,,,21762,39.48221,-77.2468,America/New_York,EST,-5,,,,,,,,,,,
Maryland,MD,Lineboro,,,,,,,,21088,39.5347,-77.0493,America/New_York,EST,-5,,,,,,,,,,,
Maryland,MD,Linganore-Bartonsville,,,,,,,,,39.10564,-76.9359,America/New_York,EST,-5,,,,,,,,,,,
Maryland,MD,Linkwood,,,,,,,,21835,38.5323,-75.95,America/New_York,EST,-5,,,,,,,,,,,
Maryland,MD,Linthicum,,,,,,,,,39.20344,-76.6622,America/New_York,EST,-5,,,,,,,,,,,
Maryland,MD,Linwood,,,,,,,,,39.5347,-77.0493,America/New_York,EST,-5,,,,,,,,,,,
Maryland,MD,Lisbon,,,,,,,,21765,39.3378,-77.072,America/New_York,EST,-5,,,,,,,,,,,
Maryland,MD,Little Orleans,,,,,,,,21766,39.64195,-78.4089,America/New_York,EST,-5,,,,,,,,,,,
Maryland,MD,Lloyds,,,,,,,,,38.58984,-76.183,America/New_York,EST,-5,,,,,,,,,,,
Maryland,MD,Loch Lynn Heights,,,,,,,,,39.39315,-79.3731,America/New_York,EST,-5,,,,,,,,,,,
Maryland,MD,Lochearn,,,,,,,,,39.34066,-76.7222,America/New_York,EST,-5,,,,,,,,,,,
Maryland,MD,Lombard,,,,,,,,,0,0,,,,,,,,,,,,,,
Maryland,MD,Lonaconing,,,,,,,,21539,39.56592,-78.9803,America/New_York,EST,-5,,,,,,,,,,,
Maryland,MD,Londontowne,,,,,,,,,38.93345,-76.5494,America/New_York,EST,-5,,,,,,,,,,,
Maryland,MD,Long Beach,,,,,,,,,38.46096,-76.4688,America/New_York,EST,-5,,,,,,,,,,,
Maryland,MD,Long Green,,,,,,,,21092,39.43896,-76.5921,America/New_York,EST,-5,,,,,,,,,,,
Maryland,MD,Long Meadow,,,,,,,,,39.63192,-77.7436,America/New_York,EST,-5,,,,,,,,,,,
Maryland,MD,Longridge,,,,,,,,,0,0,,,,,,,,,,,,,,
Maryland,MD,Louisville,,,,,,,,,39.44871,-76.9239,America/New_York,EST,-5,,,,,,,,,,,
Maryland,MD,Lower Marlboro,,,,,,,,,38.65595,-76.6819,America/New_York,EST,-5,,,,,,,,,,,
Maryland,MD,Luke,,,,,,,,21540,39.47538,-79.0585,America/New_York,EST,-5,,,,,,,,,,,
Maryland,MD,Lusby,,,,,,,,20657,38.36193,-76.4372,America/New_York,EST,-5,,,,,,,,,,,
Maryland,MD,Lutherville-Timonium,,,,,,,,,39.42622,-76.6322,America/New_York,EST,-5,,,,,,,,,,,
Maryland,MD,Madison,,,,,,,,21648,38.47821,-76.2412,America/New_York,EST,-5,,,,,,,,,,,
Maryland,MD,Magnolia,,,,,,,,,39.40483,-76.3247,America/New_York,EST,-5,,,,,,,,,,,
Maryland,MD,Manchester,,,,,,,,21102,39.66121,-76.885,America/New_York,EST,-5,,,,,,,,,,,
Maryland,MD,Manokin,,,,,,,,21836,38.07329,-75.7344,America/New_York,EST,-5,,,,,,,,,,,
Maryland,MD,Marbury,,,,,,,,20658,38.56333,-77.1596,America/New_York,EST,-5,,,,,,,,,,,
Maryland,MD,Mardela Springs,,,,,,,,21837,38.45825,-75.7548,America/New_York,EST,-5,,,,,,,,,,,
Maryland,MD,Marion Station,,,,,,,,21838,38.01898,-75.7288,America/New_York,EST,-5,,,,,,,,,,,
Maryland,MD,Marlow Heights,,,,,,,,,38.83345,-76.9516,America/New_York,EST,-5,,,,,,,,,,,
Maryland,MD,Marlton,,,,,,,,,38.77373,-76.79,America/New_York,EST,-5,,,,,,,,,,,
Maryland,MD,Marriottsville,,,,,,,,21104,39.35011,-76.8994,America/New_York,EST,-5,,,,,,,,,,,
Maryland,MD,Marston,,,,,,,,,39.50788,-77.1003,America/New_York,EST,-5,,,,,,,,,,,
Maryland,MD,Maryland City,,,,,,,,,39.09205,-76.8178,America/New_York,EST,-5,,,,,,,,,,,
Maryland,MD,Massey,,,,,,,,21650,39.30823,-75.8128,America/New_York,EST,-5,,,,,,,,,,,
Maryland,MD,Matthews,,,,,,,,,38.81623,-75.9527,America/New_York,EST,-5,,,,,,,,,,,
Maryland,MD,Mayo,,,,,,,,21106,38.97148,-76.5809,America/New_York,EST,-5,,,,,,,,,,,
Maryland,MD,Mays Chapel,,,,,,,,,39.43316,-76.6494,America/New_York,EST,-5,,,,,,,,,,,
Maryland,MD,Mc Henry,,,,,,,,21541,39.56559,-79.3823,America/New_York,EST,-5,,,,,,,,,,,
Maryland,MD,Mccoole,,,,,,,,,39.44648,-78.9722,America/New_York,EST,-5,,,,,,,,,,,
Maryland,MD,Mcdonogh,,,,,,,,,39.38536,-76.7311,America/New_York,EST,-5,,,,,,,,,,,
Maryland,MD,Mechanicsville,,,,,,,,,38.4429,-76.7439,America/New_York,EST,-5,,,,,,,,,,,
Maryland,MD,Melson,,,,,,,,,38.44178,-75.476,America/New_York,EST,-5,,,,,,,,,,,
Maryland,MD,Middle River,,,,,,,,21220,39.33428,-76.4316,America/New_York,EST,-5,,,,,,,,,,,
Maryland,MD,Middleburg,,,,,,,,,39.59399,-77.2128,America/New_York,EST,-5,,,,,,,,,,,
Maryland,MD,Middletown,,,,,,,,21769,39.44371,-77.5447,America/New_York,EST,-5,,,,,,,,,,,
Maryland,MD,Midland,,,,,,,,21542,39.59009,-78.9498,America/New_York,EST,-5,,,,,,,,,,,
Maryland,MD,Milford Mill,,,,,,,,,39.34788,-76.7411,America/New_York,EST,-5,,,,,,,,,,,
Maryland,MD,Millers,,,,,,,,,39.67121,-76.8511,America/New_York,EST,-5,,,,,,,,,,,
Maryland,MD,Millersville,,,,,,,,21108,39.05955,-76.648,America/New_York,EST,-5,,,,,,,,,,,
Maryland,MD,Millington,,,,,,,,21651,39.27431,-75.8951,America/New_York,EST,-5,,,,,,,,,,,
Maryland,MD,Mitchellville,,,,,,,,,38.92511,-76.7427,America/New_York,EST,-5,,,,,,,,,,,
Maryland,MD,Monie,,,,,,,,,38.18707,-75.8205,America/New_York,EST,-5,,,,,,,,,,,
Maryland,MD,Montgomery Village,,,,,,,,20886,39.18742,-77.2071,America/New_York,EST,-5,,,,,,,,,,,
Maryland,MD,Montpelier,,,,,,,,,39.0615,-76.8508,America/New_York,EST,-5,,,,,,,,,,,
Maryland,MD,Morganza,,,,,,,,,38.3754,-76.6955,America/New_York,EST,-5,,,,,,,,,,,
Maryland,MD,Morgnec,,,,,,,,,39.71394,-76.6513,America/New_York,EST,-5,,,,,,,,,,,
Maryland,MD,Morningside,,,,,,,,,38.83011,-76.8914,America/New_York,EST,-5,,,,,,,,,,,
Maryland,MD,Mount Airy,,,,,,,,21771,39.40725,-77.2141,America/New_York,EST,-5,,,,,,,,,,,
Maryland,MD,Mount Harmony,,,,,,,,,38.69845,-76.6041,America/New_York,EST,-5,,,,,,,,,,,
Maryland,MD,Mount Pleasant,,,,,,,,,39.45371,-77.3258,America/New_York,EST,-5,,,,,,,,,,,
Maryland,MD,Mount Rainier,,,,,,,,,38.94266,-76.9671,America/New_York,EST,-5,,,,,,,,,,,
Maryland,MD,Mount Savage,,,,,,,,21545,39.69565,-78.8725,America/New_York,EST,-5,,,,,,,,,,,
Maryland,MD,Mount Vernon,,,,,,,,,38.2454,-75.8216,America/New_York,EST,-5,,,,,,,,,,,
Maryland,MD,Mount Wesley,,,,,,,,,38.17151,-75.3433,America/New_York,EST,-5,,,,,,,,,,,
Maryland,MD,Mountain Lake Park,,,,,,,,,39.39843,-79.3817,America/New_York,EST,-5,,,,,,,,,,,
Maryland,MD,Myersville,,,,,,,,21773,39.55004,-77.5563,America/New_York,EST,-5,,,,,,,,,,,
Maryland,MD,Nanjemoy,,,,,,,,20662,38.43057,-77.1925,America/New_York,EST,-5,,,,,,,,,,,
Maryland,MD,Nanticoke,,,,,,,,21840,38.27234,-75.9055,America/New_York,EST,-5,,,,,,,,,,,
Maryland,MD,New Carrollton,,,,,,,,,38.96983,-76.88,America/New_York,EST,-5,,,,,,,,,,,
Maryland,MD,New Market,,,,,,,,21774,39.3826,-77.2694,America/New_York,EST,-5,,,,,,,,,,,
Maryland,MD,Newark,,,,,,,,21841,38.24635,-75.3018,America/New_York,EST,-5,,,,,,,,,,,
Maryland,MD,Newtown,,,,,,,,,38.90567,-76.0477,America/New_York,EST,-5,,,,,,,,,,,
Maryland,MD,Norbeck,,,,,,,,,39.11011,-77.0758,America/New_York,EST,-5,,,,,,,,,,,
Maryland,MD,Norrisville,,,,,,,,,39.70483,-76.5347,America/New_York,EST,-5,,,,,,,,,,,
Maryland,MD,North Beach,,,,,,,,20714,38.70734,-76.5311,America/New_York,EST,-5,,,,,,,,,,,
Maryland,MD,North Bethesda,,,,,,,,,39.04455,-77.1189,America/New_York,EST,-5,,,,,,,,,,,
Maryland,MD,North Branch,,,,,,,,,38.94539,-76.9516,America/New_York,EST,-5,,,,,,,,,,,
Maryland,MD,North East,,,,,,,,21901,39.60011,-75.9413,America/New_York,EST,-5,,,,,,,,,,,
Maryland,MD,North Kensington,,,,,,,,,39.03024,-76.9651,America/New_York,EST,-5,,,,,,,,,,,
Maryland,MD,North Laurel,,,,,,,,,39.139,-76.8705,America/New_York,EST,-5,,,,,,,,,,,
Maryland,MD,North Potomac,,,,,,,,,39.08289,-77.265,America/New_York,EST,-5,,,,,,,,,,,
Maryland,MD,Oakland,,,,,,,,21550,39.43392,-79.3167,America/New_York,EST,-5,,,,,,,,,,,
Maryland,MD,Oakley,,,,,,,,,0,0,,,,,,,,,,,,,,
Maryland,MD,Ocean City,,,,,,,,21842###21843,38.35054,-75.1289,America/New_York,EST,-5,,,,,,,,,,,
Maryland,MD,Ocean City Municipality,,,,,,,,,38.35054,-75.1289,America/New_York,EST,-5,,,,,,,,,,,
Maryland,MD,Ocean Pines,,,,,,,,,38.39539,-75.1557,America/New_York,EST,-5,,,,,,,,,,,
Maryland,MD,Octoraro,,,,,,,,,39.71394,-76.6513,America/New_York,EST,-5,,,,,,,,,,,
Maryland,MD,Odenton,,,,,,,,21113,39.0625,-76.6955,America/New_York,EST,-5,,,,,,,,,,,
Maryland,MD,Old Town,,,,,,,,,39.59665,-78.5726,America/New_York,EST,-5,,,,,,,,,,,
Maryland,MD,Oldtown,,,,,,,,21555,39.59665,-78.5726,America/New_York,EST,-5,,,,,,,,,,,
Maryland,MD,Olney,,,,,,,,20832###20830,39.15522,-77.0667,America/New_York,EST,-5,,,,,,,,,,,
Maryland,MD,Oriole,,,,,,,,,38.17318,-75.8077,America/New_York,EST,-5,,,,,,,,,,,
Maryland,MD,Overlea,,,,,,,,,39.33843,-76.5389,America/New_York,EST,-5,,,,,,,,,,,
Maryland,MD,Overton,,,,,,,,,0,0,,,,,,,,,,,,,,
Maryland,MD,Owings Mills,,,,,,,,21117,39.42906,-76.7877,America/New_York,EST,-5,,,,,,,,,,,
Maryland,MD,Oxford,,,,,,,,21654,38.71078,-76.1252,America/New_York,EST,-5,,,,,,,,,,,
Maryland,MD,Oxon Hill,,,,,,,,,38.80681,-76.9959,America/New_York,EST,-5,,,,,,,,,,,
Maryland,MD,Oxon Hill-Glassmanor,,,,,,,,,38.80681,-76.9959,America/New_York,EST,-5,,,,,,,,,,,
Maryland,MD,Park Heights,,,,,,,,,0,0,,,,,,,,,,,,,,
Maryland,MD,Park Mills,,,,,,,,,39.29788,-77.4078,America/New_York,EST,-5,,,,,,,,,,,
Maryland,MD,Parkville,,,,,,,,21234,39.41311,-76.53,America/New_York,EST,-5,,,,,,,,,,,
Maryland,MD,Parole,,,,,,,,,0,0,,,,,,,,,,,,,,
Maryland,MD,Parsonsburg,,,,,,,,21849,38.37689,-75.462,America/New_York,EST,-5,,,,,,,,,,,
Maryland,MD,Pasadena,,,,,,,,21123###21122,39.12175,-76.4953,America/New_York,EST,-5,,,,,,,,,,,
Maryland,MD,Patuxent River Nas,,,,,,,,,38.28528,-76.4157,America/New_York,EST,-5,,,,,,,,,,,
Maryland,MD,Paw Paw,,,,,,,,,39.4545,-78.4486,America/New_York,EST,-5,,,,,,,,,,,
Maryland,MD,Pecktonville,,,,,,,,,39.71394,-76.6513,America/New_York,EST,-5,,,,,,,,,,,
Maryland,MD,Perry Hall,,,,,,,,21128,39.40476,-76.4501,America/New_York,EST,-5,,,,,,,,,,,
Maryland,MD,Perryman,,,,,,,,21130,39.47731,-76.1942,America/New_York,EST,-5,,,,,,,,,,,
Maryland,MD,Petersville,,,,,,,,,39.34649,-77.6108,America/New_York,EST,-5,,,,,,,,,,,
Maryland,MD,Pikesville,,,,,,,,21208,39.38516,-76.727,America/New_York,EST,-5,,,,,,,,,,,
Maryland,MD,Piney Point,,,,,,,,,38.14235,-76.5075,America/New_York,EST,-5,,,,,,,,,,,
Maryland,MD,Pittsville,,,,,,,,21850,38.39457,-75.4105,America/New_York,EST,-5,,,,,,,,,,,
Maryland,MD,Pleasant Hill,,,,,,,,,39.67039,-75.9022,America/New_York,EST,-5,,,,,,,,,,,
Maryland,MD,Pleasant Hills,,,,,,,,,39.47955,-76.3941,America/New_York,EST,-5,,,,,,,,,,,
Maryland,MD,Pleasant Valley,,,,,,,,,39.54857,-76.9836,America/New_York,EST,-5,,,,,,,,,,,
Maryland,MD,Pleasant Walk,,,,,,,,,39.53982,-77.5861,America/New_York,EST,-5,,,,,,,,,,,
Maryland,MD,Pleasantville,,,,,,,,,39.30739,-77.7701,America/New_York,EST,-5,,,,,,,,,,,
Maryland,MD,Pocomoke City,,,,,,,,21851,38.0892,-75.5372,America/New_York,EST,-5,,,,,,,,,,,
Maryland,MD,Point Of Rocks,,,,,,,,21777,39.27777,-77.5321,America/New_York,EST,-5,,,,,,,,,,,
Maryland,MD,Poolesville,,,,,,,,20837,39.12371,-77.4032,America/New_York,EST,-5,,,,,,,,,,,
Maryland,MD,Poplar Springs,,,,,,,,,39.39465,-77.164,America/New_York,EST,-5,,,,,,,,,,,
Maryland,MD,Port Tobacco Village,,,,,,,,,38.51048,-77.0196,America/New_York,EST,-5,,,,,,,,,,,
Maryland,MD,Potomac,,,,,,,,20859###20854,39.02984,-77.2348,America/New_York,EST,-5,,,,,,,,,,,
Maryland,MD,Potomac Heights,,,,,,,,,38.60873,-77.1405,America/New_York,EST,-5,,,,,,,,,,,
Maryland,MD,Potomac Park,,,,,,,,,39.61176,-78.8059,America/New_York,EST,-5,,,,,,,,,,,
Maryland,MD,Powellville,,,,,,,,21852,38.38843,-75.6276,America/New_York,EST,-5,,,,,,,,,,,
Maryland,MD,Prince Frederick,,,,,,,,20678,38.54571,-76.5895,America/New_York,EST,-5,,,,,,,,,,,
Maryland,MD,Princess Anne,,,,,,,,21853,38.20055,-75.7529,America/New_York,EST,-5,,,,,,,,,,,
Maryland,MD,Public Landing,,,,,,,,,38.14901,-75.2874,America/New_York,EST,-5,,,,,,,,,,,
Maryland,MD,Pumphrey,,,,,,,,,39.21733,-76.6372,America/New_York,EST,-5,,,,,,,,,,,
Maryland,MD,Pumpkin Center,,,,,,,,,0,0,,,,,,,,,,,,,,
Maryland,MD,Pylesville,,,,,,,,21132,39.69285,-76.4218,America/New_York,EST,-5,,,,,,,,,,,
Maryland,MD,Queen Anne,,,,,,,,,40.60538,-73.7551,America/New_York,EST,-5,,,,,,,,,,,
Maryland,MD,Randallstown,,,,,,,,21133,39.37787,-76.8167,America/New_York,EST,-5,,,,,,,,,,,
Maryland,MD,Rawlings,,,,,,,,21557,39.50582,-78.9212,America/New_York,EST,-5,,,,,,,,,,,
Maryland,MD,Redgate,,,,,,,,,0,0,,,,,,,,,,,,,,
Maryland,MD,Redland,,,,,,,,,0,0,,,,,,,,,,,,,,
Maryland,MD,Reese,,,,,,,,,39.54288,-76.9378,America/New_York,EST,-5,,,,,,,,,,,
Maryland,MD,Rehobeth,,,,,,,,21857,38.09272,-75.8882,America/New_York,EST,-5,,,,,,,,,,,
Maryland,MD,Reisterstown,,,,,,,,21136,39.48762,-76.7963,America/New_York,EST,-5,,,,,,,,,,,
Maryland,MD,Reynolds,,,,,,,,,39.50926,-79.0278,America/New_York,EST,-5,,,,,,,,,,,
Maryland,MD,Richardsmere,,,,,,,,,39.67163,-76.0974,America/New_York,EST,-5,,,,,,,,,,,
Maryland,MD,Ridge,,,,,,,,,38.12218,-76.3694,America/New_York,EST,-5,,,,,,,,,,,
Maryland,MD,Ridgely,,,,,,,,21660,38.95614,-75.8891,America/New_York,EST,-5,,,,,,,,,,,
Maryland,MD,Ridgeway,,,,,,,,,0,0,,,,,,,,,,,,,,
Maryland,MD,Ringgold,,,,,,,,,39.70954,-77.5667,America/New_York,EST,-5,,,,,,,,,,,
Maryland,MD,Ripley,,,,,,,,,38.54484,-77.0783,America/New_York,EST,-5,,,,,,,,,,,
Maryland,MD,Rising Sun,,,,,,,,21911,39.67157,-76.0567,America/New_York,EST,-5,,,,,,,,,,,
Maryland,MD,Riva,,,,,,,,21140,38.94472,-76.5876,America/New_York,EST,-5,,,,,,,,,,,
Maryland,MD,Riverdale Park,,,,,,,,,38.96344,-76.9316,America/New_York,EST,-5,,,,,,,,,,,
Maryland,MD,Riverside,,,,,,,,,38.3879,-77.1464,America/New_York,EST,-5,,,,,,,,,,,
Maryland,MD,Riviera Beach,,,,,,,,,39.16678,-76.508,America/New_York,EST,-5,,,,,,,,,,,
Maryland,MD,Rock Hall,,,,,,,,21661,39.11782,-76.2232,America/New_York,EST,-5,,,,,,,,,,,
Maryland,MD,Rock Springs,,,,,,,,,39.71511,-76.1586,America/New_York,EST,-5,,,,,,,,,,,
Maryland,MD,Rockville,,,,,,,,20857###20847###20848###20849###20850###20851###20852###20853,39.14398,-77.2076,America/New_York,EST,-5,,,,,,,,,,,
Maryland,MD,Rohersville,,,,,,,,,39.71394,-76.6513,America/New_York,EST,-5,,,,,,,,,,,
Maryland,MD,Rosaryville,,,,,,,,,0,0,,,,,,,,,,,,,,
Maryland,MD,Rosedale,,,,,,,,21237,39.33996,-76.488,America/New_York,EST,-5,,,,,,,,,,,
Maryland,MD,Rosemont,,,,,,,,,39.32927,-77.6225,America/New_York,EST,-5,,,,,,,,,,,
Maryland,MD,Rossmoor,,,,,,,,,0,0,,,,,,,,,,,,,,
Maryland,MD,Rossville,,,,,,,,,39.28921,-76.4348,America/New_York,EST,-5,,,,,,,,,,,
Maryland,MD,Roxbury Mills,,,,,,,,,0,0,,,,,,,,,,,,,,
Maryland,MD,Royal Oak,,,,,,,,21662,38.71353,-76.1968,America/New_York,EST,-5,,,,,,,,,,,
Maryland,MD,Rumbley,,,,,,,,,38.09346,-75.8583,America/New_York,EST,-5,,,,,,,,,,,
Maryland,MD,Sabillasville,,,,,,,,21780,39.66704,-77.4819,America/New_York,EST,-5,,,,,,,,,,,
Maryland,MD,Saint Leonard,,,,,,,,20685,38.44048,-76.5174,America/New_York,EST,-5,,,,,,,,,,,
Maryland,MD,Salisbury,,,,,,,,21801###21802###21803###21804,38.38245,-75.6336,America/New_York,EST,-5,,,,,,,,,,,
Maryland,MD,Salisbury-Wicomico,,,,,,,,,38.41346,-76.8766,America/New_York,EST,-5,,,,,,,,,,,
Maryland,MD,Sandgates,,,,,,,,,38.4129,-76.6152,America/New_York,EST,-5,,,,,,,,,,,
Maryland,MD,Sassafras,,,,,,,,,39.37317,-75.8024,America/New_York,EST,-5,,,,,,,,,,,
Maryland,MD,Savage-Guilford,,,,,,,,,39.26058,-76.8001,America/New_York,EST,-5,,,,,,,,,,,
Maryland,MD,Scaggsville,,,,,,,,,39.14511,-76.9003,America/New_York,EST,-5,,,,,,,,,,,
Maryland,MD,Scarboro,,,,,,,,,39.64622,-76.2952,America/New_York,EST,-5,,,,,,,,,,,
Maryland,MD,Seat Pleasant,,,,,,,,,38.89622,-76.9066,America/New_York,EST,-5,,,,,,,,,,,
Maryland,MD,Secretary,,,,,,,,21664,38.60928,-75.9474,America/New_York,EST,-5,,,,,,,,,,,
Maryland,MD,Severn,,,,,,,,21144,39.1328,-76.6925,America/New_York,EST,-5,,,,,,,,,,,
Maryland,MD,Severna Park,,,,,,,,21146,39.08337,-76.572,America/New_York,EST,-5,,,,,,,,,,,
Maryland,MD,Shad Point,,,,,,,,,38.33984,-75.6321,America/New_York,EST,-5,,,,,,,,,,,
Maryland,MD,Shady Side,,,,,,,,20764,38.82793,-76.5231,America/New_York,EST,-5,,,,,,,,,,,
Maryland,MD,Sharpsburg,,,,,,,,21782,39.43872,-77.7717,America/New_York,EST,-5,,,,,,,,,,,
Maryland,MD,Sharptown,,,,,,,,21861,38.5389,-75.7192,America/New_York,EST,-5,,,,,,,,,,,
Maryland,MD,Shelltown,,,,,,,,,37.97985,-75.6399,America/New_York,EST,-5,,,,,,,,,,,
Maryland,MD,Showell,,,,,,,,21862,38.40031,-75.2166,America/New_York,EST,-5,,,,,,,,,,,
Maryland,MD,Silver Spring,,,,,,,,20910###20906###20908###20905###20902###20903###20914###20997###20915###20901###20916###20918###20907###20911###20993###20904,39.03629,-77.0109,America/New_York,EST,-5,,,,,,,,,,,
Maryland,MD,Simpsonville,,,,,,,,21150,39.23641,-76.9419,America/New_York,EST,-5,,,,,,,,,,,
Maryland,MD,Skipton,,,,,,,,,38.89539,-76.0588,America/New_York,EST,-5,,,,,,,,,,,
Maryland,MD,Smithsburg,,,,,,,,21783,39.65482,-77.5728,America/New_York,EST,-5,,,,,,,,,,,
Maryland,MD,Smithville,,,,,,,,,38.774,-75.7327,America/New_York,EST,-5,,,,,,,,,,,
Maryland,MD,Snow Hill,,,,,,,,21863,38.21782,-75.3266,America/New_York,EST,-5,,,,,,,,,,,
Maryland,MD,Somerset,,,,,,,,,38.96594,-77.0961,America/New_York,EST,-5,,,,,,,,,,,
Maryland,MD,Sotterley,,,,,,,,,0,0,,,,,,,,,,,,,,
Maryland,MD,South Gate,,,,,,,,,39.129,-76.6258,America/New_York,EST,-5,,,,,,,,,,,
Maryland,MD,South Kensington,,,,,,,,,39.019,-77.08,America/New_York,EST,-5,,,,,,,,,,,
Maryland,MD,South Laurel,,,,,,,,,39.06983,-76.8503,America/New_York,EST,-5,,,,,,,,,,,
Maryland,MD,St. Charles,,,,,,,,,0,0,,,,,,,,,,,,,,
Maryland,MD,St. Michaels,,,,,,,,,38.78512,-76.2244,America/New_York,EST,-5,,,,,,,,,,,
Maryland,MD,Starkey Corner,,,,,,,,,39.12404,-75.9667,America/New_York,EST,-5,,,,,,,,,,,
Maryland,MD,Starr,,,,,,,,,39.0494,-76.0445,America/New_York,EST,-5,,,,,,,,,,,
Maryland,MD,Stevensville,,,,,,,,,38.97514,-76.3171,America/New_York,EST,-5,,,,,,,,,,,
Maryland,MD,Stockton,,,,,,,,21864,38.04293,-75.4118,America/New_York,EST,-5,,,,,,,,,,,
Maryland,MD,Suitland-Silver Hi,,,,,,,,,38.83491,-76.9127,America/New_York,EST,-5,,,,,,,,,,,
Maryland,MD,Suitland-Silver Hill,,,,,,,,,38.84254,-76.9152,America/New_York,EST,-5,,,,,,,,,,,
Maryland,MD,Sykesville,,,,,,,,21784,39.45672,-76.9696,America/New_York,EST,-5,,,,,,,,,,,
Maryland,MD,Takoma Park,,,,,,,,20912,38.98236,-77.0058,America/New_York,EST,-5,,,,,,,,,,,
Maryland,MD,Talbot,,,,,,,,,0,0,,,,,,,,,,,,,,
Maryland,MD,Taneytown,,,,,,,,21787,39.65745,-77.1691,America/New_York,EST,-5,,,,,,,,,,,
Maryland,MD,Tantallon,,,,,,,,,38.724,-77.0097,America/New_York,EST,-5,,,,,,,,,,,
Maryland,MD,Tanyard,,,,,,,,,38.75067,-75.9766,America/New_York,EST,-5,,,,,,,,,,,
Maryland,MD,Taylors Island,,,,,,,,21669,38.46901,-76.2991,America/New_York,EST,-5,,,,,,,,,,,
Maryland,MD,Temple Hills,,,,,,,,,38.81726,-76.9358,America/New_York,EST,-5,,,,,,,,,,,
Maryland,MD,The American Legion,,,,,,,,,0,0,,,,,,,,,,,,,,
Maryland,MD,The Woodrow Wilson,,,,,,,,,39.43232,-79.2703,America/New_York,EST,-5,,,,,,,,,,,
Maryland,MD,Thurmont,,,,,,,,21788,39.61088,-77.3989,America/New_York,EST,-5,,,,,,,,,,,
Maryland,MD,Tilghman Island,,,,,,,,,38.70473,-76.3326,America/New_York,EST,-5,,,,,,,,,,,
Maryland,MD,Timonium,,,,,,,,,39.43705,-76.6197,America/New_York,EST,-5,,,,,,,,,,,
Maryland,MD,Tintop Hill,,,,,,,,,0,0,,,,,,,,,,,,,,
Maryland,MD,Tompkinsville,,,,,,,,,38.32179,-76.8925,America/New_York,EST,-5,,,,,,,,,,,
Maryland,MD,Town Creek,,,,,,,,,39.4545,-78.4486,America/New_York,EST,-5,,,,,,,,,,,
Maryland,MD,Towson,,,,,,,,21286###21204,39.40716,-76.6038,America/New_York,EST,-5,,,,,,,,,,,
Maryland,MD,Trappe,,,,,,,,21673,38.66445,-76.058,America/New_York,EST,-5,,,,,,,,,,,
Maryland,MD,Travilah,,,,,,,,,39.11521,-77.2516,America/New_York,EST,-5,,,,,,,,,,,
Maryland,MD,Trinity,,,,,,,,,0,0,,,,,,,,,,,,,,
Maryland,MD,Tyaskin,,,,,,,,21865,38.32207,-75.8735,America/New_York,EST,-5,,,,,,,,,,,
Maryland,MD,Uniontown,,,,,,,,,39.59343,-77.1161,America/New_York,EST,-5,,,,,,,,,,,
Maryland,MD,Upper Fairmount,,,,,,,,21867,38.10967,-75.7937,America/New_York,EST,-5,,,,,,,,,,,
Maryland,MD,Upper Hill,,,,,,,,,38.11179,-75.7902,America/New_York,EST,-5,,,,,,,,,,,
Maryland,MD,Upper Marlboro,,,,,,,,,38.81617,-76.7861,America/New_York,EST,-5,,,,,,,,,,,
Maryland,MD,Utica,,,,,,,,,39.52593,-77.3939,America/New_York,EST,-5,,,,,,,,,,,
Maryland,MD,Vienna,,,,,,,,21869,38.43093,-75.8971,America/New_York,EST,-5,,,,,,,,,,,
Maryland,MD,Wagners Mill,,,,,,,,,0,0,,,,,,,,,,,,,,
Maryland,MD,Waldorf,,,,,,,,20601###20602###20604###20603,38.60378,-76.8679,America/New_York,EST,-5,,,,,,,,,,,
Maryland,MD,Walker Mill,,,,,,,,,38.855,-76.8833,America/New_York,EST,-5,,,,,,,,,,,
Maryland,MD,Walkersville,,,,,,,,21793,39.49125,-77.3435,America/New_York,EST,-5,,,,,,,,,,,
Maryland,MD,Warrenton,,,,,,,,,0,0,,,,,,,,,,,,,,
Maryland,MD,Warwick,,,,,,,,21912,39.41678,-75.7783,America/New_York,EST,-5,,,,,,,,,,,
Maryland,MD,Watersville,,,,,,,,,39.3676,-77.1036,America/New_York,EST,-5,,,,,,,,,,,
Maryland,MD,Waterview,,,,,,,,,38.24707,-75.903,America/New_York,EST,-5,,,,,,,,,,,
Maryland,MD,West Friendship,,,,,,,,21794,39.2962,-76.9812,America/New_York,EST,-5,,,,,,,,,,,
Maryland,MD,West Nottingham,,,,,,,,,39.66955,-76.0763,America/New_York,EST,-5,,,,,,,,,,,
Maryland,MD,West Ocean City,,,,,,,,,38.3315,-75.1069,America/New_York,EST,-5,,,,,,,,,,,
Maryland,MD,Westernport,,,,,,,,21562,39.49055,-79.014,America/New_York,EST,-5,,,,,,,,,,,
Maryland,MD,Westminster,,,,,,,,21158###21157,39.5642,-76.9807,America/New_York,EST,-5,,,,,,,,,,,
Maryland,MD,Westover,,,,,,,,21871###21890,38.15732,-75.7043,America/New_York,EST,-5,,,,,,,,,,,
Maryland,MD,Wetipquin,,,,,,,,,38.33679,-75.8472,America/New_York,EST,-5,,,,,,,,,,,
Maryland,MD,Whaleyville,,,,,,,,21872,38.41209,-75.2811,America/New_York,EST,-5,,,,,,,,,,,
Maryland,MD,Wheaton-Glenmont,,,,,,,,,39.08732,-77.0572,America/New_York,EST,-5,,,,,,,,,,,
Maryland,MD,White Marsh,,,,,,,,21162,39.38946,-76.412,America/New_York,EST,-5,,,,,,,,,,,
Maryland,MD,White Oak,,,,,,,,,39.04162,-76.9898,America/New_York,EST,-5,,,,,,,,,,,
Maryland,MD,White Plains,,,,,,,,20695,38.59744,-76.9903,America/New_York,EST,-5,,,,,,,,,,,
Maryland,MD,Whiteford,,,,,,,,21160,39.70316,-76.3306,America/New_York,EST,-5,,,,,,,,,,,
Maryland,MD,Whitehaven,,,,,,,,,38.26929,-75.791,America/New_York,EST,-5,,,,,,,,,,,
Maryland,MD,Whitesburg,,,,,,,,,39.53316,-77.3147,America/New_York,EST,-5,,,,,,,,,,,
Maryland,MD,Whiton,,,,,,,,,38.18791,-75.399,America/New_York,EST,-5,,,,,,,,,,,
Maryland,MD,Wicomico,,,,,,,,,38.41346,-76.8766,America/New_York,EST,-5,,,,,,,,,,,
Maryland,MD,Widgeon,,,,,,,,,38.25123,-75.7691,America/New_York,EST,-5,,,,,,,,,,,
Maryland,MD,Willards,,,,,,,,21874,38.40406,-75.3513,America/New_York,EST,-5,,,,,,,,,,,
Maryland,MD,Williamsport,,,,,,,,21795,39.58912,-77.8263,America/New_York,EST,-5,,,,,,,,,,,
Maryland,MD,Windyhill,,,,,,,,,0,0,,,,,,,,,,,,,,
Maryland,MD,Winfield,,,,,,,,,39.54857,-76.9836,America/New_York,EST,-5,,,,,,,,,,,
Maryland,MD,Wingate,,,,,,,,21675,38.28207,-76.0819,America/New_York,EST,-5,,,,,,,,,,,
Maryland,MD,Wolfe Mill,,,,,,,,,0,0,,,,,,,,,,,,,,
Maryland,MD,Wolfsville,,,,,,,,,39.65183,-77.5535,America/New_York,EST,-5,,,,,,,,,,,
Maryland,MD,Woodland,,,,,,,,,39.60842,-78.9509,America/New_York,EST,-5,,,,,,,,,,,
Maryland,MD,Woodlawn,,,,,,,,,39.32288,-76.728,America/New_York,EST,-5,,,,,,,,,,,
Maryland,MD,Woodmore,,,,,,,,,39.02218,-76.9847,America/New_York,EST,-5,,,,,,,,,,,
Maryland,MD,Woodsboro,,,,,,,,21798,39.53316,-77.3147,America/New_York,EST,-5,,,,,,,,,,,
Maryland,MD,Woodstock,,,,,,,,21163,39.32872,-76.8719,America/New_York,EST,-5,,,,,,,,,,,
Maryland,MD,Woolford,,,,,,,,21677,38.47268,-76.1732,America/New_York,EST,-5,,,,,,,,,,,
Maryland,MD,Wye Mills,,,,,,,,21679,38.91506,-76.0739,America/New_York,EST,-5,,,,,,,,,,,
Maryland,MD,Zion,,,,,,,,,39.67567,-75.9649,America/New_York,EST,-5,,,,,,,,,,,
