Maine,ME,Abbot,,,,,,,,4406,45.2293,-69.5969,America/New_York,EST,-5,,,,,,,,,,,
Maine,ME,Acton,,,,,,,,4001,43.53425,-70.9098,America/New_York,EST,-5,,,,,,,,,,,
Maine,ME,Addison,,,,,,,,4606,44.61841,-67.7442,America/New_York,EST,-5,,,,,,,,,,,
Maine,ME,Albion,,,,,,,,4910,44.53229,-69.4425,America/New_York,EST,-5,,,,,,,,,,,
Maine,ME,Alexander,,,,,,,,,45.08869,-67.4683,America/New_York,EST,-5,,,,,,,,,,,
Maine,ME,Alfred,,,,,,,,4002,43.46722,-70.739,America/New_York,EST,-5,,,,,,,,,,,
Maine,ME,Allagash,,,,,,,,,44.50786,-67.8592,America/New_York,EST,-5,,,,,,,,,,,
Maine,ME,Alna,,,,,,,,4535,44.10619,-69.6037,America/New_York,EST,-5,,,,,,,,,,,
Maine,ME,Alton,,,,,,,,,0,0,,,,,,,,,,,,,,
Maine,ME,Amherst,,,,,,,,,0,0,,,,,,,,,,,,,,
Maine,ME,Andover,,,,,,,,4216,44.63562,-70.7512,America/New_York,EST,-5,,,,,,,,,,,
Maine,ME,Anson,,,,,,,,4911,44.81062,-69.9129,America/New_York,EST,-5,,,,,,,,,,,
Maine,ME,Appleton,,,,,,,,,0,0,,,,,,,,,,,,,,
Maine,ME,Argyle,,,,,,,,,0,0,,,,,,,,,,,,,,
Maine,ME,Arrowsic,,,,,,,,,44.50786,-67.8592,America/New_York,EST,-5,,,,,,,,,,,
Maine,ME,Arundel,,,,,,,,,0,0,,,,,,,,,,,,,,
Maine,ME,Ashland,,,,,,,,4732,46.63115,-68.4062,America/New_York,EST,-5,,,,,,,,,,,
Maine,ME,Athens,,,,,,,,4912,44.9227,-69.6767,America/New_York,EST,-5,,,,,,,,,,,
Maine,ME,Atkinson,,,,,,,,,45.15978,-69.0823,America/New_York,EST,-5,,,,,,,,,,,
Maine,ME,Attean,,,,,,,,,44.50786,-67.8592,America/New_York,EST,-5,,,,,,,,,,,
Maine,ME,Auburn,,,,,,,,4210###4211###4212,44.08742,-70.2438,America/New_York,EST,-5,,,,,,,,,,,
Maine,ME,Augusta,,,,,,,,4338###4330###4332###4333###4336,44.35164,-69.8038,America/New_York,EST,-5,,,,,,,,,,,
Maine,ME,Aurora,,,,,,,,4408,44.85424,-68.3281,America/New_York,EST,-5,,,,,,,,,,,
Maine,ME,Avon,,,,,,,,,0,0,,,,,,,,,,,,,,
Maine,ME,Baker Lake,,,,,,,,,0,0,,,,,,,,,,,,,,
Maine,ME,Bancroft,,,,,,,,,0,0,,,,,,,,,,,,,,
Maine,ME,Bangor,,,,,,,,4401###4402,44.84852,-68.8504,America/New_York,EST,-5,,,,,,,,,,,
Maine,ME,Bar Harbor,,,,,,,,4609,44.38132,-68.2111,America/New_York,EST,-5,,,,,,,,,,,
Maine,ME,Barnard,,,,,,,,,44.23988,-68.3546,America/New_York,EST,-5,,,,,,,,,,,
Maine,ME,Bath,,,,,,,,4530,43.86789,-69.8265,America/New_York,EST,-5,,,,,,,,,,,
Maine,ME,Baxter St Park,,,,,,,,,0,0,,,,,,,,,,,,,,
Maine,ME,Belfast,,,,,,,,4915,44.40462,-69.0403,America/New_York,EST,-5,,,,,,,,,,,
Maine,ME,Belgrade,,,,,,,,4917,44.48059,-69.8325,America/New_York,EST,-5,,,,,,,,,,,
Maine,ME,Benedicta,,,,,,,,4733,45.80172,-68.4117,America/New_York,EST,-5,,,,,,,,,,,
Maine,ME,Benton,,,,,,,,,44.50805,-69.4453,America/New_York,EST,-5,,,,,,,,,,,
Maine,ME,Berwick,,,,,,,,3901,43.26855,-70.8621,America/New_York,EST,-5,,,,,,,,,,,
Maine,ME,Bethel,,,,,,,,4217,44.42841,-70.77,America/New_York,EST,-5,,,,,,,,,,,
Maine,ME,Biddeford,,,,,,,,4007###4005,43.49213,-70.4854,America/New_York,EST,-5,,,,,,,,,,,
Maine,ME,Billy-Jack Depot,,,,,,,,,0,0,,,,,,,,,,,,,,
Maine,ME,Bingham,,,,,,,,4920,45.05916,-69.8735,America/New_York,EST,-5,,,,,,,,,,,
Maine,ME,Blaine,,,,,,,,4734,46.50476,-67.8686,America/New_York,EST,-5,,,,,,,,,,,
Maine,ME,Blanchard,,,,,,,,,45.26755,-69.5837,America/New_York,EST,-5,,,,,,,,,,,
Maine,ME,Blue Hill,,,,,,,,4614,44.43443,-68.5909,America/New_York,EST,-5,,,,,,,,,,,
Maine,ME,Boothbay,,,,,,,,4537,43.8949,-69.6272,America/New_York,EST,-5,,,,,,,,,,,
Maine,ME,Boothbay Harbor,,,,,,,,4538,43.85559,-69.6232,America/New_York,EST,-5,,,,,,,,,,,
Maine,ME,Bowdoin,,,,,,,,4287,44.05751,-69.9656,America/New_York,EST,-5,,,,,,,,,,,
Maine,ME,Bowdoinham,,,,,,,,4008,44.02316,-69.8758,America/New_York,EST,-5,,,,,,,,,,,
Maine,ME,Bowerbank,,,,,,,,,44.50786,-67.8592,America/New_York,EST,-5,,,,,,,,,,,
Maine,ME,Boyd Lake,,,,,,,,,0,0,,,,,,,,,,,,,,
Maine,ME,Bradford,,,,,,,,4410,45.05886,-68.9543,America/New_York,EST,-5,,,,,,,,,,,
Maine,ME,Bradley,,,,,,,,4411,44.91495,-68.6257,America/New_York,EST,-5,,,,,,,,,,,
Maine,ME,Brassua,,,,,,,,,44.50786,-67.8592,America/New_York,EST,-5,,,,,,,,,,,
Maine,ME,Bremen,,,,,,,,4551,44.01041,-69.4402,America/New_York,EST,-5,,,,,,,,,,,
Maine,ME,Brewer,,,,,,,,4412,44.79674,-68.7614,America/New_York,EST,-5,,,,,,,,,,,
Maine,ME,Bridgewater,,,,,,,,4735,46.42782,-67.8434,America/New_York,EST,-5,,,,,,,,,,,
Maine,ME,Bridgton,,,,,,,,4009,44.06751,-70.7251,America/New_York,EST,-5,,,,,,,,,,,
Maine,ME,Brighton,,,,,,,,,44.98071,-69.6899,America/New_York,EST,-5,,,,,,,,,,,
Maine,ME,Bristol,,,,,,,,4539,43.95758,-69.5092,America/New_York,EST,-5,,,,,,,,,,,
Maine,ME,Brooklin,,,,,,,,4616,40.6451,-73.945,America/New_York,EST,-5,,,,,,,,,,,
Maine,ME,Brooks,,,,,,,,4921,44.57939,-69.1754,America/New_York,EST,-5,,,,,,,,,,,
Maine,ME,Brooksville,,,,,,,,4617,44.33758,-68.7656,America/New_York,EST,-5,,,,,,,,,,,
Maine,ME,Brookton,,,,,,,,4413,45.52979,-67.7656,America/New_York,EST,-5,,,,,,,,,,,
Maine,ME,Brownfield,,,,,,,,4010,43.93813,-70.9087,America/New_York,EST,-5,,,,,,,,,,,
Maine,ME,Brownville,,,,,,,,4414,45.3101,-69.0295,America/New_York,EST,-5,,,,,,,,,,,
Maine,ME,Brownville Junction,,,,,,,,4415,45.35118,-69.0581,America/New_York,EST,-5,,,,,,,,,,,
Maine,ME,Brunswick,,,,,,,,4011,43.91172,-69.9405,America/New_York,EST,-5,,,,,,,,,,,
Maine,ME,Brunswick Naval Air Station,,,,,,,,,43.8867,-69.9326,America/New_York,EST,-5,,,,,,,,,,,
Maine,ME,Bryant Pond,,,,,,,,4219,44.36635,-70.6398,America/New_York,EST,-5,,,,,,,,,,,
Maine,ME,Buckfield,,,,,,,,4220,44.28951,-70.3653,America/New_York,EST,-5,,,,,,,,,,,
Maine,ME,Burlington,,,,,,,,4417,45.20923,-68.4267,America/New_York,EST,-5,,,,,,,,,,,
Maine,ME,Burnham,,,,,,,,4922,44.67739,-69.3788,America/New_York,EST,-5,,,,,,,,,,,
Maine,ME,Buxton,,,,,,,,,43.64869,-70.5412,America/New_York,EST,-5,,,,,,,,,,,
Maine,ME,Byron,,,,,,,,,0,0,,,,,,,,,,,,,,
Maine,ME,Calais,,,,,,,,4619,45.18896,-67.2786,America/New_York,EST,-5,,,,,,,,,,,
Maine,ME,Cambridge,,,,,,,,4923,45.03606,-69.4387,America/New_York,EST,-5,,,,,,,,,,,
Maine,ME,Camden,,,,,,,,4843,44.21325,-69.0675,America/New_York,EST,-5,,,,,,,,,,,
Maine,ME,Canaan,,,,,,,,4924,44.74366,-69.5852,America/New_York,EST,-5,,,,,,,,,,,
Maine,ME,Canton,,,,,,,,4221,44.44062,-70.3153,America/New_York,EST,-5,,,,,,,,,,,
Maine,ME,Cape Elizabeth,,,,,,,,4107,43.59551,-70.2396,America/New_York,EST,-5,,,,,,,,,,,
Maine,ME,Cape Neddick,,,,,,,,3902,43.24579,-70.6647,America/New_York,EST,-5,,,,,,,,,,,
Maine,ME,Caratunk,,,,,,,,4925,45.23394,-69.9901,America/New_York,EST,-5,,,,,,,,,,,
Maine,ME,Caribou,,,,,,,,4736,46.87136,-68.0254,America/New_York,EST,-5,,,,,,,,,,,
Maine,ME,Carmel,,,,,,,,4419,44.79757,-69.0512,America/New_York,EST,-5,,,,,,,,,,,
Maine,ME,Carrabassett Valley,,,,,,,,,0,0,,,,,,,,,,,,,,
Maine,ME,Carroll,,,,,,,,,0,0,,,,,,,,,,,,,,
Maine,ME,Carthage,,,,,,,,,0,0,,,,,,,,,,,,,,
Maine,ME,Cary,,,,,,,,,45.99533,-67.862,America/New_York,EST,-5,,,,,,,,,,,
Maine,ME,Casco,,,,,,,,4015,43.96212,-70.5245,America/New_York,EST,-5,,,,,,,,,,,
Maine,ME,Caucomgomoc Lake,,,,,,,,,0,0,,,,,,,,,,,,,,
Maine,ME,Centerville,,,,,,,,,0,0,,,,,,,,,,,,,,
Maine,ME,Chamberlain Lake,,,,,,,,,43.88429,-69.4792,America/New_York,EST,-5,,,,,,,,,,,
Maine,ME,Chapman,,,,,,,,,0,0,,,,,,,,,,,,,,
Maine,ME,Charleston,,,,,,,,4422,45.067,-69.0407,America/New_York,EST,-5,,,,,,,,,,,
Maine,ME,Charlotte,,,,,,,,,0,0,,,,,,,,,,,,,,
Maine,ME,Chelsea,,,,,,,,,44.25035,-69.7173,America/New_York,EST,-5,,,,,,,,,,,
Maine,ME,Cherryfield,,,,,,,,4622,44.60326,-67.9232,America/New_York,EST,-5,,,,,,,,,,,
Maine,ME,Chester,,,,,,,,,0,0,,,,,,,,,,,,,,
Maine,ME,Chesterville,,,,,,,,,44.55118,-70.0862,America/New_York,EST,-5,,,,,,,,,,,
Maine,ME,Chesuncook,,,,,,,,,44.50786,-67.8592,America/New_York,EST,-5,,,,,,,,,,,
Maine,ME,China,,,,,,,,4926,44.47868,-69.5173,America/New_York,EST,-5,,,,,,,,,,,
Maine,ME,Churchill Dam,,,,,,,,,0,0,,,,,,,,,,,,,,
Maine,ME,Clayton Lake,,,,,,,,4737,46.51617,-68.8868,America/New_York,EST,-5,,,,,,,,,,,
Maine,ME,Clifton,,,,,,,,,0,0,,,,,,,,,,,,,,
Maine,ME,Clinton,,,,,,,,4927,44.6501,-69.4858,America/New_York,EST,-5,,,,,,,,,,,
Maine,ME,Coburn Gore,,,,,,,,,43.87857,-70.3289,America/New_York,EST,-5,,,,,,,,,,,
Maine,ME,Codyville,,,,,,,,,0,0,,,,,,,,,,,,,,
Maine,ME,Columbia,,,,,,,,,0,0,,,,,,,,,,,,,,
Maine,ME,Columbia Falls,,,,,,,,4623,44.69861,-67.7799,America/New_York,EST,-5,,,,,,,,,,,
Maine,ME,Comstock,,,,,,,,,0,0,,,,,,,,,,,,,,
Maine,ME,Cooper,,,,,,,,,0,0,,,,,,,,,,,,,,
Maine,ME,Corinna,,,,,,,,4928,44.94416,-69.2287,America/New_York,EST,-5,,,,,,,,,,,
Maine,ME,Cornish,,,,,,,,4020,43.77397,-70.7917,America/New_York,EST,-5,,,,,,,,,,,
Maine,ME,Cornville,,,,,,,,,45.4666,-69.5891,America/New_York,EST,-5,,,,,,,,,,,
Maine,ME,Costigan,,,,,,,,,45.03948,-68.5292,America/New_York,EST,-5,,,,,,,,,,,
Maine,ME,Cranberry Isles,,,,,,,,4625,44.24841,-68.2603,America/New_York,EST,-5,,,,,,,,,,,
Maine,ME,Crawford,,,,,,,,,0,0,,,,,,,,,,,,,,
Maine,ME,Criehaven,,,,,,,,,0,0,,,,,,,,,,,,,,
Maine,ME,Crystal,,,,,,,,,0,0,,,,,,,,,,,,,,
Maine,ME,Cumberland,,,,,,,,,43.79822,-70.2541,America/New_York,EST,-5,,,,,,,,,,,
Maine,ME,Cushing,,,,,,,,4563,44.02301,-69.2556,America/New_York,EST,-5,,,,,,,,,,,
Maine,ME,Daigle,,,,,,,,,0,0,,,,,,,,,,,,,,
Maine,ME,Dallas,,,,,,,,,0,0,,,,,,,,,,,,,,
Maine,ME,Damariscotta,,,,,,,,4543,44.03286,-69.5187,America/New_York,EST,-5,,,,,,,,,,,
Maine,ME,Danforth,,,,,,,,4424,45.65883,-67.8661,America/New_York,EST,-5,,,,,,,,,,,
Maine,ME,Davis,,,,,,,,,0,0,,,,,,,,,,,,,,
Maine,ME,Deblois,,,,,,,,,44.74146,-68.0147,America/New_York,EST,-5,,,,,,,,,,,
Maine,ME,Deboullie Mountain,,,,,,,,,0,0,,,,,,,,,,,,,,
Maine,ME,Dedham,,,,,,,,,0,0,,,,,,,,,,,,,,
Maine,ME,Deer Isle,,,,,,,,4627,44.2135,-68.7117,America/New_York,EST,-5,,,,,,,,,,,
Maine,ME,Denmark,,,,,,,,4022,43.97035,-70.8034,America/New_York,EST,-5,,,,,,,,,,,
Maine,ME,Dennysville,,,,,,,,4628,44.90369,-67.2286,America/New_York,EST,-5,,,,,,,,,,,
Maine,ME,Detroit,,,,,,,,4929,44.76153,-69.3227,America/New_York,EST,-5,,,,,,,,,,,
Maine,ME,Dexter,,,,,,,,4930,45.0164,-69.2946,America/New_York,EST,-5,,,,,,,,,,,
Maine,ME,Dickey,,,,,,,,,0,0,,,,,,,,,,,,,,
Maine,ME,Dixfield,,,,,,,,4224,44.55397,-70.4225,America/New_York,EST,-5,,,,,,,,,,,
Maine,ME,Dixmont,,,,,,,,4932,44.6819,-69.1216,America/New_York,EST,-5,,,,,,,,,,,
Maine,ME,Dover-Foxcroft,,,,,,,,,0,0,,,,,,,,,,,,,,
Maine,ME,Dresden,,,,,,,,4342,44.07745,-69.7384,America/New_York,EST,-5,,,,,,,,,,,
Maine,ME,Dudley,,,,,,,,,0,0,,,,,,,,,,,,,,
Maine,ME,Dyer Brook,,,,,,,,,46.08144,-68.1834,America/New_York,EST,-5,,,,,,,,,,,
Maine,ME,Eagle Lake,,,,,,,,4739,47.04948,-68.5862,America/New_York,EST,-5,,,,,,,,,,,
Maine,ME,East Corinth,,,,,,,,,45.00257,-69.0237,America/New_York,EST,-5,,,,,,,,,,,
Maine,ME,East Machias,,,,,,,,4630,44.73924,-67.39,America/New_York,EST,-5,,,,,,,,,,,
Maine,ME,East Millinocket,,,,,,,,4430,45.62555,-68.5739,America/New_York,EST,-5,,,,,,,,,,,
Maine,ME,Eastbrook,,,,,,,,,44.14285,-70.227,America/New_York,EST,-5,,,,,,,,,,,
Maine,ME,Easton,,,,,,,,4740,46.6111,-67.8558,America/New_York,EST,-5,,,,,,,,,,,
Maine,ME,Eastport,,,,,,,,4631,44.91667,-67,America/New_York,EST,-5,,,,,,,,,,,
Maine,ME,Eaton,,,,,,,,,45.60534,-67.8056,America/New_York,EST,-5,,,,,,,,,,,
Maine,ME,Eddington,,,,,,,,4428,44.79169,-68.5777,America/New_York,EST,-5,,,,,,,,,,,
Maine,ME,Edgecomb,,,,,,,,4556,43.95841,-69.6306,America/New_York,EST,-5,,,,,,,,,,,
Maine,ME,Edmunds,,,,,,,,,44.87202,-67.1642,America/New_York,EST,-5,,,,,,,,,,,
Maine,ME,Eliot,,,,,,,,3903,43.15314,-70.8001,America/New_York,EST,-5,,,,,,,,,,,
Maine,ME,Ellsworth,,,,,,,,4605,44.47794,-68.3563,America/New_York,EST,-5,,,,,,,,,,,
Maine,ME,Embden,,,,,,,,,0,0,,,,,,,,,,,,,,
Maine,ME,Enfield,,,,,,,,,45.24895,-68.5684,America/New_York,EST,-5,,,,,,,,,,,
Maine,ME,Etna,,,,,,,,4434,44.8209,-69.1112,America/New_York,EST,-5,,,,,,,,,,,
Maine,ME,Eustis,,,,,,,,4936,45.21728,-70.4784,America/New_York,EST,-5,,,,,,,,,,,
Maine,ME,Exeter,,,,,,,,4435,44.96603,-69.1331,America/New_York,EST,-5,,,,,,,,,,,
Maine,ME,Fairfield,,,,,,,,4937,44.64626,-69.6802,America/New_York,EST,-5,,,,,,,,,,,
Maine,ME,Falmouth,,,,,,,,4105,43.73928,-70.2707,America/New_York,EST,-5,,,,,,,,,,,
Maine,ME,Farmingdale,,,,,,,,4344,44.25661,-69.7971,America/New_York,EST,-5,,,,,,,,,,,
Maine,ME,Farmington,,,,,,,,4938,44.65031,-70.1293,America/New_York,EST,-5,,,,,,,,,,,
Maine,ME,Fayette,,,,,,,,,0,0,,,,,,,,,,,,,,
Maine,ME,Flagstaff Lake,,,,,,,,,0,0,,,,,,,,,,,,,,
Maine,ME,Forest,,,,,,,,,45.57118,-67.7278,America/New_York,EST,-5,,,,,,,,,,,
Maine,ME,Forest City,,,,,,,,,45.65979,-67.7297,America/New_York,EST,-5,,,,,,,,,,,
Maine,ME,Fort Fairfield,,,,,,,,4742,46.74645,-67.8415,America/New_York,EST,-5,,,,,,,,,,,
Maine,ME,Fort Kent,,,,,,,,4743,47.26484,-68.581,America/New_York,EST,-5,,,,,,,,,,,
Maine,ME,Frankfort,,,,,,,,4438,44.6098,-68.8767,America/New_York,EST,-5,,,,,,,,,,,
Maine,ME,Franklin,,,,,,,,4634,44.59513,-68.2336,America/New_York,EST,-5,,,,,,,,,,,
Maine,ME,Freedom,,,,,,,,4941,44.48858,-69.3392,America/New_York,EST,-5,,,,,,,,,,,
Maine,ME,Freeport,,,,,,,,4034###4033###4032,43.86448,-70.0975,America/New_York,EST,-5,,,,,,,,,,,
Maine,ME,Frenchboro,,,,,,,,4635,44.11814,-68.3625,America/New_York,EST,-5,,,,,,,,,,,
Maine,ME,Frenchville,,,,,,,,4745,47.2821,-68.3888,America/New_York,EST,-5,,,,,,,,,,,
Maine,ME,Friendship,,,,,,,,4547,43.98369,-69.3339,America/New_York,EST,-5,,,,,,,,,,,
Maine,ME,Fryeburg,,,,,,,,4037,44.04429,-70.9644,America/New_York,EST,-5,,,,,,,,,,,
Maine,ME,Gardiner,,,,,,,,4345,44.23007,-69.7753,America/New_York,EST,-5,,,,,,,,,,,
Maine,ME,Garland,,,,,,,,4939,45.01491,-69.157,America/New_York,EST,-5,,,,,,,,,,,
Maine,ME,Georgetown,,,,,,,,4548,43.80539,-69.7453,America/New_York,EST,-5,,,,,,,,,,,
Maine,ME,Gilead,,,,,,,,,44.39423,-70.9729,America/New_York,EST,-5,,,,,,,,,,,
Maine,ME,Glenburn,,,,,,,,,44.91062,-68.8473,America/New_York,EST,-5,,,,,,,,,,,
Maine,ME,Goodwins Mills,,,,,,,,,43.50869,-70.5817,America/New_York,EST,-5,,,,,,,,,,,
Maine,ME,Gorham,,,,,,,,4038,43.68258,-70.4457,America/New_York,EST,-5,,,,,,,,,,,
Maine,ME,Gouldsboro,,,,,,,,4607,44.48347,-68.0903,America/New_York,EST,-5,,,,,,,,,,,
Maine,ME,Grand Isle,,,,,,,,4746,47.30532,-68.152,America/New_York,EST,-5,,,,,,,,,,,
Maine,ME,Grand Lake Matagam,,,,,,,,,45.15785,-67.7264,America/New_York,EST,-5,,,,,,,,,,,
Maine,ME,Grand Lake Stream,,,,,,,,4637,45.15785,-67.7264,America/New_York,EST,-5,,,,,,,,,,,
Maine,ME,Gray,,,,,,,,4039,43.87857,-70.3289,America/New_York,EST,-5,,,,,,,,,,,
Maine,ME,Great Pond,,,,,,,,,44.94035,-68.282,America/New_York,EST,-5,,,,,,,,,,,
Maine,ME,Greenbush,,,,,,,,,45.08034,-68.6509,America/New_York,EST,-5,,,,,,,,,,,
Maine,ME,Greene,,,,,,,,4236,44.18966,-70.1367,America/New_York,EST,-5,,,,,,,,,,,
Maine,ME,Greenfield,,,,,,,,,45.04729,-68.4814,America/New_York,EST,-5,,,,,,,,,,,
Maine,ME,Greenville,,,,,,,,4441,45.4666,-69.5891,America/New_York,EST,-5,,,,,,,,,,,
Maine,ME,Greenwood,,,,,,,,,0,0,,,,,,,,,,,,,,
Maine,ME,Grindstone,,,,,,,,,47.30532,-68.152,America/New_York,EST,-5,,,,,,,,,,,
Maine,ME,Guerette,,,,,,,,,0,0,,,,,,,,,,,,,,
Maine,ME,Guilford,,,,,,,,4443,45.17344,-69.3929,America/New_York,EST,-5,,,,,,,,,,,
Maine,ME,Hallowell,,,,,,,,4347,44.2859,-69.7909,America/New_York,EST,-5,,,,,,,,,,,
Maine,ME,Hampden,,,,,,,,4444,44.74794,-68.836,America/New_York,EST,-5,,,,,,,,,,,
Maine,ME,Hancock,,,,,,,,4640,44.52924,-68.2536,America/New_York,EST,-5,,,,,,,,,,,
Maine,ME,Hanover,,,,,,,,4237,44.49435,-70.7357,America/New_York,EST,-5,,,,,,,,,,,
Maine,ME,Harmony,,,,,,,,4942,44.97305,-69.5481,America/New_York,EST,-5,,,,,,,,,,,
Maine,ME,Harpswell,,,,,,,,4079,43.78105,-69.9955,America/New_York,EST,-5,,,,,,,,,,,
Maine,ME,Harrington,,,,,,,,4643,44.61924,-67.8103,America/New_York,EST,-5,,,,,,,,,,,
Maine,ME,Harrison,,,,,,,,4040,44.11035,-70.6792,America/New_York,EST,-5,,,,,,,,,,,
Maine,ME,Hartford,,,,,,,,,44.46233,-70.3006,America/New_York,EST,-5,,,,,,,,,,,
Maine,ME,Hartland,,,,,,,,4943,44.88152,-69.4587,America/New_York,EST,-5,,,,,,,,,,,
Maine,ME,Haynesville,,,,,,,,,45.82617,-67.9911,America/New_York,EST,-5,,,,,,,,,,,
Maine,ME,Hebron,,,,,,,,4238,44.22564,-70.3728,America/New_York,EST,-5,,,,,,,,,,,
Maine,ME,Hermon,,,,,,,,,44.81007,-68.9134,America/New_York,EST,-5,,,,,,,,,,,
Maine,ME,Hiram,,,,,,,,4041,43.87963,-70.8262,America/New_York,EST,-5,,,,,,,,,,,
Maine,ME,Hodgdon,,,,,,,,,44.50786,-67.8592,America/New_York,EST,-5,,,,,,,,,,,
Maine,ME,Holden,,,,,,,,4429,44.75285,-68.6789,America/New_York,EST,-5,,,,,,,,,,,
Maine,ME,Hollis,,,,,,,,,0,0,,,,,,,,,,,,,,
Maine,ME,Hope,,,,,,,,4847,44.24107,-69.203,America/New_York,EST,-5,,,,,,,,,,,
Maine,ME,Houlton,,,,,,,,4730,46.12135,-67.833,America/New_York,EST,-5,,,,,,,,,,,
Maine,ME,Howland,,,,,,,,4448,45.24564,-68.6666,America/New_York,EST,-5,,,,,,,,,,,
Maine,ME,Hudson,,,,,,,,4449,45.00605,-68.8846,America/New_York,EST,-5,,,,,,,,,,,
Maine,ME,Island Falls,,,,,,,,4747,46.01135,-68.2732,America/New_York,EST,-5,,,,,,,,,,,
Maine,ME,Isleboro,,,,,,,,,0,0,,,,,,,,,,,,,,
Maine,ME,Jackman,,,,,,,,4945,45.62394,-70.2545,America/New_York,EST,-5,,,,,,,,,,,
Maine,ME,Jackson,,,,,,,,,44.61479,-69.1209,America/New_York,EST,-5,,,,,,,,,,,
Maine,ME,Jay,,,,,,,,4239,44.54151,-70.2086,America/New_York,EST,-5,,,,,,,,,,,
Maine,ME,Jefferson,,,,,,,,4348,44.22043,-69.5133,America/New_York,EST,-5,,,,,,,,,,,
Maine,ME,Jonesboro,,,,,,,,4648,44.66258,-67.5725,America/New_York,EST,-5,,,,,,,,,,,
Maine,ME,Jonesport,,,,,,,,4649,44.53286,-67.5983,America/New_York,EST,-5,,,,,,,,,,,
Maine,ME,Katahdin Iron Works,,,,,,,,,0,0,,,,,,,,,,,,,,
Maine,ME,Kenduskeag,,,,,,,,4450,44.91888,-68.9658,America/New_York,EST,-5,,,,,,,,,,,
Maine,ME,Kennebunk,,,,,,,,4043,43.38409,-70.5442,America/New_York,EST,-5,,,,,,,,,,,
Maine,ME,Kennebunkport,,,,,,,,4046,43.35997,-70.4632,America/New_York,EST,-5,,,,,,,,,,,
Maine,ME,Kezar Falls,,,,,,,,,0,0,,,,,,,,,,,,,,
Maine,ME,Kingfield,,,,,,,,4947,45.06338,-70.3816,America/New_York,EST,-5,,,,,,,,,,,
Maine,ME,Kingman,,,,,,,,4451,45.54951,-68.1995,America/New_York,EST,-5,,,,,,,,,,,
Maine,ME,Kingsbury,,,,,,,,,0,0,,,,,,,,,,,,,,
Maine,ME,Kittery,,,,,,,,3904,43.09161,-70.7374,America/New_York,EST,-5,,,,,,,,,,,
Maine,ME,Kittery Point,,,,,,,,3905,43.09475,-70.6893,America/New_York,EST,-5,,,,,,,,,,,
Maine,ME,Knox,,,,,,,,,0,0,,,,,,,,,,,,,,
Maine,ME,Kokadjo,,,,,,,,,45.67115,-69.447,America/New_York,EST,-5,,,,,,,,,,,
Maine,ME,Lagrange,,,,,,,,4453,45.16672,-68.8445,America/New_York,EST,-5,,,,,,,,,,,
Maine,ME,Lake Moxie,,,,,,,,,0,0,,,,,,,,,,,,,,
Maine,ME,Lake View,,,,,,,,,0,0,,,,,,,,,,,,,,
Maine,ME,Lambert Lake,,,,,,,,4454,45.55201,-67.5586,America/New_York,EST,-5,,,,,,,,,,,
Maine,ME,Lebanon,,,,,,,,4027,43.45971,-70.9152,America/New_York,EST,-5,,,,,,,,,,,
Maine,ME,Lee,,,,,,,,4455,45.36006,-68.2864,America/New_York,EST,-5,,,,,,,,,,,
Maine,ME,Leeds,,,,,,,,4263,44.29209,-70.1354,America/New_York,EST,-5,,,,,,,,,,,
Maine,ME,Levant,,,,,,,,4456,44.87123,-69.0116,America/New_York,EST,-5,,,,,,,,,,,
Maine,ME,Lewiston,,,,,,,,4243###4240###4241,44.08632,-70.1693,America/New_York,EST,-5,,,,,,,,,,,
Maine,ME,Liberty,,,,,,,,4949,44.38924,-69.3028,America/New_York,EST,-5,,,,,,,,,,,
Maine,ME,Lily Bay,,,,,,,,,0,0,,,,,,,,,,,,,,
Maine,ME,Limerick,,,,,,,,4048,43.66122,-70.8345,America/New_York,EST,-5,,,,,,,,,,,
Maine,ME,Limestone,,,,,,,,4750###4751,46.90675,-67.852,America/New_York,EST,-5,,,,,,,,,,,
Maine,ME,Limington,,,,,,,,4049,43.73174,-70.7109,America/New_York,EST,-5,,,,,,,,,,,
Maine,ME,Lincoln,,,,,,,,4457,45.36679,-68.493,America/New_York,EST,-5,,,,,,,,,,,
Maine,ME,Lincolnville,,,,,,,,4849,44.32483,-68.9983,America/New_York,EST,-5,,,,,,,,,,,
Maine,ME,Linneus,,,,,,,,,46.03867,-67.96,America/New_York,EST,-5,,,,,,,,,,,
Maine,ME,Lisbon,,,,,,,,4250,44.03303,-70.1012,America/New_York,EST,-5,,,,,,,,,,,
Maine,ME,Lisbon Falls,,,,,,,,4252,44.03248,-70.068,America/New_York,EST,-5,,,,,,,,,,,
Maine,ME,Litchfield,,,,,,,,4350,44.1581,-69.954,America/New_York,EST,-5,,,,,,,,,,,
Maine,ME,Littleton,,,,,,,,,46.23088,-67.8411,America/New_York,EST,-5,,,,,,,,,,,
Maine,ME,Livermore,,,,,,,,4253,44.38396,-70.2492,America/New_York,EST,-5,,,,,,,,,,,
Maine,ME,Livermore Falls,,,,,,,,4254,44.47228,-70.1808,America/New_York,EST,-5,,,,,,,,,,,
Maine,ME,Lobster Lake,,,,,,,,,0,0,,,,,,,,,,,,,,
Maine,ME,Locke Mills,,,,,,,,4255,44.4016,-70.7088,America/New_York,EST,-5,,,,,,,,,,,
Maine,ME,Long Pond,,,,,,,,,0,0,,,,,,,,,,,,,,
Maine,ME,Loring,,,,,,,,,0,0,,,,,,,,,,,,,,
Maine,ME,Lovell,,,,,,,,4051,44.13984,-70.8867,America/New_York,EST,-5,,,,,,,,,,,
Maine,ME,Lowell,,,,,,,,,45.18784,-68.4678,America/New_York,EST,-5,,,,,,,,,,,
Maine,ME,Ludlow,,,,,,,,,46.14061,-68.04,America/New_York,EST,-5,,,,,,,,,,,
Maine,ME,Machias,,,,,,,,4654,44.66063,-67.4692,America/New_York,EST,-5,,,,,,,,,,,
Maine,ME,Machiasport,,,,,,,,4655,44.69869,-67.3947,America/New_York,EST,-5,,,,,,,,,,,
Maine,ME,Macwahoc,,,,,,,,,45.62839,-68.2628,America/New_York,EST,-5,,,,,,,,,,,
Maine,ME,Madawaska,,,,,,,,4756,47.34286,-68.331,America/New_York,EST,-5,,,,,,,,,,,
Maine,ME,Madison,,,,,,,,4950,44.7864,-69.8057,America/New_York,EST,-5,,,,,,,,,,,
Maine,ME,Madrid,,,,,,,,,0,0,,,,,,,,,,,,,,
Maine,ME,Manchester,,,,,,,,4351,44.35801,-69.867,America/New_York,EST,-5,,,,,,,,,,,
Maine,ME,Mapleton,,,,,,,,4757,46.68199,-68.1628,America/New_York,EST,-5,,,,,,,,,,,
Maine,ME,Mariaville,,,,,,,,,44.72063,-68.4156,America/New_York,EST,-5,,,,,,,,,,,
Maine,ME,Marion,,,,,,,,,44.87841,-67.3169,America/New_York,EST,-5,,,,,,,,,,,
Maine,ME,Mars Hill,,,,,,,,4758,46.55157,-67.8482,America/New_York,EST,-5,,,,,,,,,,,
Maine,ME,Marshfield,,,,,,,,,44.73313,-67.4775,America/New_York,EST,-5,,,,,,,,,,,
Maine,ME,Masardis,,,,,,,,,46.51617,-68.8868,America/New_York,EST,-5,,,,,,,,,,,
Maine,ME,Matinicus,,,,,,,,4851,43.86508,-68.887,America/New_York,EST,-5,,,,,,,,,,,
Maine,ME,Mattawamkeag,,,,,,,,4459,45.51367,-68.3545,America/New_York,EST,-5,,,,,,,,,,,
Maine,ME,Mayfield,,,,,,,,,0,0,,,,,,,,,,,,,,
Maine,ME,Mechanic Falls,,,,,,,,4256,44.11218,-70.3942,America/New_York,EST,-5,,,,,,,,,,,
Maine,ME,Meddybemps,,,,,,,,4657,45.00297,-67.4955,America/New_York,EST,-5,,,,,,,,,,,
Maine,ME,Medford,,,,,,,,,45.16225,-68.7605,America/New_York,EST,-5,,,,,,,,,,,
Maine,ME,Medway,,,,,,,,4460,45.61861,-68.5436,America/New_York,EST,-5,,,,,,,,,,,
Maine,ME,Mercer,,,,,,,,,0,0,,,,,,,,,,,,,,
Maine,ME,Mexico,,,,,,,,4257,44.57027,-70.5161,America/New_York,EST,-5,,,,,,,,,,,
Maine,ME,Middle Dam,,,,,,,,,44.78005,-70.9223,America/New_York,EST,-5,,,,,,,,,,,
Maine,ME,Milford,,,,,,,,4461,44.95124,-68.6333,America/New_York,EST,-5,,,,,,,,,,,
Maine,ME,Millbridge,,,,,,,,,44.53536,-67.8808,America/New_York,EST,-5,,,,,,,,,,,
Maine,ME,Millinocket,,,,,,,,4462,45.65947,-68.6995,America/New_York,EST,-5,,,,,,,,,,,
Maine,ME,Milo,,,,,,,,4463,45.24461,-68.976,America/New_York,EST,-5,,,,,,,,,,,
Maine,ME,Milton,,,,,,,,,44.44784,-70.6531,America/New_York,EST,-5,,,,,,,,,,,
Maine,ME,Minot,,,,,,,,4258,44.14612,-70.3399,America/New_York,EST,-5,,,,,,,,,,,
Maine,ME,Molunkus,,,,,,,,,45.60701,-68.2222,America/New_York,EST,-5,,,,,,,,,,,
Maine,ME,Monarda,,,,,,,,,0,0,,,,,,,,,,,,,,
Maine,ME,Monhegan,,,,,,,,4852,43.76231,-69.3203,America/New_York,EST,-5,,,,,,,,,,,
Maine,ME,Monmouth,,,,,,,,4259,44.23868,-70.0356,America/New_York,EST,-5,,,,,,,,,,,
Maine,ME,Monroe,,,,,,,,4951,44.61507,-69.0181,America/New_York,EST,-5,,,,,,,,,,,
Maine,ME,Monson,,,,,,,,4464,45.28699,-69.5012,America/New_York,EST,-5,,,,,,,,,,,
Maine,ME,Monticello,,,,,,,,4760,46.30838,-67.8425,America/New_York,EST,-5,,,,,,,,,,,
Maine,ME,Montville,,,,,,,,,0,0,,,,,,,,,,,,,,
Maine,ME,Moosehead,,,,,,,,,45.58338,-69.7137,America/New_York,EST,-5,,,,,,,,,,,
Maine,ME,Moosehorn Crossing,,,,,,,,,45.40928,-68.6666,,,,,,,,,,,,,,
Maine,ME,Morrill,,,,,,,,4952,44.39785,-69.1422,America/New_York,EST,-5,,,,,,,,,,,
Maine,ME,Moscow,,,,,,,,,0,0,,,,,,,,,,,,,,
Maine,ME,Mount Katahdin,,,,,,,,,44.14612,-70.3399,America/New_York,EST,-5,,,,,,,,,,,
Maine,ME,Mount Vernon,,,,,,,,4352,44.46152,-69.9868,America/New_York,EST,-5,,,,,,,,,,,
Maine,ME,Naples,,,,,,,,4055,43.95721,-70.6395,America/New_York,EST,-5,,,,,,,,,,,
Maine,ME,New Gloucester,,,,,,,,4260,43.96747,-70.2997,America/New_York,EST,-5,,,,,,,,,,,
Maine,ME,New Limerick,,,,,,,,4761,46.10044,-68.0034,America/New_York,EST,-5,,,,,,,,,,,
Maine,ME,New Portland,,,,,,,,4954,45.57573,-69.9098,America/New_York,EST,-5,,,,,,,,,,,
Maine,ME,New Sharon,,,,,,,,4955,44.60363,-70.0103,America/New_York,EST,-5,,,,,,,,,,,
Maine,ME,New Sweden,,,,,,,,4762,46.94171,-68.1206,America/New_York,EST,-5,,,,,,,,,,,
Maine,ME,New Vineyard,,,,,,,,4956,44.80422,-70.1215,America/New_York,EST,-5,,,,,,,,,,,
Maine,ME,Newburgh,,,,,,,,,0,0,,,,,,,,,,,,,,
Maine,ME,Newcastle,,,,,,,,4553,44.03508,-69.5367,America/New_York,EST,-5,,,,,,,,,,,
Maine,ME,Newfield,,,,,,,,4056,43.65838,-70.8689,America/New_York,EST,-5,,,,,,,,,,,
Maine,ME,Newport,,,,,,,,4953,44.86341,-69.2668,America/New_York,EST,-5,,,,,,,,,,,
Maine,ME,Newry,,,,,,,,4261,44.68953,-71.0112,America/New_York,EST,-5,,,,,,,,,,,
Maine,ME,Nine-Mile Bridge,,,,,,,,,0,0,,,,,,,,,,,,,,
Maine,ME,Nobleboro,,,,,,,,4555,44.07952,-69.4851,America/New_York,EST,-5,,,,,,,,,,,
Maine,ME,Norcross,,,,,,,,,0,0,,,,,,,,,,,,,,
Maine,ME,Norridgewock,,,,,,,,4957,44.70747,-69.8188,America/New_York,EST,-5,,,,,,,,,,,
Maine,ME,North Amity,,,,,,,,,45.94172,-67.8303,America/New_York,EST,-5,,,,,,,,,,,
Maine,ME,North Berwick,,,,,,,,3906,43.34063,-70.754,America/New_York,EST,-5,,,,,,,,,,,
Maine,ME,North East Carry,,,,,,,,,45.99533,-67.862,America/New_York,EST,-5,,,,,,,,,,,
Maine,ME,North Windham,,,,,,,,,43.79469,-70.4053,America/New_York,EST,-5,,,,,,,,,,,
Maine,ME,North Yarmouth,,,,,,,,4097,43.83795,-70.2001,America/New_York,EST,-5,,,,,,,,,,,
Maine,ME,Northfield,,,,,,,,,44.82897,-67.5706,America/New_York,EST,-5,,,,,,,,,,,
Maine,ME,Northport,,,,,,,,,43.7573,-70.9226,America/New_York,EST,-5,,,,,,,,,,,
Maine,ME,Norway,,,,,,,,4268,44.21396,-70.5448,America/New_York,EST,-5,,,,,,,,,,,
Maine,ME,Oakfield,,,,,,,,4763,46.09998,-68.1449,America/New_York,EST,-5,,,,,,,,,,,
Maine,ME,Oakland,,,,,,,,4963,44.54987,-69.7078,America/New_York,EST,-5,,,,,,,,,,,
Maine,ME,Ogunquit,,,,,,,,3907,43.24898,-70.5992,America/New_York,EST,-5,,,,,,,,,,,
Maine,ME,Old Orchard Beach,,,,,,,,4064,43.52395,-70.3907,America/New_York,EST,-5,,,,,,,,,,,
Maine,ME,Old Town,,,,,,,,4468,45.04066,-68.723,America/New_York,EST,-5,,,,,,,,,,,
Maine,ME,Onawa,,,,,,,,,45.36672,-69.3717,America/New_York,EST,-5,,,,,,,,,,,
Maine,ME,Oquossoc,,,,,,,,4964,44.96644,-70.7737,America/New_York,EST,-5,,,,,,,,,,,
Maine,ME,Orient,,,,,,,,4471,45.817,-67.84,America/New_York,EST,-5,,,,,,,,,,,
Maine,ME,Orland,,,,,,,,4472,44.57035,-68.7359,America/New_York,EST,-5,,,,,,,,,,,
Maine,ME,Orono,,,,,,,,4469###4473,44.90106,-68.6683,America/New_York,EST,-5,,,,,,,,,,,
Maine,ME,Orrington,,,,,,,,4474,44.73118,-68.8264,America/New_York,EST,-5,,,,,,,,,,,
Maine,ME,Otisfield,,,,,,,,,0,0,,,,,,,,,,,,,,
Maine,ME,Owls Head,,,,,,,,4854,44.07951,-69.0856,America/New_York,EST,-5,,,,,,,,,,,
Maine,ME,Oxbow,,,,,,,,4764,46.41865,-68.49,America/New_York,EST,-5,,,,,,,,,,,
Maine,ME,Oxford,,,,,,,,4270,44.11734,-70.5275,America/New_York,EST,-5,,,,,,,,,,,
Maine,ME,Palermo,,,,,,,,4354,44.39559,-69.4168,America/New_York,EST,-5,,,,,,,,,,,
Maine,ME,Palmyra,,,,,,,,4965,44.84645,-69.3587,America/New_York,EST,-5,,,,,,,,,,,
Maine,ME,Parkman,,,,,,,,,45.13367,-69.4331,America/New_York,EST,-5,,,,,,,,,,,
Maine,ME,Parsonsfield,,,,,,,,4047,43.74499,-70.9092,America/New_York,EST,-5,,,,,,,,,,,
Maine,ME,Passadumkeag,,,,,,,,4475,45.18534,-68.6167,America/New_York,EST,-5,,,,,,,,,,,
Maine,ME,Patten,,,,,,,,4765,45.99908,-68.4431,America/New_York,EST,-5,,,,,,,,,,,
Maine,ME,Pembroke,,,,,,,,4666,44.93009,-67.1565,America/New_York,EST,-5,,,,,,,,,,,
Maine,ME,Penobscot,,,,,,,,4476,44.43391,-68.7217,America/New_York,EST,-5,,,,,,,,,,,
Maine,ME,Perham,,,,,,,,4766,46.84421,-68.1973,America/New_York,EST,-5,,,,,,,,,,,
Maine,ME,Perry,,,,,,,,4667,45.01335,-67.097,America/New_York,EST,-5,,,,,,,,,,,
Maine,ME,Peru,,,,,,,,4290,44.47718,-70.4367,America/New_York,EST,-5,,,,,,,,,,,
Maine,ME,Phillips,,,,,,,,4966,44.82311,-70.3395,America/New_York,EST,-5,,,,,,,,,,,
Maine,ME,Phippsburg,,,,,,,,4562,43.78962,-69.8108,America/New_York,EST,-5,,,,,,,,,,,
Maine,ME,Pittsfield,,,,,,,,4967,44.76095,-69.3877,America/New_York,EST,-5,,,,,,,,,,,
Maine,ME,Pittston,,,,,,,,,44.22174,-69.7556,America/New_York,EST,-5,,,,,,,,,,,
Maine,ME,Pittston Farm,,,,,,,,,44.22174,-69.7556,America/New_York,EST,-5,,,,,,,,,,,
Maine,ME,Plymouth,,,,,,,,4969,44.7725,-69.2475,America/New_York,EST,-5,,,,,,,,,,,
Maine,ME,Poland,,,,,,,,4274,44.04744,-70.3899,America/New_York,EST,-5,,,,,,,,,,,
Maine,ME,Portage,,,,,,,,4768,46.7631,-68.4759,America/New_York,EST,-5,,,,,,,,,,,
Maine,ME,Porter,,,,,,,,4068,43.84832,-70.9354,America/New_York,EST,-5,,,,,,,,,,,
Maine,ME,Portland,,,,,,,,4112###4101###4104###4103###4109###4102###4124###4123###4122,43.65878,-70.2624,America/New_York,EST,-5,,,,,,,,,,,
Maine,ME,Pownal,,,,,,,,4069,43.89498,-70.1892,America/New_York,EST,-5,,,,,,,,,,,
Maine,ME,Presque Isle,,,,,,,,4769,46.71507,-68.0126,America/New_York,EST,-5,,,,,,,,,,,
Maine,ME,Princeton,,,,,,,,4668,45.20923,-67.5754,America/New_York,EST,-5,,,,,,,,,,,
Maine,ME,Prospect,,,,,,,,,44.40897,-68.0261,America/New_York,EST,-5,,,,,,,,,,,
Maine,ME,Randolph,,,,,,,,4346,44.23466,-69.7506,America/New_York,EST,-5,,,,,,,,,,,
Maine,ME,Rangeley,,,,,,,,4970,44.986,-70.6602,America/New_York,EST,-5,,,,,,,,,,,
Maine,ME,Raymond,,,,,,,,4071,43.90623,-70.4659,America/New_York,EST,-5,,,,,,,,,,,
Maine,ME,Readfield,,,,,,,,4355,44.38484,-69.9537,America/New_York,EST,-5,,,,,,,,,,,
Maine,ME,Redington,,,,,,,,,0,0,,,,,,,,,,,,,,
Maine,ME,Reed,,,,,,,,,0,0,,,,,,,,,,,,,,
Maine,ME,Richmond,,,,,,,,4357,44.10806,-69.8275,America/New_York,EST,-5,,,,,,,,,,,
Maine,ME,Ripley,,,,,,,,,44.52147,-67.7969,America/New_York,EST,-5,,,,,,,,,,,
Maine,ME,Ripogenus,,,,,,,,,44.50786,-67.8592,America/New_York,EST,-5,,,,,,,,,,,
Maine,ME,Rockland,,,,,,,,4841,44.10369,-69.1089,America/New_York,EST,-5,,,,,,,,,,,
Maine,ME,Rockport,,,,,,,,4856,44.18452,-69.0762,America/New_York,EST,-5,,,,,,,,,,,
Maine,ME,Rockwood,,,,,,,,4478,45.67782,-69.7409,America/New_York,EST,-5,,,,,,,,,,,
Maine,ME,Rome,,,,,,,,,44.70207,-69.8434,America/New_York,EST,-5,,,,,,,,,,,
Maine,ME,Roque Bluffs,,,,,,,,,44.61286,-67.4797,America/New_York,EST,-5,,,,,,,,,,,
Maine,ME,Roxbury,,,,,,,,4275,44.66978,-70.5934,America/New_York,EST,-5,,,,,,,,,,,
Maine,ME,Rumford,,,,,,,,4276,44.52356,-70.6382,America/New_York,EST,-5,,,,,,,,,,,
Maine,ME,Russel Crossing,,,,,,,,,0,0,,,,,,,,,,,,,,
Maine,ME,Sabattus,,,,,,,,4280,44.1198,-70.1076,America/New_York,EST,-5,,,,,,,,,,,
Maine,ME,Saco,,,,,,,,4072,43.50092,-70.4428,America/New_York,EST,-5,,,,,,,,,,,
Maine,ME,Saint Agatha,,,,,,,,4772,47.26396,-68.335,America/New_York,EST,-5,,,,,,,,,,,
Maine,ME,Saint Albans,,,,,,,,4971,44.93183,-69.403,America/New_York,EST,-5,,,,,,,,,,,
Maine,ME,Saint Francis,,,,,,,,4774,47.17115,-68.8898,America/New_York,EST,-5,,,,,,,,,,,
Maine,ME,Saint George,,,,,,,,,43.99502,-69.1985,America/New_York,EST,-5,,,,,,,,,,,
Maine,ME,Saint Pamphile,,,,,,,,,0,0,,,,,,,,,,,,,,
Maine,ME,Salem,,,,,,,,,0,0,,,,,,,,,,,,,,
Maine,ME,Sanford,,,,,,,,4073,43.44007,-70.7802,America/New_York,EST,-5,,,,,,,,,,,
Maine,ME,Sangerville,,,,,,,,4479,45.16478,-69.3564,America/New_York,EST,-5,,,,,,,,,,,
Maine,ME,Saponac,,,,,,,,,44.50786,-67.8592,America/New_York,EST,-5,,,,,,,,,,,
Maine,ME,Scarborough,,,,,,,,4070###4074,43.57698,-70.2736,America/New_York,EST,-5,,,,,,,,,,,
Maine,ME,Searsmont,,,,,,,,4973,44.3572,-69.2159,America/New_York,EST,-5,,,,,,,,,,,
Maine,ME,Searsport,,,,,,,,4974,44.48941,-68.9331,America/New_York,EST,-5,,,,,,,,,,,
Maine,ME,Sebec,,,,,,,,4481,45.27144,-69.1167,America/New_York,EST,-5,,,,,,,,,,,
Maine,ME,Seboeis,,,,,,,,,45.36311,-68.7111,America/New_York,EST,-5,,,,,,,,,,,
Maine,ME,Seboomook,,,,,,,,,45.8806,-69.7251,America/New_York,EST,-5,,,,,,,,,,,
Maine,ME,Sedgwick,,,,,,,,4676,44.39911,-68.7012,America/New_York,EST,-5,,,,,,,,,,,
Maine,ME,Shapleigh,,,,,,,,4076,43.54064,-70.8481,America/New_York,EST,-5,,,,,,,,,,,
Maine,ME,Sherman,,,,,,,,,45.87116,-68.4178,America/New_York,EST,-5,,,,,,,,,,,
Maine,ME,Sherman Station,,,,,,,,4777,45.89922,-68.4295,America/New_York,EST,-5,,,,,,,,,,,
Maine,ME,Shin Pond,,,,,,,,,46.10533,-68.5567,America/New_York,EST,-5,,,,,,,,,,,
Maine,ME,Shirley,,,,,,,,,0,0,,,,,,,,,,,,,,
Maine,ME,Sidney,,,,,,,,,44.41312,-69.7289,America/New_York,EST,-5,,,,,,,,,,,
Maine,ME,Silver Ridge,,,,,,,,,45.80644,-68.3247,America/New_York,EST,-5,,,,,,,,,,,
Maine,ME,Skowhegan,,,,,,,,4976,44.7693,-69.594,America/New_York,EST,-5,,,,,,,,,,,
Maine,ME,Smyrna Mills,,,,,,,,4780,46.1295,-68.1642,America/New_York,EST,-5,,,,,,,,,,,
Maine,ME,Soldier Pond,,,,,,,,4781,47.15615,-68.5759,America/New_York,EST,-5,,,,,,,,,,,
Maine,ME,Solon,,,,,,,,4979,44.93142,-69.8348,America/New_York,EST,-5,,,,,,,,,,,
Maine,ME,Somerville,,,,,,,,,44.30924,-69.4889,America/New_York,EST,-5,,,,,,,,,,,
Maine,ME,Somesville,,,,,,,,,0,0,,,,,,,,,,,,,,
Maine,ME,South Arm,,,,,,,,,44.75533,-70.8456,America/New_York,EST,-5,,,,,,,,,,,
Maine,ME,South Berwick,,,,,,,,3908,43.22755,-70.7117,America/New_York,EST,-5,,,,,,,,,,,
Maine,ME,South Bristol,,,,,,,,4568,43.86397,-69.5612,America/New_York,EST,-5,,,,,,,,,,,
Maine,ME,South Eliot,,,,,,,,,43.10814,-70.7776,America/New_York,EST,-5,,,,,,,,,,,
Maine,ME,South Paris,,,,,,,,4281,44.21899,-70.5113,America/New_York,EST,-5,,,,,,,,,,,
Maine,ME,South Portland,,,,,,,,4106###4116,43.62736,-70.2892,America/New_York,EST,-5,,,,,,,,,,,
Maine,ME,South Thomaston,,,,,,,,4858,44.05147,-69.1278,America/New_York,EST,-5,,,,,,,,,,,
Maine,ME,South Windham,,,,,,,,4082,44.40808,-70.4707,America/New_York,EST,-5,,,,,,,,,,,
Maine,ME,Southport,,,,,,,,4576,43.84092,-69.6587,America/New_York,EST,-5,,,,,,,,,,,
Maine,ME,Springfield,,,,,,,,4487,45.39618,-68.1356,America/New_York,EST,-5,,,,,,,,,,,
Maine,ME,Springvale,,,,,,,,4083,43.46682,-70.8013,America/New_York,EST,-5,,,,,,,,,,,
Maine,ME,Squa Pan,,,,,,,,,46.5631,-68.3781,America/New_York,EST,-5,,,,,,,,,,,
Maine,ME,Stacyville,,,,,,,,,45.51987,-68.6474,America/New_York,EST,-5,,,,,,,,,,,
Maine,ME,Standish,,,,,,,,4084,43.80445,-70.5549,America/New_York,EST,-5,,,,,,,,,,,
Maine,ME,Stetson,,,,,,,,4488,44.8947,-69.1423,America/New_York,EST,-5,,,,,,,,,,,
Maine,ME,Steuben,,,,,,,,4680,44.51063,-67.9653,America/New_York,EST,-5,,,,,,,,,,,
Maine,ME,Stockholm,,,,,,,,4783,47.04226,-68.1395,America/New_York,EST,-5,,,,,,,,,,,
Maine,ME,Stockton Springs,,,,,,,,4981,44.48952,-68.857,America/New_York,EST,-5,,,,,,,,,,,
Maine,ME,Stoneham,,,,,,,,4231,44.26304,-70.8755,America/New_York,EST,-5,,,,,,,,,,,
Maine,ME,Stowe,,,,,,,,,0,0,,,,,,,,,,,,,,
Maine,ME,Stratton,,,,,,,,4982,45.14117,-70.4406,America/New_York,EST,-5,,,,,,,,,,,
Maine,ME,Strong,,,,,,,,4983,44.81418,-70.1872,America/New_York,EST,-5,,,,,,,,,,,
Maine,ME,Sumner,,,,,,,,4292,44.39201,-70.4384,America/New_York,EST,-5,,,,,,,,,,,
Maine,ME,Surry,,,,,,,,4684,44.49591,-68.5017,America/New_York,EST,-5,,,,,,,,,,,
Maine,ME,Swans Island,,,,,,,,4685,44.15842,-68.4295,America/New_York,EST,-5,,,,,,,,,,,
Maine,ME,Swanville,,,,,,,,,44.52119,-68.9978,America/New_York,EST,-5,,,,,,,,,,,
Maine,ME,Sweden,,,,,,,,,46.94171,-68.1395,America/New_York,EST,-5,,,,,,,,,,,
Maine,ME,Tamway,,,,,,,,,44.50786,-67.8592,America/New_York,EST,-5,,,,,,,,,,,
Maine,ME,Telos Lake,,,,,,,,,0,0,,,,,,,,,,,,,,
Maine,ME,Temple,,,,,,,,4984,44.68506,-70.2265,America/New_York,EST,-5,,,,,,,,,,,
Maine,ME,The Forks,,,,,,,,,0,0,,,,,,,,,,,,,,
Maine,ME,Thomaston,,,,,,,,4861,44.07993,-69.1802,America/New_York,EST,-5,,,,,,,,,,,
Maine,ME,Thorndike,,,,,,,,4986,44.51305,-69.1839,America/New_York,EST,-5,,,,,,,,,,,
Maine,ME,Tim Pond,,,,,,,,,0,0,,,,,,,,,,,,,,
Maine,ME,Topsfield,,,,,,,,4490,45.41896,-67.7356,America/New_York,EST,-5,,,,,,,,,,,
Maine,ME,Topsham,,,,,,,,4086,43.9814,-69.9378,America/New_York,EST,-5,,,,,,,,,,,
Maine,ME,Tremont,,,,,,,,,0,0,,,,,,,,,,,,,,
Maine,ME,Trenton,,,,,,,,,44.43897,-68.37,America/New_York,EST,-5,,,,,,,,,,,
Maine,ME,Trescott,,,,,,,,,0,0,,,,,,,,,,,,,,
Maine,ME,Troy,,,,,,,,4987,44.66479,-69.2409,America/New_York,EST,-5,,,,,,,,,,,
Maine,ME,Turner,,,,,,,,4282,44.26547,-70.2542,America/New_York,EST,-5,,,,,,,,,,,
Maine,ME,Union,,,,,,,,4862,44.21147,-69.2742,America/New_York,EST,-5,,,,,,,,,,,
Maine,ME,Unity,,,,,,,,4988,44.60118,-69.3572,America/New_York,EST,-5,,,,,,,,,,,
Maine,ME,Upton,,,,,,,,,44.69422,-71.0106,America/New_York,EST,-5,,,,,,,,,,,
Maine,ME,Vanceboro,,,,,,,,4491,45.5634,-67.4297,America/New_York,EST,-5,,,,,,,,,,,
Maine,ME,Vassalboro,,,,,,,,4989,44.42776,-69.6359,America/New_York,EST,-5,,,,,,,,,,,
Maine,ME,Veazie,,,,,,,,,44.83868,-68.7053,America/New_York,EST,-5,,,,,,,,,,,
Maine,ME,Vienna,,,,,,,,4360,44.5334,-69.9848,America/New_York,EST,-5,,,,,,,,,,,
Maine,ME,Vinalhaven,,,,,,,,4863,44.08511,-68.842,America/New_York,EST,-5,,,,,,,,,,,
Maine,ME,Waite,,,,,,,,4492,45.32563,-67.6903,America/New_York,EST,-5,,,,,,,,,,,
Maine,ME,Waldo,,,,,,,,,44.51257,-69.0761,America/New_York,EST,-5,,,,,,,,,,,
Maine,ME,Waldoboro,,,,,,,,4572,44.09193,-69.3787,America/New_York,EST,-5,,,,,,,,,,,
Maine,ME,Wales,,,,,,,,,43.32203,-70.5809,America/New_York,EST,-5,,,,,,,,,,,
Maine,ME,Wallagrass,,,,,,,,,47.12948,-68.5973,America/New_York,EST,-5,,,,,,,,,,,
Maine,ME,Waltham,,,,,,,,,44.70924,-68.3384,America/New_York,EST,-5,,,,,,,,,,,
Maine,ME,Warren,,,,,,,,4864,44.12036,-69.2401,America/New_York,EST,-5,,,,,,,,,,,
Maine,ME,Washburn,,,,,,,,4786,46.79303,-68.1052,America/New_York,EST,-5,,,,,,,,,,,
Maine,ME,Washington,,,,,,,,4574,44.27369,-69.3673,America/New_York,EST,-5,,,,,,,,,,,
Maine,ME,Waterboro,,,,,,,,4087,43.57368,-70.7492,America/New_York,EST,-5,,,,,,,,,,,
Maine,ME,Waterford,,,,,,,,4088,44.20283,-70.7224,America/New_York,EST,-5,,,,,,,,,,,
Maine,ME,Waterville,,,,,,,,4903###4901,44.55432,-69.6178,America/New_York,EST,-5,,,,,,,,,,,
Maine,ME,Wayne,,,,,,,,4284,44.35984,-70.0746,America/New_York,EST,-5,,,,,,,,,,,
Maine,ME,Weld,,,,,,,,4285,44.69867,-70.4215,America/New_York,EST,-5,,,,,,,,,,,
Maine,ME,Wellington,,,,,,,,,45.03978,-69.5973,America/New_York,EST,-5,,,,,,,,,,,
Maine,ME,Wells,,,,,,,,4090,43.32203,-70.5809,America/New_York,EST,-5,,,,,,,,,,,
Maine,ME,Wesley,,,,,,,,4686,44.9523,-67.6608,America/New_York,EST,-5,,,,,,,,,,,
Maine,ME,West Baldwin,,,,,,,,4091,43.83313,-70.7778,America/New_York,EST,-5,,,,,,,,,,,
Maine,ME,West Paris,,,,,,,,4289,44.34044,-70.5433,America/New_York,EST,-5,,,,,,,,,,,
Maine,ME,West Seboeis,,,,,,,,,45.52922,-68.8787,America/New_York,EST,-5,,,,,,,,,,,
Maine,ME,Westbrook,,,,,,,,4098###4092,43.70795,-70.3526,America/New_York,EST,-5,,,,,,,,,,,
Maine,ME,Westfield,,,,,,,,4787,46.59452,-67.9302,America/New_York,EST,-5,,,,,,,,,,,
Maine,ME,Westport,,,,,,,,,43.89925,-69.7084,America/New_York,EST,-5,,,,,,,,,,,
Maine,ME,Whitefield,,,,,,,,4353,44.18841,-69.5751,America/New_York,EST,-5,,,,,,,,,,,
Maine,ME,Whiting,,,,,,,,4691,44.79091,-67.1755,America/New_York,EST,-5,,,,,,,,,,,
Maine,ME,Whitneyville,,,,,,,,,44.72202,-67.5233,America/New_York,EST,-5,,,,,,,,,,,
Maine,ME,Williamsburg,,,,,,,,,45.38005,-69.1159,America/New_York,EST,-5,,,,,,,,,,,
Maine,ME,Willimantic,,,,,,,,,45.30672,-69.4084,America/New_York,EST,-5,,,,,,,,,,,
Maine,ME,Wilsons Mills,,,,,,,,,44.93811,-71.0354,America/New_York,EST,-5,,,,,,,,,,,
Maine,ME,Wilton,,,,,,,,4294,44.61887,-70.2459,America/New_York,EST,-5,,,,,,,,,,,
Maine,ME,Windham,,,,,,,,4062,43.79469,-70.4053,America/New_York,EST,-5,,,,,,,,,,,
Maine,ME,Windsor,,,,,,,,4363,44.31063,-69.5806,America/New_York,EST,-5,,,,,,,,,,,
Maine,ME,Winn,,,,,,,,4495,45.48561,-68.3722,America/New_York,EST,-5,,,,,,,,,,,
Maine,ME,Winslow,,,,,,,,,44.54701,-69.6212,America/New_York,EST,-5,,,,,,,,,,,
Maine,ME,Winter Harbor,,,,,,,,4693,44.38719,-68.075,America/New_York,EST,-5,,,,,,,,,,,
Maine,ME,Winterville,,,,,,,,,46.51617,-68.8868,America/New_York,EST,-5,,,,,,,,,,,
Maine,ME,Winthrop,,,,,,,,4364,44.32287,-69.9576,America/New_York,EST,-5,,,,,,,,,,,
Maine,ME,Wiscasset,,,,,,,,4578,44.01151,-69.6734,America/New_York,EST,-5,,,,,,,,,,,
Maine,ME,Woodland,,,,,,,,,45.15702,-67.4047,America/New_York,EST,-5,,,,,,,,,,,
Maine,ME,Wytopitlock,,,,,,,,4497,45.64062,-68.0756,America/New_York,EST,-5,,,,,,,,,,,
Maine,ME,Yarmouth,,,,,,,,4096,43.79823,-70.172,America/New_York,EST,-5,,,,,,,,,,,
Maine,ME,York,,,,,,,,3909,43.16646,-70.679,America/New_York,EST,-5,,,,,,,,,,,
