Mississippi,MS,Abbeville,,,,,,,,38601,34.47194,-89.4475,America/Chicago,CST,-6,,,,,,,,,,,
Mississippi,MS,Aberdeen,,,,,,,,39730,33.84764,-88.5147,America/Chicago,CST,-6,,,,,,,,,,,
Mississippi,MS,Ackerman,,,,,,,,39735,33.27825,-89.1913,America/Chicago,CST,-6,,,,,,,,,,,
Mississippi,MS,Agricola,,,,,,,,,32.68647,-89.6561,,,,,,,,,,,,,,
Mississippi,MS,Algoma,,,,,,,,38820,34.17154,-89.0328,America/Chicago,CST,-6,,,,,,,,,,,
Mississippi,MS,Alligator,,,,,,,,38720,34.08955,-90.7196,America/Chicago,CST,-6,,,,,,,,,,,
Mississippi,MS,Amory,,,,,,,,38821,33.94264,-88.4113,America/Chicago,CST,-6,,,,,,,,,,,
Mississippi,MS,Anguilla,,,,,,,,38721,32.97392,-90.8316,America/Chicago,CST,-6,,,,,,,,,,,
Mississippi,MS,Arcola,,,,,,,,38722,33.26597,-90.8448,America/Chicago,CST,-6,,,,,,,,,,,
Mississippi,MS,Arkabutla,,,,,,,,38602,34.68627,-90.1068,America/Chicago,CST,-6,,,,,,,,,,,
Mississippi,MS,Artesia,,,,,,,,39736,33.43191,-88.6523,America/Chicago,CST,-6,,,,,,,,,,,
Mississippi,MS,Ashland,,,,,,,,38603,34.83287,-89.1759,America/Chicago,CST,-6,,,,,,,,,,,
Mississippi,MS,Avent,,,,,,,,,0,0,,,,,,,,,,,,,,
Mississippi,MS,Avent Station,,,,,,,,,0,0,,,,,,,,,,,,,,
Mississippi,MS,Avera,,,,,,,,,0,0,,,,,,,,,,,,,,
Mississippi,MS,Baldwyn,,,,,,,,38824,34.50954,-88.6353,America/Chicago,CST,-6,,,,,,,,,,,
Mississippi,MS,Banner,,,,,,,,38913,34.12266,-89.3958,America/Chicago,CST,-6,,,,,,,,,,,
Mississippi,MS,Barr,,,,,,,,,32.68647,-89.6561,,,,,,,,,,,,,,
Mississippi,MS,Basin,,,,,,,,,0,0,,,,,,,,,,,,,,
Mississippi,MS,Bassfield,,,,,,,,39421,31.49656,-89.7395,America/Chicago,CST,-6,,,,,,,,,,,
Mississippi,MS,Batesville,,,,,,,,38606,34.3431,-89.9565,America/Chicago,CST,-6,,,,,,,,,,,
Mississippi,MS,Battles,,,,,,,,,32.68647,-89.6561,,,,,,,,,,,,,,
Mississippi,MS,Bay Springs,,,,,,,,39422,31.98915,-89.2099,America/Chicago,CST,-6,,,,,,,,,,,
Mississippi,MS,Bay St. Louis,,,,,,,,,30.29561,-89.4632,America/Chicago,CST,-6,,,,,,,,,,,
Mississippi,MS,Beatrice,,,,,,,,,32.07126,-88.8809,America/Chicago,CST,-6,,,,,,,,,,,
Mississippi,MS,Beaumont,,,,,,,,39423,31.18537,-88.9201,America/Chicago,CST,-6,,,,,,,,,,,
Mississippi,MS,Beauregard,,,,,,,,,32.68647,-89.6561,,,,,,,,,,,,,,
Mississippi,MS,Belen,,,,,,,,38609,34.23511,-90.2927,America/Chicago,CST,-6,,,,,,,,,,,
Mississippi,MS,Belleville,,,,,,,,,0,0,,,,,,,,,,,,,,
Mississippi,MS,Belmont,,,,,,,,38827,34.50982,-88.2092,America/Chicago,CST,-6,,,,,,,,,,,
Mississippi,MS,Belzoni,,,,,,,,39038,33.1706,-90.4758,America/Chicago,CST,-6,,,,,,,,,,,
Mississippi,MS,Benndale,,,,,,,,,31.06007,-88.8237,America/Chicago,CST,-6,,,,,,,,,,,
Mississippi,MS,Benoit,,,,,,,,38725,33.62782,-90.9949,America/Chicago,CST,-6,,,,,,,,,,,
Mississippi,MS,Bentonia,,,,,,,,39040,32.64579,-90.4236,America/Chicago,CST,-6,,,,,,,,,,,
Mississippi,MS,Bethlehem,,,,,,,,,0,0,,,,,,,,,,,,,,
Mississippi,MS,Beulah,,,,,,,,38726,33.75291,-90.9583,America/Chicago,CST,-6,,,,,,,,,,,
Mississippi,MS,Bexley,,,,,,,,,30.96658,-88.6742,America/Chicago,CST,-6,,,,,,,,,,,
Mississippi,MS,Big Creek,,,,,,,,38914,33.85261,-89.4112,America/Chicago,CST,-6,,,,,,,,,,,
Mississippi,MS,Biloxi,,,,,,,,39535###39534###39531###39532###39533###39530,30.40983,-88.8803,America/Chicago,CST,-6,,,,,,,,,,,
Mississippi,MS,Blair,,,,,,,,,0,0,,,,,,,,,,,,,,
Mississippi,MS,Blue Mountain,,,,,,,,38610,34.668,-88.9988,America/Chicago,CST,-6,,,,,,,,,,,
Mississippi,MS,Blue Springs,,,,,,,,38828,34.40177,-88.8728,America/Chicago,CST,-6,,,,,,,,,,,
Mississippi,MS,Bobo,,,,,,,,,34.30326,-89.9523,America/Chicago,CST,-6,,,,,,,,,,,
Mississippi,MS,Bogue Chitto,,,,,,,,39629,31.44712,-90.4579,America/Chicago,CST,-6,,,,,,,,,,,
Mississippi,MS,Boice,,,,,,,,,0,0,,,,,,,,,,,,,,
Mississippi,MS,Bolton,,,,,,,,39041,32.40696,-90.4614,America/Chicago,CST,-6,,,,,,,,,,,
Mississippi,MS,Booneville,,,,,,,,38829,34.63292,-88.5331,America/Chicago,CST,-6,,,,,,,,,,,
Mississippi,MS,Bothwell,,,,,,,,,32.68647,-89.6561,,,,,,,,,,,,,,
Mississippi,MS,Boyle,,,,,,,,38730,33.704,-90.7265,America/Chicago,CST,-6,,,,,,,,,,,
Mississippi,MS,Brandon,,,,,,,,39043###39042###39047,32.30002,-89.9387,America/Chicago,CST,-6,,,,,,,,,,,
Mississippi,MS,Braxton,,,,,,,,39044,31.96499,-89.9814,America/Chicago,CST,-6,,,,,,,,,,,
Mississippi,MS,Brazil,,,,,,,,,0,0,,,,,,,,,,,,,,
Mississippi,MS,Brookhaven,,,,,,,,39603###39602###39601,31.56322,-90.4707,America/Chicago,CST,-6,,,,,,,,,,,
Mississippi,MS,Brooksville,,,,,,,,39739,33.2202,-88.4822,America/Chicago,CST,-6,,,,,,,,,,,
Mississippi,MS,Bruce,,,,,,,,38915,34.03464,-89.3427,America/Chicago,CST,-6,,,,,,,,,,,
Mississippi,MS,Buckatunna,,,,,,,,39322,31.53905,-88.5289,America/Chicago,CST,-6,,,,,,,,,,,
Mississippi,MS,Bude,,,,,,,,39630,31.46295,-90.8501,America/Chicago,CST,-6,,,,,,,,,,,
Mississippi,MS,Burgess,,,,,,,,,34.3415,-89.6681,America/Chicago,CST,-6,,,,,,,,,,,
Mississippi,MS,Burnsville,,,,,,,,38833,34.84065,-88.3148,America/Chicago,CST,-6,,,,,,,,,,,
Mississippi,MS,Burton,,,,,,,,,35.06697,-89.6489,America/Chicago,CST,-6,,,,,,,,,,,
Mississippi,MS,Byhalia,,,,,,,,38611,34.87232,-89.6906,America/Chicago,CST,-6,,,,,,,,,,,
Mississippi,MS,Byram,,,,,,,,39272,32.19061,-90.2583,America/Chicago,CST,-6,,,,,,,,,,,
Mississippi,MS,Caledonia,,,,,,,,39740,33.68289,-88.3245,America/Chicago,CST,-6,,,,,,,,,,,
Mississippi,MS,Calhoun City,,,,,,,,38916,33.85717,-89.3525,America/Chicago,CST,-6,,,,,,,,,,,
Mississippi,MS,Cambridge,,,,,,,,,0,0,,,,,,,,,,,,,,
Mississippi,MS,Canaan,,,,,,,,,34.93037,-89.1267,America/Chicago,CST,-6,,,,,,,,,,,
Mississippi,MS,Canton,,,,,,,,39046,32.6253,-90.0086,America/Chicago,CST,-6,,,,,,,,,,,
Mississippi,MS,Carrollton,,,,,,,,38917,33.51843,-89.996,America/Chicago,CST,-6,,,,,,,,,,,
Mississippi,MS,Carthage,,,,,,,,39051,32.78522,-89.5241,America/Chicago,CST,-6,,,,,,,,,,,
Mississippi,MS,Cary,,,,,,,,39054,32.80596,-90.9268,America/Chicago,CST,-6,,,,,,,,,,,
Mississippi,MS,Centreville,,,,,,,,39631,31.13436,-91.1751,America/Chicago,CST,-6,,,,,,,,,,,
Mississippi,MS,Charleston,,,,,,,,38921,34.00743,-90.1154,America/Chicago,CST,-6,,,,,,,,,,,
Mississippi,MS,Chicora,,,,,,,,,31.56378,-88.5753,America/Chicago,CST,-6,,,,,,,,,,,
Mississippi,MS,Chunky,,,,,,,,39323,32.35048,-88.9551,America/Chicago,CST,-6,,,,,,,,,,,
Mississippi,MS,Clara,,,,,,,,39324,31.59368,-88.7048,America/Chicago,CST,-6,,,,,,,,,,,
Mississippi,MS,Clarksdale,,,,,,,,38614,34.256,-90.6348,America/Chicago,CST,-6,,,,,,,,,,,
Mississippi,MS,Cleveland,,,,,,,,38732###38733,33.75886,-90.7256,America/Chicago,CST,-6,,,,,,,,,,,
Mississippi,MS,Clinton,,,,,,,,39060###39058###39056,32.37074,-90.3124,America/Chicago,CST,-6,,,,,,,,,,,
Mississippi,MS,Coahoma,,,,,,,,38617,34.36677,-90.5232,America/Chicago,CST,-6,,,,,,,,,,,
Mississippi,MS,Coffeeville,,,,,,,,38922,33.96129,-89.6482,America/Chicago,CST,-6,,,,,,,,,,,
Mississippi,MS,Coldwater,,,,,,,,38618,34.69018,-89.9625,America/Chicago,CST,-6,,,,,,,,,,,
Mississippi,MS,Collins,,,,,,,,39428,31.65281,-89.578,America/Chicago,CST,-6,,,,,,,,,,,
Mississippi,MS,Collinsville,,,,,,,,39325,32.4914,-88.8461,America/Chicago,CST,-6,,,,,,,,,,,
Mississippi,MS,Columbia,,,,,,,,39429,31.21819,-89.8019,America/Chicago,CST,-6,,,,,,,,,,,
Mississippi,MS,Columbus,,,,,,,,39701###39702###39704###39710###39703###39705,33.39393,-88.5047,America/Chicago,CST,-6,,,,,,,,,,,
Mississippi,MS,Columbus Afb,,,,,,,,,33.39393,-88.5047,America/Chicago,CST,-6,,,,,,,,,,,
Mississippi,MS,Como,,,,,,,,38619,34.47403,-89.9544,America/Chicago,CST,-6,,,,,,,,,,,
Mississippi,MS,Conehatta,,,,,,,,39057,32.47712,-89.2636,America/Chicago,CST,-6,,,,,,,,,,,
Mississippi,MS,Corinth,,,,,,,,38834###38835,34.87589,-88.5916,America/Chicago,CST,-6,,,,,,,,,,,
Mississippi,MS,Courtland,,,,,,,,38620,34.25082,-89.963,America/Chicago,CST,-6,,,,,,,,,,,
Mississippi,MS,Crawford,,,,,,,,39743,33.33469,-88.5561,America/Chicago,CST,-6,,,,,,,,,,,
Mississippi,MS,Crenshaw,,,,,,,,38621,34.50261,-90.1987,America/Chicago,CST,-6,,,,,,,,,,,
Mississippi,MS,Crosby,,,,,,,,39633,31.28378,-91.0632,America/Chicago,CST,-6,,,,,,,,,,,
Mississippi,MS,Crossroads,,,,,,,,,30.78269,-89.7748,America/Chicago,CST,-6,,,,,,,,,,,
Mississippi,MS,Crowder,,,,,,,,38622,34.17306,-90.1364,America/Chicago,CST,-6,,,,,,,,,,,
Mississippi,MS,Cruger,,,,,,,,38924,33.25558,-90.1833,America/Chicago,CST,-6,,,,,,,,,,,
Mississippi,MS,Crystal Springs,,,,,,,,39059,31.96509,-90.3757,America/Chicago,CST,-6,,,,,,,,,,,
Mississippi,MS,Curtis Station,,,,,,,,,34.34011,-90.1393,America/Chicago,CST,-6,,,,,,,,,,,
Mississippi,MS,Darling,,,,,,,,38623,34.359,-90.2743,America/Chicago,CST,-6,,,,,,,,,,,
Mississippi,MS,De Kalb,,,,,,,,39328,32.79907,-88.6987,America/Chicago,CST,-6,,,,,,,,,,,
Mississippi,MS,Decatur,,,,,,,,39327,32.42714,-89.093,America/Chicago,CST,-6,,,,,,,,,,,
Mississippi,MS,Denham,,,,,,,,,31.65377,-88.5256,America/Chicago,CST,-6,,,,,,,,,,,
Mississippi,MS,Denmark,,,,,,,,,34.31094,-89.3467,America/Chicago,CST,-6,,,,,,,,,,,
Mississippi,MS,Denton,,,,,,,,,0,0,,,,,,,,,,,,,,
Mississippi,MS,Derma,,,,,,,,38839,33.85617,-89.3032,America/Chicago,CST,-6,,,,,,,,,,,
Mississippi,MS,Dexter,,,,,,,,,0,0,,,,,,,,,,,,,,
Mississippi,MS,Diamondhead,,,,,,,,39525,30.37282,-89.3779,America/Chicago,CST,-6,,,,,,,,,,,
Mississippi,MS,D'Iberville,,,,,,,,,30.49309,-88.9643,America/Chicago,CST,-6,,,,,,,,,,,
Mississippi,MS,D'Lo,,,,,,,,,32.68647,-89.6561,,,,,,,,,,,,,,
Mississippi,MS,Doddsville,,,,,,,,38736,33.65762,-90.5248,America/Chicago,CST,-6,,,,,,,,,,,
Mississippi,MS,Dolorosa,,,,,,,,,31.30517,-91.3596,America/Chicago,CST,-6,,,,,,,,,,,
Mississippi,MS,Drew,,,,,,,,38737,33.80956,-90.5265,America/Chicago,CST,-6,,,,,,,,,,,
Mississippi,MS,Dubbs,,,,,,,,,34.56844,-90.3737,America/Chicago,CST,-6,,,,,,,,,,,
Mississippi,MS,Dublin,,,,,,,,38739,34.06036,-90.5011,America/Chicago,CST,-6,,,,,,,,,,,
Mississippi,MS,Duck Hill,,,,,,,,38925,33.56322,-89.6419,America/Chicago,CST,-6,,,,,,,,,,,
Mississippi,MS,Dumas,,,,,,,,38625,34.64174,-88.8271,America/Chicago,CST,-6,,,,,,,,,,,
Mississippi,MS,Duncan,,,,,,,,38740,34.04455,-90.7448,America/Chicago,CST,-6,,,,,,,,,,,
Mississippi,MS,Dundee,,,,,,,,38626,34.5357,-90.3693,America/Chicago,CST,-6,,,,,,,,,,,
Mississippi,MS,Durant,,,,,,,,39063,33.07153,-89.8996,America/Chicago,CST,-6,,,,,,,,,,,
Mississippi,MS,Ecru,,,,,,,,38841,34.33661,-89.0109,America/Chicago,CST,-6,,,,,,,,,,,
Mississippi,MS,Eden,,,,,,,,,32.98485,-90.3234,America/Chicago,CST,-6,,,,,,,,,,,
Mississippi,MS,Edwards,,,,,,,,39066,32.33015,-90.6057,America/Chicago,CST,-6,,,,,,,,,,,
Mississippi,MS,Ellisville,,,,,,,,39437,31.61109,-89.1718,America/Chicago,CST,-6,,,,,,,,,,,
Mississippi,MS,Endville,,,,,,,,,34.32233,-88.8831,America/Chicago,CST,-6,,,,,,,,,,,
Mississippi,MS,Enid,,,,,,,,38927,34.12505,-90.0132,America/Chicago,CST,-6,,,,,,,,,,,
Mississippi,MS,Enterprise,,,,,,,,39330,32.14342,-88.8195,America/Chicago,CST,-6,,,,,,,,,,,
Mississippi,MS,Escatawpa,,,,,,,,39552,30.44107,-88.6345,America/Chicago,CST,-6,,,,,,,,,,,
Mississippi,MS,Ethel,,,,,,,,39067,33.12041,-89.4659,America/Chicago,CST,-6,,,,,,,,,,,
Mississippi,MS,Etta,,,,,,,,38627,34.47038,-89.2276,America/Chicago,CST,-6,,,,,,,,,,,
Mississippi,MS,Eucutta,,,,,,,,,31.80516,-88.8723,America/Chicago,CST,-6,,,,,,,,,,,
Mississippi,MS,Eudora,,,,,,,,,34.83038,-90.1493,America/Chicago,CST,-6,,,,,,,,,,,
Mississippi,MS,Eupora,,,,,,,,39744,33.54938,-89.2904,America/Chicago,CST,-6,,,,,,,,,,,
Mississippi,MS,Evanston,,,,,,,,,0,0,,,,,,,,,,,,,,
Mississippi,MS,Evergreen,,,,,,,,,34.26205,-88.3763,America/Chicago,CST,-6,,,,,,,,,,,
Mississippi,MS,Fairview,,,,,,,,,33.50928,-90.7468,America/Chicago,CST,-6,,,,,,,,,,,
Mississippi,MS,Falcon,,,,,,,,38628,34.29161,-90.2927,America/Chicago,CST,-6,,,,,,,,,,,
Mississippi,MS,Falkner,,,,,,,,38629,34.85088,-88.9337,America/Chicago,CST,-6,,,,,,,,,,,
Mississippi,MS,Fayette,,,,,,,,39069,31.73199,-91.0565,America/Chicago,CST,-6,,,,,,,,,,,
Mississippi,MS,Ferguson,,,,,,,,,0,0,,,,,,,,,,,,,,
Mississippi,MS,Flora,,,,,,,,39071,32.55327,-90.3267,America/Chicago,CST,-6,,,,,,,,,,,
Mississippi,MS,Florence,,,,,,,,39073,32.15348,-90.1312,America/Chicago,CST,-6,,,,,,,,,,,
Mississippi,MS,Flowood,,,,,,,,39232,32.33066,-90.0918,America/Chicago,CST,-6,,,,,,,,,,,
Mississippi,MS,Forest,,,,,,,,39074,32.39985,-89.5053,America/Chicago,CST,-6,,,,,,,,,,,
Mississippi,MS,Fort Adams,,,,,,,,,31.08657,-91.5482,America/Chicago,CST,-6,,,,,,,,,,,
Mississippi,MS,French Camp,,,,,,,,39745,33.28975,-89.3999,America/Chicago,CST,-6,,,,,,,,,,,
Mississippi,MS,Friars Point,,,,,,,,38631,34.36677,-90.6376,America/Chicago,CST,-6,,,,,,,,,,,
Mississippi,MS,Fulton,,,,,,,,38843,34.27649,-88.355,America/Chicago,CST,-6,,,,,,,,,,,
Mississippi,MS,Furrs,,,,,,,,,34.23511,-88.8601,America/Chicago,CST,-6,,,,,,,,,,,
Mississippi,MS,Gattman,,,,,,,,38844,33.84026,-88.2635,America/Chicago,CST,-6,,,,,,,,,,,
Mississippi,MS,Gautier,,,,,,,,39553,30.42168,-88.6649,America/Chicago,CST,-6,,,,,,,,,,,
Mississippi,MS,Georgetown,,,,,,,,39078,31.87408,-90.2063,America/Chicago,CST,-6,,,,,,,,,,,
Mississippi,MS,Gillsberg,,,,,,,,,0,0,,,,,,,,,,,,,,
Mississippi,MS,Glen,,,,,,,,38846,34.86852,-88.4198,America/Chicago,CST,-6,,,,,,,,,,,
Mississippi,MS,Glendora,,,,,,,,38928,33.82928,-90.2931,America/Chicago,CST,-6,,,,,,,,,,,
Mississippi,MS,Glenville,,,,,,,,,34.51121,-89.0337,America/Chicago,CST,-6,,,,,,,,,,,
Mississippi,MS,Gloster,,,,,,,,39638,31.1974,-91.0218,America/Chicago,CST,-6,,,,,,,,,,,
Mississippi,MS,Golden,,,,,,,,38847,34.48843,-88.1887,America/Chicago,CST,-6,,,,,,,,,,,
Mississippi,MS,Goodman,,,,,,,,39079,32.98923,-89.9433,America/Chicago,CST,-6,,,,,,,,,,,
Mississippi,MS,Gravestown,,,,,,,,,34.74871,-89.0834,America/Chicago,CST,-6,,,,,,,,,,,
Mississippi,MS,Greenville,,,,,,,,38704###38703###38702###38701,33.31454,-91.023,America/Chicago,CST,-6,,,,,,,,,,,
Mississippi,MS,Greenwood,,,,,,,,38935###38930,33.55041,-90.2249,America/Chicago,CST,-6,,,,,,,,,,,
Mississippi,MS,Grenada,,,,,,,,38901###38902,33.78602,-89.8455,America/Chicago,CST,-6,,,,,,,,,,,
Mississippi,MS,Gretna,,,,,,,,,0,0,,,,,,,,,,,,,,
Mississippi,MS,Gulf Park Estates,,,,,,,,,30.39187,-88.7611,America/Chicago,CST,-6,,,,,,,,,,,
Mississippi,MS,Gulfport,,,,,,,,39505###39506###39502###39507###39501###39503,30.38297,-89.1024,America/Chicago,CST,-6,,,,,,,,,,,
Mississippi,MS,Gunnison,,,,,,,,38746,34.00059,-90.9196,America/Chicago,CST,-6,,,,,,,,,,,
Mississippi,MS,Guntown,,,,,,,,38849,34.44316,-88.6598,America/Chicago,CST,-6,,,,,,,,,,,
Mississippi,MS,Harmontown,,,,,,,,,34.54038,-89.6484,America/Chicago,CST,-6,,,,,,,,,,,
Mississippi,MS,Hatley,,,,,,,,,33.97678,-88.4206,America/Chicago,CST,-6,,,,,,,,,,,
Mississippi,MS,Hattiesburg,,,,,,,,39407###39402###39403###39404###39406###39401,31.24514,-89.2807,America/Chicago,CST,-6,,,,,,,,,,,
Mississippi,MS,Hazlehurst,,,,,,,,39083,31.86848,-90.4294,America/Chicago,CST,-6,,,,,,,,,,,
Mississippi,MS,Heidelberg,,,,,,,,39439,31.89267,-89.0774,America/Chicago,CST,-6,,,,,,,,,,,
Mississippi,MS,Hernando,,,,,,,,38632,34.80684,-89.9946,America/Chicago,CST,-6,,,,,,,,,,,
Mississippi,MS,Hickory,,,,,,,,39332,32.31764,-89.0256,America/Chicago,CST,-6,,,,,,,,,,,
Mississippi,MS,Hickory Flat,,,,,,,,38633,34.62345,-89.1803,America/Chicago,CST,-6,,,,,,,,,,,
Mississippi,MS,Hinkle,,,,,,,,,0,0,,,,,,,,,,,,,,
Mississippi,MS,Hintonville,,,,,,,,,31.23537,-89.0563,America/Chicago,CST,-6,,,,,,,,,,,
Mississippi,MS,Hiwannee,,,,,,,,,31.81016,-88.6906,America/Chicago,CST,-6,,,,,,,,,,,
Mississippi,MS,Hollandale,,,,,,,,38748,33.16901,-90.854,America/Chicago,CST,-6,,,,,,,,,,,
Mississippi,MS,Holly Springs,,,,,,,,38635###38634,34.74504,-89.485,America/Chicago,CST,-6,,,,,,,,,,,
Mississippi,MS,Hollywood,,,,,,,,,34.74538,-90.3582,America/Chicago,CST,-6,,,,,,,,,,,
Mississippi,MS,Horn Lake,,,,,,,,38637,34.95061,-90.0336,America/Chicago,CST,-6,,,,,,,,,,,
Mississippi,MS,Houlka,,,,,,,,38850,34.01357,-88.9961,America/Chicago,CST,-6,,,,,,,,,,,
Mississippi,MS,Houston,,,,,,,,38851,33.9119,-88.9311,America/Chicago,CST,-6,,,,,,,,,,,
Mississippi,MS,Independence,,,,,,,,38638,34.69585,-89.8288,America/Chicago,CST,-6,,,,,,,,,,,
Mississippi,MS,Indianola,,,,,,,,38751,33.44345,-90.6087,America/Chicago,CST,-6,,,,,,,,,,,
Mississippi,MS,Inverness,,,,,,,,38753,33.35066,-90.5834,America/Chicago,CST,-6,,,,,,,,,,,
Mississippi,MS,Isola,,,,,,,,38754,33.26305,-90.5968,America/Chicago,CST,-6,,,,,,,,,,,
Mississippi,MS,Itta Bena,,,,,,,,38941,33.46785,-90.2946,America/Chicago,CST,-6,,,,,,,,,,,
Mississippi,MS,Iuka,,,,,,,,38852,34.81583,-88.2318,America/Chicago,CST,-6,,,,,,,,,,,
Mississippi,MS,Jackson,,,,,,,,39236###39201###39202###39203###39204###39205###39206###39209###39216###39215###39213###39298###39296###39286###39211###39210###39212###39208###39207###39288###39217###39284###39283###39282###39271###39269###39250###39225###39289,32.28966,-90.1842,America/Chicago,CST,-6,,,,,,,,,,,
Mississippi,MS,Janice,,,,,,,,,32.13099,-89.8381,America/Chicago,CST,-6,,,,,,,,,,,
Mississippi,MS,Jonathan,,,,,,,,,31.22268,-88.6375,America/Chicago,CST,-6,,,,,,,,,,,
Mississippi,MS,Jonestown,,,,,,,,38639,34.30373,-90.4294,America/Chicago,CST,-6,,,,,,,,,,,
Mississippi,MS,Jumpertown,,,,,,,,,34.71093,-88.6639,America/Chicago,CST,-6,,,,,,,,,,,
Mississippi,MS,Keownville,,,,,,,,,34.54149,-88.912,America/Chicago,CST,-6,,,,,,,,,,,
Mississippi,MS,Kilmichael,,,,,,,,39747,33.4346,-89.5857,America/Chicago,CST,-6,,,,,,,,,,,
Mississippi,MS,Kiln,,,,,,,,39556,30.4875,-89.4187,America/Chicago,CST,-6,,,,,,,,,,,
Mississippi,MS,Kings,,,,,,,,,32.23012,-90.8579,America/Chicago,CST,-6,,,,,,,,,,,
Mississippi,MS,Kittrell,,,,,,,,,0,0,,,,,,,,,,,,,,
Mississippi,MS,Kosciusko,,,,,,,,39090,33.05514,-89.5913,America/Chicago,CST,-6,,,,,,,,,,,
Mississippi,MS,Kossuth,,,,,,,,,34.87204,-88.6459,America/Chicago,CST,-6,,,,,,,,,,,
Mississippi,MS,Lake,,,,,,,,39092,32.3432,-89.3287,America/Chicago,CST,-6,,,,,,,,,,,
Mississippi,MS,Lake Cormorant,,,,,,,,38641,34.91184,-90.146,America/Chicago,CST,-6,,,,,,,,,,,
Mississippi,MS,Lamar,,,,,,,,38642,34.91732,-89.3179,America/Chicago,CST,-6,,,,,,,,,,,
Mississippi,MS,Lambert,,,,,,,,38643,34.18924,-90.2159,America/Chicago,CST,-6,,,,,,,,,,,
Mississippi,MS,Laurel,,,,,,,,39442###39441###39440###39443,31.71173,-89.1143,America/Chicago,CST,-6,,,,,,,,,,,
Mississippi,MS,Laws Hill,,,,,,,,,31.96376,-88.7756,America/Chicago,CST,-6,,,,,,,,,,,
Mississippi,MS,Leaf,,,,,,,,,31.02574,-88.7956,America/Chicago,CST,-6,,,,,,,,,,,
Mississippi,MS,Leakesville,,,,,,,,39451,31.16773,-88.6378,America/Chicago,CST,-6,,,,,,,,,,,
Mississippi,MS,Learned,,,,,,,,,34.13594,-90.5279,America/Chicago,CST,-6,,,,,,,,,,,
Mississippi,MS,Leedy,,,,,,,,,34.79537,-88.3612,America/Chicago,CST,-6,,,,,,,,,,,
Mississippi,MS,Leland,,,,,,,,38756,33.39851,-90.8839,America/Chicago,CST,-6,,,,,,,,,,,
Mississippi,MS,Lena,,,,,,,,39094,32.62031,-89.6143,America/Chicago,CST,-6,,,,,,,,,,,
Mississippi,MS,Lewisburg,,,,,,,,,34.86204,-89.8334,America/Chicago,CST,-6,,,,,,,,,,,
Mississippi,MS,Lexington,,,,,,,,39095,33.12608,-90.0571,America/Chicago,CST,-6,,,,,,,,,,,
Mississippi,MS,Liberty,,,,,,,,39645,31.17427,-90.8035,America/Chicago,CST,-6,,,,,,,,,,,
Mississippi,MS,Little Texas,,,,,,,,,0,0,,,,,,,,,,,,,,
Mississippi,MS,Long Beach,,,,,,,,39560,30.37465,-89.1771,America/Chicago,CST,-6,,,,,,,,,,,
Mississippi,MS,Louin,,,,,,,,39338,32.10931,-89.1874,America/Chicago,CST,-6,,,,,,,,,,,
Mississippi,MS,Louise,,,,,,,,39097,32.98076,-90.5928,America/Chicago,CST,-6,,,,,,,,,,,
Mississippi,MS,Louisville,,,,,,,,39339,33.10169,-89.0681,America/Chicago,CST,-6,,,,,,,,,,,
Mississippi,MS,Lucedale,,,,,,,,39452,30.86679,-88.649,America/Chicago,CST,-6,,,,,,,,,,,
Mississippi,MS,Lula,,,,,,,,38644,34.4618,-90.4981,America/Chicago,CST,-6,,,,,,,,,,,
Mississippi,MS,Lumberton,,,,,,,,39455,31.00129,-89.4523,America/Chicago,CST,-6,,,,,,,,,,,
Mississippi,MS,Lyman,,,,,,,,,30.38297,-89.1024,America/Chicago,CST,-6,,,,,,,,,,,
Mississippi,MS,Lynchburg,,,,,,,,,34.96232,-90.0959,America/Chicago,CST,-6,,,,,,,,,,,
Mississippi,MS,Lyon,,,,,,,,38645,34.23639,-90.4794,America/Chicago,CST,-6,,,,,,,,,,,
Mississippi,MS,Maben,,,,,,,,39750,33.5554,-89.0848,America/Chicago,CST,-6,,,,,,,,,,,
Mississippi,MS,Macon,,,,,,,,39341,33.12577,-88.5447,America/Chicago,CST,-6,,,,,,,,,,,
Mississippi,MS,Madison,,,,,,,,39130###39110,32.55377,-90.1389,America/Chicago,CST,-6,,,,,,,,,,,
Mississippi,MS,Magee,,,,,,,,39111,31.87377,-89.7337,America/Chicago,CST,-6,,,,,,,,,,,
Mississippi,MS,Magnolia,,,,,,,,39652,31.1434,-90.404,America/Chicago,CST,-6,,,,,,,,,,,
Mississippi,MS,Mahned,,,,,,,,,31.20907,-89.0809,America/Chicago,CST,-6,,,,,,,,,,,
Mississippi,MS,Mantachie,,,,,,,,38855,34.32427,-88.4912,America/Chicago,CST,-6,,,,,,,,,,,
Mississippi,MS,Mantee,,,,,,,,39751,33.73151,-89.0553,America/Chicago,CST,-6,,,,,,,,,,,
Mississippi,MS,Marianna,,,,,,,,,34.76691,-89.4863,America/Chicago,CST,-6,,,,,,,,,,,
Mississippi,MS,Marietta,,,,,,,,38856,34.50204,-88.4689,America/Chicago,CST,-6,,,,,,,,,,,
Mississippi,MS,Marion,,,,,,,,39342,32.41736,-88.6478,America/Chicago,CST,-6,,,,,,,,,,,
Mississippi,MS,Marks,,,,,,,,38646,34.31497,-90.2145,America/Chicago,CST,-6,,,,,,,,,,,
Mississippi,MS,Matherville,,,,,,,,,31.86571,-88.5656,America/Chicago,CST,-6,,,,,,,,,,,
Mississippi,MS,Mathiston,,,,,,,,39752,33.54016,-89.1303,America/Chicago,CST,-6,,,,,,,,,,,
Mississippi,MS,Mayersville,,,,,,,,39113,32.90207,-91.0512,America/Chicago,CST,-6,,,,,,,,,,,
Mississippi,MS,McComb,,,,,,,,39649###39648,31.1769,-90.4016,America/Chicago,CST,-6,,,,,,,,,,,
Mississippi,MS,Mccool,,,,,,,,,33.20207,-89.3451,America/Chicago,CST,-6,,,,,,,,,,,
Mississippi,MS,Mchenry,,,,,,,,,0,0,,,,,,,,,,,,,,
Mississippi,MS,Mclain,,,,,,,,,31.08667,-88.7977,America/Chicago,CST,-6,,,,,,,,,,,
Mississippi,MS,Mcneil,,,,,,,,,31.1434,-90.404,America/Chicago,CST,-6,,,,,,,,,,,
Mississippi,MS,Meadville,,,,,,,,39653,31.46989,-90.8915,America/Chicago,CST,-6,,,,,,,,,,,
Mississippi,MS,Memphis,,,,,,,,,34.99398,-90.0959,America/Chicago,CST,-6,,,,,,,,,,,
Mississippi,MS,Mendenhall,,,,,,,,39114,31.90797,-89.8139,America/Chicago,CST,-6,,,,,,,,,,,
Mississippi,MS,Meridian,,,,,,,,39307###39304###39303###39309###39302###39301###39305,32.38161,-88.6635,America/Chicago,CST,-6,,,,,,,,,,,
Mississippi,MS,Meridian Station,,,,,,,,,32.38161,-88.6635,America/Chicago,CST,-6,,,,,,,,,,,
Mississippi,MS,Merigold,,,,,,,,38759,33.81874,-90.8406,America/Chicago,CST,-6,,,,,,,,,,,
Mississippi,MS,Merrill,,,,,,,,,30.97908,-88.7206,America/Chicago,CST,-6,,,,,,,,,,,
Mississippi,MS,Metcalfe,,,,,,,,38760,33.45461,-90.9943,America/Chicago,CST,-6,,,,,,,,,,,
Mississippi,MS,Michigan City,,,,,,,,38647,34.98092,-89.2506,America/Chicago,CST,-6,,,,,,,,,,,
Mississippi,MS,Midway,,,,,,,,,34.7312,-88.2248,America/Chicago,CST,-6,,,,,,,,,,,
Mississippi,MS,Mize,,,,,,,,39116,31.85234,-89.5081,America/Chicago,CST,-6,,,,,,,,,,,
Mississippi,MS,Monticello,,,,,,,,39654,31.54011,-90.161,America/Chicago,CST,-6,,,,,,,,,,,
Mississippi,MS,Montrose,,,,,,,,,32.12432,-89.2356,America/Chicago,CST,-6,,,,,,,,,,,
Mississippi,MS,Moorhead,,,,,,,,38761,33.44339,-90.5068,America/Chicago,CST,-6,,,,,,,,,,,
Mississippi,MS,Morgan City,,,,,,,,38946,33.38068,-90.3504,America/Chicago,CST,-6,,,,,,,,,,,
Mississippi,MS,Morton,,,,,,,,39117,32.4029,-89.5949,America/Chicago,CST,-6,,,,,,,,,,,
Mississippi,MS,Moss Point,,,,,,,,39562###39563,30.54668,-88.4895,America/Chicago,CST,-6,,,,,,,,,,,
Mississippi,MS,Mound Bayou,,,,,,,,38762,33.87817,-90.7273,America/Chicago,CST,-6,,,,,,,,,,,
Mississippi,MS,Mount Olive,,,,,,,,39119,31.71791,-89.6235,America/Chicago,CST,-6,,,,,,,,,,,
Mississippi,MS,Movella,,,,,,,,,30.76408,-88.5064,America/Chicago,CST,-6,,,,,,,,,,,
Mississippi,MS,Mt Pleasant,,,,,,,,,34.43927,-90.0895,America/Chicago,CST,-6,,,,,,,,,,,
Mississippi,MS,Mulberry,,,,,,,,,31.67687,-88.6659,America/Chicago,CST,-6,,,,,,,,,,,
Mississippi,MS,Myrtle,,,,,,,,38650,34.51299,-89.1335,America/Chicago,CST,-6,,,,,,,,,,,
Mississippi,MS,Natchez,,,,,,,,39121###39120###39122,31.52775,-91.307,America/Chicago,CST,-6,,,,,,,,,,,
Mississippi,MS,Neely,,,,,,,,39461,31.21017,-88.7548,America/Chicago,CST,-6,,,,,,,,,,,
Mississippi,MS,Nellieburg,,,,,,,,,32.27365,-88.5804,America/Chicago,CST,-6,,,,,,,,,,,
Mississippi,MS,Nettleton,,,,,,,,38858,34.089,-88.6223,America/Chicago,CST,-6,,,,,,,,,,,
Mississippi,MS,New Albany,,,,,,,,38652,34.48869,-88.9636,America/Chicago,CST,-6,,,,,,,,,,,
Mississippi,MS,New Augusta,,,,,,,,39462,31.2024,-89.0348,America/Chicago,CST,-6,,,,,,,,,,,
Mississippi,MS,New Harmony,,,,,,,,,34.39399,-88.9198,America/Chicago,CST,-6,,,,,,,,,,,
Mississippi,MS,New Hebron,,,,,,,,,31.731,-89.9787,America/Chicago,CST,-6,,,,,,,,,,,
Mississippi,MS,New Hope,,,,,,,,,33.39393,-88.5047,America/Chicago,CST,-6,,,,,,,,,,,
Mississippi,MS,New Houlka,,,,,,,,,34.01357,-88.9961,America/Chicago,CST,-6,,,,,,,,,,,
Mississippi,MS,New Salem,,,,,,,,,34.13955,-88.3587,America/Chicago,CST,-6,,,,,,,,,,,
Mississippi,MS,New Wren,,,,,,,,,33.97178,-88.6134,America/Chicago,CST,-6,,,,,,,,,,,
Mississippi,MS,Newport,,,,,,,,,32.93708,-89.7645,America/Chicago,CST,-6,,,,,,,,,,,
Mississippi,MS,Newton,,,,,,,,39345,32.32126,-89.1634,America/Chicago,CST,-6,,,,,,,,,,,
Mississippi,MS,North Carrollton,,,,,,,,38947,33.51818,-89.9206,America/Chicago,CST,-6,,,,,,,,,,,
Mississippi,MS,North Tunica,,,,,,,,,34.70093,-90.3782,America/Chicago,CST,-6,,,,,,,,,,,
Mississippi,MS,Noxapater,,,,,,,,39346,32.98075,-89.1083,America/Chicago,CST,-6,,,,,,,,,,,
Mississippi,MS,Oakland,,,,,,,,38948,34.10266,-89.8553,America/Chicago,CST,-6,,,,,,,,,,,
Mississippi,MS,Ocean Springs,,,,,,,,39566###39564###39565,30.40523,-88.7587,America/Chicago,CST,-6,,,,,,,,,,,
Mississippi,MS,Okolona,,,,,,,,38860,34.00178,-88.7553,America/Chicago,CST,-6,,,,,,,,,,,
Mississippi,MS,Olive Branch,,,,,,,,38654,34.92117,-89.8691,America/Chicago,CST,-6,,,,,,,,,,,
Mississippi,MS,Osyka,,,,,,,,39657,31.04365,-90.4037,America/Chicago,CST,-6,,,,,,,,,,,
Mississippi,MS,Oxford,,,,,,,,38655,34.33081,-89.4835,America/Chicago,CST,-6,,,,,,,,,,,
Mississippi,MS,Pace,,,,,,,,38764,33.7915,-90.8571,America/Chicago,CST,-6,,,,,,,,,,,
Mississippi,MS,Pachuta,,,,,,,,39347,32.02169,-88.8851,America/Chicago,CST,-6,,,,,,,,,,,
Mississippi,MS,Paden,,,,,,,,,34.65982,-88.2659,America/Chicago,CST,-6,,,,,,,,,,,
Mississippi,MS,Paris,,,,,,,,38949,34.19157,-89.4254,America/Chicago,CST,-6,,,,,,,,,,,
Mississippi,MS,Pascagoula,,,,,,,,39595###39581###39567###39568###39569,30.36545,-88.5401,America/Chicago,CST,-6,,,,,,,,,,,
Mississippi,MS,Pass Christian,,,,,,,,39571,30.42616,-89.2643,America/Chicago,CST,-6,,,,,,,,,,,
Mississippi,MS,Paynes,,,,,,,,,33.91006,-89.9953,America/Chicago,CST,-6,,,,,,,,,,,
Mississippi,MS,Pearl,,,,,,,,,32.25977,-90.0916,America/Chicago,CST,-6,,,,,,,,,,,
Mississippi,MS,Pearl River,,,,,,,,,32.25977,-90.0916,America/Chicago,CST,-6,,,,,,,,,,,
Mississippi,MS,Pearlington,,,,,,,,39572,30.24923,-89.6047,America/Chicago,CST,-6,,,,,,,,,,,
Mississippi,MS,Pelahatchie,,,,,,,,39145,32.33857,-89.8332,America/Chicago,CST,-6,,,,,,,,,,,
Mississippi,MS,Perkinston,,,,,,,,39573,30.77311,-89.1129,America/Chicago,CST,-6,,,,,,,,,,,
Mississippi,MS,Perry,,,,,,,,,31.14157,-90.6809,America/Chicago,CST,-6,,,,,,,,,,,
Mississippi,MS,Petal,,,,,,,,39465,31.33153,-89.2151,America/Chicago,CST,-6,,,,,,,,,,,
Mississippi,MS,Philadelphia,,,,,,,,39350,32.75439,-89.1168,America/Chicago,CST,-6,,,,,,,,,,,
Mississippi,MS,Phillipp,,,,,,,,,33.75762,-90.2043,America/Chicago,CST,-6,,,,,,,,,,,
Mississippi,MS,Piave,,,,,,,,,31.39434,-88.7448,America/Chicago,CST,-6,,,,,,,,,,,
Mississippi,MS,Picayune,,,,,,,,39466,30.52547,-89.6795,America/Chicago,CST,-6,,,,,,,,,,,
Mississippi,MS,Pickens,,,,,,,,39146,32.88374,-89.9715,America/Chicago,CST,-6,,,,,,,,,,,
Mississippi,MS,Pinedale,,,,,,,,,34.4051,-89.1926,America/Chicago,CST,-6,,,,,,,,,,,
Mississippi,MS,Pineflat,,,,,,,,,0,0,,,,,,,,,,,,,,
Mississippi,MS,Pisgah,,,,,,,,,34.74093,-88.632,America/Chicago,CST,-6,,,,,,,,,,,
Mississippi,MS,Pittsboro,,,,,,,,38951,33.94294,-89.283,America/Chicago,CST,-6,,,,,,,,,,,
Mississippi,MS,Plantersville,,,,,,,,38862,34.21344,-88.6645,America/Chicago,CST,-6,,,,,,,,,,,
Mississippi,MS,Pleasant Grove,,,,,,,,,34.43927,-90.0895,America/Chicago,CST,-6,,,,,,,,,,,
Mississippi,MS,Polkville,,,,,,,,,32.19376,-89.6926,America/Chicago,CST,-6,,,,,,,,,,,
Mississippi,MS,Pontotoc,,,,,,,,38863,34.22725,-89.0405,America/Chicago,CST,-6,,,,,,,,,,,
Mississippi,MS,Pope,,,,,,,,38658,34.19624,-89.8886,America/Chicago,CST,-6,,,,,,,,,,,
Mississippi,MS,Poplarville,,,,,,,,39470,30.75677,-89.5807,America/Chicago,CST,-6,,,,,,,,,,,
Mississippi,MS,Port Gibson,,,,,,,,39150,31.91695,-90.9756,America/Chicago,CST,-6,,,,,,,,,,,
Mississippi,MS,Potts Camp,,,,,,,,38659,34.62921,-89.3664,America/Chicago,CST,-6,,,,,,,,,,,
Mississippi,MS,Prairie,,,,,,,,39756,33.78358,-88.6642,America/Chicago,CST,-6,,,,,,,,,,,
Mississippi,MS,Pratts Friendship,,,,,,,,,34.35259,-89.0153,America/Chicago,CST,-6,,,,,,,,,,,
Mississippi,MS,Prentiss,,,,,,,,39474,31.59763,-89.886,America/Chicago,CST,-6,,,,,,,,,,,
Mississippi,MS,Prichard,,,,,,,,,34.69955,-90.2443,America/Chicago,CST,-6,,,,,,,,,,,
Mississippi,MS,Puckett,,,,,,,,39151,32.10617,-89.7836,America/Chicago,CST,-6,,,,,,,,,,,
Mississippi,MS,Purvis,,,,,,,,39475,31.22813,-89.5015,America/Chicago,CST,-6,,,,,,,,,,,
Mississippi,MS,Pyland,,,,,,,,,33.884,-89.1076,America/Chicago,CST,-6,,,,,,,,,,,
Mississippi,MS,Quitman,,,,,,,,39355,32.0138,-88.6634,America/Chicago,CST,-6,,,,,,,,,,,
Mississippi,MS,Raleigh,,,,,,,,39153,32.03366,-89.5245,America/Chicago,CST,-6,,,,,,,,,,,
Mississippi,MS,Ramsey Springs,,,,,,,,,34.93287,-89.2112,America/Chicago,CST,-6,,,,,,,,,,,
Mississippi,MS,Randolph,,,,,,,,38864,34.16175,-89.1795,America/Chicago,CST,-6,,,,,,,,,,,
Mississippi,MS,Raymond,,,,,,,,39154,32.19607,-90.4753,America/Chicago,CST,-6,,,,,,,,,,,
Mississippi,MS,Red Banks,,,,,,,,38661,34.89374,-89.5649,America/Chicago,CST,-6,,,,,,,,,,,
Mississippi,MS,Redwater,,,,,,,,,32.7668,-89.5367,America/Chicago,CST,-6,,,,,,,,,,,
Mississippi,MS,Renova,,,,,,,,,33.77872,-90.7215,America/Chicago,CST,-6,,,,,,,,,,,
Mississippi,MS,Rhodes,,,,,,,,,31.43212,-88.9656,America/Chicago,CST,-6,,,,,,,,,,,
Mississippi,MS,Richland,,,,,,,,39218,32.93533,-89.8986,America/Chicago,CST,-6,,,,,,,,,,,
Mississippi,MS,Richton,,,,,,,,39476,31.31824,-88.9931,America/Chicago,CST,-6,,,,,,,,,,,
Mississippi,MS,Ridgeland,,,,,,,,39157###39158,32.43606,-90.1373,America/Chicago,CST,-6,,,,,,,,,,,
Mississippi,MS,Rienzi,,,,,,,,38865,34.81888,-88.5633,America/Chicago,CST,-6,,,,,,,,,,,
Mississippi,MS,Ripley,,,,,,,,38663,34.72296,-88.9036,America/Chicago,CST,-6,,,,,,,,,,,
Mississippi,MS,Robinson Junction,,,,,,,,,31.96099,-88.5731,America/Chicago,CST,-6,,,,,,,,,,,
Mississippi,MS,Robinsonville,,,,,,,,38664,34.78001,-90.3326,America/Chicago,CST,-6,,,,,,,,,,,
Mississippi,MS,Rogers Lake,,,,,,,,,32.3432,-89.3287,America/Chicago,CST,-6,,,,,,,,,,,
Mississippi,MS,Rolling Fork,,,,,,,,39159,32.85911,-90.8977,America/Chicago,CST,-6,,,,,,,,,,,
Mississippi,MS,Rosedale,,,,,,,,38769,33.85344,-91.0279,America/Chicago,CST,-6,,,,,,,,,,,
Mississippi,MS,Rounsaville,,,,,,,,,0,0,,,,,,,,,,,,,,
Mississippi,MS,Roxie,,,,,,,,39661,31.50115,-91.0695,America/Chicago,CST,-6,,,,,,,,,,,
Mississippi,MS,Royce,,,,,,,,,32.0496,-89.1353,America/Chicago,CST,-6,,,,,,,,,,,
Mississippi,MS,Ruleville,,,,,,,,38771,33.72595,-90.5515,America/Chicago,CST,-6,,,,,,,,,,,
Mississippi,MS,Runnelstown,,,,,,,,,31.23411,-89.2659,America/Chicago,CST,-6,,,,,,,,,,,
Mississippi,MS,Sabougla,,,,,,,,,33.77595,-89.4642,America/Chicago,CST,-6,,,,,,,,,,,
Mississippi,MS,Salem,,,,,,,,,31.2299,-90.1173,America/Chicago,CST,-6,,,,,,,,,,,
Mississippi,MS,Sallis,,,,,,,,39160,33.02235,-89.7654,America/Chicago,CST,-6,,,,,,,,,,,
Mississippi,MS,Saltillo,,,,,,,,38866,34.30438,-88.6672,America/Chicago,CST,-6,,,,,,,,,,,
Mississippi,MS,Sand Hill,,,,,,,,,31.62072,-89.2817,America/Chicago,CST,-6,,,,,,,,,,,
Mississippi,MS,Sandersville,,,,,,,,39477,31.79093,-89.0414,America/Chicago,CST,-6,,,,,,,,,,,
Mississippi,MS,Sandy Springs,,,,,,,,,34.43288,-88.375,America/Chicago,CST,-6,,,,,,,,,,,
Mississippi,MS,Sardis,,,,,,,,38666,34.35888,-89.9304,America/Chicago,CST,-6,,,,,,,,,,,
Mississippi,MS,Satartia,,,,,,,,39162,32.6404,-90.5957,America/Chicago,CST,-6,,,,,,,,,,,
Mississippi,MS,Saucier,,,,,,,,39574,30.59977,-89.1127,America/Chicago,CST,-6,,,,,,,,,,,
Mississippi,MS,Schlater,,,,,,,,38952,33.62735,-90.301,America/Chicago,CST,-6,,,,,,,,,,,
Mississippi,MS,Scobey,,,,,,,,38953,33.9415,-89.8659,America/Chicago,CST,-6,,,,,,,,,,,
Mississippi,MS,Scooba,,,,,,,,39358,32.82262,-88.4781,America/Chicago,CST,-6,,,,,,,,,,,
Mississippi,MS,Sebastopol,,,,,,,,39359,32.57292,-89.3351,America/Chicago,CST,-6,,,,,,,,,,,
Mississippi,MS,Seminary,,,,,,,,39479,31.5378,-89.5028,America/Chicago,CST,-6,,,,,,,,,,,
Mississippi,MS,Senatobia,,,,,,,,38668,34.62134,-89.9301,America/Chicago,CST,-6,,,,,,,,,,,
Mississippi,MS,Shannon,,,,,,,,38868,34.14415,-88.684,America/Chicago,CST,-6,,,,,,,,,,,
Mississippi,MS,Shaw,,,,,,,,38773,33.60854,-90.7943,America/Chicago,CST,-6,,,,,,,,,,,
Mississippi,MS,Shelby,,,,,,,,38774,33.95776,-90.745,America/Chicago,CST,-6,,,,,,,,,,,
Mississippi,MS,Sherard,,,,,,,,38669,34.19535,-90.7335,America/Chicago,CST,-6,,,,,,,,,,,
Mississippi,MS,Sherman,,,,,,,,38869,34.35927,-88.8412,America/Chicago,CST,-6,,,,,,,,,,,
Mississippi,MS,Shipman,,,,,,,,,30.87741,-88.475,America/Chicago,CST,-6,,,,,,,,,,,
Mississippi,MS,Shubuta,,,,,,,,39360,31.96069,-88.7168,America/Chicago,CST,-6,,,,,,,,,,,
Mississippi,MS,Shuqualak,,,,,,,,39361,32.97846,-88.57,America/Chicago,CST,-6,,,,,,,,,,,
Mississippi,MS,Sidon,,,,,,,,38954,33.40818,-90.204,America/Chicago,CST,-6,,,,,,,,,,,
Mississippi,MS,Silver City,,,,,,,,39166,33.09473,-90.4905,America/Chicago,CST,-6,,,,,,,,,,,
Mississippi,MS,Silver Creek,,,,,,,,39663,31.5946,-90.0447,America/Chicago,CST,-6,,,,,,,,,,,
Mississippi,MS,Slate Spring,,,,,,,,38955,33.74387,-89.3753,America/Chicago,CST,-6,,,,,,,,,,,
Mississippi,MS,Slayden,,,,,,,,,34.94704,-89.4409,America/Chicago,CST,-6,,,,,,,,,,,
Mississippi,MS,Sledge,,,,,,,,38670,34.43205,-90.2209,America/Chicago,CST,-6,,,,,,,,,,,
Mississippi,MS,Smithdale,,,,,,,,39664,31.26895,-90.6702,America/Chicago,CST,-6,,,,,,,,,,,
Mississippi,MS,Smithtown,,,,,,,,,0,0,,,,,,,,,,,,,,
Mississippi,MS,Smithville,,,,,,,,38870,34.04527,-88.3656,America/Chicago,CST,-6,,,,,,,,,,,
Mississippi,MS,Soso,,,,,,,,39480,31.71323,-89.2973,America/Chicago,CST,-6,,,,,,,,,,,
Mississippi,MS,Southaven,,,,,,,,38672###38671,34.95663,-89.9962,America/Chicago,CST,-6,,,,,,,,,,,
Mississippi,MS,Springdale,,,,,,,,,34.22178,-89.6093,America/Chicago,CST,-6,,,,,,,,,,,
Mississippi,MS,St. Martin,,,,,,,,,30.43798,-88.8681,America/Chicago,CST,-6,,,,,,,,,,,
Mississippi,MS,Standing Pine,,,,,,,,,32.67375,-89.4334,America/Chicago,CST,-6,,,,,,,,,,,
Mississippi,MS,Starkville,,,,,,,,39760###39759,33.42554,-88.8791,America/Chicago,CST,-6,,,,,,,,,,,
Mississippi,MS,State Line,,,,,,,,39362,31.36065,-88.6065,America/Chicago,CST,-6,,,,,,,,,,,
Mississippi,MS,Stonewall,,,,,,,,39363,32.14068,-88.7706,America/Chicago,CST,-6,,,,,,,,,,,
Mississippi,MS,Strayhorn,,,,,,,,,34.61233,-90.144,America/Chicago,CST,-6,,,,,,,,,,,
Mississippi,MS,Strengthford,,,,,,,,,31.69321,-89.1472,America/Chicago,CST,-6,,,,,,,,,,,
Mississippi,MS,Sturgis,,,,,,,,39769,33.40568,-88.9937,America/Chicago,CST,-6,,,,,,,,,,,
Mississippi,MS,Summit,,,,,,,,39666,31.28379,-90.4684,America/Chicago,CST,-6,,,,,,,,,,,
Mississippi,MS,Sumner,,,,,,,,38957,33.98332,-90.3895,America/Chicago,CST,-6,,,,,,,,,,,
Mississippi,MS,Sumrall,,,,,,,,39482,31.41739,-89.5423,America/Chicago,CST,-6,,,,,,,,,,,
Mississippi,MS,Sunflower,,,,,,,,38778,33.55675,-90.5451,America/Chicago,CST,-6,,,,,,,,,,,
Mississippi,MS,Sylvarena,,,,,,,,,32.04646,-89.4883,America/Chicago,CST,-6,,,,,,,,,,,
Mississippi,MS,Tallahala,,,,,,,,,32.68647,-89.6561,,,,,,,,,,,,,,
Mississippi,MS,Taylor,,,,,,,,38673,34.29187,-89.611,America/Chicago,CST,-6,,,,,,,,,,,
Mississippi,MS,Taylorsville,,,,,,,,39168,31.82958,-89.4033,America/Chicago,CST,-6,,,,,,,,,,,
Mississippi,MS,Tchula,,,,,,,,39169,33.13441,-90.2379,America/Chicago,CST,-6,,,,,,,,,,,
Mississippi,MS,Ten Mile,,,,,,,,,30.76547,-89.1437,America/Chicago,CST,-6,,,,,,,,,,,
Mississippi,MS,Terry,,,,,,,,39170,32.09626,-90.2943,America/Chicago,CST,-6,,,,,,,,,,,
Mississippi,MS,Thaxton,,,,,,,,38871,34.31737,-89.1591,America/Chicago,CST,-6,,,,,,,,,,,
Mississippi,MS,Theo,,,,,,,,,32.68647,-89.6561,,,,,,,,,,,,,,
Mississippi,MS,Thrashers,,,,,,,,,32.68647,-89.6561,,,,,,,,,,,,,,
Mississippi,MS,Tillatoba,,,,,,,,38961,33.98484,-89.8968,America/Chicago,CST,-6,,,,,,,,,,,
Mississippi,MS,Tishomingo,,,,,,,,38873,34.67121,-88.2381,America/Chicago,CST,-6,,,,,,,,,,,
Mississippi,MS,Toccopola,,,,,,,,38874,34.2565,-89.2356,America/Chicago,CST,-6,,,,,,,,,,,
Mississippi,MS,Trebloc,,,,,,,,38875,33.90683,-88.9554,America/Chicago,CST,-6,,,,,,,,,,,
Mississippi,MS,Tremont,,,,,,,,38876,34.23483,-88.2587,America/Chicago,CST,-6,,,,,,,,,,,
Mississippi,MS,Troy,,,,,,,,,34.119,-88.8851,America/Chicago,CST,-6,,,,,,,,,,,
Mississippi,MS,Tucker,,,,,,,,,0,0,,,,,,,,,,,,,,
Mississippi,MS,Tula,,,,,,,,38675,34.3582,-89.4839,America/Chicago,CST,-6,,,,,,,,,,,
Mississippi,MS,Tunica,,,,,,,,38676,34.69289,-90.339,America/Chicago,CST,-6,,,,,,,,,,,
Mississippi,MS,Tupelo,,,,,,,,38804###38802###38803###38801,34.22126,-88.775,America/Chicago,CST,-6,,,,,,,,,,,
Mississippi,MS,Tutwiler,,,,,,,,38963,34.01483,-90.4318,America/Chicago,CST,-6,,,,,,,,,,,
Mississippi,MS,Tylertown,,,,,,,,39667,31.17556,-90.0908,America/Chicago,CST,-6,,,,,,,,,,,
Mississippi,MS,Union,,,,,,,,39365,32.64392,-89.112,America/Chicago,CST,-6,,,,,,,,,,,
Mississippi,MS,Utica,,,,,,,,39175,32.1096,-90.6234,America/Chicago,CST,-6,,,,,,,,,,,
Mississippi,MS,Vaiden,,,,,,,,39176,33.32902,-89.7516,America/Chicago,CST,-6,,,,,,,,,,,
Mississippi,MS,Vance,,,,,,,,38964,34.09953,-90.443,America/Chicago,CST,-6,,,,,,,,,,,
Mississippi,MS,Vancleave,,,,,,,,,30.40523,-88.7587,America/Chicago,CST,-6,,,,,,,,,,,
Mississippi,MS,Vardaman,,,,,,,,38878,33.89696,-89.2219,America/Chicago,CST,-6,,,,,,,,,,,
Mississippi,MS,Velma,,,,,,,,,34.13554,-89.6018,America/Chicago,CST,-6,,,,,,,,,,,
Mississippi,MS,Vernal,,,,,,,,,31.03852,-88.6109,America/Chicago,CST,-6,,,,,,,,,,,
Mississippi,MS,Verona,,,,,,,,38879,34.18612,-88.7172,America/Chicago,CST,-6,,,,,,,,,,,
Mississippi,MS,Vicksburg,,,,,,,,39182###39181###39183###39180,32.33953,-90.8344,America/Chicago,CST,-6,,,,,,,,,,,
Mississippi,MS,Wade,,,,,,,,,30.36545,-88.5401,America/Chicago,CST,-6,,,,,,,,,,,
Mississippi,MS,Walls,,,,,,,,38680###38686,34.96071,-90.1139,America/Chicago,CST,-6,,,,,,,,,,,
Mississippi,MS,Walnut,,,,,,,,38683,34.89462,-88.8852,America/Chicago,CST,-6,,,,,,,,,,,
Mississippi,MS,Walnut Grove,,,,,,,,39189,32.62897,-89.4063,America/Chicago,CST,-6,,,,,,,,,,,
Mississippi,MS,Walthall,,,,,,,,39771,33.60734,-89.2773,America/Chicago,CST,-6,,,,,,,,,,,
Mississippi,MS,Water Valley,,,,,,,,38965,34.10163,-89.6335,America/Chicago,CST,-6,,,,,,,,,,,
Mississippi,MS,Waveland,,,,,,,,39576,30.28505,-89.3712,America/Chicago,CST,-6,,,,,,,,,,,
Mississippi,MS,Waynesboro,,,,,,,,39367,31.65933,-88.7041,America/Chicago,CST,-6,,,,,,,,,,,
Mississippi,MS,Webb,,,,,,,,38966,33.94734,-90.3443,America/Chicago,CST,-6,,,,,,,,,,,
Mississippi,MS,Weir,,,,,,,,39772,33.26679,-89.2909,America/Chicago,CST,-6,,,,,,,,,,,
Mississippi,MS,Wenasoga,,,,,,,,,34.98703,-88.5906,America/Chicago,CST,-6,,,,,,,,,,,
Mississippi,MS,Wesson,,,,,,,,39191,31.70128,-90.3976,America/Chicago,CST,-6,,,,,,,,,,,
Mississippi,MS,West,,,,,,,,39192,33.19854,-89.8535,America/Chicago,CST,-6,,,,,,,,,,,
Mississippi,MS,West Hattiesburg,,,,,,,,,31.24514,-89.2807,America/Chicago,CST,-6,,,,,,,,,,,
Mississippi,MS,West Point,,,,,,,,39773,33.62114,-88.6091,America/Chicago,CST,-6,,,,,,,,,,,
Mississippi,MS,Wheeler,,,,,,,,38880,34.61264,-88.5822,America/Chicago,CST,-6,,,,,,,,,,,
Mississippi,MS,Whistler,,,,,,,,,31.69711,-88.8045,America/Chicago,CST,-6,,,,,,,,,,,
Mississippi,MS,Whites Crossing,,,,,,,,,30.84825,-89.0403,America/Chicago,CST,-6,,,,,,,,,,,
Mississippi,MS,Wiggins,,,,,,,,39577,30.84778,-89.087,America/Chicago,CST,-6,,,,,,,,,,,
Mississippi,MS,Winchester,,,,,,,,,31.61766,-88.5906,America/Chicago,CST,-6,,,,,,,,,,,
Mississippi,MS,Wingate,,,,,,,,,31.20268,-89.0014,America/Chicago,CST,-6,,,,,,,,,,,
Mississippi,MS,Winona,,,,,,,,38967,33.51493,-89.6286,America/Chicago,CST,-6,,,,,,,,,,,
Mississippi,MS,Winstonville,,,,,,,,38781,33.91011,-90.7515,America/Chicago,CST,-6,,,,,,,,,,,
Mississippi,MS,Woodland,,,,,,,,39776,33.80481,-89.0607,America/Chicago,CST,-6,,,,,,,,,,,
Mississippi,MS,Woodville,,,,,,,,39669,31.17544,-91.3247,America/Chicago,CST,-6,,,,,,,,,,,
Mississippi,MS,Woodwards,,,,,,,,,31.69377,-88.6639,America/Chicago,CST,-6,,,,,,,,,,,
Mississippi,MS,Yazoo City,,,,,,,,39194,32.8159,-90.4758,America/Chicago,CST,-6,,,,,,,,,,,
