Montana,MT,Aberdeen,,,,,,,,,0,0,,,,,,,,,,,,,,
Montana,MT,Absarokee,,,,,,,,59001,45.51557,-109.455,America/Denver,MST,-7,,,,,,,,,,,
Montana,MT,Acton,,,,,,,,59002,45.92906,-108.689,America/Denver,MST,-7,,,,,,,,,,,
Montana,MT,Alberton,,,,,,,,59820,46.98928,-114.558,America/Denver,MST,-7,,,,,,,,,,,
Montana,MT,Albion,,,,,,,,,0,0,,,,,,,,,,,,,,
Montana,MT,Alder,,,,,,,,59710,45.1939,-112.057,America/Denver,MST,-7,,,,,,,,,,,
Montana,MT,Allentown,,,,,,,,,0,0,,,,,,,,,,,,,,
Montana,MT,Alpine,,,,,,,,,0,0,,,,,,,,,,,,,,
Montana,MT,Alzada,,,,,,,,59311,45.02304,-104.412,America/Denver,MST,-7,,,,,,,,,,,
Montana,MT,Amsterdam,,,,,,,,,0,0,,,,,,,,,,,,,,
Montana,MT,Anaconda,,,,,,,,59711,46.15821,-113.009,America/Denver,MST,-7,,,,,,,,,,,
Montana,MT,Anaconda-Deer Lodge County,,,,,,,,,46.06072,-113.068,America/Denver,MST,-7,,,,,,,,,,,
Montana,MT,Angela,,,,,,,,59312,47.00238,-106.215,America/Denver,MST,-7,,,,,,,,,,,
Montana,MT,Antelope,,,,,,,,59211,48.70072,-104.361,America/Denver,MST,-7,,,,,,,,,,,
Montana,MT,Apgar,,,,,,,,,0,0,,,,,,,,,,,,,,
Montana,MT,Archer,,,,,,,,,0,0,,,,,,,,,,,,,,
Montana,MT,Arlee,,,,,,,,59821,47.22006,-114.025,America/Denver,MST,-7,,,,,,,,,,,
Montana,MT,Ashland,,,,,,,,59003###59004,45.60567,-106.278,America/Denver,MST,-7,,,,,,,,,,,
Montana,MT,Augusta,,,,,,,,59410,47.44405,-112.513,America/Denver,MST,-7,,,,,,,,,,,
Montana,MT,Avon,,,,,,,,59713,46.62625,-112.582,America/Denver,MST,-7,,,,,,,,,,,
Montana,MT,Babb,,,,,,,,59411,48.90417,-113.298,America/Denver,MST,-7,,,,,,,,,,,
Montana,MT,Bainville,,,,,,,,59212,48.13978,-104.219,America/Denver,MST,-7,,,,,,,,,,,
Montana,MT,Baker,,,,,,,,59313,46.3515,-104.273,America/Denver,MST,-7,,,,,,,,,,,
Montana,MT,Ballantine,,,,,,,,59006,45.89231,-108.098,America/Denver,MST,-7,,,,,,,,,,,
Montana,MT,Bannack,,,,,,,,,45.16103,-112.996,America/Denver,MST,-7,,,,,,,,,,,
Montana,MT,Barber,,,,,,,,,0,0,,,,,,,,,,,,,,
Montana,MT,Bascom,,,,,,,,,0,0,,,,,,,,,,,,,,
Montana,MT,Basin,,,,,,,,59631,46.32958,-112.197,America/Denver,MST,-7,,,,,,,,,,,
Montana,MT,Baylor,,,,,,,,,0,0,,,,,,,,,,,,,,
Montana,MT,Bearcreek,,,,,,,,59007,45.16191,-109.158,America/Denver,MST,-7,,,,,,,,,,,
Montana,MT,Bearmouth,,,,,,,,,0,0,,,,,,,,,,,,,,
Montana,MT,Belfry,,,,,,,,59008,45.09184,-109.034,America/Denver,MST,-7,,,,,,,,,,,
Montana,MT,Belgrade,,,,,,,,59714,45.77576,-111.177,America/Denver,MST,-7,,,,,,,,,,,
Montana,MT,Belknap,,,,,,,,,0,0,,,,,,,,,,,,,,
Montana,MT,Bell Crossing,,,,,,,,,0,0,,,,,,,,,,,,,,
Montana,MT,Belle Creek,,,,,,,,,0,0,,,,,,,,,,,,,,
Montana,MT,Belltower,,,,,,,,,0,0,,,,,,,,,,,,,,
Montana,MT,Belmont,,,,,,,,,0,0,,,,,,,,,,,,,,
Montana,MT,Belt,,,,,,,,59412,47.31962,-110.885,America/Denver,MST,-7,,,,,,,,,,,
Montana,MT,Benchland,,,,,,,,,0,0,,,,,,,,,,,,,,
Montana,MT,Bend,,,,,,,,,0,0,,,,,,,,,,,,,,
Montana,MT,Biddle,,,,,,,,59314,45.09943,-105.338,America/Denver,MST,-7,,,,,,,,,,,
Montana,MT,Big Arm,,,,,,,,59910,47.79361,-114.27,America/Denver,MST,-7,,,,,,,,,,,
Montana,MT,Big Sandy,,,,,,,,59520,48.17641,-110.311,America/Denver,MST,-7,,,,,,,,,,,
Montana,MT,Big Sky,,,,,,,,59716,45.28465,-111.368,America/Denver,MST,-7,,,,,,,,,,,
Montana,MT,Big Timber,,,,,,,,59011,45.83421,-109.95,America/Denver,MST,-7,,,,,,,,,,,
Montana,MT,Bigfork,,,,,,,,59911,48.0737,-114.09,America/Denver,MST,-7,,,,,,,,,,,
Montana,MT,Bighorn,,,,,,,,59010,46.1763,-107.339,America/Denver,MST,-7,,,,,,,,,,,
Montana,MT,Billings,,,,,,,,59111###59112###59114###59105###59115###59116###59117###59102###59101###59106###59108###59103###59104###59107,45.68697,-108.387,America/Denver,MST,-7,,,,,,,,,,,
Montana,MT,Birney,,,,,,,,59012,45.4155,-106.493,America/Denver,MST,-7,,,,,,,,,,,
Montana,MT,Black Eagle,,,,,,,,59414,47.52719,-111.267,America/Denver,MST,-7,,,,,,,,,,,
Montana,MT,Blackfeet,,,,,,,,,0,0,,,,,,,,,,,,,,
Montana,MT,Blacktail,,,,,,,,,0,0,,,,,,,,,,,,,,
Montana,MT,Bloomfield,,,,,,,,59315,47.40996,-104.96,America/Denver,MST,-7,,,,,,,,,,,
Montana,MT,Blossburg,,,,,,,,,0,0,,,,,,,,,,,,,,
Montana,MT,Bonfield,,,,,,,,,0,0,,,,,,,,,,,,,,
Montana,MT,Bonner,,,,,,,,59823,46.87326,-113.865,America/Denver,MST,-7,,,,,,,,,,,
Montana,MT,Boulder,,,,,,,,59632,46.14195,-111.943,America/Denver,MST,-7,,,,,,,,,,,
Montana,MT,Bowdoin,,,,,,,,,0,0,,,,,,,,,,,,,,
Montana,MT,Box Elder,,,,,,,,59521,48.32041,-110.215,America/Denver,MST,-7,,,,,,,,,,,
Montana,MT,Boyd,,,,,,,,59013,45.45772,-109.067,America/Denver,MST,-7,,,,,,,,,,,
Montana,MT,Boyes,,,,,,,,59316,45.56709,-104.539,America/Denver,MST,-7,,,,,,,,,,,
Montana,MT,Bozeman,,,,,,,,59719###59771###59715###59772###59717###59718,45.82641,-110.899,America/Denver,MST,-7,,,,,,,,,,,
Montana,MT,Bozeman Hot Spring,,,,,,,,,45.74301,-110.225,America/Denver,MST,-7,,,,,,,,,,,
Montana,MT,Brady,,,,,,,,59416,48.06573,-111.715,America/Denver,MST,-7,,,,,,,,,,,
Montana,MT,Brandenberg,,,,,,,,,0,0,,,,,,,,,,,,,,
Montana,MT,Bredette,,,,,,,,,0,0,,,,,,,,,,,,,,
Montana,MT,Bridger,,,,,,,,59014,45.33595,-108.921,America/Denver,MST,-7,,,,,,,,,,,
Montana,MT,Broadus,,,,,,,,59317,45.25719,-105.257,America/Denver,MST,-7,,,,,,,,,,,
Montana,MT,Broadview,,,,,,,,59015,46.04172,-108.76,America/Denver,MST,-7,,,,,,,,,,,
Montana,MT,Brock Creek,,,,,,,,,0,0,,,,,,,,,,,,,,
Montana,MT,Brockton,,,,,,,,59213,48.28012,-104.944,America/Denver,MST,-7,,,,,,,,,,,
Montana,MT,Brockway,,,,,,,,59214,47.24993,-105.906,America/Denver,MST,-7,,,,,,,,,,,
Montana,MT,Browning,,,,,,,,59417,48.55692,-113.013,America/Denver,MST,-7,,,,,,,,,,,
Montana,MT,Brusett,,,,,,,,59318,47.50115,-107.514,America/Denver,MST,-7,,,,,,,,,,,
Montana,MT,Buffalo,,,,,,,,59418,46.81996,-109.825,America/Denver,MST,-7,,,,,,,,,,,
Montana,MT,Burns,,,,,,,,,0,0,,,,,,,,,,,,,,
Montana,MT,Busby,,,,,,,,59016,45.53622,-106.961,America/Denver,MST,-7,,,,,,,,,,,
Montana,MT,Butte,,,,,,,,59750###59701###59707###59702###59703,45.9979,-112.599,America/Denver,MST,-7,,,,,,,,,,,
Montana,MT,Butte-Silver Bow,,,,,,,,,46.03504,-112.476,America/Denver,MST,-7,,,,,,,,,,,
Montana,MT,Bynum,,,,,,,,59419,47.97912,-112.312,America/Denver,MST,-7,,,,,,,,,,,
Montana,MT,Calypso,,,,,,,,,0,0,,,,,,,,,,,,,,
Montana,MT,Camas,,,,,,,,,0,0,,,,,,,,,,,,,,
Montana,MT,Camas Prairie,,,,,,,,,0,0,,,,,,,,,,,,,,
Montana,MT,Cameron,,,,,,,,59720,45.20326,-111.679,America/Denver,MST,-7,,,,,,,,,,,
Montana,MT,Canyon Creek,,,,,,,,59633,46.81855,-112.258,America/Denver,MST,-7,,,,,,,,,,,
Montana,MT,Capitol,,,,,,,,59319,45.56709,-104.539,America/Denver,MST,-7,,,,,,,,,,,
Montana,MT,Cardwell,,,,,,,,59721,45.87052,-111.89,America/Denver,MST,-7,,,,,,,,,,,
Montana,MT,Carlyle,,,,,,,,,0,0,,,,,,,,,,,,,,
Montana,MT,Carter,,,,,,,,59420,47.78117,-110.94,America/Denver,MST,-7,,,,,,,,,,,
Montana,MT,Cartersville,,,,,,,,,0,0,,,,,,,,,,,,,,
Montana,MT,Cascade,,,,,,,,59421,47.27656,-111.73,America/Denver,MST,-7,,,,,,,,,,,
Montana,MT,Cat Creek,,,,,,,,,47.06526,-108.006,America/Denver,MST,-7,,,,,,,,,,,
Montana,MT,Centerville,,,,,,,,,46.0227,-112.549,America/Denver,MST,-7,,,,,,,,,,,
Montana,MT,Chapman,,,,,,,,,48.86862,-108.133,America/Denver,MST,-7,,,,,,,,,,,
Montana,MT,Charlo,,,,,,,,59824,47.4427,-114.172,America/Denver,MST,-7,,,,,,,,,,,
Montana,MT,Charlos Heights,,,,,,,,,0,0,,,,,,,,,,,,,,
Montana,MT,Checkerboard,,,,,,,,,0,0,,,,,,,,,,,,,,
Montana,MT,Chester,,,,,,,,59522,48.51066,-110.967,America/Denver,MST,-7,,,,,,,,,,,
Montana,MT,Chico,,,,,,,,,0,0,,,,,,,,,,,,,,
Montana,MT,Chinook,,,,,,,,59523,48.48774,-109.262,America/Denver,MST,-7,,,,,,,,,,,
Montana,MT,Choteau,,,,,,,,59422,47.8241,-112.267,America/Denver,MST,-7,,,,,,,,,,,
Montana,MT,Christina,,,,,,,,,47.38192,-109.324,America/Denver,MST,-7,,,,,,,,,,,
Montana,MT,Church Hill,,,,,,,,,45.75076,-111.304,America/Denver,MST,-7,,,,,,,,,,,
Montana,MT,Circle,,,,,,,,59215,47.48424,-105.759,America/Denver,MST,-7,,,,,,,,,,,
Montana,MT,Clancy,,,,,,,,59634,46.4506,-112.006,America/Denver,MST,-7,,,,,,,,,,,
Montana,MT,Clearwater,,,,,,,,,0,0,,,,,,,,,,,,,,
Montana,MT,Clinton,,,,,,,,59825,46.77847,-113.683,America/Denver,MST,-7,,,,,,,,,,,
Montana,MT,Clyde Park,,,,,,,,59018,45.83408,-110.622,America/Denver,MST,-7,,,,,,,,,,,
Montana,MT,Coalridge,,,,,,,,,0,0,,,,,,,,,,,,,,
Montana,MT,Coalwood,,,,,,,,,0,0,,,,,,,,,,,,,,
Montana,MT,Coffee Creek,,,,,,,,59424,47.34775,-110.082,America/Denver,MST,-7,,,,,,,,,,,
Montana,MT,Cohagen,,,,,,,,59322,47.05444,-106.618,America/Denver,MST,-7,,,,,,,,,,,
Montana,MT,Colstrip,,,,,,,,59323,45.93442,-106.637,America/Denver,MST,-7,,,,,,,,,,,
Montana,MT,Columbia Falls,,,,,,,,59912,48.37246,-114.182,America/Denver,MST,-7,,,,,,,,,,,
Montana,MT,Columbus,,,,,,,,59019,45.65745,-109.207,America/Denver,MST,-7,,,,,,,,,,,
Montana,MT,Comanche,,,,,,,,,45.99773,-108.773,America/Denver,MST,-7,,,,,,,,,,,
Montana,MT,Comertown,,,,,,,,,0,0,,,,,,,,,,,,,,
Montana,MT,Como,,,,,,,,,0,0,,,,,,,,,,,,,,
Montana,MT,Condon,,,,,,,,59826,47.47933,-113.678,America/Denver,MST,-7,,,,,,,,,,,
Montana,MT,Conner,,,,,,,,59827,45.91897,-114.059,America/Denver,MST,-7,,,,,,,,,,,
Montana,MT,Conney Reservoir St Park,,,,,,,,,0,0,,,,,,,,,,,,,,
Montana,MT,Conrad,,,,,,,,59425,48.18278,-111.846,America/Denver,MST,-7,,,,,,,,,,,
Montana,MT,Content,,,,,,,,,0,0,,,,,,,,,,,,,,
Montana,MT,Cooke City,,,,,,,,59020,45.02337,-109.907,America/Denver,MST,-7,,,,,,,,,,,
Montana,MT,Coram,,,,,,,,59913,48.43424,-114.058,America/Denver,MST,-7,,,,,,,,,,,
Montana,MT,Corbin,,,,,,,,,0,0,,,,,,,,,,,,,,
Montana,MT,Corinth,,,,,,,,,0,0,,,,,,,,,,,,,,
Montana,MT,Corvallis,,,,,,,,59828,46.31936,-114.115,America/Denver,MST,-7,,,,,,,,,,,
Montana,MT,Corwin Springs,,,,,,,,,45.11299,-110.79,America/Denver,MST,-7,,,,,,,,,,,
Montana,MT,Crackerville,,,,,,,,,46.06465,-112.805,America/Denver,MST,-7,,,,,,,,,,,
Montana,MT,Craig,,,,,,,,,0,0,,,,,,,,,,,,,,
Montana,MT,Crane,,,,,,,,59217,47.57557,-104.257,America/Denver,MST,-7,,,,,,,,,,,
Montana,MT,Creston,,,,,,,,,48.1894,-114.137,America/Denver,MST,-7,,,,,,,,,,,
Montana,MT,Creston-Bigfork,,,,,,,,,48.0737,-114.09,America/Denver,MST,-7,,,,,,,,,,,
Montana,MT,Crooked Creek Camp,,,,,,,,,0,0,,,,,,,,,,,,,,
Montana,MT,Crow Agency,,,,,,,,59022,45.6082,-107.47,America/Denver,MST,-7,,,,,,,,,,,
Montana,MT,Crow Reservation,,,,,,,,,0,0,,,,,,,,,,,,,,
Montana,MT,Crow Rock,,,,,,,,,46.29334,-105.76,America/Denver,MST,-7,,,,,,,,,,,
Montana,MT,Culbertson,,,,,,,,59218,48.15024,-104.517,America/Denver,MST,-7,,,,,,,,,,,
Montana,MT,Cushman,,,,,,,,,46.28829,-109.043,America/Denver,MST,-7,,,,,,,,,,,
Montana,MT,Custer,,,,,,,,59024,46.21258,-107.693,America/Denver,MST,-7,,,,,,,,,,,
Montana,MT,Cut Bank,,,,,,,,59427,48.63304,-112.326,America/Denver,MST,-7,,,,,,,,,,,
Montana,MT,Cyr,,,,,,,,,0,0,,,,,,,,,,,,,,
Montana,MT,Dagmar,,,,,,,,59219,48.58336,-104.198,America/Denver,MST,-7,,,,,,,,,,,
Montana,MT,Daleview,,,,,,,,,0,0,,,,,,,,,,,,,,
Montana,MT,Danvers,,,,,,,,,0,0,,,,,,,,,,,,,,
Montana,MT,Darby,,,,,,,,59829,46.08643,-114.177,America/Denver,MST,-7,,,,,,,,,,,
Montana,MT,Dayton,,,,,,,,59914,47.85492,-114.282,America/Denver,MST,-7,,,,,,,,,,,
Montana,MT,De Borgia,,,,,,,,59830,47.38883,-115.348,America/Denver,MST,-7,,,,,,,,,,,
Montana,MT,Dean,,,,,,,,,0,0,,,,,,,,,,,,,,
Montana,MT,Decker,,,,,,,,59025,45.0272,-106.819,America/Denver,MST,-7,,,,,,,,,,,
Montana,MT,Deer Lodge,,,,,,,,59722,46.40186,-112.642,America/Denver,MST,-7,,,,,,,,,,,
Montana,MT,Dell,,,,,,,,59724,44.72297,-112.697,America/Denver,MST,-7,,,,,,,,,,,
Montana,MT,Delphia,,,,,,,,,0,0,,,,,,,,,,,,,,
Montana,MT,Denton,,,,,,,,59430,47.31803,-109.955,America/Denver,MST,-7,,,,,,,,,,,
Montana,MT,Devils Creek Rec Area,,,,,,,,,0,0,,,,,,,,,,,,,,
Montana,MT,Devon,,,,,,,,,0,0,,,,,,,,,,,,,,
Montana,MT,Dewey,,,,,,,,,0,0,,,,,,,,,,,,,,
Montana,MT,Dillon,,,,,,,,59725,45.21631,-112.638,America/Denver,MST,-7,,,,,,,,,,,
Montana,MT,Divide,,,,,,,,59727,45.74881,-112.729,America/Denver,MST,-7,,,,,,,,,,,
Montana,MT,Dixon,,,,,,,,59831,47.30696,-114.329,America/Denver,MST,-7,,,,,,,,,,,
Montana,MT,Dodson,,,,,,,,59524,48.39496,-108.247,America/Denver,MST,-7,,,,,,,,,,,
Montana,MT,Dooley,,,,,,,,,44.72297,-112.697,America/Denver,MST,-7,,,,,,,,,,,
Montana,MT,Drummond,,,,,,,,59832,46.68763,-113.215,America/Denver,MST,-7,,,,,,,,,,,
Montana,MT,Duck Creek Fishing,,,,,,,,,0,0,,,,,,,,,,,,,,
Montana,MT,Dupuyer,,,,,,,,59432,48.19247,-112.499,America/Denver,MST,-7,,,,,,,,,,,
Montana,MT,Dutton,,,,,,,,59433,47.84237,-111.796,America/Denver,MST,-7,,,,,,,,,,,
Montana,MT,East Bridger,,,,,,,,,45.33595,-108.921,America/Denver,MST,-7,,,,,,,,,,,
Montana,MT,East Glacier Park,,,,,,,,59434,48.44569,-113.219,America/Denver,MST,-7,,,,,,,,,,,
Montana,MT,East Helena,,,,,,,,59635,46.58799,-111.924,America/Denver,MST,-7,,,,,,,,,,,
Montana,MT,East Missoula,,,,,,,,,46.8564,-114.014,America/Denver,MST,-7,,,,,,,,,,,
Montana,MT,East Portal,,,,,,,,,0,0,,,,,,,,,,,,,,
Montana,MT,Eddy,,,,,,,,,0,0,,,,,,,,,,,,,,
Montana,MT,Edgar,,,,,,,,59026,45.46467,-108.852,America/Denver,MST,-7,,,,,,,,,,,
Montana,MT,Edwards,,,,,,,,,0,0,,,,,,,,,,,,,,
Montana,MT,Ekalaka,,,,,,,,59324,45.89758,-104.64,America/Denver,MST,-7,,,,,,,,,,,
Montana,MT,Elliston,,,,,,,,59728,46.5034,-112.401,America/Denver,MST,-7,,,,,,,,,,,
Montana,MT,Elmo,,,,,,,,59915,47.82885,-114.349,America/Denver,MST,-7,,,,,,,,,,,
Montana,MT,Emigrant,,,,,,,,59027,45.27079,-110.792,America/Denver,MST,-7,,,,,,,,,,,
Montana,MT,Enid,,,,,,,,,0,0,,,,,,,,,,,,,,
Montana,MT,Ennis,,,,,,,,59729,45.28959,-111.665,America/Denver,MST,-7,,,,,,,,,,,
Montana,MT,Epsie,,,,,,,,,45.49166,-105.651,America/Denver,MST,-7,,,,,,,,,,,
Montana,MT,Essex,,,,,,,,59916,48.27996,-113.612,America/Denver,MST,-7,,,,,,,,,,,
Montana,MT,Ethridge,,,,,,,,59435,48.60907,-111.732,America/Denver,MST,-7,,,,,,,,,,,
Montana,MT,Eureka,,,,,,,,59917,48.87635,-115.054,America/Denver,MST,-7,,,,,,,,,,,
Montana,MT,Evaro,,,,,,,,,46.8564,-114.014,America/Denver,MST,-7,,,,,,,,,,,
Montana,MT,Evergreen,,,,,,,,,0,0,,,,,,,,,,,,,,
Montana,MT,Fairfield,,,,,,,,59436,47.61386,-112.207,America/Denver,MST,-7,,,,,,,,,,,
Montana,MT,Fallon,,,,,,,,59326,46.83668,-105.127,America/Denver,MST,-7,,,,,,,,,,,
Montana,MT,Ferdig,,,,,,,,,0,0,,,,,,,,,,,,,,
Montana,MT,Fergus,,,,,,,,,0,0,,,,,,,,,,,,,,
Montana,MT,Finley Point,,,,,,,,,0,0,,,,,,,,,,,,,,
Montana,MT,Finn,,,,,,,,,0,0,,,,,,,,,,,,,,
Montana,MT,Fishtail,,,,,,,,59028,45.41022,-109.772,America/Denver,MST,-7,,,,,,,,,,,
Montana,MT,Fishtrap,,,,,,,,,0,0,,,,,,,,,,,,,,
Montana,MT,Flathead,,,,,,,,,0,0,,,,,,,,,,,,,,
Montana,MT,Flatwillow,,,,,,,,,0,0,,,,,,,,,,,,,,
Montana,MT,Flaxville,,,,,,,,59222,48.80391,-105.173,America/Denver,MST,-7,,,,,,,,,,,
Montana,MT,Florence,,,,,,,,59833,46.6173,-114.042,America/Denver,MST,-7,,,,,,,,,,,
Montana,MT,Floweree,,,,,,,,59440,47.72969,-111.027,America/Denver,MST,-7,,,,,,,,,,,
Montana,MT,Flowing Wells Rest,,,,,,,,,0,0,,,,,,,,,,,,,,
Montana,MT,Forest Park,,,,,,,,,0,0,,,,,,,,,,,,,,
Montana,MT,Forestgrove,,,,,,,,59441,46.99136,-109.08,America/Denver,MST,-7,,,,,,,,,,,
Montana,MT,Forsyth,,,,,,,,59327,46.17422,-106.63,America/Denver,MST,-7,,,,,,,,,,,
Montana,MT,Fort Shaw,,,,,,,,59443,47.54598,-111.876,America/Denver,MST,-7,,,,,,,,,,,
Montana,MT,Fort Belknap,,,,,,,,,0,0,,,,,,,,,,,,,,
Montana,MT,Fort Benton,,,,,,,,59442,47.83441,-110.658,America/Denver,MST,-7,,,,,,,,,,,
Montana,MT,Fort Connah,,,,,,,,,47.05118,-109.635,,,,,,,,,,,,,,
Montana,MT,Fort Kipp,,,,,,,,,48.14669,-104.716,America/Denver,MST,-7,,,,,,,,,,,
Montana,MT,Fort Peck,,,,,,,,59223,47.83378,-106.213,America/Denver,MST,-7,,,,,,,,,,,
Montana,MT,Fort Peck Reservation,,,,,,,,,47.83378,-106.213,America/Denver,MST,-7,,,,,,,,,,,
Montana,MT,Fort Smith,,,,,,,,,0,0,,,,,,,,,,,,,,
Montana,MT,Fort Union,,,,,,,,,0,0,,,,,,,,,,,,,,
Montana,MT,Fortine,,,,,,,,59918,48.7586,-114.881,America/Denver,MST,-7,,,,,,,,,,,
Montana,MT,Four Buttes,,,,,,,,,48.80975,-105.606,America/Denver,MST,-7,,,,,,,,,,,
Montana,MT,Fourchette,,,,,,,,,0,0,,,,,,,,,,,,,,
Montana,MT,Fox,,,,,,,,,0,0,,,,,,,,,,,,,,
Montana,MT,Franklin,,,,,,,,,0,0,,,,,,,,,,,,,,
Montana,MT,Frazer,,,,,,,,59225,48.29592,-106.032,America/Denver,MST,-7,,,,,,,,,,,
Montana,MT,Frenchman Reservoir,,,,,,,,,0,0,,,,,,,,,,,,,,
Montana,MT,Frenchtown,,,,,,,,59834,47.06556,-114.251,America/Denver,MST,-7,,,,,,,,,,,
Montana,MT,Froid,,,,,,,,59226,48.33575,-104.493,America/Denver,MST,-7,,,,,,,,,,,
Montana,MT,Fromberg,,,,,,,,59029,45.39869,-108.817,America/Denver,MST,-7,,,,,,,,,,,
Montana,MT,Galata,,,,,,,,59444,48.81106,-111.47,America/Denver,MST,-7,,,,,,,,,,,
Montana,MT,Galen,,,,,,,,,46.23548,-112.776,America/Denver,MST,-7,,,,,,,,,,,
Montana,MT,Gallatin Gateway,,,,,,,,59730,45.33899,-111.248,America/Denver,MST,-7,,,,,,,,,,,
Montana,MT,Gardiner,,,,,,,,59030,45.11474,-110.81,America/Denver,MST,-7,,,,,,,,,,,
Montana,MT,Garland,,,,,,,,,46.04834,-105.931,America/Denver,MST,-7,,,,,,,,,,,
Montana,MT,Garneill,,,,,,,,,47.05572,-109.468,America/Denver,MST,-7,,,,,,,,,,,
Montana,MT,Garnet,,,,,,,,,45.00853,-113.067,America/Denver,MST,-7,,,,,,,,,,,
Montana,MT,Garrison,,,,,,,,59731,46.59485,-112.776,America/Denver,MST,-7,,,,,,,,,,,
Montana,MT,Garryowen,,,,,,,,59031,45.51871,-107.482,America/Denver,MST,-7,,,,,,,,,,,
Montana,MT,Georgetown,,,,,,,,,46.19937,-113.246,America/Denver,MST,-7,,,,,,,,,,,
Montana,MT,Geraldine,,,,,,,,59446,47.6001,-110.269,America/Denver,MST,-7,,,,,,,,,,,
Montana,MT,Geyser,,,,,,,,59447,47.25894,-110.495,America/Denver,MST,-7,,,,,,,,,,,
Montana,MT,Gildford,,,,,,,,59525,48.5715,-110.301,America/Denver,MST,-7,,,,,,,,,,,
Montana,MT,Glasgow,,,,,,,,59230,48.19502,-106.636,America/Denver,MST,-7,,,,,,,,,,,
Montana,MT,Glen,,,,,,,,59732,45.47659,-112.691,America/Denver,MST,-7,,,,,,,,,,,
Montana,MT,Glendive,,,,,,,,59330,47.18062,-104.775,America/Denver,MST,-7,,,,,,,,,,,
Montana,MT,Glentana,,,,,,,,59240,48.84808,-106.249,America/Denver,MST,-7,,,,,,,,,,,
Montana,MT,Goldcreek,,,,,,,,,46.58791,-112.937,America/Denver,MST,-7,,,,,,,,,,,
Montana,MT,Grant,,,,,,,,,45.00853,-113.067,America/Denver,MST,-7,,,,,,,,,,,
Montana,MT,Grantsdale,,,,,,,,59835,46.06017,-114.041,America/Denver,MST,-7,,,,,,,,,,,
Montana,MT,Grass Range,,,,,,,,59032,47.02608,-108.805,America/Denver,MST,-7,,,,,,,,,,,
Montana,MT,Great Falls,,,,,,,,59406###59401###59403###59404###59405,47.51122,-111.276,America/Denver,MST,-7,,,,,,,,,,,
Montana,MT,Greenough,,,,,,,,,47.01328,-113.444,America/Denver,MST,-7,,,,,,,,,,,
Montana,MT,Gregson Hot Springs,,,,,,,,,47.63357,-114.554,America/Denver,MST,-7,,,,,,,,,,,
Montana,MT,Greycliff,,,,,,,,59033,45.75845,-109.781,America/Denver,MST,-7,,,,,,,,,,,
Montana,MT,Hailstone Wildlife Refuge,,,,,,,,,0,0,,,,,,,,,,,,,,
Montana,MT,Halfbreed Lake Wildlife,,,,,,,,,0,0,,,,,,,,,,,,,,
Montana,MT,Hall,,,,,,,,59837,46.4667,-113.239,America/Denver,MST,-7,,,,,,,,,,,
Montana,MT,Hamilton,,,,,,,,59840,46.23419,-114.166,America/Denver,MST,-7,,,,,,,,,,,
Montana,MT,Hammond,,,,,,,,59332,45.56709,-104.539,America/Denver,MST,-7,,,,,,,,,,,
Montana,MT,Happys Inn,,,,,,,,,47.05118,-109.635,,,,,,,,,,,,,,
Montana,MT,Hardin,,,,,,,,59034,45.52731,-107.696,America/Denver,MST,-7,,,,,,,,,,,
Montana,MT,Harlem,,,,,,,,59526,48.65512,-108.818,America/Denver,MST,-7,,,,,,,,,,,
Montana,MT,Harlowton,,,,,,,,59036,46.44775,-109.843,America/Denver,MST,-7,,,,,,,,,,,
Montana,MT,Harrison,,,,,,,,59735,45.70355,-111.785,America/Denver,MST,-7,,,,,,,,,,,
Montana,MT,Hathaway,,,,,,,,59333,46.27667,-106.196,America/Denver,MST,-7,,,,,,,,,,,
Montana,MT,Haugan,,,,,,,,59842,47.38326,-115.4,America/Denver,MST,-7,,,,,,,,,,,
Montana,MT,Havre,,,,,,,,59501,48.55417,-109.679,America/Denver,MST,-7,,,,,,,,,,,
Montana,MT,Haxby,,,,,,,,,0,0,,,,,,,,,,,,,,
Montana,MT,Hays,,,,,,,,59527,47.99239,-108.659,America/Denver,MST,-7,,,,,,,,,,,
Montana,MT,Heart Butte,,,,,,,,59448,48.29729,-112.846,America/Denver,MST,-7,,,,,,,,,,,
Montana,MT,Hedgesville,,,,,,,,,0,0,,,,,,,,,,,,,,
Montana,MT,Helena,,,,,,,,59602###59626###59625###59620###59601###59623###59604###59624,46.5274,-112.21,America/Denver,MST,-7,,,,,,,,,,,
Montana,MT,Helena Valley Southeast,,,,,,,,,46.5274,-112.21,America/Denver,MST,-7,,,,,,,,,,,
Montana,MT,Helena Valley West Central,,,,,,,,,0,0,,,,,,,,,,,,,,
Montana,MT,Hell Creek Rec Area,,,,,,,,,46.4667,-113.239,America/Denver,MST,-7,,,,,,,,,,,
Montana,MT,Helmville,,,,,,,,59843,46.86336,-112.931,America/Denver,MST,-7,,,,,,,,,,,
Montana,MT,Heron,,,,,,,,59844,48.04786,-115.97,America/Denver,MST,-7,,,,,,,,,,,
Montana,MT,Highwood,,,,,,,,59450,47.59934,-110.768,America/Denver,MST,-7,,,,,,,,,,,
Montana,MT,Hilger,,,,,,,,59451,47.41517,-109.395,America/Denver,MST,-7,,,,,,,,,,,
Montana,MT,Hillside,,,,,,,,,0,0,,,,,,,,,,,,,,
Montana,MT,Hingham,,,,,,,,59528,48.55832,-110.425,America/Denver,MST,-7,,,,,,,,,,,
Montana,MT,Hinsdale,,,,,,,,59241,48.34262,-106.854,America/Denver,MST,-7,,,,,,,,,,,
Montana,MT,Hobson,,,,,,,,59452,46.99677,-109.876,America/Denver,MST,-7,,,,,,,,,,,
Montana,MT,Hodges,,,,,,,,,46.96287,-104.274,America/Denver,MST,-7,,,,,,,,,,,
Montana,MT,Hogeland,,,,,,,,59529,48.85251,-108.659,America/Denver,MST,-7,,,,,,,,,,,
Montana,MT,Homestead,,,,,,,,59242,48.42114,-104.539,America/Denver,MST,-7,,,,,,,,,,,
Montana,MT,Horton,,,,,,,,,45.52731,-107.696,America/Denver,MST,-7,,,,,,,,,,,
Montana,MT,Hot Springs,,,,,,,,59845,47.63357,-114.554,America/Denver,MST,-7,,,,,,,,,,,
Montana,MT,Hoyt,,,,,,,,,0,0,,,,,,,,,,,,,,
Montana,MT,Hungry Horse,,,,,,,,59919,48.3835,-114.06,America/Denver,MST,-7,,,,,,,,,,,
Montana,MT,Huntley,,,,,,,,59037,45.87674,-108.212,America/Denver,MST,-7,,,,,,,,,,,
Montana,MT,Huson,,,,,,,,59846,47.06789,-114.399,America/Denver,MST,-7,,,,,,,,,,,
Montana,MT,Hysham,,,,,,,,59038,46.29075,-107.229,America/Denver,MST,-7,,,,,,,,,,,
Montana,MT,Iliad,,,,,,,,,47.79859,-109.786,America/Denver,MST,-7,,,,,,,,,,,
Montana,MT,Ingomar,,,,,,,,59039,46.57665,-107.372,America/Denver,MST,-7,,,,,,,,,,,
Montana,MT,Intake,,,,,,,,,0,0,,,,,,,,,,,,,,
Montana,MT,Inverness,,,,,,,,59530,48.55974,-110.71,America/Denver,MST,-7,,,,,,,,,,,
Montana,MT,Ismay,,,,,,,,59336,46.49862,-104.794,America/Denver,MST,-7,,,,,,,,,,,
Montana,MT,Jackson,,,,,,,,59736,45.36865,-113.36,America/Denver,MST,-7,,,,,,,,,,,
Montana,MT,Janney,,,,,,,,,0,0,,,,,,,,,,,,,,
Montana,MT,Jardine,,,,,,,,,45.06994,-110.634,America/Denver,MST,-7,,,,,,,,,,,
Montana,MT,Jeffers,,,,,,,,,45.34882,-111.706,America/Denver,MST,-7,,,,,,,,,,,
Montana,MT,Jens,,,,,,,,,0,0,,,,,,,,,,,,,,
Montana,MT,Joliet,,,,,,,,59041,45.49413,-108.992,America/Denver,MST,-7,,,,,,,,,,,
Montana,MT,Joplin,,,,,,,,59531,48.55897,-110.773,America/Denver,MST,-7,,,,,,,,,,,
Montana,MT,Jordan,,,,,,,,59337,47.32564,-106.944,America/Denver,MST,-7,,,,,,,,,,,
Montana,MT,Judith Gap,,,,,,,,59453,46.67718,-109.757,America/Denver,MST,-7,,,,,,,,,,,
Montana,MT,Kalispell,,,,,,,,59903###59901###59904,48.20277,-114.304,America/Denver,MST,-7,,,,,,,,,,,
Montana,MT,Kevin,,,,,,,,59454,48.74527,-111.965,America/Denver,MST,-7,,,,,,,,,,,
Montana,MT,Keystone,,,,,,,,,0,0,,,,,,,,,,,,,,
Montana,MT,Kicking Horse,,,,,,,,,0,0,,,,,,,,,,,,,,
Montana,MT,Kila,,,,,,,,59920,48.04776,-114.514,America/Denver,MST,-7,,,,,,,,,,,
Montana,MT,Kinsey,,,,,,,,59338,46.57084,-105.657,America/Denver,MST,-7,,,,,,,,,,,
Montana,MT,Kiowa,,,,,,,,,0,0,,,,,,,,,,,,,,
Montana,MT,Kirby,,,,,,,,,45.33248,-106.982,America/Denver,MST,-7,,,,,,,,,,,
Montana,MT,Klein,,,,,,,,,45.47659,-112.691,America/Denver,MST,-7,,,,,,,,,,,
Montana,MT,Knowlton,,,,,,,,,0,0,,,,,,,,,,,,,,
Montana,MT,Kootenai Falls,,,,,,,,,0,0,,,,,,,,,,,,,,
Montana,MT,Kremlin,,,,,,,,59532,48.44936,-110.106,America/Denver,MST,-7,,,,,,,,,,,
Montana,MT,La Salle,,,,,,,,,48.40822,-114.154,America/Denver,MST,-7,,,,,,,,,,,
Montana,MT,Lake Mary Ronan,,,,,,,,,47.50735,-114.178,America/Denver,MST,-7,,,,,,,,,,,
Montana,MT,Lake Mcdonald,,,,,,,,,48.6208,-113.872,America/Denver,MST,-7,,,,,,,,,,,
Montana,MT,Lakeside,,,,,,,,59922,48.01293,-114.229,America/Denver,MST,-7,,,,,,,,,,,
Montana,MT,Lakeview,,,,,,,,,0,0,,,,,,,,,,,,,,
Montana,MT,Lambert,,,,,,,,59243,47.75207,-104.638,America/Denver,MST,-7,,,,,,,,,,,
Montana,MT,Lame Deer,,,,,,,,59043,45.62019,-106.679,America/Denver,MST,-7,,,,,,,,,,,
Montana,MT,Landusky,,,,,,,,,48.22906,-108.337,America/Denver,MST,-7,,,,,,,,,,,
Montana,MT,Larslan,,,,,,,,59244,48.57836,-106.194,America/Denver,MST,-7,,,,,,,,,,,
Montana,MT,Laurel,,,,,,,,59044,45.66912,-108.772,America/Denver,MST,-7,,,,,,,,,,,
Montana,MT,Laurin,,,,,,,,,45.3527,-112.118,America/Denver,MST,-7,,,,,,,,,,,
Montana,MT,Lavina,,,,,,,,59046,46.38386,-109.003,America/Denver,MST,-7,,,,,,,,,,,
Montana,MT,Ledger,,,,,,,,59456,48.27015,-111.362,America/Denver,MST,-7,,,,,,,,,,,
Montana,MT,Lewistown,,,,,,,,59457,47.06247,-109.428,America/Denver,MST,-7,,,,,,,,,,,
Montana,MT,Libby,,,,,,,,59923,48.38099,-115.394,America/Denver,MST,-7,,,,,,,,,,,
Montana,MT,Lima,,,,,,,,59739,44.69903,-112.664,America/Denver,MST,-7,,,,,,,,,,,
Montana,MT,Limestone,,,,,,,,,45.47772,-109.902,America/Denver,MST,-7,,,,,,,,,,,
Montana,MT,Lincoln,,,,,,,,59639,46.95825,-112.624,America/Denver,MST,-7,,,,,,,,,,,
Montana,MT,Lindsay,,,,,,,,59339,47.25416,-105.173,America/Denver,MST,-7,,,,,,,,,,,
Montana,MT,Livingston,,,,,,,,59047,45.53066,-110.369,America/Denver,MST,-7,,,,,,,,,,,
Montana,MT,Lloyd,,,,,,,,59535,47.9805,-109.291,America/Denver,MST,-7,,,,,,,,,,,
Montana,MT,Locate,,,,,,,,,0,0,,,,,,,,,,,,,,
Montana,MT,Lockwood,,,,,,,,,45.81912,-108.415,America/Denver,MST,-7,,,,,,,,,,,
Montana,MT,Lodge Grass,,,,,,,,59050,45.31657,-107.367,America/Denver,MST,-7,,,,,,,,,,,
Montana,MT,Lodge Pole,,,,,,,,,48.03472,-108.533,America/Denver,MST,-7,,,,,,,,,,,
Montana,MT,Logan,,,,,,,,,45.88437,-111.427,America/Denver,MST,-7,,,,,,,,,,,
Montana,MT,Logan Pass,,,,,,,,,45.88437,-111.427,America/Denver,MST,-7,,,,,,,,,,,
Montana,MT,Lolo,,,,,,,,59847,46.7454,-114.299,America/Denver,MST,-7,,,,,,,,,,,
Montana,MT,Lolo Hot Springs,,,,,,,,,46.7277,-114.531,America/Denver,MST,-7,,,,,,,,,,,
Montana,MT,Loma,,,,,,,,59460,47.93651,-110.503,America/Denver,MST,-7,,,,,,,,,,,
Montana,MT,Lonepine,,,,,,,,59848,47.72507,-114.657,America/Denver,MST,-7,,,,,,,,,,,
Montana,MT,Loring,,,,,,,,59537,48.79223,-107.862,America/Denver,MST,-7,,,,,,,,,,,
Montana,MT,Lost Creek,,,,,,,,,46.17576,-112.949,America/Denver,MST,-7,,,,,,,,,,,
Montana,MT,Lost Trail Pass,,,,,,,,,0,0,,,,,,,,,,,,,,
Montana,MT,Lothair,,,,,,,,59461,48.47165,-111.232,America/Denver,MST,-7,,,,,,,,,,,
Montana,MT,Lozeau,,,,,,,,,0,0,,,,,,,,,,,,,,
Montana,MT,Lupfer,,,,,,,,,0,0,,,,,,,,,,,,,,
Montana,MT,Lustre,,,,,,,,,48.39336,-105.882,America/Denver,MST,-7,,,,,,,,,,,
Montana,MT,Luther,,,,,,,,,45.28439,-109.429,America/Denver,MST,-7,,,,,,,,,,,
Montana,MT,Madoc,,,,,,,,,48.81086,-105.286,America/Denver,MST,-7,,,,,,,,,,,
Montana,MT,Malmstrom Afb,,,,,,,,,47.50024,-111.301,America/Denver,MST,-7,,,,,,,,,,,
Montana,MT,Malta,,,,,,,,59538,48.12448,-107.783,America/Denver,MST,-7,,,,,,,,,,,
Montana,MT,Manhattan,,,,,,,,59741,45.77123,-111.374,America/Denver,MST,-7,,,,,,,,,,,
Montana,MT,Marion,,,,,,,,59925,48.09368,-114.727,America/Denver,MST,-7,,,,,,,,,,,
Montana,MT,Marsh,,,,,,,,,46.88973,-104.933,America/Denver,MST,-7,,,,,,,,,,,
Montana,MT,Martin City,,,,,,,,59926,48.39243,-114.037,America/Denver,MST,-7,,,,,,,,,,,
Montana,MT,Martinsdale,,,,,,,,59053,46.45828,-110.313,America/Denver,MST,-7,,,,,,,,,,,
Montana,MT,Marysville,,,,,,,,59640,46.74995,-112.299,America/Denver,MST,-7,,,,,,,,,,,
Montana,MT,Maudlow,,,,,,,,,46.10771,-111.173,America/Denver,MST,-7,,,,,,,,,,,
Montana,MT,Maxville,,,,,,,,,0,0,,,,,,,,,,,,,,
Montana,MT,Mc Leod,,,,,,,,59052,45.66271,-110.116,America/Denver,MST,-7,,,,,,,,,,,
Montana,MT,Mcallister,,,,,,,,,45.40805,-111.776,America/Denver,MST,-7,,,,,,,,,,,
Montana,MT,Mccabe,,,,,,,,,48.28012,-104.944,America/Denver,MST,-7,,,,,,,,,,,
Montana,MT,Mccloud,,,,,,,,,0,0,,,,,,,,,,,,,,
Montana,MT,Medicine Lake,,,,,,,,59247,48.5449,-104.418,America/Denver,MST,-7,,,,,,,,,,,
Montana,MT,Medicine Rocks St Park,,,,,,,,,0,0,,,,,,,,,,,,,,
Montana,MT,Melrose,,,,,,,,59743,45.63187,-112.684,America/Denver,MST,-7,,,,,,,,,,,
Montana,MT,Melstone,,,,,,,,59054,46.59862,-107.869,America/Denver,MST,-7,,,,,,,,,,,
Montana,MT,Melville,,,,,,,,59055,46.10301,-109.954,America/Denver,MST,-7,,,,,,,,,,,
Montana,MT,Midway,,,,,,,,,0,0,,,,,,,,,,,,,,
Montana,MT,Mildred,,,,,,,,59341,46.861,-105.345,America/Denver,MST,-7,,,,,,,,,,,
Montana,MT,Miles City,,,,,,,,59301,46.44781,-105.795,America/Denver,MST,-7,,,,,,,,,,,
Montana,MT,Mill Iron,,,,,,,,,45.85361,-104.219,America/Denver,MST,-7,,,,,,,,,,,
Montana,MT,Miner,,,,,,,,,45.1991,-110.909,America/Denver,MST,-7,,,,,,,,,,,
Montana,MT,Missoula,,,,,,,,59803###59801###59802###59806###59804###59807###59808###59812,46.8564,-114.014,America/Denver,MST,-7,,,,,,,,,,,
Montana,MT,Mizpah,,,,,,,,,46.24472,-105.267,America/Denver,MST,-7,,,,,,,,,,,
Montana,MT,Moccasin,,,,,,,,59462,47.05108,-109.911,America/Denver,MST,-7,,,,,,,,,,,
Montana,MT,Moiese,,,,,,,,,47.37049,-114.266,America/Denver,MST,-7,,,,,,,,,,,
Montana,MT,Molt,,,,,,,,59057,45.94468,-108.912,America/Denver,MST,-7,,,,,,,,,,,
Montana,MT,Monarch,,,,,,,,59463,47.05149,-110.883,America/Denver,MST,-7,,,,,,,,,,,
Montana,MT,Monida,,,,,,,,,44.56186,-112.314,America/Denver,MST,-7,,,,,,,,,,,
Montana,MT,Montana City,,,,,,,,,46.53771,-111.933,America/Denver,MST,-7,,,,,,,,,,,
Montana,MT,Moore,,,,,,,,59464,46.97449,-109.693,America/Denver,MST,-7,,,,,,,,,,,
Montana,MT,Moorhead,,,,,,,,,0,0,,,,,,,,,,,,,,
Montana,MT,Mosby,,,,,,,,59058,46.99221,-107.884,America/Denver,MST,-7,,,,,,,,,,,
Montana,MT,Muddy,,,,,,,,,0,0,,,,,,,,,,,,,,
Montana,MT,Murn,,,,,,,,,0,0,,,,,,,,,,,,,,
Montana,MT,Musselshell,,,,,,,,59059,46.51532,-108.09,America/Denver,MST,-7,,,,,,,,,,,
Montana,MT,Myers,,,,,,,,,46.25082,-107.34,America/Denver,MST,-7,,,,,,,,,,,
Montana,MT,Mystic Lake,,,,,,,,,0,0,,,,,,,,,,,,,,
Montana,MT,Nashua,,,,,,,,59248,48.21607,-106.321,America/Denver,MST,-7,,,,,,,,,,,
Montana,MT,Navajo,,,,,,,,,48.79225,-105.06,America/Denver,MST,-7,,,,,,,,,,,
Montana,MT,Neihart,,,,,,,,59465,46.9333,-110.736,America/Denver,MST,-7,,,,,,,,,,,
Montana,MT,Nelson Creek Rec Area,,,,,,,,,0,0,,,,,,,,,,,,,,
Montana,MT,New Chicago,,,,,,,,,46.62687,-113.142,America/Denver,MST,-7,,,,,,,,,,,
Montana,MT,Newcomb,,,,,,,,,0,0,,,,,,,,,,,,,,
Montana,MT,Niarada,,,,,,,,,47.81411,-114.605,America/Denver,MST,-7,,,,,,,,,,,
Montana,MT,Nimrod,,,,,,,,,0,0,,,,,,,,,,,,,,
Montana,MT,Ninemile,,,,,,,,,47.01992,-114.409,America/Denver,MST,-7,,,,,,,,,,,
Montana,MT,Nissler,,,,,,,,,46.00465,-112.642,America/Denver,MST,-7,,,,,,,,,,,
Montana,MT,Nohly,,,,,,,,,0,0,,,,,,,,,,,,,,
Montana,MT,Norris,,,,,,,,59745,45.5661,-111.722,America/Denver,MST,-7,,,,,,,,,,,
Montana,MT,Noxon,,,,,,,,59853,48.07678,-115.858,America/Denver,MST,-7,,,,,,,,,,,
Montana,MT,Nyack,,,,,,,,,0,0,,,,,,,,,,,,,,
Montana,MT,Nye,,,,,,,,59061,45.47546,-109.596,America/Denver,MST,-7,,,,,,,,,,,
Montana,MT,Oilmont,,,,,,,,59466,48.74,-111.841,America/Denver,MST,-7,,,,,,,,,,,
Montana,MT,Olive,,,,,,,,59343,45.55055,-105.528,America/Denver,MST,-7,,,,,,,,,,,
Montana,MT,Ollie,,,,,,,,,46.58473,-104.085,America/Denver,MST,-7,,,,,,,,,,,
Montana,MT,Olney,,,,,,,,59927,48.54545,-114.592,America/Denver,MST,-7,,,,,,,,,,,
Montana,MT,Opheim,,,,,,,,59250,48.91248,-106.273,America/Denver,MST,-7,,,,,,,,,,,
Montana,MT,Opportunity,,,,,,,,,46.10715,-112.828,America/Denver,MST,-7,,,,,,,,,,,
Montana,MT,Oswego,,,,,,,,,48.05863,-105.881,America/Denver,MST,-7,,,,,,,,,,,
Montana,MT,Otter,,,,,,,,59062,45.09294,-106.15,America/Denver,MST,-7,,,,,,,,,,,
Montana,MT,Outlook,,,,,,,,59252,48.89963,-104.793,America/Denver,MST,-7,,,,,,,,,,,
Montana,MT,Ovando,,,,,,,,59854,47.03588,-113.097,America/Denver,MST,-7,,,,,,,,,,,
Montana,MT,Pablo,,,,,,,,59855,47.60021,-114.119,America/Denver,MST,-7,,,,,,,,,,,
Montana,MT,Paradise,,,,,,,,59856,47.38782,-114.799,America/Denver,MST,-7,,,,,,,,,,,
Montana,MT,Paragon,,,,,,,,,0,0,,,,,,,,,,,,,,
Montana,MT,Park City,,,,,,,,59063,45.62923,-108.922,America/Denver,MST,-7,,,,,,,,,,,
Montana,MT,Park Grove,,,,,,,,,0,0,,,,,,,,,,,,,,
Montana,MT,Peerless,,,,,,,,59253,48.72942,-105.886,America/Denver,MST,-7,,,,,,,,,,,
Montana,MT,Pendroy,,,,,,,,59467,48.04287,-112.317,America/Denver,MST,-7,,,,,,,,,,,
Montana,MT,Perma,,,,,,,,,47.36382,-114.585,America/Denver,MST,-7,,,,,,,,,,,
Montana,MT,Petrolia Lake,,,,,,,,,0,0,,,,,,,,,,,,,,
Montana,MT,Philipsburg,,,,,,,,59858,46.27224,-113.436,America/Denver,MST,-7,,,,,,,,,,,
Montana,MT,Phillips,,,,,,,,,0,0,,,,,,,,,,,,,,
Montana,MT,Pine Creek,,,,,,,,,45.50744,-110.564,America/Denver,MST,-7,,,,,,,,,,,
Montana,MT,Pinesdale,,,,,,,,59841,46.33289,-114.223,America/Denver,MST,-7,,,,,,,,,,,
Montana,MT,Pinnacle,,,,,,,,,48.35608,-113.653,America/Denver,MST,-7,,,,,,,,,,,
Montana,MT,Plains,,,,,,,,59859,47.46021,-114.883,America/Denver,MST,-7,,,,,,,,,,,
Montana,MT,Plentywood,,,,,,,,59254,48.74792,-104.468,America/Denver,MST,-7,,,,,,,,,,,
Montana,MT,Plevna,,,,,,,,59344,46.28349,-104.475,America/Denver,MST,-7,,,,,,,,,,,
Montana,MT,Polaris,,,,,,,,59746,45.36965,-113.119,America/Denver,MST,-7,,,,,,,,,,,
Montana,MT,Polebridge,,,,,,,,59928,48.77808,-114.339,America/Denver,MST,-7,,,,,,,,,,,
Montana,MT,Polson,,,,,,,,59860,47.73728,-114.23,America/Denver,MST,-7,,,,,,,,,,,
Montana,MT,Pompeys Pillar,,,,,,,,59064,45.96442,-107.939,America/Denver,MST,-7,,,,,,,,,,,
Montana,MT,Pony,,,,,,,,59747,45.65854,-111.894,America/Denver,MST,-7,,,,,,,,,,,
Montana,MT,Poplar,,,,,,,,59255,48.11552,-105.19,America/Denver,MST,-7,,,,,,,,,,,
Montana,MT,Port Of Morgan,,,,,,,,,48.99335,-107.832,America/Denver,MST,-7,,,,,,,,,,,
Montana,MT,Port Of Opheim,,,,,,,,,48.91248,-106.273,America/Denver,MST,-7,,,,,,,,,,,
Montana,MT,Port Of Scobey,,,,,,,,,48.71259,-105.536,America/Denver,MST,-7,,,,,,,,,,,
Montana,MT,Port Of Whitetail,,,,,,,,,48.8956,-105.162,America/Denver,MST,-7,,,,,,,,,,,
Montana,MT,Porters Corner,,,,,,,,,0,0,,,,,,,,,,,,,,
Montana,MT,Potomac,,,,,,,,,46.8816,-113.58,America/Denver,MST,-7,,,,,,,,,,,
Montana,MT,Powderville,,,,,,,,59345,45.39108,-105.63,America/Denver,MST,-7,,,,,,,,,,,
Montana,MT,Power,,,,,,,,59468,47.72697,-111.694,America/Denver,MST,-7,,,,,,,,,,,
Montana,MT,Pray,,,,,,,,59065,45.3331,-110.714,America/Denver,MST,-7,,,,,,,,,,,
Montana,MT,Princeton,,,,,,,,,0,0,,,,,,,,,,,,,,
Montana,MT,Proctor,,,,,,,,59929,47.90706,-114.341,America/Denver,MST,-7,,,,,,,,,,,
Montana,MT,Pryor,,,,,,,,59066,45.41257,-108.529,America/Denver,MST,-7,,,,,,,,,,,
Montana,MT,Quartz,,,,,,,,,0,0,,,,,,,,,,,,,,
Montana,MT,Quietus,,,,,,,,,0,0,,,,,,,,,,,,,,
Montana,MT,Quigley,,,,,,,,,0,0,,,,,,,,,,,,,,
Montana,MT,Racetrack,,,,,,,,,46.27882,-112.749,America/Denver,MST,-7,,,,,,,,,,,
Montana,MT,Radersburg,,,,,,,,59641,46.20692,-111.634,America/Denver,MST,-7,,,,,,,,,,,
Montana,MT,Radnor,,,,,,,,,0,0,,,,,,,,,,,,,,
Montana,MT,Ramsay,,,,,,,,59748,46.00576,-112.686,America/Denver,MST,-7,,,,,,,,,,,
Montana,MT,Rapelje,,,,,,,,59067,45.94886,-109.23,America/Denver,MST,-7,,,,,,,,,,,
Montana,MT,Ravalli,,,,,,,,59863,47.27982,-114.166,America/Denver,MST,-7,,,,,,,,,,,
Montana,MT,Raymond,,,,,,,,59256,48.87642,-104.58,America/Denver,MST,-7,,,,,,,,,,,
Montana,MT,Raymond Port Of Entry,,,,,,,,,0,0,,,,,,,,,,,,,,
Montana,MT,Raynesford,,,,,,,,59469,47.26996,-110.73,America/Denver,MST,-7,,,,,,,,,,,
Montana,MT,Red Lodge,,,,,,,,59068,45.24126,-109.324,America/Denver,MST,-7,,,,,,,,,,,
Montana,MT,Redstone,,,,,,,,59257,48.72802,-104.94,America/Denver,MST,-7,,,,,,,,,,,
Montana,MT,Reed Point,,,,,,,,59069,45.74387,-109.522,America/Denver,MST,-7,,,,,,,,,,,
Montana,MT,Reserve,,,,,,,,59258,48.56989,-104.57,America/Denver,MST,-7,,,,,,,,,,,
Montana,MT,Rexford,,,,,,,,59930,48.86718,-115.118,America/Denver,MST,-7,,,,,,,,,,,
Montana,MT,Richey,,,,,,,,59259,47.6439,-105.075,America/Denver,MST,-7,,,,,,,,,,,
Montana,MT,Richland,,,,,,,,59260,48.65071,-106.119,America/Denver,MST,-7,,,,,,,,,,,
Montana,MT,Ridge,,,,,,,,,0,0,,,,,,,,,,,,,,
Montana,MT,Ridgeway,,,,,,,,,45.48527,-104.512,America/Denver,MST,-7,,,,,,,,,,,
Montana,MT,Ringling,,,,,,,,59642,46.2716,-110.807,America/Denver,MST,-7,,,,,,,,,,,
Montana,MT,Rock Springs,,,,,,,,,47.00238,-106.215,America/Denver,MST,-7,,,,,,,,,,,
Montana,MT,Rockvale,,,,,,,,,45.52245,-108.862,America/Denver,MST,-7,,,,,,,,,,,
Montana,MT,Rocky Boy,,,,,,,,,48.2561,-109.788,America/Denver,MST,-7,,,,,,,,,,,
Montana,MT,Rollins,,,,,,,,59931,47.89939,-114.207,America/Denver,MST,-7,,,,,,,,,,,
Montana,MT,Ronan,,,,,,,,59864,47.50735,-114.178,America/Denver,MST,-7,,,,,,,,,,,
Montana,MT,Roscoe,,,,,,,,59071,45.34967,-109.497,America/Denver,MST,-7,,,,,,,,,,,
Montana,MT,Rosebud,,,,,,,,59347,46.27444,-106.445,America/Denver,MST,-7,,,,,,,,,,,
Montana,MT,Rosebud Battlefield Park,,,,,,,,,0,0,,,,,,,,,,,,,,
Montana,MT,Round Butte,,,,,,,,,45.9979,-112.599,America/Denver,MST,-7,,,,,,,,,,,
Montana,MT,Roundup,,,,,,,,59073###59072,46.44093,-108.427,America/Denver,MST,-7,,,,,,,,,,,
Montana,MT,Roy,,,,,,,,59471,47.30828,-109.085,America/Denver,MST,-7,,,,,,,,,,,
Montana,MT,Rudyard,,,,,,,,59540,48.5598,-110.55,America/Denver,MST,-7,,,,,,,,,,,
Montana,MT,Ryegate,,,,,,,,59074,46.37853,-109.257,America/Denver,MST,-7,,,,,,,,,,,
Montana,MT,Saco,,,,,,,,59261,48.45724,-107.343,America/Denver,MST,-7,,,,,,,,,,,
Montana,MT,Saint Ignatius,,,,,,,,59865,47.37245,-114.064,America/Denver,MST,-7,,,,,,,,,,,
Montana,MT,Saint Marie,,,,,,,,59231,48.40389,-106.543,America/Denver,MST,-7,,,,,,,,,,,
Montana,MT,Saint Mary,,,,,,,,,48.70139,-113.129,America/Denver,MST,-7,,,,,,,,,,,
Montana,MT,Saint Phillip,,,,,,,,,0,0,,,,,,,,,,,,,,
Montana,MT,Saint Regis,,,,,,,,59866,47.31111,-115.141,America/Denver,MST,-7,,,,,,,,,,,
Montana,MT,Salmon Prairie,,,,,,,,,47.62994,-113.785,America/Denver,MST,-7,,,,,,,,,,,
Montana,MT,Saltese,,,,,,,,59867,47.41021,-115.51,America/Denver,MST,-7,,,,,,,,,,,
Montana,MT,Sand Coulee,,,,,,,,59472,47.40865,-111.136,America/Denver,MST,-7,,,,,,,,,,,
Montana,MT,Sand Springs,,,,,,,,59077,47.10083,-107.486,America/Denver,MST,-7,,,,,,,,,,,
Montana,MT,Sanders,,,,,,,,59076,46.29138,-107.097,America/Denver,MST,-7,,,,,,,,,,,
Montana,MT,Santa Rita,,,,,,,,,48.65417,-113.126,America/Denver,MST,-7,,,,,,,,,,,
Montana,MT,Savage,,,,,,,,59262,47.45258,-104.343,America/Denver,MST,-7,,,,,,,,,,,
Montana,MT,Sayle,,,,,,,,,45.84327,-113.875,America/Denver,MST,-7,,,,,,,,,,,
Montana,MT,Scobey,,,,,,,,59263,48.71259,-105.536,America/Denver,MST,-7,,,,,,,,,,,
Montana,MT,Seeley Lake,,,,,,,,59868,47.30078,-113.548,America/Denver,MST,-7,,,,,,,,,,,
Montana,MT,Shawmut,,,,,,,,59078,46.34246,-109.525,America/Denver,MST,-7,,,,,,,,,,,
Montana,MT,Sheffield,,,,,,,,,0,0,,,,,,,,,,,,,,
Montana,MT,Shelby,,,,,,,,59474,48.61055,-111.732,America/Denver,MST,-7,,,,,,,,,,,
Montana,MT,Shepherd,,,,,,,,59079,46.08278,-108.436,America/Denver,MST,-7,,,,,,,,,,,
Montana,MT,Sheridan,,,,,,,,59749,45.45548,-112.197,America/Denver,MST,-7,,,,,,,,,,,
Montana,MT,Shirley,,,,,,,,,47.4427,-114.172,America/Denver,MST,-7,,,,,,,,,,,
Montana,MT,Sidney,,,,,,,,59270,47.65583,-104.195,America/Denver,MST,-7,,,,,,,,,,,
Montana,MT,Silesia,,,,,,,,,45.55662,-108.842,America/Denver,MST,-7,,,,,,,,,,,
Montana,MT,Silver Bow,,,,,,,,,0,0,,,,,,,,,,,,,,
Montana,MT,Silver Star,,,,,,,,59751,45.7,-112.254,America/Denver,MST,-7,,,,,,,,,,,
Montana,MT,Simms,,,,,,,,59477,47.49578,-111.886,America/Denver,MST,-7,,,,,,,,,,,
Montana,MT,Skalkaho Pass,,,,,,,,,47.05118,-109.635,,,,,,,,,,,,,,
Montana,MT,Sleeping Buffalo,,,,,,,,,46.81996,-109.825,America/Denver,MST,-7,,,,,,,,,,,
Montana,MT,Snider,,,,,,,,,0,0,,,,,,,,,,,,,,
Montana,MT,Snowden,,,,,,,,,0,0,,,,,,,,,,,,,,
Montana,MT,Somers,,,,,,,,59932,48.06771,-114.202,America/Denver,MST,-7,,,,,,,,,,,
Montana,MT,Sonnette,,,,,,,,,45.39108,-105.63,America/Denver,MST,-7,,,,,,,,,,,
Montana,MT,Sourdough,,,,,,,,,0,0,,,,,,,,,,,,,,
Montana,MT,South Yellowstone,,,,,,,,,0,0,,,,,,,,,,,,,,
Montana,MT,Springdale,,,,,,,,59082,45.74301,-110.225,America/Denver,MST,-7,,,,,,,,,,,
Montana,MT,Sprole,,,,,,,,,0,0,,,,,,,,,,,,,,
Montana,MT,Square Butte,,,,,,,,,47.89461,-110.645,America/Denver,MST,-7,,,,,,,,,,,
Montana,MT,St. Xavier,,,,,,,,,45.45714,-107.725,America/Denver,MST,-7,,,,,,,,,,,
Montana,MT,Stacey,,,,,,,,,0,0,,,,,,,,,,,,,,
Montana,MT,Stanford,,,,,,,,59479,47.15136,-110.222,America/Denver,MST,-7,,,,,,,,,,,
Montana,MT,Stark,,,,,,,,,47.12548,-114.505,America/Denver,MST,-7,,,,,,,,,,,
Montana,MT,Steve Forks,,,,,,,,,0,0,,,,,,,,,,,,,,
Montana,MT,Stevensville,,,,,,,,59870,46.50742,-114.083,America/Denver,MST,-7,,,,,,,,,,,
Montana,MT,Stipek,,,,,,,,,0,0,,,,,,,,,,,,,,
Montana,MT,Stockett,,,,,,,,59480,47.25466,-111.084,America/Denver,MST,-7,,,,,,,,,,,
Montana,MT,Stryker,,,,,,,,59933,48.67413,-114.77,America/Denver,MST,-7,,,,,,,,,,,
Montana,MT,Suffolk,,,,,,,,,47.46693,-109.356,America/Denver,MST,-7,,,,,,,,,,,
Montana,MT,Sula,,,,,,,,59871,45.84327,-113.875,America/Denver,MST,-7,,,,,,,,,,,
Montana,MT,Sumatra,,,,,,,,59083,46.01797,-106.992,America/Denver,MST,-7,,,,,,,,,,,
Montana,MT,Sun Prairie,,,,,,,,,47.84555,-107.747,America/Denver,MST,-7,,,,,,,,,,,
Montana,MT,Sun River,,,,,,,,59483,47.4808,-111.753,America/Denver,MST,-7,,,,,,,,,,,
Montana,MT,Sunburst,,,,,,,,59482,48.8792,-111.735,America/Denver,MST,-7,,,,,,,,,,,
Montana,MT,Superior,,,,,,,,59872,47.1372,-114.748,America/Denver,MST,-7,,,,,,,,,,,
Montana,MT,Swan Lake,,,,,,,,,47.92912,-113.845,America/Denver,MST,-7,,,,,,,,,,,
Montana,MT,Taft,,,,,,,,,45.74881,-112.729,America/Denver,MST,-7,,,,,,,,,,,
Montana,MT,Tampico,,,,,,,,,48.30474,-106.827,America/Denver,MST,-7,,,,,,,,,,,
Montana,MT,Tarkio,,,,,,,,,47.02131,-114.739,America/Denver,MST,-7,,,,,,,,,,,
Montana,MT,Terry,,,,,,,,59349,46.78926,-105.313,America/Denver,MST,-7,,,,,,,,,,,
Montana,MT,The Bentonite Plan,,,,,,,,,47.05118,-109.635,,,,,,,,,,,,,,
Montana,MT,The Knees,,,,,,,,,0,0,,,,,,,,,,,,,,
Montana,MT,The Pines Recreation Area,,,,,,,,,0,0,,,,,,,,,,,,,,
Montana,MT,Thoeny,,,,,,,,,0,0,,,,,,,,,,,,,,
Montana,MT,Thompson Falls,,,,,,,,59873,47.74489,-115.407,America/Denver,MST,-7,,,,,,,,,,,
Montana,MT,Three Forks,,,,,,,,59752,45.89243,-111.552,America/Denver,MST,-7,,,,,,,,,,,
Montana,MT,Tiegen,,,,,,,,,47.17364,-108.281,America/Denver,MST,-7,,,,,,,,,,,
Montana,MT,Tongue River Reservoir Pk,,,,,,,,,0,0,,,,,,,,,,,,,,
Montana,MT,Toston,,,,,,,,59643,46.1656,-111.446,America/Denver,MST,-7,,,,,,,,,,,
Montana,MT,Townsend,,,,,,,,59644,46.40614,-111.4,America/Denver,MST,-7,,,,,,,,,,,
Montana,MT,Tracy,,,,,,,,,47.41302,-111.154,America/Denver,MST,-7,,,,,,,,,,,
Montana,MT,Trailcreek,,,,,,,,,0,0,,,,,,,,,,,,,,
Montana,MT,Trego,,,,,,,,59934,48.70524,-114.869,America/Denver,MST,-7,,,,,,,,,,,
Montana,MT,Trident,,,,,,,,,45.94743,-111.477,America/Denver,MST,-7,,,,,,,,,,,
Montana,MT,Trout Creek,,,,,,,,59874,47.79447,-115.538,America/Denver,MST,-7,,,,,,,,,,,
Montana,MT,Troy,,,,,,,,59935,48.58049,-115.817,America/Denver,MST,-7,,,,,,,,,,,
Montana,MT,Turah,,,,,,,,,46.61428,-113.736,America/Denver,MST,-7,,,,,,,,,,,
Montana,MT,Turner,,,,,,,,59542,48.84362,-108.407,America/Denver,MST,-7,,,,,,,,,,,
Montana,MT,Tuscor,,,,,,,,,0,0,,,,,,,,,,,,,,
Montana,MT,Tusler,,,,,,,,,0,0,,,,,,,,,,,,,,
Montana,MT,Twin Bridges,,,,,,,,59754,45.49261,-112.417,America/Denver,MST,-7,,,,,,,,,,,
Montana,MT,Twin Creeks,,,,,,,,,46.91271,-113.714,America/Denver,MST,-7,,,,,,,,,,,
Montana,MT,Twodot,,,,,,,,,46.42419,-110.071,America/Denver,MST,-7,,,,,,,,,,,
Montana,MT,U L Bend,,,,,,,,,0,0,,,,,,,,,,,,,,
Montana,MT,Ulm,,,,,,,,59485,47.35393,-111.595,America/Denver,MST,-7,,,,,,,,,,,
Montana,MT,Ulmer,,,,,,,,,0,0,,,,,,,,,,,,,,
Montana,MT,Upper Yellowstone Valley,,,,,,,,,45.87659,-112.689,America/Denver,MST,-7,,,,,,,,,,,
Montana,MT,Utica,,,,,,,,,46.9683,-110.092,America/Denver,MST,-7,,,,,,,,,,,
Montana,MT,Valier,,,,,,,,59486,48.27083,-112.312,America/Denver,MST,-7,,,,,,,,,,,
Montana,MT,Van Norman,,,,,,,,,0,0,,,,,,,,,,,,,,
Montana,MT,Vananda,,,,,,,,,0,0,,,,,,,,,,,,,,
Montana,MT,Vandalia,,,,,,,,59273,48.33024,-106.61,America/Denver,MST,-7,,,,,,,,,,,
Montana,MT,Vaughn,,,,,,,,59487,47.58076,-111.637,America/Denver,MST,-7,,,,,,,,,,,
Montana,MT,Victor,,,,,,,,59875,46.39522,-114.16,America/Denver,MST,-7,,,,,,,,,,,
Montana,MT,Vida,,,,,,,,59274,47.83196,-105.493,America/Denver,MST,-7,,,,,,,,,,,
Montana,MT,Virginia City,,,,,,,,59755,45.29381,-111.946,America/Denver,MST,-7,,,,,,,,,,,
Montana,MT,Volborg,,,,,,,,59351,45.84278,-105.681,America/Denver,MST,-7,,,,,,,,,,,
Montana,MT,Volt,,,,,,,,,48.38836,-105.719,America/Denver,MST,-7,,,,,,,,,,,
Montana,MT,Wagner,,,,,,,,,48.37055,-108.078,America/Denver,MST,-7,,,,,,,,,,,
Montana,MT,Walkerville,,,,,,,,,46.03409,-112.536,America/Denver,MST,-7,,,,,,,,,,,
Montana,MT,Warm Springs,,,,,,,,59756,46.17985,-112.828,America/Denver,MST,-7,,,,,,,,,,,
Montana,MT,Warren,,,,,,,,,45.19395,-108.76,America/Denver,MST,-7,,,,,,,,,,,
Montana,MT,Washoe,,,,,,,,,45.16383,-109.213,America/Denver,MST,-7,,,,,,,,,,,
Montana,MT,Waterloo,,,,,,,,,0,0,,,,,,,,,,,,,,
Montana,MT,Watkins,,,,,,,,,0,0,,,,,,,,,,,,,,
Montana,MT,Webster,,,,,,,,,46.055,-104.247,America/Denver,MST,-7,,,,,,,,,,,
Montana,MT,Weeksville,,,,,,,,,0,0,,,,,,,,,,,,,,
Montana,MT,Weldon,,,,,,,,,47.61251,-105.892,America/Denver,MST,-7,,,,,,,,,,,
Montana,MT,West Fork,,,,,,,,,0,0,,,,,,,,,,,,,,
Montana,MT,West Glacier,,,,,,,,59936,48.49997,-113.979,America/Denver,MST,-7,,,,,,,,,,,
Montana,MT,West Valley,,,,,,,,,46.15187,-113.023,America/Denver,MST,-7,,,,,,,,,,,
Montana,MT,West Yellowstone,,,,,,,,59758,44.76302,-111.238,America/Denver,MST,-7,,,,,,,,,,,
Montana,MT,Westmore,,,,,,,,,0,0,,,,,,,,,,,,,,
Montana,MT,Whatley,,,,,,,,,0,0,,,,,,,,,,,,,,
Montana,MT,White Pine,,,,,,,,,47.74355,-115.482,America/Denver,MST,-7,,,,,,,,,,,
Montana,MT,White Sulphur Springs,,,,,,,,59645,46.63316,-111.051,America/Denver,MST,-7,,,,,,,,,,,
Montana,MT,Whitefish,,,,,,,,59937,48.41358,-114.336,America/Denver,MST,-7,,,,,,,,,,,
Montana,MT,Whitehall,,,,,,,,59759,45.99635,-112.089,America/Denver,MST,-7,,,,,,,,,,,
Montana,MT,Whitetail,,,,,,,,59276,48.8956,-105.162,America/Denver,MST,-7,,,,,,,,,,,
Montana,MT,Whitewater,,,,,,,,59544,48.75945,-107.628,America/Denver,MST,-7,,,,,,,,,,,
Montana,MT,Whitlash,,,,,,,,59545,48.90834,-111.253,America/Denver,MST,-7,,,,,,,,,,,
Montana,MT,Wibaux,,,,,,,,59353,46.82445,-104.122,America/Denver,MST,-7,,,,,,,,,,,
Montana,MT,Wickes,,,,,,,,,46.34965,-112.103,America/Denver,MST,-7,,,,,,,,,,,
Montana,MT,Willard,,,,,,,,59354,46.18192,-104.3,America/Denver,MST,-7,,,,,,,,,,,
Montana,MT,Willow Creek,,,,,,,,59760,45.78274,-111.635,America/Denver,MST,-7,,,,,,,,,,,
Montana,MT,Wilsall,,,,,,,,59086,46.01615,-110.6,America/Denver,MST,-7,,,,,,,,,,,
Montana,MT,Windham,,,,,,,,,47.07858,-110.14,America/Denver,MST,-7,,,,,,,,,,,
Montana,MT,Winifred,,,,,,,,59489,47.55776,-109.375,America/Denver,MST,-7,,,,,,,,,,,
Montana,MT,Winnett,,,,,,,,59087,47.00205,-108.123,America/Denver,MST,-7,,,,,,,,,,,
Montana,MT,Winston,,,,,,,,59647,46.45447,-111.651,America/Denver,MST,-7,,,,,,,,,,,
Montana,MT,Wisdom,,,,,,,,59761,45.54243,-113.474,America/Denver,MST,-7,,,,,,,,,,,
Montana,MT,Wise River,,,,,,,,59762,45.79881,-112.946,America/Denver,MST,-7,,,,,,,,,,,
Montana,MT,Wolf Creek,,,,,,,,59648,47.08562,-112.148,America/Denver,MST,-7,,,,,,,,,,,
Montana,MT,Wolf Point,,,,,,,,59201,48.09168,-105.643,America/Denver,MST,-7,,,,,,,,,,,
Montana,MT,Woods Bay,,,,,,,,,48.00162,-114.05,America/Denver,MST,-7,,,,,,,,,,,
Montana,MT,Woodside,,,,,,,,,46.31326,-114.155,America/Denver,MST,-7,,,,,,,,,,,
Montana,MT,Woodworth,,,,,,,,,47.10633,-113.303,America/Denver,MST,-7,,,,,,,,,,,
Montana,MT,Wooley,,,,,,,,,0,0,,,,,,,,,,,,,,
Montana,MT,Worden,,,,,,,,59088,46.09127,-108.011,America/Denver,MST,-7,,,,,,,,,,,
Montana,MT,Wyola,,,,,,,,59089,45.11446,-107.372,America/Denver,MST,-7,,,,,,,,,,,
Montana,MT,Yaak,,,,,,,,,48.83301,-115.709,America/Denver,MST,-7,,,,,,,,,,,
Montana,MT,Yakt,,,,,,,,,0,0,,,,,,,,,,,,,,
Montana,MT,Yates,,,,,,,,,0,0,,,,,,,,,,,,,,
Montana,MT,Zero,,,,,,,,,0,0,,,,,,,,,,,,,,
Montana,MT,Zortman,,,,,,,,59546,47.91777,-108.526,America/Denver,MST,-7,,,,,,,,,,,
Montana,MT,Zurich,,,,,,,,59547,48.58444,-109.03,America/Denver,MST,-7,,,,,,,,,,,
