North Carolina,NC,Aberdeen,,,,,,,,28315,35.13155,-79.4295,America/New_York,EST,-5,,,,,,,,,,,
North Carolina,NC,Abshers,,,,,,,,,0,0,,,,,,,,,,,,,,
North Carolina,NC,Acorn Hill,,,,,,,,,0,0,,,,,,,,,,,,,,
North Carolina,NC,Advance,,,,,,,,27006,35.94538,-80.4487,America/New_York,EST,-5,,,,,,,,,,,
North Carolina,NC,Afton,,,,,,,,,0,0,,,,,,,,,,,,,,
North Carolina,NC,Aho,,,,,,,,,0,0,,,,,,,,,,,,,,
North Carolina,NC,Ahoskie,,,,,,,,27910,36.33931,-76.9905,America/New_York,EST,-5,,,,,,,,,,,
North Carolina,NC,Airlie,,,,,,,,,0,0,,,,,,,,,,,,,,
North Carolina,NC,Alamance,,,,,,,,27201,36.03184,-79.4856,America/New_York,EST,-5,,,,,,,,,,,
North Carolina,NC,Alarka,,,,,,,,,0,0,,,,,,,,,,,,,,
North Carolina,NC,Albemarle,,,,,,,,28002###28001,35.31982,-80.2534,America/New_York,EST,-5,,,,,,,,,,,
North Carolina,NC,Alexander Mills,,,,,,,,,36.08625,-79.2264,America/New_York,EST,-5,,,,,,,,,,,
North Carolina,NC,Allenstand,,,,,,,,,0,0,,,,,,,,,,,,,,
North Carolina,NC,Alliance,,,,,,,,28509,35.15615,-76.6323,America/New_York,EST,-5,,,,,,,,,,,
North Carolina,NC,Almond,,,,,,,,28702,35.40639,-83.6054,America/New_York,EST,-5,,,,,,,,,,,
North Carolina,NC,Altamahaw,,,,,,,,27202,36.18552,-79.5055,America/New_York,EST,-5,,,,,,,,,,,
North Carolina,NC,Anderson Creek,,,,,,,,,35.97923,-81.5472,America/New_York,EST,-5,,,,,,,,,,,
North Carolina,NC,Andrews,,,,,,,,28901,35.17073,-83.8711,America/New_York,EST,-5,,,,,,,,,,,
North Carolina,NC,Angier,,,,,,,,27501,35.47816,-78.7294,America/New_York,EST,-5,,,,,,,,,,,
North Carolina,NC,Ansonville,,,,,,,,28007,35.10459,-80.1092,America/New_York,EST,-5,,,,,,,,,,,
North Carolina,NC,Antioch,,,,,,,,,0,0,,,,,,,,,,,,,,
North Carolina,NC,Apex,,,,,,,,27502###27523###27539,35.7124,-78.9155,America/New_York,EST,-5,,,,,,,,,,,
North Carolina,NC,Arapahoe,,,,,,,,28510,35.02572,-76.8255,America/New_York,EST,-5,,,,,,,,,,,
North Carolina,NC,Ararat,,,,,,,,27007,36.3859,-80.5895,America/New_York,EST,-5,,,,,,,,,,,
North Carolina,NC,Arcadia,,,,,,,,,0,0,,,,,,,,,,,,,,
North Carolina,NC,Archdale,,,,,,,,,35.91458,-79.972,America/New_York,EST,-5,,,,,,,,,,,
North Carolina,NC,Arcola,,,,,,,,,36.32254,-78.1335,America/New_York,EST,-5,,,,,,,,,,,
North Carolina,NC,Arrowhead Beach,,,,,,,,,0,0,,,,,,,,,,,,,,
North Carolina,NC,Ash,,,,,,,,28420,34.06493,-78.4949,America/New_York,EST,-5,,,,,,,,,,,
North Carolina,NC,Asheboro,,,,,,,,27203###27204###27205,35.72798,-79.787,America/New_York,EST,-5,,,,,,,,,,,
North Carolina,NC,Asheville,,,,,,,,28816###28815###28814###28803###28806###28805###28804###28810###28802###28801###28813,35.60271,-82.5673,America/New_York,EST,-5,,,,,,,,,,,
North Carolina,NC,Ashford,,,,,,,,,0,0,,,,,,,,,,,,,,
North Carolina,NC,Ashland,,,,,,,,,0,0,,,,,,,,,,,,,,
North Carolina,NC,Ashley Heights,,,,,,,,,35.09044,-79.3698,America/New_York,EST,-5,,,,,,,,,,,
North Carolina,NC,Askewville,,,,,,,,,0,0,,,,,,,,,,,,,,
North Carolina,NC,Atkinson,,,,,,,,28421,34.5285,-78.1711,America/New_York,EST,-5,,,,,,,,,,,
North Carolina,NC,Atlantic Beach,,,,,,,,28512,34.69905,-76.7402,America/New_York,EST,-5,,,,,,,,,,,
North Carolina,NC,Aulander,,,,,,,,27805,36.1694,-77.0972,America/New_York,EST,-5,,,,,,,,,,,
North Carolina,NC,Aurora,,,,,,,,27806,35.30545,-76.7885,America/New_York,EST,-5,,,,,,,,,,,
North Carolina,NC,Autryville,,,,,,,,28318,35.06673,-78.5905,America/New_York,EST,-5,,,,,,,,,,,
North Carolina,NC,Aventon,,,,,,,,,0,0,,,,,,,,,,,,,,
North Carolina,NC,Avery Creek,,,,,,,,,35.97923,-81.5472,America/New_York,EST,-5,,,,,,,,,,,
North Carolina,NC,Ayden,,,,,,,,28513,35.46341,-77.3592,America/New_York,EST,-5,,,,,,,,,,,
North Carolina,NC,Aydlett,,,,,,,,27916,36.308,-75.9188,America/New_York,EST,-5,,,,,,,,,,,
North Carolina,NC,Ayersville,,,,,,,,,0,0,,,,,,,,,,,,,,
North Carolina,NC,Badin,,,,,,,,28009,35.40597,-80.1167,America/New_York,EST,-5,,,,,,,,,,,
North Carolina,NC,Badin Lake,,,,,,,,,35.73594,-82.8663,America/New_York,EST,-5,,,,,,,,,,,
North Carolina,NC,Bahama,,,,,,,,27503,36.16598,-78.8767,America/New_York,EST,-5,,,,,,,,,,,
North Carolina,NC,Bailey,,,,,,,,27807,35.8002,-78.1056,America/New_York,EST,-5,,,,,,,,,,,
North Carolina,NC,Bakersville,,,,,,,,28705,36.03832,-82.2058,America/New_York,EST,-5,,,,,,,,,,,
North Carolina,NC,Bald Head Island,,,,,,,,,0,0,,,,,,,,,,,,,,
North Carolina,NC,Baldwin,,,,,,,,,0,0,,,,,,,,,,,,,,
North Carolina,NC,Balsam,,,,,,,,28707,35.42677,-83.0851,America/New_York,EST,-5,,,,,,,,,,,
North Carolina,NC,Balsam Grove,,,,,,,,28708,35.22955,-82.8737,America/New_York,EST,-5,,,,,,,,,,,
North Carolina,NC,Bandana,,,,,,,,,35.97317,-82.176,America/New_York,EST,-5,,,,,,,,,,,
North Carolina,NC,Banner Elk,,,,,,,,28604,36.16318,-81.8715,America/New_York,EST,-5,,,,,,,,,,,
North Carolina,NC,Barco,,,,,,,,27917,36.3709,-75.99,America/New_York,EST,-5,,,,,,,,,,,
North Carolina,NC,Barker Ten Mile,,,,,,,,,0,0,,,,,,,,,,,,,,
North Carolina,NC,Barnardsville,,,,,,,,28709,35.77761,-82.4549,America/New_York,EST,-5,,,,,,,,,,,
North Carolina,NC,Barrett,,,,,,,,,35.0748,-78.8843,America/New_York,EST,-5,,,,,,,,,,,
North Carolina,NC,Barretts Crossroad,,,,,,,,,0,0,,,,,,,,,,,,,,
North Carolina,NC,Bartlett,,,,,,,,,0,0,,,,,,,,,,,,,,
North Carolina,NC,Bartonsville,,,,,,,,,0,0,,,,,,,,,,,,,,
North Carolina,NC,Bat Cave,,,,,,,,28710,35.4319,-82.5448,America/New_York,EST,-5,,,,,,,,,,,
North Carolina,NC,Battleboro,,,,,,,,27809,36.00671,-77.7074,America/New_York,EST,-5,,,,,,,,,,,
North Carolina,NC,Bayboro,,,,,,,,28515,35.14294,-76.7702,America/New_York,EST,-5,,,,,,,,,,,
North Carolina,NC,Baynes,,,,,,,,,0,0,,,,,,,,,,,,,,
North Carolina,NC,Bayshore,,,,,,,,,0,0,,,,,,,,,,,,,,
North Carolina,NC,Beach Springs,,,,,,,,,0,0,,,,,,,,,,,,,,
North Carolina,NC,Beargrass,,,,,,,,,0,0,,,,,,,,,,,,,,
North Carolina,NC,Beaufort,,,,,,,,28516,34.75378,-76.6107,America/New_York,EST,-5,,,,,,,,,,,
North Carolina,NC,Beech Mountain,,,,,,,,,36.21096,-81.889,America/New_York,EST,-5,,,,,,,,,,,
North Carolina,NC,Belcross,,,,,,,,,0,0,,,,,,,,,,,,,,
North Carolina,NC,Belews Creek,,,,,,,,27009,36.21327,-80.0847,America/New_York,EST,-5,,,,,,,,,,,
North Carolina,NC,Belhaven,,,,,,,,27810,35.44575,-76.6391,America/New_York,EST,-5,,,,,,,,,,,
North Carolina,NC,Belmont,,,,,,,,28012,35.24292,-81.0373,America/New_York,EST,-5,,,,,,,,,,,
North Carolina,NC,Belvidere,,,,,,,,27919,36.26877,-76.5358,America/New_York,EST,-5,,,,,,,,,,,
North Carolina,NC,Belville,,,,,,,,,34.89529,-77.7854,America/New_York,EST,-5,,,,,,,,,,,
North Carolina,NC,Belwood,,,,,,,,,0,0,,,,,,,,,,,,,,
North Carolina,NC,Benham,,,,,,,,,36.29041,-80.9176,America/New_York,EST,-5,,,,,,,,,,,
North Carolina,NC,Benson,,,,,,,,27504,35.38211,-78.5486,America/New_York,EST,-5,,,,,,,,,,,
North Carolina,NC,Bent Creek,,,,,,,,,35.57309,-79.5231,America/New_York,EST,-5,,,,,,,,,,,
North Carolina,NC,Berea,,,,,,,,,36.3207,-78.7417,America/New_York,EST,-5,,,,,,,,,,,
North Carolina,NC,Bertha,,,,,,,,,0,0,,,,,,,,,,,,,,
North Carolina,NC,Bessemer City,,,,,,,,28016,35.31956,-81.2348,America/New_York,EST,-5,,,,,,,,,,,
North Carolina,NC,Bethany,,,,,,,,,36.18298,-80.3387,America/New_York,EST,-5,,,,,,,,,,,
North Carolina,NC,Bethel,,,,,,,,27812,35.7578,-77.3935,America/New_York,EST,-5,,,,,,,,,,,
North Carolina,NC,Bethel Hill,,,,,,,,,36.3966,-78.9761,America/New_York,EST,-5,,,,,,,,,,,
North Carolina,NC,Bethesda,,,,,,,,,0,0,,,,,,,,,,,,,,
North Carolina,NC,Bethlehem,,,,,,,,,0,0,,,,,,,,,,,,,,
North Carolina,NC,Beulaville,,,,,,,,28518,34.89529,-77.7854,America/New_York,EST,-5,,,,,,,,,,,
North Carolina,NC,Biltmore Forest,,,,,,,,,35.53373,-82.5285,America/New_York,EST,-5,,,,,,,,,,,
North Carolina,NC,Biscoe,,,,,,,,27209,35.35986,-79.7798,America/New_York,EST,-5,,,,,,,,,,,
North Carolina,NC,Black Creek,,,,,,,,27813,35.63516,-77.933,America/New_York,EST,-5,,,,,,,,,,,
North Carolina,NC,Black Mountain,,,,,,,,28711,35.6179,-82.3212,America/New_York,EST,-5,,,,,,,,,,,
North Carolina,NC,Bladenboro,,,,,,,,28320,34.62103,-78.7255,America/New_York,EST,-5,,,,,,,,,,,
North Carolina,NC,Blanch,,,,,,,,27212,36.46641,-79.2755,America/New_York,EST,-5,,,,,,,,,,,
North Carolina,NC,Blowing Rock,,,,,,,,28605,36.11374,-81.6612,America/New_York,EST,-5,,,,,,,,,,,
North Carolina,NC,Bob White Fork,,,,,,,,,35.939,-80.4403,America/New_York,EST,-5,,,,,,,,,,,
North Carolina,NC,Boger City,,,,,,,,,0,0,,,,,,,,,,,,,,
North Carolina,NC,Boiling Spring Lakes,,,,,,,,,34.03045,-78.0672,America/New_York,EST,-5,,,,,,,,,,,
North Carolina,NC,Boiling Springs Nc,,,,,,,,,0,0,,,,,,,,,,,,,,
North Carolina,NC,Bolivia,,,,,,,,28422,34.01718,-78.1722,America/New_York,EST,-5,,,,,,,,,,,
North Carolina,NC,Bolton,,,,,,,,28423,34.32072,-78.402,America/New_York,EST,-5,,,,,,,,,,,
North Carolina,NC,Bonnie Doone,,,,,,,,,35.27221,-78.5681,America/New_York,EST,-5,,,,,,,,,,,
North Carolina,NC,Boomer,,,,,,,,28606,36.05349,-81.3222,America/New_York,EST,-5,,,,,,,,,,,
North Carolina,NC,Boone,,,,,,,,28608###28607,36.22216,-81.6998,America/New_York,EST,-5,,,,,,,,,,,
North Carolina,NC,Boones Crossroads,,,,,,,,,0,0,,,,,,,,,,,,,,
North Carolina,NC,Boonville,,,,,,,,27011,36.21397,-80.6904,America/New_York,EST,-5,,,,,,,,,,,
North Carolina,NC,Bottom,,,,,,,,,36.47485,-80.774,America/New_York,EST,-5,,,,,,,,,,,
North Carolina,NC,Bowmore,,,,,,,,,34.94211,-79.3031,America/New_York,EST,-5,,,,,,,,,,,
North Carolina,NC,Brantleys Grove,,,,,,,,,35.62513,-81.8007,America/New_York,EST,-5,,,,,,,,,,,
North Carolina,NC,Brasstown,,,,,,,,28902,35.03953,-83.9569,America/New_York,EST,-5,,,,,,,,,,,
North Carolina,NC,Brevard,,,,,,,,28712,35.17435,-82.754,America/New_York,EST,-5,,,,,,,,,,,
North Carolina,NC,Bridgeton,,,,,,,,28519,35.12155,-77.0208,America/New_York,EST,-5,,,,,,,,,,,
North Carolina,NC,Broadway,,,,,,,,27505,35.45793,-79.0531,America/New_York,EST,-5,,,,,,,,,,,
North Carolina,NC,Brogden,,,,,,,,,0,0,,,,,,,,,,,,,,
North Carolina,NC,Brooks Crossroads,,,,,,,,,0,0,,,,,,,,,,,,,,
North Carolina,NC,Brunswick,,,,,,,,28424,34.29072,-78.6994,America/New_York,EST,-5,,,,,,,,,,,
North Carolina,NC,Bryantown,,,,,,,,,0,0,,,,,,,,,,,,,,
North Carolina,NC,Bryson City,,,,,,,,28713,35.38563,-83.5086,America/New_York,EST,-5,,,,,,,,,,,
North Carolina,NC,Buck,,,,,,,,,0,0,,,,,,,,,,,,,,
North Carolina,NC,Buck Shoals,,,,,,,,,0,0,,,,,,,,,,,,,,
North Carolina,NC,Buckland,,,,,,,,,0,0,,,,,,,,,,,,,,
North Carolina,NC,Buena Vista,,,,,,,,,36.22216,-81.6998,America/New_York,EST,-5,,,,,,,,,,,
North Carolina,NC,Buies Creek,,,,,,,,27506,35.42047,-78.7137,America/New_York,EST,-5,,,,,,,,,,,
North Carolina,NC,Buladean,,,,,,,,,36.10845,-82.1949,America/New_York,EST,-5,,,,,,,,,,,
North Carolina,NC,Bullocksville,,,,,,,,,0,0,,,,,,,,,,,,,,
North Carolina,NC,Bunn,,,,,,,,27508,35.96099,-78.2536,America/New_York,EST,-5,,,,,,,,,,,
North Carolina,NC,Burch,,,,,,,,,36.27597,-80.7665,America/New_York,EST,-5,,,,,,,,,,,
North Carolina,NC,Burden,,,,,,,,,36.15905,-77.0647,America/New_York,EST,-5,,,,,,,,,,,
North Carolina,NC,Burgaw,,,,,,,,28425,34.54611,-77.9371,America/New_York,EST,-5,,,,,,,,,,,
North Carolina,NC,Burgess,,,,,,,,,36.13488,-76.4072,America/New_York,EST,-5,,,,,,,,,,,
North Carolina,NC,Burlington,,,,,,,,27215###27217###27216,36.02983,-79.4916,America/New_York,EST,-5,,,,,,,,,,,
North Carolina,NC,Burnsville,,,,,,,,28714,35.83565,-82.2682,America/New_York,EST,-5,,,,,,,,,,,
North Carolina,NC,Burnt Mills,,,,,,,,,0,0,,,,,,,,,,,,,,
North Carolina,NC,Bushy Fork,,,,,,,,,35.939,-80.4403,America/New_York,EST,-5,,,,,,,,,,,
North Carolina,NC,Busick,,,,,,,,,35.76984,-82.1829,America/New_York,EST,-5,,,,,,,,,,,
North Carolina,NC,Butner,,,,,,,,27509,36.13209,-78.7567,America/New_York,EST,-5,,,,,,,,,,,
North Carolina,NC,Bynum,,,,,,,,27228,35.78348,-79.1298,America/New_York,EST,-5,,,,,,,,,,,
North Carolina,NC,Cajah'S Mountain,,,,,,,,,35.82717,-81.4217,America/New_York,EST,-5,,,,,,,,,,,
North Carolina,NC,Calabash,,,,,,,,28467,33.90369,-78.5739,America/New_York,EST,-5,,,,,,,,,,,
North Carolina,NC,Calypso,,,,,,,,28325,35.15378,-78.1053,America/New_York,EST,-5,,,,,,,,,,,
North Carolina,NC,Camden,,,,,,,,27921,36.38996,-76.1997,America/New_York,EST,-5,,,,,,,,,,,
North Carolina,NC,Cameron,,,,,,,,28326,35.31058,-79.3472,America/New_York,EST,-5,,,,,,,,,,,
North Carolina,NC,Camp Lejeune Centr,,,,,,,,,0,0,,,,,,,,,,,,,,
North Carolina,NC,Camp Mackall,,,,,,,,,0,0,,,,,,,,,,,,,,
North Carolina,NC,Camp Springs,,,,,,,,,0,0,,,,,,,,,,,,,,
North Carolina,NC,Candler,,,,,,,,28715,35.5365,-82.6929,America/New_York,EST,-5,,,,,,,,,,,
North Carolina,NC,Candor,,,,,,,,27229,35.2642,-79.8,America/New_York,EST,-5,,,,,,,,,,,
North Carolina,NC,Canto,,,,,,,,,35.81776,-77.4533,America/New_York,EST,-5,,,,,,,,,,,
North Carolina,NC,Canton,,,,,,,,28716,35.53288,-82.8374,America/New_York,EST,-5,,,,,,,,,,,
North Carolina,NC,Cape Carteret,,,,,,,,,0,0,,,,,,,,,,,,,,
North Carolina,NC,Cape Colony,,,,,,,,,35.52682,-79.1522,America/New_York,EST,-5,,,,,,,,,,,
North Carolina,NC,Capella,,,,,,,,,0,0,,,,,,,,,,,,,,
North Carolina,NC,Carolina Beach,,,,,,,,28428,34.03515,-77.8957,America/New_York,EST,-5,,,,,,,,,,,
North Carolina,NC,Carpenter,,,,,,,,,35.42433,-76.8502,America/New_York,EST,-5,,,,,,,,,,,
North Carolina,NC,Carr,,,,,,,,,36.21153,-79.22,America/New_York,EST,-5,,,,,,,,,,,
North Carolina,NC,Carrboro,,,,,,,,27510,35.90548,-79.0901,America/New_York,EST,-5,,,,,,,,,,,
North Carolina,NC,Carter,,,,,,,,,0,0,,,,,,,,,,,,,,
North Carolina,NC,Carthage,,,,,,,,28327,35.32304,-79.4283,America/New_York,EST,-5,,,,,,,,,,,
North Carolina,NC,Cary,,,,,,,,27519###27511###27512###27513###27518,35.76337,-78.7882,America/New_York,EST,-5,,,,,,,,,,,
North Carolina,NC,Casar,,,,,,,,28020,35.51997,-81.6271,America/New_York,EST,-5,,,,,,,,,,,
North Carolina,NC,Cashiers,,,,,,,,28717,35.10116,-83.0938,America/New_York,EST,-5,,,,,,,,,,,
North Carolina,NC,Castalia,,,,,,,,27816,36.09786,-78.0388,America/New_York,EST,-5,,,,,,,,,,,
North Carolina,NC,Castle Hayne,,,,,,,,28429,34.32993,-77.8875,America/New_York,EST,-5,,,,,,,,,,,
North Carolina,NC,Caswell Beach,,,,,,,,,0,0,,,,,,,,,,,,,,
North Carolina,NC,Catawba,,,,,,,,28609,35.68498,-81.0447,America/New_York,EST,-5,,,,,,,,,,,
North Carolina,NC,Cedar Creek,,,,,,,,,35.0748,-78.8843,America/New_York,EST,-5,,,,,,,,,,,
North Carolina,NC,Cedar Mountain,,,,,,,,28718,35.15081,-82.6374,America/New_York,EST,-5,,,,,,,,,,,
North Carolina,NC,Cedar Point,,,,,,,,,34.68766,-77.0724,America/New_York,EST,-5,,,,,,,,,,,
North Carolina,NC,Celo,,,,,,,,,35.85512,-82.1979,America/New_York,EST,-5,,,,,,,,,,,
North Carolina,NC,Center Hill,,,,,,,,,0,0,,,,,,,,,,,,,,
North Carolina,NC,Centerville,,,,,,,,,0,0,,,,,,,,,,,,,,
North Carolina,NC,Cerro Gordo,,,,,,,,28430,34.32211,-78.9264,America/New_York,EST,-5,,,,,,,,,,,
North Carolina,NC,Chadbourn,,,,,,,,28431,34.31675,-78.8915,America/New_York,EST,-5,,,,,,,,,,,
North Carolina,NC,Chapanoke,,,,,,,,,36.25405,-76.3774,America/New_York,EST,-5,,,,,,,,,,,
North Carolina,NC,Chapel Hill,,,,,,,,27599###27515###27516###27517###27514,36.00465,-79.0545,America/New_York,EST,-5,,,,,,,,,,,
North Carolina,NC,Charlotte,,,,,,,,28213###28215###28201###28227###28211###28210###28230###28218###28206###28217###28287###28242###28226###28202###28288###28216###28209###28208###28296###28297###28207###28219###28299###28290###28220###28289###28212###28214###28228###28205###28204###28203###28285###28284###28244###28263###28265###28243###28266###28241###28258###28269###28262###28246###28253###28255###28256###28260###28223###28250###28247###28224###28270###28271###28237###28236###28235###28234###28233###28232###28231###28221###28282###28281###28272###28273###28274###28275###28222###28277###28278###28280###28254###28229,35.26002,-80.8042,America/New_York,EST,-5,,,,,,,,,,,
North Carolina,NC,Cherokee,,,,,,,,28719,35.49488,-83.3491,America/New_York,EST,-5,,,,,,,,,,,
North Carolina,NC,Cherry Grove,,,,,,,,,36.30708,-79.4595,America/New_York,EST,-5,,,,,,,,,,,
North Carolina,NC,Cherryville,,,,,,,,28021,35.37874,-81.379,America/New_York,EST,-5,,,,,,,,,,,
North Carolina,NC,China Grove,,,,,,,,28023,35.57147,-80.5965,America/New_York,EST,-5,,,,,,,,,,,
North Carolina,NC,Chocowinity,,,,,,,,27817,35.46046,-77.063,America/New_York,EST,-5,,,,,,,,,,,
North Carolina,NC,Chowan Beach,,,,,,,,,0,0,,,,,,,,,,,,,,
North Carolina,NC,Cisco,,,,,,,,,36.18988,-76.6338,America/New_York,EST,-5,,,,,,,,,,,
North Carolina,NC,Claremont,,,,,,,,28610,35.73021,-81.1269,America/New_York,EST,-5,,,,,,,,,,,
North Carolina,NC,Clarendon,,,,,,,,28432,34.21017,-78.8453,America/New_York,EST,-5,,,,,,,,,,,
North Carolina,NC,Clarkton,,,,,,,,28433,34.52917,-78.5921,America/New_York,EST,-5,,,,,,,,,,,
North Carolina,NC,Clayton,,,,,,,,27528###27520###27527,35.63326,-78.4354,America/New_York,EST,-5,,,,,,,,,,,
North Carolina,NC,Clemmons,,,,,,,,27012,36.02153,-80.382,America/New_York,EST,-5,,,,,,,,,,,
North Carolina,NC,Cleveland,,,,,,,,27013,35.75572,-80.6811,America/New_York,EST,-5,,,,,,,,,,,
North Carolina,NC,Cliffside,,,,,,,,28024,35.24162,-81.7755,America/New_York,EST,-5,,,,,,,,,,,
North Carolina,NC,Clifton,,,,,,,,,0,0,,,,,,,,,,,,,,
North Carolina,NC,Climax,,,,,,,,27233,35.93758,-79.6933,America/New_York,EST,-5,,,,,,,,,,,
North Carolina,NC,Clingman,,,,,,,,,0,0,,,,,,,,,,,,,,
North Carolina,NC,Clinton,,,,,,,,28329###28328,35.00668,-78.4154,America/New_York,EST,-5,,,,,,,,,,,
North Carolina,NC,Clyde,,,,,,,,28721,35.63759,-82.9786,America/New_York,EST,-5,,,,,,,,,,,
North Carolina,NC,Coats,,,,,,,,27521,35.42525,-78.6566,America/New_York,EST,-5,,,,,,,,,,,
North Carolina,NC,Coats Crossroads,,,,,,,,,35.51433,-78.5436,America/New_York,EST,-5,,,,,,,,,,,
North Carolina,NC,Cofield,,,,,,,,27922,36.3608,-76.9055,America/New_York,EST,-5,,,,,,,,,,,
North Carolina,NC,Coinjock,,,,,,,,27923,36.34294,-75.9524,America/New_York,EST,-5,,,,,,,,,,,
North Carolina,NC,Colerain,,,,,,,,27924,36.15241,-76.8525,America/New_York,EST,-5,,,,,,,,,,,
North Carolina,NC,Coleridge,,,,,,,,,0,0,,,,,,,,,,,,,,
North Carolina,NC,Colfax,,,,,,,,27235,36.09449,-80.0047,America/New_York,EST,-5,,,,,,,,,,,
North Carolina,NC,Collettsville,,,,,,,,28611,35.99455,-81.7266,America/New_York,EST,-5,,,,,,,,,,,
North Carolina,NC,Collinstown,,,,,,,,,36.67194,-80.239,America/New_York,EST,-5,,,,,,,,,,,
North Carolina,NC,Columbia,,,,,,,,27925,35.93693,-76.2033,America/New_York,EST,-5,,,,,,,,,,,
North Carolina,NC,Columbus,,,,,,,,28722,35.25317,-82.1971,America/New_York,EST,-5,,,,,,,,,,,
North Carolina,NC,Como,,,,,,,,27818,36.49101,-77.0311,America/New_York,EST,-5,,,,,,,,,,,
North Carolina,NC,Concord,,,,,,,,28027###28026###28025,35.37163,-80.5621,America/New_York,EST,-5,,,,,,,,,,,
North Carolina,NC,Conetoe,,,,,,,,27819,35.81776,-77.4533,America/New_York,EST,-5,,,,,,,,,,,
North Carolina,NC,Connaritsa,,,,,,,,,36.18932,-77.0747,America/New_York,EST,-5,,,,,,,,,,,
North Carolina,NC,Connelly Springs,,,,,,,,,35.59627,-78.1242,America/New_York,EST,-5,,,,,,,,,,,
North Carolina,NC,Conover,,,,,,,,28613,35.74085,-81.2095,America/New_York,EST,-5,,,,,,,,,,,
North Carolina,NC,Conway,,,,,,,,27820,36.4371,-77.2289,America/New_York,EST,-5,,,,,,,,,,,
North Carolina,NC,Cooksville,,,,,,,,,35.59319,-81.4759,America/New_York,EST,-5,,,,,,,,,,,
North Carolina,NC,Cooleemee,,,,,,,,27014,35.81042,-80.5559,America/New_York,EST,-5,,,,,,,,,,,
North Carolina,NC,Corapeake,,,,,,,,27926,36.5201,-76.5929,America/New_York,EST,-5,,,,,,,,,,,
North Carolina,NC,Cornelius,,,,,,,,28031,35.47329,-80.8726,America/New_York,EST,-5,,,,,,,,,,,
North Carolina,NC,Corolla,,,,,,,,27927,36.38127,-75.833,America/New_York,EST,-5,,,,,,,,,,,
North Carolina,NC,Courtney,,,,,,,,,36.06014,-80.6206,America/New_York,EST,-5,,,,,,,,,,,
North Carolina,NC,Cove City,,,,,,,,28523,35.22988,-77.3049,America/New_York,EST,-5,,,,,,,,,,,
North Carolina,NC,Cove Creek,,,,,,,,,35.46206,-82.989,America/New_York,EST,-5,,,,,,,,,,,
North Carolina,NC,Covington,,,,,,,,,35.22519,-79.9802,America/New_York,EST,-5,,,,,,,,,,,
North Carolina,NC,Cramerton,,,,,,,,28032,35.23875,-81.0751,America/New_York,EST,-5,,,,,,,,,,,
North Carolina,NC,Craven,,,,,,,,,0,0,,,,,,,,,,,,,,
North Carolina,NC,Creedmoor,,,,,,,,27522,36.10809,-78.672,America/New_York,EST,-5,,,,,,,,,,,
North Carolina,NC,Creeksville,,,,,,,,,36.42152,-77.2416,America/New_York,EST,-5,,,,,,,,,,,
North Carolina,NC,Creswell,,,,,,,,27928,35.87044,-76.3922,America/New_York,EST,-5,,,,,,,,,,,
North Carolina,NC,Cricket,,,,,,,,,36.17152,-81.194,America/New_York,EST,-5,,,,,,,,,,,
North Carolina,NC,Croft,,,,,,,,,35.28603,-80.7344,America/New_York,EST,-5,,,,,,,,,,,
North Carolina,NC,Crossnore,,,,,,,,28616,36.02179,-81.9296,America/New_York,EST,-5,,,,,,,,,,,
North Carolina,NC,Crouse,,,,,,,,28033,35.42097,-81.3054,America/New_York,EST,-5,,,,,,,,,,,
North Carolina,NC,Crowders,,,,,,,,,35.21466,-81.2332,America/New_York,EST,-5,,,,,,,,,,,
North Carolina,NC,Cruso,,,,,,,,,35.41761,-82.8107,America/New_York,EST,-5,,,,,,,,,,,
North Carolina,NC,Crutchfield,,,,,,,,,0,0,,,,,,,,,,,,,,
North Carolina,NC,Culberson,,,,,,,,28903,35.09438,-84.0359,America/New_York,EST,-5,,,,,,,,,,,
North Carolina,NC,Cullowhee,,,,,,,,28723,35.31114,-83.181,America/New_York,EST,-5,,,,,,,,,,,
North Carolina,NC,Cumnock,,,,,,,,27237,35.46757,-79.1653,America/New_York,EST,-5,,,,,,,,,,,
North Carolina,NC,Currie,,,,,,,,28435,34.44123,-78.1151,America/New_York,EST,-5,,,,,,,,,,,
North Carolina,NC,Currituck,,,,,,,,27929,36.43977,-76.0055,America/New_York,EST,-5,,,,,,,,,,,
North Carolina,NC,Dabney,,,,,,,,,36.32673,-78.4091,America/New_York,EST,-5,,,,,,,,,,,
North Carolina,NC,Dallas,,,,,,,,28034,35.3499,-81.2215,America/New_York,EST,-5,,,,,,,,,,,
North Carolina,NC,Dana,,,,,,,,28724,35.2954,-82.3883,America/New_York,EST,-5,,,,,,,,,,,
North Carolina,NC,Danbury,,,,,,,,27016,36.44683,-80.2201,America/New_York,EST,-5,,,,,,,,,,,
North Carolina,NC,Darby,,,,,,,,,0,0,,,,,,,,,,,,,,
North Carolina,NC,Davidson,,,,,,,,28036###28035,35.50233,-80.8391,America/New_York,EST,-5,,,,,,,,,,,
North Carolina,NC,Deep Gap,,,,,,,,28618,36.20734,-81.5411,America/New_York,EST,-5,,,,,,,,,,,
North Carolina,NC,Delco,,,,,,,,28436,34.28384,-78.2607,America/New_York,EST,-5,,,,,,,,,,,
North Carolina,NC,Denton,,,,,,,,27239,35.60811,-80.1446,America/New_York,EST,-5,,,,,,,,,,,
North Carolina,NC,Denver,,,,,,,,28037,35.53125,-81.0298,America/New_York,EST,-5,,,,,,,,,,,
North Carolina,NC,Derby,,,,,,,,,0,0,,,,,,,,,,,,,,
North Carolina,NC,Diggs,,,,,,,,,35.20459,-80.9612,America/New_York,EST,-5,,,,,,,,,,,
North Carolina,NC,Dillard,,,,,,,,,0,0,,,,,,,,,,,,,,
North Carolina,NC,Dillsboro,,,,,,,,28725,35.36665,-83.2551,America/New_York,EST,-5,,,,,,,,,,,
North Carolina,NC,Dobbins Heights,,,,,,,,,0,0,,,,,,,,,,,,,,
North Carolina,NC,Dobson,,,,,,,,27017,36.35762,-80.6972,America/New_York,EST,-5,,,,,,,,,,,
North Carolina,NC,Dockery,,,,,,,,,36.30735,-81.0815,America/New_York,EST,-5,,,,,,,,,,,
North Carolina,NC,Donnaha,,,,,,,,,0,0,,,,,,,,,,,,,,
North Carolina,NC,Dort,,,,,,,,,0,0,,,,,,,,,,,,,,
North Carolina,NC,Dortches,,,,,,,,,35.91328,-77.7308,America/New_York,EST,-5,,,,,,,,,,,
North Carolina,NC,Dover,,,,,,,,28526,35.25544,-77.3646,America/New_York,EST,-5,,,,,,,,,,,
North Carolina,NC,Draper,,,,,,,,,0,0,,,,,,,,,,,,,,
North Carolina,NC,Drewry,,,,,,,,,0,0,,,,,,,,,,,,,,
North Carolina,NC,Drexel,,,,,,,,28619,35.75791,-81.6043,America/New_York,EST,-5,,,,,,,,,,,
North Carolina,NC,Drum Hill,,,,,,,,,0,0,,,,,,,,,,,,,,
North Carolina,NC,Drummond Point,,,,,,,,,0,0,,,,,,,,,,,,,,
North Carolina,NC,Dublin,,,,,,,,28332,34.65684,-78.7264,America/New_York,EST,-5,,,,,,,,,,,
North Carolina,NC,Duncan,,,,,,,,,35.54147,-78.8314,America/New_York,EST,-5,,,,,,,,,,,
North Carolina,NC,Dunn,,,,,,,,28334###28335,35.27221,-78.5681,America/New_York,EST,-5,,,,,,,,,,,
North Carolina,NC,Durham,,,,,,,,27704###27705###27701###27708###27702###27713###27703###27707###27722###27717###27715###27712###27711###27710###27709###27706,35.99924,-78.8979,America/New_York,EST,-5,,,,,,,,,,,
North Carolina,NC,Dysartsville,,,,,,,,,0,0,,,,,,,,,,,,,,
North Carolina,NC,Eagle Springs,,,,,,,,27242,35.29154,-79.6528,America/New_York,EST,-5,,,,,,,,,,,
North Carolina,NC,Eagletown,,,,,,,,,36.27154,-77.2283,America/New_York,EST,-5,,,,,,,,,,,
North Carolina,NC,Earl,,,,,,,,28038,35.197,-81.5386,America/New_York,EST,-5,,,,,,,,,,,
North Carolina,NC,Earleys,,,,,,,,,0,0,,,,,,,,,,,,,,
North Carolina,NC,Easons Crossroads,,,,,,,,,0,0,,,,,,,,,,,,,,
North Carolina,NC,East Arcadia,,,,,,,,,34.38211,-78.3233,America/New_York,EST,-5,,,,,,,,,,,
North Carolina,NC,East Bend,,,,,,,,27018,36.19785,-80.5753,America/New_York,EST,-5,,,,,,,,,,,
North Carolina,NC,East Flat Rock,,,,,,,,28726,35.28548,-82.4176,America/New_York,EST,-5,,,,,,,,,,,
North Carolina,NC,East Laurinburg,,,,,,,,,34.77127,-79.4437,America/New_York,EST,-5,,,,,,,,,,,
North Carolina,NC,East Rockingham,,,,,,,,,34.97413,-79.7242,America/New_York,EST,-5,,,,,,,,,,,
North Carolina,NC,Eastland Mall,,,,,,,,,0,0,,,,,,,,,,,,,,
North Carolina,NC,Eastover,,,,,,,,,35.0748,-78.8843,America/New_York,EST,-5,,,,,,,,,,,
North Carolina,NC,Eden,,,,,,,,27288###27289,36.48637,-79.75,America/New_York,EST,-5,,,,,,,,,,,
North Carolina,NC,Edenhouse,,,,,,,,,0,0,,,,,,,,,,,,,,
North Carolina,NC,Edenton,,,,,,,,27932,36.13562,-76.5801,America/New_York,EST,-5,,,,,,,,,,,
North Carolina,NC,Edgemont,,,,,,,,,35.97923,-81.5472,America/New_York,EST,-5,,,,,,,,,,,
North Carolina,NC,Efland,,,,,,,,27243,36.06984,-79.1988,America/New_York,EST,-5,,,,,,,,,,,
North Carolina,NC,Eldorado,,,,,,,,,35.60085,-80.0903,America/New_York,EST,-5,,,,,,,,,,,
North Carolina,NC,Elizabeth City,,,,,,,,27906###27907###27909,36.28539,-76.2133,America/New_York,EST,-5,,,,,,,,,,,
North Carolina,NC,Elizabethtown,,,,,,,,28337,34.62934,-78.6053,America/New_York,EST,-5,,,,,,,,,,,
North Carolina,NC,Elk Park,,,,,,,,28622,36.15735,-81.9782,America/New_York,EST,-5,,,,,,,,,,,
North Carolina,NC,Elkin,,,,,,,,28621,36.31804,-80.7999,America/New_York,EST,-5,,,,,,,,,,,
North Carolina,NC,Elkville,,,,,,,,,36.17207,-81.9112,America/New_York,EST,-5,,,,,,,,,,,
North Carolina,NC,Ellenboro,,,,,,,,28040,35.32901,-81.7587,America/New_York,EST,-5,,,,,,,,,,,
North Carolina,NC,Ellendale,,,,,,,,,0,0,,,,,,,,,,,,,,
North Carolina,NC,Ellerbe,,,,,,,,28338,35.09596,-79.7142,America/New_York,EST,-5,,,,,,,,,,,
North Carolina,NC,Ellisboro,,,,,,,,,36.33264,-79.9778,America/New_York,EST,-5,,,,,,,,,,,
North Carolina,NC,Elm City,,,,,,,,27822,35.78727,-77.856,America/New_York,EST,-5,,,,,,,,,,,
North Carolina,NC,Elon College,,,,,,,,27244,36.21245,-79.4883,America/New_York,EST,-5,,,,,,,,,,,
North Carolina,NC,Elroy,,,,,,,,,0,0,,,,,,,,,,,,,,
North Carolina,NC,Emerald Isle,,,,,,,,28594,34.67794,-76.9508,America/New_York,EST,-5,,,,,,,,,,,
North Carolina,NC,Emit,,,,,,,,,0,0,,,,,,,,,,,,,,
North Carolina,NC,Enfield,,,,,,,,27823,36.18099,-77.6666,America/New_York,EST,-5,,,,,,,,,,,
North Carolina,NC,Ennice,,,,,,,,28623,36.52069,-80.9833,America/New_York,EST,-5,,,,,,,,,,,
North Carolina,NC,Enochville,,,,,,,,,35.56771,-80.6023,America/New_York,EST,-5,,,,,,,,,,,
North Carolina,NC,Enon,,,,,,,,,36.13986,-80.4689,America/New_York,EST,-5,,,,,,,,,,,
North Carolina,NC,Erwin,,,,,,,,28339,35.33006,-78.7059,America/New_York,EST,-5,,,,,,,,,,,
North Carolina,NC,Etowah,,,,,,,,28729,35.31662,-82.5956,America/New_York,EST,-5,,,,,,,,,,,
North Carolina,NC,Eure,,,,,,,,27935,36.42738,-76.8533,America/New_York,EST,-5,,,,,,,,,,,
North Carolina,NC,Eureka,,,,,,,,,0,0,,,,,,,,,,,,,,
North Carolina,NC,Everetts,,,,,,,,27825,35.83488,-77.1736,America/New_York,EST,-5,,,,,,,,,,,
North Carolina,NC,Evergreen,,,,,,,,28438,34.42038,-78.8947,America/New_York,EST,-5,,,,,,,,,,,
North Carolina,NC,Fair Bluff,,,,,,,,28439,34.3135,-79.0373,America/New_York,EST,-5,,,,,,,,,,,
North Carolina,NC,Fairmont,,,,,,,,28340,34.49683,-79.1142,America/New_York,EST,-5,,,,,,,,,,,
North Carolina,NC,Fairplains,,,,,,,,,36.19847,-81.1529,America/New_York,EST,-5,,,,,,,,,,,
North Carolina,NC,Fairview,,,,,,,,28730,35.52919,-82.4047,America/New_York,EST,-5,,,,,,,,,,,
North Carolina,NC,Faison,,,,,,,,28341,35.10542,-78.1021,America/New_York,EST,-5,,,,,,,,,,,
North Carolina,NC,Faith,,,,,,,,28041,35.58167,-80.4581,America/New_York,EST,-5,,,,,,,,,,,
North Carolina,NC,Falcon,,,,,,,,28342,35.18989,-78.6484,America/New_York,EST,-5,,,,,,,,,,,
North Carolina,NC,Falkland,,,,,,,,27827,35.69664,-77.5132,America/New_York,EST,-5,,,,,,,,,,,
North Carolina,NC,Falls Lake,,,,,,,,,35.73594,-82.8663,America/New_York,EST,-5,,,,,,,,,,,
North Carolina,NC,Fallston,,,,,,,,28042,35.37388,-81.5437,America/New_York,EST,-5,,,,,,,,,,,
North Carolina,NC,Falsons Old Tavern,,,,,,,,,0,0,,,,,,,,,,,,,,
North Carolina,NC,Farmington,,,,,,,,,35.92023,-80.5785,America/New_York,EST,-5,,,,,,,,,,,
North Carolina,NC,Farmville,,,,,,,,27828,35.59544,-77.5853,America/New_York,EST,-5,,,,,,,,,,,
North Carolina,NC,Faust,,,,,,,,,35.91122,-82.5301,America/New_York,EST,-5,,,,,,,,,,,
North Carolina,NC,Fayetteville,,,,,,,,28301###28302###28305###28304###28306###28303###28311###28314###28312###28309,35.0748,-78.8843,America/New_York,EST,-5,,,,,,,,,,,
North Carolina,NC,Fearrington,,,,,,,,,35.80841,-79.073,America/New_York,EST,-5,,,,,,,,,,,
North Carolina,NC,Fero,,,,,,,,,0,0,,,,,,,,,,,,,,
North Carolina,NC,Finger,,,,,,,,,35.38486,-80.3578,America/New_York,EST,-5,,,,,,,,,,,
North Carolina,NC,Flat Rock,,,,,,,,28731,35.29706,-82.4037,America/New_York,EST,-5,,,,,,,,,,,
North Carolina,NC,Flatwood,,,,,,,,,36.33019,-81.5084,America/New_York,EST,-5,,,,,,,,,,,
North Carolina,NC,Fleetwood,,,,,,,,28626,36.33019,-81.5084,America/New_York,EST,-5,,,,,,,,,,,
North Carolina,NC,Fletcher,,,,,,,,28732,35.43067,-82.5012,America/New_York,EST,-5,,,,,,,,,,,
North Carolina,NC,Flowers,,,,,,,,,35.61793,-78.4762,America/New_York,EST,-5,,,,,,,,,,,
North Carolina,NC,Fontana Village,,,,,,,,,35.68735,-77.5911,America/New_York,EST,-5,,,,,,,,,,,
North Carolina,NC,Forest City,,,,,,,,28043,35.32503,-81.846,America/New_York,EST,-5,,,,,,,,,,,
North Carolina,NC,Forest Oaks,,,,,,,,,0,0,,,,,,,,,,,,,,
North Carolina,NC,Forestburg,,,,,,,,,0,0,,,,,,,,,,,,,,
North Carolina,NC,Fork Church,,,,,,,,,35.939,-80.4403,America/New_York,EST,-5,,,,,,,,,,,
North Carolina,NC,Fort Bragg,,,,,,,,28310###28307,35.14019,-78.9879,America/New_York,EST,-5,,,,,,,,,,,
North Carolina,NC,Foscoe,,,,,,,,,36.1777,-81.8586,America/New_York,EST,-5,,,,,,,,,,,
North Carolina,NC,Fountain,,,,,,,,27829,35.68735,-77.5911,America/New_York,EST,-5,,,,,,,,,,,
North Carolina,NC,Four Oaks,,,,,,,,27524,35.4282,-78.3398,America/New_York,EST,-5,,,,,,,,,,,
North Carolina,NC,Foxfire,,,,,,,,,0,0,,,,,,,,,,,,,,
North Carolina,NC,Francisco,,,,,,,,,36.50903,-80.3559,America/New_York,EST,-5,,,,,,,,,,,
North Carolina,NC,Franklin,,,,,,,,28734###28744,35.15583,-83.4224,America/New_York,EST,-5,,,,,,,,,,,
North Carolina,NC,Franklinton,,,,,,,,27525,36.10182,-78.4581,America/New_York,EST,-5,,,,,,,,,,,
North Carolina,NC,Franklinville,,,,,,,,27248,35.78577,-79.7101,America/New_York,EST,-5,,,,,,,,,,,
North Carolina,NC,Freeland,,,,,,,,,34.10711,-78.5372,America/New_York,EST,-5,,,,,,,,,,,
North Carolina,NC,Fremont,,,,,,,,27830,35.54544,-77.9747,America/New_York,EST,-5,,,,,,,,,,,
North Carolina,NC,Frog Island,,,,,,,,,0,0,,,,,,,,,,,,,,
North Carolina,NC,Fuquay-Varina,,,,,,,,,35.50849,-78.8139,America/New_York,EST,-5,,,,,,,,,,,
North Carolina,NC,Galatia,,,,,,,,,36.472,-77.3913,America/New_York,EST,-5,,,,,,,,,,,
North Carolina,NC,Gamewell,,,,,,,,,35.8693,-81.5962,America/New_York,EST,-5,,,,,,,,,,,
North Carolina,NC,Garland,,,,,,,,28441,34.78628,-78.3942,America/New_York,EST,-5,,,,,,,,,,,
North Carolina,NC,Garner,,,,,,,,27529,35.71126,-78.6142,America/New_York,EST,-5,,,,,,,,,,,
North Carolina,NC,Garysburg,,,,,,,,27831,36.48208,-77.5681,America/New_York,EST,-5,,,,,,,,,,,
North Carolina,NC,Gaston,,,,,,,,27832,36.50043,-77.645,America/New_York,EST,-5,,,,,,,,,,,
North Carolina,NC,Gastonia,,,,,,,,28052###28053###28055###28056###28054,35.28402,-81.1897,America/New_York,EST,-5,,,,,,,,,,,
North Carolina,NC,Gates,,,,,,,,27937,36.49352,-76.8154,America/New_York,EST,-5,,,,,,,,,,,
North Carolina,NC,Gatesville,,,,,,,,27938,36.42254,-76.7148,America/New_York,EST,-5,,,,,,,,,,,
North Carolina,NC,Gatewood,,,,,,,,,0,0,,,,,,,,,,,,,,
North Carolina,NC,Gay,,,,,,,,,35.29149,-83.2732,America/New_York,EST,-5,,,,,,,,,,,
North Carolina,NC,George,,,,,,,,,0,0,,,,,,,,,,,,,,
North Carolina,NC,Germanton,,,,,,,,27019,36.31615,-80.2349,America/New_York,EST,-5,,,,,,,,,,,
North Carolina,NC,Gibson,,,,,,,,28343,34.75905,-79.6106,America/New_York,EST,-5,,,,,,,,,,,
North Carolina,NC,Gibsonville,,,,,,,,27249,36.15039,-79.6104,America/New_York,EST,-5,,,,,,,,,,,
North Carolina,NC,Gillburg,,,,,,,,,36.32673,-78.4091,America/New_York,EST,-5,,,,,,,,,,,
North Carolina,NC,Glade Valley,,,,,,,,28627,36.47047,-81.0064,America/New_York,EST,-5,,,,,,,,,,,
North Carolina,NC,Glen Alpine,,,,,,,,28628,35.72902,-81.7793,America/New_York,EST,-5,,,,,,,,,,,
North Carolina,NC,Glen Cove,,,,,,,,,35.52682,-79.1522,America/New_York,EST,-5,,,,,,,,,,,
North Carolina,NC,Glen Raven,,,,,,,,,36.02983,-79.4916,America/New_York,EST,-5,,,,,,,,,,,
North Carolina,NC,Glendale Springs,,,,,,,,28629,36.34606,-81.3653,America/New_York,EST,-5,,,,,,,,,,,
North Carolina,NC,Glendon,,,,,,,,,35.48237,-79.417,America/New_York,EST,-5,,,,,,,,,,,
North Carolina,NC,Glenview,,,,,,,,,36.16765,-77.8116,America/New_York,EST,-5,,,,,,,,,,,
North Carolina,NC,Glenwood,,,,,,,,28737,35.73873,-82.0595,America/New_York,EST,-5,,,,,,,,,,,
North Carolina,NC,Gliden,,,,,,,,,36.32043,-76.6141,America/New_York,EST,-5,,,,,,,,,,,
North Carolina,NC,Globe,,,,,,,,,35.97923,-81.5472,America/New_York,EST,-5,,,,,,,,,,,
North Carolina,NC,Godwin,,,,,,,,28344,35.19438,-78.6788,America/New_York,EST,-5,,,,,,,,,,,
North Carolina,NC,Gold Hill,,,,,,,,28071,35.54749,-80.3102,America/New_York,EST,-5,,,,,,,,,,,
North Carolina,NC,Goldsboro,,,,,,,,27534###27531###27530###27533###27532,35.36828,-78.0929,America/New_York,EST,-5,,,,,,,,,,,
North Carolina,NC,Goldston,,,,,,,,27252,35.57685,-79.3631,America/New_York,EST,-5,,,,,,,,,,,
North Carolina,NC,Goose Creek,,,,,,,,,0,0,,,,,,,,,,,,,,
North Carolina,NC,Goose Pond,,,,,,,,,36.17794,-76.775,America/New_York,EST,-5,,,,,,,,,,,
North Carolina,NC,Gordontown,,,,,,,,,35.75569,-80.1087,America/New_York,EST,-5,,,,,,,,,,,
North Carolina,NC,Gorman,,,,,,,,,36.03653,-78.8233,America/New_York,EST,-5,,,,,,,,,,,
North Carolina,NC,Graham,,,,,,,,27253,35.97211,-79.3475,America/New_York,EST,-5,,,,,,,,,,,
North Carolina,NC,Grandfather Mountain,,,,,,,,,0,0,,,,,,,,,,,,,,
North Carolina,NC,Grandy,,,,,,,,27939,36.24211,-75.8791,America/New_York,EST,-5,,,,,,,,,,,
North Carolina,NC,Granite Falls,,,,,,,,28630,35.79652,-81.4307,America/New_York,EST,-5,,,,,,,,,,,
North Carolina,NC,Granite Quarry,,,,,,,,28072,35.61092,-80.4361,America/New_York,EST,-5,,,,,,,,,,,
North Carolina,NC,Grantham,,,,,,,,,35.29711,-78.1636,America/New_York,EST,-5,,,,,,,,,,,
North Carolina,NC,Grassy Creek,,,,,,,,28631,36.54533,-81.4146,America/New_York,EST,-5,,,,,,,,,,,
North Carolina,NC,Greenevers,,,,,,,,,34.82239,-77.9269,America/New_York,EST,-5,,,,,,,,,,,
North Carolina,NC,Greensboro,,,,,,,,27498###27499###27412###27438###27401###27413###27416###27402###27497###27417###27419###27420###27425###27427###27429###27415###27455###27495###27403###27404###27405###27411###27410###27409###27435###27407###27406###27408,36.06914,-79.7652,America/New_York,EST,-5,,,,,,,,,,,
North Carolina,NC,Greenville,,,,,,,,27858###27836###27833###27834###27835,35.58044,-77.3926,America/New_York,EST,-5,,,,,,,,,,,
North Carolina,NC,Gregory,,,,,,,,,0,0,,,,,,,,,,,,,,
North Carolina,NC,Grifton,,,,,,,,28530,35.37266,-77.4375,America/New_York,EST,-5,,,,,,,,,,,
North Carolina,NC,Grimesland,,,,,,,,27837,35.50633,-77.2146,America/New_York,EST,-5,,,,,,,,,,,
North Carolina,NC,Grover,,,,,,,,28073,35.20403,-81.4719,America/New_York,EST,-5,,,,,,,,,,,
North Carolina,NC,Gum Forks,,,,,,,,,36.49101,-77.0311,America/New_York,EST,-5,,,,,,,,,,,
North Carolina,NC,Gum Springs,,,,,,,,,36.49101,-77.0311,America/New_York,EST,-5,,,,,,,,,,,
North Carolina,NC,Gumberry,,,,,,,,,36.35613,-77.4831,America/New_York,EST,-5,,,,,,,,,,,
North Carolina,NC,Half Moon,,,,,,,,,34.81837,-77.4613,America/New_York,EST,-5,,,,,,,,,,,
North Carolina,NC,Halifax,,,,,,,,27839,36.33719,-77.6292,America/New_York,EST,-5,,,,,,,,,,,
North Carolina,NC,Halls Mills,,,,,,,,,35.43624,-81.7307,America/New_York,EST,-5,,,,,,,,,,,
North Carolina,NC,Hamer,,,,,,,,,36.45653,-79.2747,America/New_York,EST,-5,,,,,,,,,,,
North Carolina,NC,Hamilton,,,,,,,,27840,35.9446,-77.2097,America/New_York,EST,-5,,,,,,,,,,,
North Carolina,NC,Hamlet,,,,,,,,28345,34.93709,-79.6491,America/New_York,EST,-5,,,,,,,,,,,
North Carolina,NC,Hampstead,,,,,,,,28443,34.39142,-77.6587,America/New_York,EST,-5,,,,,,,,,,,
North Carolina,NC,Hancock,,,,,,,,,36.09933,-76.6286,America/New_York,EST,-5,,,,,,,,,,,
North Carolina,NC,Harbinger,,,,,,,,27941,36.10211,-75.8141,America/New_York,EST,-5,,,,,,,,,,,
North Carolina,NC,Harmony,,,,,,,,28634,35.96439,-80.7778,America/New_York,EST,-5,,,,,,,,,,,
North Carolina,NC,Harpers Crossroads,,,,,,,,,35.56792,-79.4631,America/New_York,EST,-5,,,,,,,,,,,
North Carolina,NC,Harrells,,,,,,,,28444,34.71179,-78.2627,America/New_York,EST,-5,,,,,,,,,,,
North Carolina,NC,Harrellsville,,,,,,,,27942,36.27455,-76.7865,America/New_York,EST,-5,,,,,,,,,,,
North Carolina,NC,Harris,,,,,,,,28074,35.22474,-81.8851,America/New_York,EST,-5,,,,,,,,,,,
North Carolina,NC,Harrisburg,,,,,,,,28075,35.32375,-80.6559,America/New_York,EST,-5,,,,,,,,,,,
North Carolina,NC,Harrisons Crossroads,,,,,,,,,36.42042,-79.6898,America/New_York,EST,-5,,,,,,,,,,,
North Carolina,NC,Harvey Point,,,,,,,,,0,0,,,,,,,,,,,,,,
North Carolina,NC,Hassell,,,,,,,,27841,35.90794,-77.2786,America/New_York,EST,-5,,,,,,,,,,,
North Carolina,NC,Hasty,,,,,,,,,34.69044,-79.4781,America/New_York,EST,-5,,,,,,,,,,,
North Carolina,NC,Havelock,,,,,,,,28532,34.87905,-76.9013,America/New_York,EST,-5,,,,,,,,,,,
North Carolina,NC,Haw River,,,,,,,,27258,36.09153,-79.3642,America/New_York,EST,-5,,,,,,,,,,,
North Carolina,NC,Hayesville,,,,,,,,28904,35.07142,-83.7783,America/New_York,EST,-5,,,,,,,,,,,
North Carolina,NC,Hays,,,,,,,,28635,36.30809,-81.1169,America/New_York,EST,-5,,,,,,,,,,,
North Carolina,NC,Hazelton,,,,,,,,,0,0,,,,,,,,,,,,,,
North Carolina,NC,Henderson,,,,,,,,27536###27537,36.32673,-78.4091,America/New_York,EST,-5,,,,,,,,,,,
North Carolina,NC,Hendersonville,,,,,,,,28739###28793###28791###28792,35.26047,-82.5531,America/New_York,EST,-5,,,,,,,,,,,
North Carolina,NC,Henrico,,,,,,,,27842,36.52584,-77.8555,America/New_York,EST,-5,,,,,,,,,,,
North Carolina,NC,Hertford,,,,,,,,27944,36.16853,-76.3731,America/New_York,EST,-5,,,,,,,,,,,
North Carolina,NC,Hiawasse Dam,,,,,,,,,0,0,,,,,,,,,,,,,,
North Carolina,NC,Hickory,,,,,,,,28602###28603###28601,35.75822,-81.3082,America/New_York,EST,-5,,,,,,,,,,,
North Carolina,NC,Hickory Crossroads,,,,,,,,,36.32043,-76.5447,America/New_York,EST,-5,,,,,,,,,,,
North Carolina,NC,Hiddenite,,,,,,,,28636,35.90374,-81.0906,America/New_York,EST,-5,,,,,,,,,,,
North Carolina,NC,High Point,,,,,,,,27260###27261###27262###27263###27264###27265,35.95447,-79.9879,America/New_York,EST,-5,,,,,,,,,,,
North Carolina,NC,High Rock,,,,,,,,,35.59681,-80.2212,America/New_York,EST,-5,,,,,,,,,,,
North Carolina,NC,High Shoals,,,,,,,,28077,35.40264,-81.2023,America/New_York,EST,-5,,,,,,,,,,,
North Carolina,NC,Highfalls,,,,,,,,27259,35.49208,-79.479,America/New_York,EST,-5,,,,,,,,,,,
North Carolina,NC,Highlands,,,,,,,,28741,35.05259,-83.1968,America/New_York,EST,-5,,,,,,,,,,,
North Carolina,NC,Hightowers,,,,,,,,,36.3741,-79.3345,America/New_York,EST,-5,,,,,,,,,,,
North Carolina,NC,Hildebran,,,,,,,,28637,35.71402,-81.422,America/New_York,EST,-5,,,,,,,,,,,
North Carolina,NC,Hillsborough,,,,,,,,27278,36.07743,-79.0855,America/New_York,EST,-5,,,,,,,,,,,
North Carolina,NC,Hobbsville,,,,,,,,27946,36.36585,-76.6254,America/New_York,EST,-5,,,,,,,,,,,
North Carolina,NC,Hobbton,,,,,,,,,0,0,,,,,,,,,,,,,,
North Carolina,NC,Hobgood,,,,,,,,27843,36.05938,-77.4061,America/New_York,EST,-5,,,,,,,,,,,
North Carolina,NC,Hoffman,,,,,,,,28347,35.0351,-79.5517,America/New_York,EST,-5,,,,,,,,,,,
North Carolina,NC,Holden Beach,,,,,,,,,36.54759,-81.4103,America/New_York,EST,-5,,,,,,,,,,,
North Carolina,NC,Holiday Island,,,,,,,,,0,0,,,,,,,,,,,,,,
North Carolina,NC,Holly Ridge,,,,,,,,28445,34.49544,-77.555,America/New_York,EST,-5,,,,,,,,,,,
North Carolina,NC,Holly Springs,,,,,,,,27540,35.60767,-78.8297,America/New_York,EST,-5,,,,,,,,,,,
North Carolina,NC,Hookerton,,,,,,,,28538,35.42196,-77.5912,America/New_York,EST,-5,,,,,,,,,,,
North Carolina,NC,Hope Mills,,,,,,,,28348,34.92128,-78.9329,America/New_York,EST,-5,,,,,,,,,,,
North Carolina,NC,Horseshoe,,,,,,,,,35.34317,-82.5565,America/New_York,EST,-5,,,,,,,,,,,
North Carolina,NC,Hot House,,,,,,,,,36.30809,-81.1169,America/New_York,EST,-5,,,,,,,,,,,
North Carolina,NC,Hot Springs,,,,,,,,28743,35.89705,-82.8257,America/New_York,EST,-5,,,,,,,,,,,
North Carolina,NC,Hudson,,,,,,,,28638,35.83978,-81.4797,America/New_York,EST,-5,,,,,,,,,,,
North Carolina,NC,Huntersville,,,,,,,,28078###28070,35.46219,-80.8987,America/New_York,EST,-5,,,,,,,,,,,
North Carolina,NC,Huntsville,,,,,,,,,35.92023,-80.5785,America/New_York,EST,-5,,,,,,,,,,,
North Carolina,NC,Icard,,,,,,,,28666,35.72735,-81.4707,America/New_York,EST,-5,,,,,,,,,,,
North Carolina,NC,Icaria,,,,,,,,,36.25599,-76.6272,America/New_York,EST,-5,,,,,,,,,,,
North Carolina,NC,Idlewild,,,,,,,,,35.18876,-80.744,America/New_York,EST,-5,,,,,,,,,,,
North Carolina,NC,Indian Beach,,,,,,,,,0,0,,,,,,,,,,,,,,
North Carolina,NC,Indian Trail,,,,,,,,28079,35.11564,-80.5979,America/New_York,EST,-5,,,,,,,,,,,
North Carolina,NC,Indiantown,,,,,,,,,36.37121,-76.0555,America/New_York,EST,-5,,,,,,,,,,,
North Carolina,NC,Ingalls,,,,,,,,,35.97152,-82.0118,America/New_York,EST,-5,,,,,,,,,,,
North Carolina,NC,Ingleside,,,,,,,,,36.17626,-78.2961,America/New_York,EST,-5,,,,,,,,,,,
North Carolina,NC,Intelligence,,,,,,,,,0,0,,,,,,,,,,,,,,
North Carolina,NC,Iron Station,,,,,,,,28080,35.47286,-81.1062,America/New_York,EST,-5,,,,,,,,,,,
North Carolina,NC,Ivanhoe,,,,,,,,28447,34.62329,-78.2342,America/New_York,EST,-5,,,,,,,,,,,
North Carolina,NC,Jackson,,,,,,,,27845,36.37483,-77.3705,America/New_York,EST,-5,,,,,,,,,,,
North Carolina,NC,Jacksonville,,,,,,,,28546###28540###28541,34.75459,-77.5074,America/New_York,EST,-5,,,,,,,,,,,
North Carolina,NC,Jacocks,,,,,,,,,0,0,,,,,,,,,,,,,,
North Carolina,NC,James City,,,,,,,,,35.08877,-77.0349,America/New_York,EST,-5,,,,,,,,,,,
North Carolina,NC,Jamestown,,,,,,,,27282,35.9943,-79.9353,America/New_York,EST,-5,,,,,,,,,,,
North Carolina,NC,Jamesville,,,,,,,,27846,35.81127,-76.8966,America/New_York,EST,-5,,,,,,,,,,,
North Carolina,NC,Jarvisburg,,,,,,,,27947,36.17141,-75.8621,America/New_York,EST,-5,,,,,,,,,,,
North Carolina,NC,Jefferson,,,,,,,,28640,36.40356,-81.4148,America/New_York,EST,-5,,,,,,,,,,,
North Carolina,NC,Jericho,,,,,,,,,36.28708,-79.3664,America/New_York,EST,-5,,,,,,,,,,,
North Carolina,NC,Jerome,,,,,,,,,0,0,,,,,,,,,,,,,,
North Carolina,NC,Johnsons Corner,,,,,,,,,36.4346,-76.2986,America/New_York,EST,-5,,,,,,,,,,,
North Carolina,NC,Jonas Ridge,,,,,,,,28641,35.93842,-81.8845,America/New_York,EST,-5,,,,,,,,,,,
North Carolina,NC,Jonesville,,,,,,,,28642,36.21052,-80.8014,America/New_York,EST,-5,,,,,,,,,,,
North Carolina,NC,Jordan Lake,,,,,,,,,35.47928,-82.3482,America/New_York,EST,-5,,,,,,,,,,,
North Carolina,NC,Kannapolis,,,,,,,,28081###28083###28082,35.46298,-80.6725,America/New_York,EST,-5,,,,,,,,,,,
North Carolina,NC,Kelford,,,,,,,,27847,36.18712,-77.1898,America/New_York,EST,-5,,,,,,,,,,,
North Carolina,NC,Kelly,,,,,,,,28448,34.49716,-78.3223,America/New_York,EST,-5,,,,,,,,,,,
North Carolina,NC,Kenansville,,,,,,,,28349,35.01516,-77.8969,America/New_York,EST,-5,,,,,,,,,,,
North Carolina,NC,Kenly,,,,,,,,27542,35.59627,-78.1242,America/New_York,EST,-5,,,,,,,,,,,
North Carolina,NC,Kernersville,,,,,,,,27284###27285,36.11831,-80.1013,America/New_York,EST,-5,,,,,,,,,,,
North Carolina,NC,Kerr Lake,,,,,,,,,35.73594,-82.8663,America/New_York,EST,-5,,,,,,,,,,,
North Carolina,NC,Kill Devil Hills,,,,,,,,27948,36.01683,-75.6663,America/New_York,EST,-5,,,,,,,,,,,
North Carolina,NC,King,,,,,,,,27021,36.32018,-80.2922,America/New_York,EST,-5,,,,,,,,,,,
North Carolina,NC,Kings Creek,,,,,,,,,35.99235,-81.4018,America/New_York,EST,-5,,,,,,,,,,,
North Carolina,NC,Kings Grant,,,,,,,,,0,0,,,,,,,,,,,,,,
North Carolina,NC,Kings Mountain,,,,,,,,28086,35.18319,-81.3379,America/New_York,EST,-5,,,,,,,,,,,
North Carolina,NC,Kingsboro,,,,,,,,,0,0,,,,,,,,,,,,,,
North Carolina,NC,Kingstown,,,,,,,,,35.35124,-81.6123,America/New_York,EST,-5,,,,,,,,,,,
North Carolina,NC,Kinston,,,,,,,,28502###28504###28503###28501,35.24292,-77.5167,America/New_York,EST,-5,,,,,,,,,,,
North Carolina,NC,Kittrell,,,,,,,,27544,36.22005,-78.4501,America/New_York,EST,-5,,,,,,,,,,,
North Carolina,NC,Kitty Hawk,,,,,,,,27949,36.06461,-75.7057,America/New_York,EST,-5,,,,,,,,,,,
North Carolina,NC,Knightdale,,,,,,,,27545,35.78803,-78.4596,America/New_York,EST,-5,,,,,,,,,,,
North Carolina,NC,Knotts Island,,,,,,,,27950,36.51349,-75.9191,America/New_York,EST,-5,,,,,,,,,,,
North Carolina,NC,Kure Beach,,,,,,,,28449,33.98682,-77.9201,America/New_York,EST,-5,,,,,,,,,,,
North Carolina,NC,Kyle,,,,,,,,,35.2212,-83.6154,America/New_York,EST,-5,,,,,,,,,,,
North Carolina,NC,La Grange,,,,,,,,28551,35.30683,-77.788,America/New_York,EST,-5,,,,,,,,,,,
North Carolina,NC,Lake Adger,,,,,,,,,35.73594,-82.8663,America/New_York,EST,-5,,,,,,,,,,,
North Carolina,NC,Lake Gaston,,,,,,,,,36.50043,-77.645,America/New_York,EST,-5,,,,,,,,,,,
North Carolina,NC,Lake Junaluska,,,,,,,,28745,35.53034,-82.9748,America/New_York,EST,-5,,,,,,,,,,,
North Carolina,NC,Lake Lure,,,,,,,,28746,35.46353,-82.1839,America/New_York,EST,-5,,,,,,,,,,,
North Carolina,NC,Lake Townsend,,,,,,,,,35.73594,-82.8663,America/New_York,EST,-5,,,,,,,,,,,
North Carolina,NC,Lake Toxaway,,,,,,,,28747,35.12427,-82.9318,America/New_York,EST,-5,,,,,,,,,,,
North Carolina,NC,Lake Waccamaw,,,,,,,,28450,34.28767,-78.5086,America/New_York,EST,-5,,,,,,,,,,,
North Carolina,NC,Lake Wheeler,,,,,,,,,35.73594,-82.8663,America/New_York,EST,-5,,,,,,,,,,,
North Carolina,NC,Lambs Corner,,,,,,,,,0,0,,,,,,,,,,,,,,
North Carolina,NC,Landis,,,,,,,,28088,35.54543,-80.608,America/New_York,EST,-5,,,,,,,,,,,
North Carolina,NC,Lansing,,,,,,,,28643,36.50258,-81.5531,America/New_York,EST,-5,,,,,,,,,,,
North Carolina,NC,Lasker,,,,,,,,,36.35015,-77.3055,America/New_York,EST,-5,,,,,,,,,,,
North Carolina,NC,Lattimore,,,,,,,,28089,35.31818,-81.6607,America/New_York,EST,-5,,,,,,,,,,,
North Carolina,NC,Laurel Hill,,,,,,,,28351,34.80905,-79.5478,America/New_York,EST,-5,,,,,,,,,,,
North Carolina,NC,Laurel Springs,,,,,,,,28644,36.41152,-81.2629,America/New_York,EST,-5,,,,,,,,,,,
North Carolina,NC,Laurinburg,,,,,,,,28352###28353,34.79693,-79.4756,America/New_York,EST,-5,,,,,,,,,,,
North Carolina,NC,Lawndale,,,,,,,,28090,35.43374,-81.5697,America/New_York,EST,-5,,,,,,,,,,,
North Carolina,NC,Lawsonville,,,,,,,,27022,36.51217,-80.2156,America/New_York,EST,-5,,,,,,,,,,,
North Carolina,NC,Leasburg,,,,,,,,27291,36.36483,-79.1879,America/New_York,EST,-5,,,,,,,,,,,
North Carolina,NC,Ledger,,,,,,,,,35.96429,-82.1296,America/New_York,EST,-5,,,,,,,,,,,
North Carolina,NC,Leggett,,,,,,,,,35.99099,-77.583,America/New_York,EST,-5,,,,,,,,,,,
North Carolina,NC,Leicester,,,,,,,,28748,35.65511,-82.6962,America/New_York,EST,-5,,,,,,,,,,,
North Carolina,NC,Leland,,,,,,,,28451,34.2455,-78.0836,America/New_York,EST,-5,,,,,,,,,,,
North Carolina,NC,Lemon Springs,,,,,,,,28355,35.46757,-79.1653,America/New_York,EST,-5,,,,,,,,,,,
North Carolina,NC,Lenoir,,,,,,,,28633###28645,35.93756,-81.5398,America/New_York,EST,-5,,,,,,,,,,,
North Carolina,NC,Level Cross,,,,,,,,,36.34458,-80.6287,America/New_York,EST,-5,,,,,,,,,,,
North Carolina,NC,Lewiston Woodville,,,,,,,,27849,36.09333,-77.1439,America/New_York,EST,-5,,,,,,,,,,,
North Carolina,NC,Lewisville,,,,,,,,27023,36.09708,-80.4192,America/New_York,EST,-5,,,,,,,,,,,
North Carolina,NC,Lexington,,,,,,,,27292###27294###27293###27295,35.80189,-80.2108,America/New_York,EST,-5,,,,,,,,,,,
North Carolina,NC,Liberty,,,,,,,,27298,35.88512,-79.5675,America/New_York,EST,-5,,,,,,,,,,,
North Carolina,NC,Light Nixon Fork,,,,,,,,,35.939,-80.4403,America/New_York,EST,-5,,,,,,,,,,,
North Carolina,NC,Lilesville,,,,,,,,28091,34.96704,-79.9868,America/New_York,EST,-5,,,,,,,,,,,
North Carolina,NC,Lillington,,,,,,,,27546,35.39922,-78.8712,America/New_York,EST,-5,,,,,,,,,,,
North Carolina,NC,Lilly,,,,,,,,,36.48543,-76.3027,America/New_York,EST,-5,,,,,,,,,,,
North Carolina,NC,Lincolnton,,,,,,,,28093###28092,35.48515,-81.1818,America/New_York,EST,-5,,,,,,,,,,,
North Carolina,NC,Linden,,,,,,,,28356,35.21803,-78.7837,America/New_York,EST,-5,,,,,,,,,,,
North Carolina,NC,Linwood,,,,,,,,27299,35.74392,-80.3495,America/New_York,EST,-5,,,,,,,,,,,
North Carolina,NC,Listers Corner,,,,,,,,,35.71126,-78.6142,America/New_York,EST,-5,,,,,,,,,,,
North Carolina,NC,Little River,,,,,,,,,35.8893,-81.3062,America/New_York,EST,-5,,,,,,,,,,,
North Carolina,NC,Little Switzerland,,,,,,,,28749,35.84929,-82.0904,America/New_York,EST,-5,,,,,,,,,,,
North Carolina,NC,Littleton,,,,,,,,27850,36.43459,-77.9119,America/New_York,EST,-5,,,,,,,,,,,
North Carolina,NC,Locust,,,,,,,,28097,35.26213,-80.4245,America/New_York,EST,-5,,,,,,,,,,,
North Carolina,NC,Lone Hickory,,,,,,,,,36.05791,-80.717,America/New_York,EST,-5,,,,,,,,,,,
North Carolina,NC,Long Beach,,,,,,,,,33.91045,-78.1178,America/New_York,EST,-5,,,,,,,,,,,
North Carolina,NC,Longview,,,,,,,,,35.77239,-81.3267,America/New_York,EST,-5,,,,,,,,,,,
North Carolina,NC,Longwood,,,,,,,,28452,33.99729,-78.5541,America/New_York,EST,-5,,,,,,,,,,,
North Carolina,NC,Louisburg,,,,,,,,27549,36.06514,-78.2779,America/New_York,EST,-5,,,,,,,,,,,
North Carolina,NC,Love Valley,,,,,,,,,35.73673,-80.923,America/New_York,EST,-5,,,,,,,,,,,
North Carolina,NC,Lovill,,,,,,,,,0,0,,,,,,,,,,,,,,
North Carolina,NC,Low Gap,,,,,,,,,0,0,,,,,,,,,,,,,,
North Carolina,NC,Lowell,,,,,,,,28098,35.26244,-81.098,America/New_York,EST,-5,,,,,,,,,,,
North Carolina,NC,Lowesville,,,,,,,,,36.09708,-80.4192,America/New_York,EST,-5,,,,,,,,,,,
North Carolina,NC,Luada,,,,,,,,,35.37287,-83.5041,America/New_York,EST,-5,,,,,,,,,,,
North Carolina,NC,Lucama,,,,,,,,27851,35.67408,-78.0265,America/New_York,EST,-5,,,,,,,,,,,
North Carolina,NC,Lucia,,,,,,,,,0,0,,,,,,,,,,,,,,
North Carolina,NC,Luck,,,,,,,,,35.73594,-82.8663,America/New_York,EST,-5,,,,,,,,,,,
North Carolina,NC,Lumber Bridge,,,,,,,,28357,34.8885,-79.0723,America/New_York,EST,-5,,,,,,,,,,,
North Carolina,NC,Lumberton,,,,,,,,28360###28359###28358,34.60811,-78.9345,America/New_York,EST,-5,,,,,,,,,,,
North Carolina,NC,Lynchs Corner,,,,,,,,,36.42293,-76.4211,America/New_York,EST,-5,,,,,,,,,,,
North Carolina,NC,Macclesfield,,,,,,,,27852,35.75097,-77.6706,America/New_York,EST,-5,,,,,,,,,,,
North Carolina,NC,Macedonia,,,,,,,,,0,0,,,,,,,,,,,,,,
North Carolina,NC,Macon,,,,,,,,27551,36.50701,-77.9975,America/New_York,EST,-5,,,,,,,,,,,
North Carolina,NC,Madison,,,,,,,,27025,36.34883,-79.8949,America/New_York,EST,-5,,,,,,,,,,,
North Carolina,NC,Maggie Valley,,,,,,,,28751,35.51816,-83.0976,America/New_York,EST,-5,,,,,,,,,,,
North Carolina,NC,Magnolia,,,,,,,,28453,34.88514,-78.0341,America/New_York,EST,-5,,,,,,,,,,,
North Carolina,NC,Maiden,,,,,,,,28650,35.58887,-81.1628,America/New_York,EST,-5,,,,,,,,,,,
North Carolina,NC,Mamie,,,,,,,,,0,0,,,,,,,,,,,,,,
North Carolina,NC,Manteo,,,,,,,,27954,35.90823,-75.6757,America/New_York,EST,-5,,,,,,,,,,,
North Carolina,NC,Maple,,,,,,,,27956,36.40195,-75.9977,America/New_York,EST,-5,,,,,,,,,,,
North Carolina,NC,Maple Hill,,,,,,,,28454,34.65936,-77.7117,America/New_York,EST,-5,,,,,,,,,,,
North Carolina,NC,Maple Springs,,,,,,,,,35.326,-77.2991,America/New_York,EST,-5,,,,,,,,,,,
North Carolina,NC,Mapleton,,,,,,,,,0,0,,,,,,,,,,,,,,
North Carolina,NC,Marble,,,,,,,,28905,35.14641,-83.9025,America/New_York,EST,-5,,,,,,,,,,,
North Carolina,NC,Margarettsville,,,,,,,,27853,36.53126,-77.3489,America/New_York,EST,-5,,,,,,,,,,,
North Carolina,NC,Marietta,,,,,,,,28362,34.37911,-79.1279,America/New_York,EST,-5,,,,,,,,,,,
North Carolina,NC,Marion,,,,,,,,28752,35.68419,-82.0347,America/New_York,EST,-5,,,,,,,,,,,
North Carolina,NC,Mar-Mac,,,,,,,,,35.33489,-78.0558,America/New_York,EST,-5,,,,,,,,,,,
North Carolina,NC,Mars Hill,,,,,,,,28754,35.87946,-82.5162,America/New_York,EST,-5,,,,,,,,,,,
North Carolina,NC,Marshall,,,,,,,,28753,35.85972,-82.7105,America/New_York,EST,-5,,,,,,,,,,,
North Carolina,NC,Marshville,,,,,,,,28103,34.99727,-80.3642,America/New_York,EST,-5,,,,,,,,,,,
North Carolina,NC,Martha,,,,,,,,,0,0,,,,,,,,,,,,,,
North Carolina,NC,Masonboro,,,,,,,,,0,0,,,,,,,,,,,,,,
North Carolina,NC,Matthews,,,,,,,,28104###28105###28106,35.06087,-80.6933,America/New_York,EST,-5,,,,,,,,,,,
North Carolina,NC,Mavaton,,,,,,,,,0,0,,,,,,,,,,,,,,
North Carolina,NC,Maxton,,,,,,,,28364,34.71144,-79.3181,America/New_York,EST,-5,,,,,,,,,,,
North Carolina,NC,Mayfield,,,,,,,,,0,0,,,,,,,,,,,,,,
North Carolina,NC,Mayodan,,,,,,,,27027,36.41236,-79.967,America/New_York,EST,-5,,,,,,,,,,,
North Carolina,NC,Maysville,,,,,,,,28555,34.93407,-77.2801,America/New_York,EST,-5,,,,,,,,,,,
North Carolina,NC,Mc Grady,,,,,,,,28649,36.29235,-81.2104,America/New_York,EST,-5,,,,,,,,,,,
North Carolina,NC,Mcadenville,,,,,,,,,35.25931,-81.0754,America/New_York,EST,-5,,,,,,,,,,,
North Carolina,NC,Mcdonald,,,,,,,,,34.55405,-79.1756,America/New_York,EST,-5,,,,,,,,,,,
North Carolina,NC,Mcfarlan,,,,,,,,,34.81363,-79.9776,America/New_York,EST,-5,,,,,,,,,,,
North Carolina,NC,Mcleansville,,,,,,,,,36.10863,-79.6707,America/New_York,EST,-5,,,,,,,,,,,
North Carolina,NC,Meadows,,,,,,,,,35.06087,-80.6933,America/New_York,EST,-5,,,,,,,,,,,
North Carolina,NC,Meat Camp,,,,,,,,,36.24957,-81.6265,America/New_York,EST,-5,,,,,,,,,,,
North Carolina,NC,Mebane,,,,,,,,27302,36.08711,-79.3061,America/New_York,EST,-5,,,,,,,,,,,
North Carolina,NC,Menola,,,,,,,,,36.33904,-77.1289,America/New_York,EST,-5,,,,,,,,,,,
North Carolina,NC,Merry Hill,,,,,,,,27957,36.01183,-76.7725,America/New_York,EST,-5,,,,,,,,,,,
North Carolina,NC,Mesic,,,,,,,,,35.20045,-76.6438,America/New_York,EST,-5,,,,,,,,,,,
North Carolina,NC,Micaville,,,,,,,,28755,35.83924,-82.1962,America/New_York,EST,-5,,,,,,,,,,,
North Carolina,NC,Micro,,,,,,,,27555,35.56377,-78.2044,America/New_York,EST,-5,,,,,,,,,,,
North Carolina,NC,Middleburg,,,,,,,,27556,36.39959,-78.3225,America/New_York,EST,-5,,,,,,,,,,,
North Carolina,NC,Middlesex,,,,,,,,27557,0,0,,,,,,,,,,,,,,
North Carolina,NC,Midland,,,,,,,,28107,35.25061,-80.5356,America/New_York,EST,-5,,,,,,,,,,,
North Carolina,NC,Midway,,,,,,,,,36.27347,-79.7889,America/New_York,EST,-5,,,,,,,,,,,
North Carolina,NC,Mill Crossroads,,,,,,,,,0,0,,,,,,,,,,,,,,
North Carolina,NC,Mill Spring,,,,,,,,28756,35.33637,-82.159,America/New_York,EST,-5,,,,,,,,,,,
North Carolina,NC,Millennium,,,,,,,,,0,0,,,,,,,,,,,,,,
North Carolina,NC,Millers Creek,,,,,,,,28651,36.19091,-81.2356,America/New_York,EST,-5,,,,,,,,,,,
North Carolina,NC,Millersville,,,,,,,,,35.85569,-81.1834,America/New_York,EST,-5,,,,,,,,,,,
North Carolina,NC,Mills River,,,,,,,,28759,35.42692,-82.5501,America/New_York,EST,-5,,,,,,,,,,,
North Carolina,NC,Milton,,,,,,,,27305,36.51245,-79.2354,America/New_York,EST,-5,,,,,,,,,,,
North Carolina,NC,Milwaukee,,,,,,,,,36.36314,-77.3867,America/New_York,EST,-5,,,,,,,,,,,
North Carolina,NC,Minneapolis,,,,,,,,28652,36.10003,-81.9872,America/New_York,EST,-5,,,,,,,,,,,
North Carolina,NC,Minnesott Beach,,,,,,,,,34.96877,-76.8116,America/New_York,EST,-5,,,,,,,,,,,
North Carolina,NC,Mint Hill,,,,,,,,,35.17959,-80.6473,America/New_York,EST,-5,,,,,,,,,,,
North Carolina,NC,Mocksville,,,,,,,,27028,35.90624,-80.5461,America/New_York,EST,-5,,,,,,,,,,,
North Carolina,NC,Moncure,,,,,,,,27559,35.62351,-79.0988,America/New_York,EST,-5,,,,,,,,,,,
North Carolina,NC,Monroe,,,,,,,,28111###28110###28112,35.07418,-80.5278,America/New_York,EST,-5,,,,,,,,,,,
North Carolina,NC,Monroeton,,,,,,,,,36.28958,-79.7348,America/New_York,EST,-5,,,,,,,,,,,
North Carolina,NC,Monticello,,,,,,,,,36.2193,-79.6778,America/New_York,EST,-5,,,,,,,,,,,
North Carolina,NC,Montreat,,,,,,,,28757,35.64147,-82.3156,America/New_York,EST,-5,,,,,,,,,,,
North Carolina,NC,Mooresboro,,,,,,,,28114,35.29874,-81.699,America/New_York,EST,-5,,,,,,,,,,,
North Carolina,NC,Mooresville,,,,,,,,28115###28117,35.58458,-80.7789,America/New_York,EST,-5,,,,,,,,,,,
North Carolina,NC,Moravian Falls,,,,,,,,28654,36.10049,-81.1652,America/New_York,EST,-5,,,,,,,,,,,
North Carolina,NC,Morehead City,,,,,,,,28557,34.7278,-76.771,America/New_York,EST,-5,,,,,,,,,,,
North Carolina,NC,Morgans Corner,,,,,,,,,36.41738,-76.3491,America/New_York,EST,-5,,,,,,,,,,,
North Carolina,NC,Morganton,,,,,,,,28680###28655,35.77299,-81.6762,America/New_York,EST,-5,,,,,,,,,,,
North Carolina,NC,Moriah,,,,,,,,,36.25764,-78.8295,America/New_York,EST,-5,,,,,,,,,,,
North Carolina,NC,Morrisville,,,,,,,,27560,35.85246,-78.8435,America/New_York,EST,-5,,,,,,,,,,,
North Carolina,NC,Morven,,,,,,,,28119,34.86404,-80.0012,America/New_York,EST,-5,,,,,,,,,,,
North Carolina,NC,Mount Airy,,,,,,,,27030,36.4443,-80.6654,America/New_York,EST,-5,,,,,,,,,,,
North Carolina,NC,Mount Gilead,,,,,,,,27306,35.24762,-79.9233,America/New_York,EST,-5,,,,,,,,,,,
North Carolina,NC,Mount Gould,,,,,,,,,35.90823,-75.6757,America/New_York,EST,-5,,,,,,,,,,,
North Carolina,NC,Mount Holly,,,,,,,,28120,35.3187,-81.0267,America/New_York,EST,-5,,,,,,,,,,,
North Carolina,NC,Mount Mitchell State Park,,,,,,,,,35.90823,-75.6757,America/New_York,EST,-5,,,,,,,,,,,
North Carolina,NC,Mount Olive,,,,,,,,28365,35.22906,-78.0901,America/New_York,EST,-5,,,,,,,,,,,
North Carolina,NC,Mount Pleasant,,,,,,,,28124,35.41678,-80.4165,America/New_York,EST,-5,,,,,,,,,,,
North Carolina,NC,Mount Ulla,,,,,,,,28125,35.65629,-80.7016,America/New_York,EST,-5,,,,,,,,,,,
North Carolina,NC,Mountain Home,,,,,,,,28758,35.37107,-82.4938,America/New_York,EST,-5,,,,,,,,,,,
North Carolina,NC,Mountain Park,,,,,,,,,0,0,,,,,,,,,,,,,,
North Carolina,NC,Moyock,,,,,,,,27958,36.39908,-76.0647,America/New_York,EST,-5,,,,,,,,,,,
North Carolina,NC,Mud Castle,,,,,,,,,36.37015,-77.5311,America/New_York,EST,-5,,,,,,,,,,,
North Carolina,NC,Mulberry,,,,,,,,,36.23958,-81.1806,America/New_York,EST,-5,,,,,,,,,,,
North Carolina,NC,Murfreesboro,,,,,,,,27855,36.44954,-77.0521,America/New_York,EST,-5,,,,,,,,,,,
North Carolina,NC,Murphy,,,,,,,,28906,35.13116,-84.0388,America/New_York,EST,-5,,,,,,,,,,,
North Carolina,NC,Murraysville,,,,,,,,,34.22168,-77.8806,America/New_York,EST,-5,,,,,,,,,,,
North Carolina,NC,Myrtle Grove,,,,,,,,,34.22168,-77.8806,America/New_York,EST,-5,,,,,,,,,,,
North Carolina,NC,Nags Head,,,,,,,,27959,35.95739,-75.6241,America/New_York,EST,-5,,,,,,,,,,,
North Carolina,NC,Nahunta,,,,,,,,,0,0,,,,,,,,,,,,,,
North Carolina,NC,Nakina,,,,,,,,28455,34.11703,-78.6901,America/New_York,EST,-5,,,,,,,,,,,
North Carolina,NC,Nantahala Lake,,,,,,,,,35.73594,-82.8663,America/New_York,EST,-5,,,,,,,,,,,
North Carolina,NC,Nashville,,,,,,,,27856,36.02049,-77.9828,America/New_York,EST,-5,,,,,,,,,,,
North Carolina,NC,Navassa,,,,,,,,,34.25545,-78.0075,America/New_York,EST,-5,,,,,,,,,,,
North Carolina,NC,Nebo,,,,,,,,28761,35.66906,-81.9066,America/New_York,EST,-5,,,,,,,,,,,
North Carolina,NC,Nella,,,,,,,,,0,0,,,,,,,,,,,,,,
North Carolina,NC,Neuse Forest,,,,,,,,,34.96377,-76.9447,America/New_York,EST,-5,,,,,,,,,,,
North Carolina,NC,New Bern,,,,,,,,28562###28561###28564###28560###28563,35.12585,-76.9772,America/New_York,EST,-5,,,,,,,,,,,
North Carolina,NC,New Hill,,,,,,,,27562,35.68099,-78.9356,America/New_York,EST,-5,,,,,,,,,,,
North Carolina,NC,New Hope,,,,,,,,,35.96876,-78.3356,America/New_York,EST,-5,,,,,,,,,,,
North Carolina,NC,New London,,,,,,,,28127,35.44125,-80.2251,America/New_York,EST,-5,,,,,,,,,,,
North Carolina,NC,New River Station,,,,,,,,,0,0,,,,,,,,,,,,,,
North Carolina,NC,New Salem,,,,,,,,,35.13098,-80.3692,America/New_York,EST,-5,,,,,,,,,,,
North Carolina,NC,Newfound Gap,,,,,,,,,0,0,,,,,,,,,,,,,,
North Carolina,NC,Newland,,,,,,,,28657,36.05903,-81.9303,America/New_York,EST,-5,,,,,,,,,,,
North Carolina,NC,Newport,,,,,,,,28570,34.76682,-76.8782,America/New_York,EST,-5,,,,,,,,,,,
North Carolina,NC,Newsom,,,,,,,,,35.53597,-80.1876,America/New_York,EST,-5,,,,,,,,,,,
North Carolina,NC,Newsome Store,,,,,,,,,35.43989,-79.8251,America/New_York,EST,-5,,,,,,,,,,,
North Carolina,NC,Newton,,,,,,,,28658,35.63191,-81.1719,America/New_York,EST,-5,,,,,,,,,,,
North Carolina,NC,Newton Grove,,,,,,,,28366,35.24516,-78.3542,America/New_York,EST,-5,,,,,,,,,,,
North Carolina,NC,Nicanor,,,,,,,,,36.33293,-76.4786,America/New_York,EST,-5,,,,,,,,,,,
North Carolina,NC,Nixonton,,,,,,,,,36.20071,-76.2727,America/New_York,EST,-5,,,,,,,,,,,
North Carolina,NC,Norlina,,,,,,,,27563,36.44964,-78.1855,America/New_York,EST,-5,,,,,,,,,,,
North Carolina,NC,Norman,,,,,,,,28367,35.1727,-79.7252,America/New_York,EST,-5,,,,,,,,,,,
North Carolina,NC,North Wilkesboro,,,,,,,,28656###28659,36.23844,-81.046,America/New_York,EST,-5,,,,,,,,,,,
North Carolina,NC,Norwood,,,,,,,,28128,35.21959,-80.119,America/New_York,EST,-5,,,,,,,,,,,
North Carolina,NC,Oak City,,,,,,,,27857,35.97038,-77.2511,America/New_York,EST,-5,,,,,,,,,,,
North Carolina,NC,Oak Hill,,,,,,,,,35.90319,-81.4151,America/New_York,EST,-5,,,,,,,,,,,
North Carolina,NC,Oak Island,,,,,,,,28465,33.90462,-78.0828,America/New_York,EST,-5,,,,,,,,,,,
North Carolina,NC,Oak Villa,,,,,,,,,0,0,,,,,,,,,,,,,,
North Carolina,NC,Oakboro,,,,,,,,28129,35.24067,-80.3192,America/New_York,EST,-5,,,,,,,,,,,
North Carolina,NC,Ocean Isle Beach,,,,,,,,28469,33.92632,-78.4674,America/New_York,EST,-5,,,,,,,,,,,
North Carolina,NC,Ogden,,,,,,,,,0,0,,,,,,,,,,,,,,
North Carolina,NC,Okisko,,,,,,,,,0,0,,,,,,,,,,,,,,
North Carolina,NC,Old Fort,,,,,,,,28762,35.61626,-82.1483,America/New_York,EST,-5,,,,,,,,,,,
North Carolina,NC,Old Trap,,,,,,,,,36.24072,-76.0269,America/New_York,EST,-5,,,,,,,,,,,
North Carolina,NC,Olivia,,,,,,,,28368,35.32295,-79.1074,America/New_York,EST,-5,,,,,,,,,,,
North Carolina,NC,Oregon Hill,,,,,,,,,36.44847,-79.637,America/New_York,EST,-5,,,,,,,,,,,
North Carolina,NC,Oriental,,,,,,,,28571,35.05382,-76.7237,America/New_York,EST,-5,,,,,,,,,,,
North Carolina,NC,Orrum,,,,,,,,28369,34.4732,-79.0345,America/New_York,EST,-5,,,,,,,,,,,
North Carolina,NC,Othello,,,,,,,,,0,0,,,,,,,,,,,,,,
North Carolina,NC,Otto,,,,,,,,28763,35.05154,-83.3854,America/New_York,EST,-5,,,,,,,,,,,
North Carolina,NC,Oxford,,,,,,,,27565,36.34817,-78.6531,America/New_York,EST,-5,,,,,,,,,,,
North Carolina,NC,Pantego,,,,,,,,27860,35.61048,-76.7177,America/New_York,EST,-5,,,,,,,,,,,
North Carolina,NC,Parkton,,,,,,,,28371,34.8965,-78.993,America/New_York,EST,-5,,,,,,,,,,,
North Carolina,NC,Parkville,,,,,,,,,36.29155,-76.3991,America/New_York,EST,-5,,,,,,,,,,,
North Carolina,NC,Parkwood,,,,,,,,,35.42876,-79.4931,America/New_York,EST,-5,,,,,,,,,,,
North Carolina,NC,Parmele,,,,,,,,27861,35.81655,-77.3141,America/New_York,EST,-5,,,,,,,,,,,
North Carolina,NC,Pasquotank,,,,,,,,,0,0,,,,,,,,,,,,,,
North Carolina,NC,Patterson,,,,,,,,28661,35.99726,-81.5626,America/New_York,EST,-5,,,,,,,,,,,
North Carolina,NC,Patterson Springs,,,,,,,,,35.3427,-81.5762,America/New_York,EST,-5,,,,,,,,,,,
North Carolina,NC,Paw Creek,,,,,,,,28130,35.26002,-80.8042,America/New_York,EST,-5,,,,,,,,,,,
North Carolina,NC,Peach,,,,,,,,,0,0,,,,,,,,,,,,,,
North Carolina,NC,Peachland,,,,,,,,28133,34.99377,-80.2645,America/New_York,EST,-5,,,,,,,,,,,
North Carolina,NC,Pekin,,,,,,,,,35.20681,-79.8706,America/New_York,EST,-5,,,,,,,,,,,
North Carolina,NC,Pelham,,,,,,,,27311,36.47025,-79.46,America/New_York,EST,-5,,,,,,,,,,,
North Carolina,NC,Pembroke,,,,,,,,28372,34.71644,-79.128,America/New_York,EST,-5,,,,,,,,,,,
North Carolina,NC,Penderlea,,,,,,,,,34.65961,-78.0497,America/New_York,EST,-5,,,,,,,,,,,
North Carolina,NC,Pendleton,,,,,,,,27862,36.47154,-77.1986,America/New_York,EST,-5,,,,,,,,,,,
North Carolina,NC,Peoria,,,,,,,,,36.29068,-81.8934,America/New_York,EST,-5,,,,,,,,,,,
North Carolina,NC,Pfafftown,,,,,,,,27040,36.16096,-80.3781,America/New_York,EST,-5,,,,,,,,,,,
North Carolina,NC,Pierceville,,,,,,,,,36.44849,-76.2936,America/New_York,EST,-5,,,,,,,,,,,
North Carolina,NC,Pikeville,,,,,,,,27863,35.4883,-77.9727,America/New_York,EST,-5,,,,,,,,,,,
North Carolina,NC,Pilot,,,,,,,,,35.88488,-78.265,America/New_York,EST,-5,,,,,,,,,,,
North Carolina,NC,Pilot Mountain,,,,,,,,27041,36.42263,-80.5054,America/New_York,EST,-5,,,,,,,,,,,
North Carolina,NC,Pine Hall,,,,,,,,27042,36.34082,-80.0554,America/New_York,EST,-5,,,,,,,,,,,
North Carolina,NC,Pine Knoll Shores,,,,,,,,,34.69738,-76.8133,America/New_York,EST,-5,,,,,,,,,,,
North Carolina,NC,Pine Level,,,,,,,,27568,35.51012,-78.2451,America/New_York,EST,-5,,,,,,,,,,,
North Carolina,NC,Pine Ridge,,,,,,,,,36.49902,-80.7173,America/New_York,EST,-5,,,,,,,,,,,
North Carolina,NC,Pinebluff,,,,,,,,28373,35.10073,-79.4663,America/New_York,EST,-5,,,,,,,,,,,
North Carolina,NC,Pinehurst,,,,,,,,28370###28374,35.21622,-79.4524,America/New_York,EST,-5,,,,,,,,,,,
North Carolina,NC,Pinetops,,,,,,,,27864,35.793,-77.6333,America/New_York,EST,-5,,,,,,,,,,,
North Carolina,NC,Pineview,,,,,,,,,35.5129,-79.1942,America/New_York,EST,-5,,,,,,,,,,,
North Carolina,NC,Pineville,,,,,,,,28134,35.07854,-80.8911,America/New_York,EST,-5,,,,,,,,,,,
North Carolina,NC,Piney Creek,,,,,,,,28663,36.52764,-81.3019,America/New_York,EST,-5,,,,,,,,,,,
North Carolina,NC,Piney Green,,,,,,,,,34.716,-77.3202,America/New_York,EST,-5,,,,,,,,,,,
North Carolina,NC,Pink Hill,,,,,,,,28572,35.05733,-77.6943,America/New_York,EST,-5,,,,,,,,,,,
North Carolina,NC,Pinnacle,,,,,,,,27043,36.3462,-80.4044,America/New_York,EST,-5,,,,,,,,,,,
North Carolina,NC,Pireway,,,,,,,,,34.02712,-78.6378,America/New_York,EST,-5,,,,,,,,,,,
North Carolina,NC,Pittsboro,,,,,,,,27312,35.74524,-79.2132,America/New_York,EST,-5,,,,,,,,,,,
North Carolina,NC,Pleasant Garden,,,,,,,,27313,35.95091,-79.766,America/New_York,EST,-5,,,,,,,,,,,
North Carolina,NC,Pleasant Grove,,,,,,,,,36.38931,-79.267,America/New_York,EST,-5,,,,,,,,,,,
North Carolina,NC,Pleasant Hill,,,,,,,,27866,36.51987,-77.5146,America/New_York,EST,-5,,,,,,,,,,,
North Carolina,NC,Plyler,,,,,,,,,0,0,,,,,,,,,,,,,,
North Carolina,NC,Plymouth,,,,,,,,27962,35.86683,-76.7486,America/New_York,EST,-5,,,,,,,,,,,
North Carolina,NC,Point Harbor,,,,,,,,27964,36.08409,-75.8045,America/New_York,EST,-5,,,,,,,,,,,
North Carolina,NC,Polkton,,,,,,,,28135,35.02326,-80.211,America/New_York,EST,-5,,,,,,,,,,,
North Carolina,NC,Polkville,,,,,,,,28136,35.39613,-81.6303,America/New_York,EST,-5,,,,,,,,,,,
North Carolina,NC,Pollocksville,,,,,,,,28573,35.00975,-77.2402,America/New_York,EST,-5,,,,,,,,,,,
North Carolina,NC,Poor Town,,,,,,,,,36.28043,-77.0252,America/New_York,EST,-5,,,,,,,,,,,
North Carolina,NC,Pope Afb,,,,,,,,,35.17155,-79.0171,America/New_York,EST,-5,,,,,,,,,,,
North Carolina,NC,Poplar,,,,,,,,,36.07261,-82.3432,America/New_York,EST,-5,,,,,,,,,,,
North Carolina,NC,Poplar Branch,,,,,,,,27965,36.27367,-75.9097,America/New_York,EST,-5,,,,,,,,,,,
North Carolina,NC,Potecasi,,,,,,,,27867,36.35613,-77.4831,America/New_York,EST,-5,,,,,,,,,,,
North Carolina,NC,Powells Point,,,,,,,,27966,36.15738,-75.8588,America/New_York,EST,-5,,,,,,,,,,,
North Carolina,NC,Powellsville,,,,,,,,27967,36.22571,-76.933,America/New_York,EST,-5,,,,,,,,,,,
North Carolina,NC,Prestonville,,,,,,,,,36.37905,-79.9694,America/New_York,EST,-5,,,,,,,,,,,
North Carolina,NC,Price,,,,,,,,,0,0,,,,,,,,,,,,,,
North Carolina,NC,Princeton,,,,,,,,27569,35.47119,-78.1643,America/New_York,EST,-5,,,,,,,,,,,
North Carolina,NC,Princeville,,,,,,,,,35.8896,-77.5322,America/New_York,EST,-5,,,,,,,,,,,
North Carolina,NC,Proctors Corner,,,,,,,,,34.47126,-79.0414,America/New_York,EST,-5,,,,,,,,,,,
North Carolina,NC,Proctorville,,,,,,,,28375,34.47126,-79.0414,America/New_York,EST,-5,,,,,,,,,,,
North Carolina,NC,Prospect Hill,,,,,,,,27314,36.29392,-79.2004,America/New_York,EST,-5,,,,,,,,,,,
North Carolina,NC,Providence,,,,,,,,27315,36.48728,-79.4041,America/New_York,EST,-5,,,,,,,,,,,
North Carolina,NC,Pumpkin Center,,,,,,,,,34.75459,-77.5074,America/New_York,EST,-5,,,,,,,,,,,
North Carolina,NC,Purnell,,,,,,,,,35.84377,-78.6336,America/New_York,EST,-5,,,,,,,,,,,
North Carolina,NC,Quick,,,,,,,,,36.40542,-79.4964,America/New_York,EST,-5,,,,,,,,,,,
North Carolina,NC,Quitsna,,,,,,,,,35.96988,-77.0672,America/New_York,EST,-5,,,,,,,,,,,
North Carolina,NC,Rabbit Corner,,,,,,,,,0,0,,,,,,,,,,,,,,
North Carolina,NC,Raeford,,,,,,,,28376,34.95343,-79.2332,America/New_York,EST,-5,,,,,,,,,,,
North Carolina,NC,Rainbow Springs,,,,,,,,,0,0,,,,,,,,,,,,,,
North Carolina,NC,Raleigh,,,,,,,,27619###27628###27627###27620###27621###27625###27624###27623###27622###27617###27607###27606###27605###27604###27603###27608###27602###27601###27614###27615###27616###27629###27626###27661###27668###27612###27675###27676###27690###27695###27697###27698###27658###27699###27656###27640###27636###27635###27611###27610###27634###27613###27609###27650,35.77363,-78.6345,America/New_York,EST,-5,,,,,,,,,,,
North Carolina,NC,Ramseur,,,,,,,,27316,35.71428,-79.6469,America/New_York,EST,-5,,,,,,,,,,,
North Carolina,NC,Ramseytown,,,,,,,,,36.00067,-82.3574,America/New_York,EST,-5,,,,,,,,,,,
North Carolina,NC,Randleman,,,,,,,,27317,35.81791,-79.8031,America/New_York,EST,-5,,,,,,,,,,,
North Carolina,NC,Ranlo,,,,,,,,,35.28625,-81.1304,America/New_York,EST,-5,,,,,,,,,,,
North Carolina,NC,Raynham,,,,,,,,,34.57433,-79.195,America/New_York,EST,-5,,,,,,,,,,,
North Carolina,NC,Rays Beach,,,,,,,,,0,0,,,,,,,,,,,,,,
North Carolina,NC,Red Oak,,,,,,,,27868,36.05483,-77.9116,America/New_York,EST,-5,,,,,,,,,,,
North Carolina,NC,Red Springs,,,,,,,,28377,34.81516,-79.1831,America/New_York,EST,-5,,,,,,,,,,,
North Carolina,NC,Reese,,,,,,,,,36.32568,-81.8246,America/New_York,EST,-5,,,,,,,,,,,
North Carolina,NC,Reidsville,,,,,,,,27323###27320,36.35828,-79.742,America/New_York,EST,-5,,,,,,,,,,,
North Carolina,NC,Rennert,,,,,,,,,34.81433,-79.0809,America/New_York,EST,-5,,,,,,,,,,,
North Carolina,NC,Republican,,,,,,,,,36.08238,-77.06,America/New_York,EST,-5,,,,,,,,,,,
North Carolina,NC,Research Triangle,,,,,,,,,35.38944,-81.0371,America/New_York,EST,-5,,,,,,,,,,,
North Carolina,NC,Reynoldson,,,,,,,,,0,0,,,,,,,,,,,,,,
North Carolina,NC,Rhodhiss,,,,,,,,28667,35.77724,-81.4302,America/New_York,EST,-5,,,,,,,,,,,
North Carolina,NC,Rich Square,,,,,,,,27869,36.31037,-77.3184,America/New_York,EST,-5,,,,,,,,,,,
North Carolina,NC,Richfield,,,,,,,,28137,35.45414,-80.2838,America/New_York,EST,-5,,,,,,,,,,,
North Carolina,NC,Richlands,,,,,,,,28574,34.86005,-77.5812,America/New_York,EST,-5,,,,,,,,,,,
North Carolina,NC,Riddicksville,,,,,,,,,0,0,,,,,,,,,,,,,,
North Carolina,NC,Riddle,,,,,,,,,36.29016,-76.0441,America/New_York,EST,-5,,,,,,,,,,,
North Carolina,NC,Riegelwood,,,,,,,,28456,34.35306,-78.2487,America/New_York,EST,-5,,,,,,,,,,,
North Carolina,NC,River Bend,,,,,,,,,35.12585,-76.9772,America/New_York,EST,-5,,,,,,,,,,,
North Carolina,NC,River Road,,,,,,,,,35.90261,-82.7032,America/New_York,EST,-5,,,,,,,,,,,
North Carolina,NC,Roanoke Rapids,,,,,,,,27870,36.46154,-77.6542,America/New_York,EST,-5,,,,,,,,,,,
North Carolina,NC,Roaring Gap,,,,,,,,28668,36.39898,-80.9875,America/New_York,EST,-5,,,,,,,,,,,
North Carolina,NC,Roaring River,,,,,,,,28669,36.22726,-80.9986,America/New_York,EST,-5,,,,,,,,,,,
North Carolina,NC,Robbins,,,,,,,,27325,35.43403,-79.587,America/New_York,EST,-5,,,,,,,,,,,
North Carolina,NC,Robbinsville,,,,,,,,28771,35.34376,-83.7739,America/New_York,EST,-5,,,,,,,,,,,
North Carolina,NC,Robersonville,,,,,,,,27871,35.83456,-77.2485,America/New_York,EST,-5,,,,,,,,,,,
North Carolina,NC,Rockfish,,,,,,,,,34.99266,-79.0661,America/New_York,EST,-5,,,,,,,,,,,
North Carolina,NC,Rockford,,,,,,,,,36.26847,-80.6487,America/New_York,EST,-5,,,,,,,,,,,
North Carolina,NC,Rockingham,,,,,,,,28380###28379,34.97413,-79.7242,America/New_York,EST,-5,,,,,,,,,,,
North Carolina,NC,Rockwell,,,,,,,,28138,35.55125,-80.4065,America/New_York,EST,-5,,,,,,,,,,,
North Carolina,NC,Rocky Mount,,,,,,,,27803###27815###27802###27804###27801,35.91328,-77.7308,America/New_York,EST,-5,,,,,,,,,,,
North Carolina,NC,Rocky Point,,,,,,,,28457,34.47764,-77.817,America/New_York,EST,-5,,,,,,,,,,,
North Carolina,NC,Rockyhock,,,,,,,,,36.18099,-76.6927,America/New_York,EST,-5,,,,,,,,,,,
North Carolina,NC,Roduco,,,,,,,,27969,36.42415,-76.7021,America/New_York,EST,-5,,,,,,,,,,,
North Carolina,NC,Rolesville,,,,,,,,27571,35.92321,-78.4575,America/New_York,EST,-5,,,,,,,,,,,
North Carolina,NC,Rominger,,,,,,,,,36.22624,-81.8384,America/New_York,EST,-5,,,,,,,,,,,
North Carolina,NC,Ronda,,,,,,,,28670,36.20083,-80.9298,America/New_York,EST,-5,,,,,,,,,,,
North Carolina,NC,Roper,,,,,,,,27970,35.87794,-76.6152,America/New_York,EST,-5,,,,,,,,,,,
North Carolina,NC,Rose Hill,,,,,,,,28458,34.82923,-78.023,America/New_York,EST,-5,,,,,,,,,,,
North Carolina,NC,Roseboro,,,,,,,,28382,34.95295,-78.5086,America/New_York,EST,-5,,,,,,,,,,,
North Carolina,NC,Rosemary,,,,,,,,,0,0,,,,,,,,,,,,,,
North Carolina,NC,Rosemead,,,,,,,,,36.18016,-76.8661,America/New_York,EST,-5,,,,,,,,,,,
North Carolina,NC,Rosman,,,,,,,,28772,35.11697,-82.8272,America/New_York,EST,-5,,,,,,,,,,,
North Carolina,NC,Rougemont,,,,,,,,27572,36.20583,-78.8786,America/New_York,EST,-5,,,,,,,,,,,
North Carolina,NC,Rowland,,,,,,,,28383,34.53655,-79.2914,America/New_York,EST,-5,,,,,,,,,,,
North Carolina,NC,Roxboro,,,,,,,,27573###27574,36.3966,-78.9761,America/New_York,EST,-5,,,,,,,,,,,
North Carolina,NC,Roxobel,,,,,,,,27872,36.20293,-77.2452,America/New_York,EST,-5,,,,,,,,,,,
North Carolina,NC,Ruffin,,,,,,,,27326,36.46108,-79.597,America/New_York,EST,-5,,,,,,,,,,,
North Carolina,NC,Rural Hall,,,,,,,,27094###27045###27099###27098,36.23021,-80.3296,America/New_York,EST,-5,,,,,,,,,,,
North Carolina,NC,Rutherfordton,,,,,,,,28139,35.33973,-82.0049,America/New_York,EST,-5,,,,,,,,,,,
North Carolina,NC,Rutherwood,,,,,,,,,36.22457,-81.5987,America/New_York,EST,-5,,,,,,,,,,,
North Carolina,NC,Ryland,,,,,,,,,36.2771,-76.6233,America/New_York,EST,-5,,,,,,,,,,,
North Carolina,NC,Saint John,,,,,,,,,36.29007,-76.9932,America/New_York,EST,-5,,,,,,,,,,,
North Carolina,NC,Saint Johns,,,,,,,,,36.03072,-76.5266,America/New_York,EST,-5,,,,,,,,,,,
North Carolina,NC,Salemburg,,,,,,,,28385,35.01545,-78.5031,America/New_York,EST,-5,,,,,,,,,,,
North Carolina,NC,Salisbury,,,,,,,,28145###28147###28144###28146,35.68044,-80.4532,America/New_York,EST,-5,,,,,,,,,,,
North Carolina,NC,Saluda,,,,,,,,28773,35.25758,-82.288,America/New_York,EST,-5,,,,,,,,,,,
North Carolina,NC,Sands,,,,,,,,,36.25096,-81.6482,America/New_York,EST,-5,,,,,,,,,,,
North Carolina,NC,Sandy Creek,,,,,,,,,34.28711,-78.1508,America/New_York,EST,-5,,,,,,,,,,,
North Carolina,NC,Sandy Cross,,,,,,,,,35.89877,-77.9461,America/New_York,EST,-5,,,,,,,,,,,
North Carolina,NC,Sandy Ridge,,,,,,,,27046,36.4839,-80.1053,America/New_York,EST,-5,,,,,,,,,,,
North Carolina,NC,Sanford,,,,,,,,27332###27331###27330,35.46978,-79.1717,America/New_York,EST,-5,,,,,,,,,,,
North Carolina,NC,Santeetlah,,,,,,,,,35.36361,-83.8663,America/New_York,EST,-5,,,,,,,,,,,
North Carolina,NC,Sapphire,,,,,,,,28774,35.09786,-82.9889,America/New_York,EST,-5,,,,,,,,,,,
North Carolina,NC,Saratoga,,,,,,,,27873,35.65377,-77.7755,America/New_York,EST,-5,,,,,,,,,,,
North Carolina,NC,Savage,,,,,,,,,0,0,,,,,,,,,,,,,,
North Carolina,NC,Sawmills,,,,,,,,,35.82485,-81.4745,America/New_York,EST,-5,,,,,,,,,,,
North Carolina,NC,Saxapahaw,,,,,,,,27340,35.94587,-79.3172,America/New_York,EST,-5,,,,,,,,,,,
North Carolina,NC,Scaly,,,,,,,,,36.1343,-80.842,America/New_York,EST,-5,,,,,,,,,,,
North Carolina,NC,Schley,,,,,,,,,36.15264,-79.0614,America/New_York,EST,-5,,,,,,,,,,,
North Carolina,NC,Scotland Neck,,,,,,,,27874,36.1296,-77.4203,America/New_York,EST,-5,,,,,,,,,,,
North Carolina,NC,Scotts,,,,,,,,28699,35.83104,-81.0076,America/New_York,EST,-5,,,,,,,,,,,
North Carolina,NC,Scottville,,,,,,,,28672,36.48357,-81.3313,America/New_York,EST,-5,,,,,,,,,,,
North Carolina,NC,Seaboard,,,,,,,,27876,36.49045,-77.4422,America/New_York,EST,-5,,,,,,,,,,,
North Carolina,NC,Seagate,,,,,,,,,34.22168,-77.8806,America/New_York,EST,-5,,,,,,,,,,,
North Carolina,NC,Seagrove,,,,,,,,27341,35.56275,-79.6987,America/New_York,EST,-5,,,,,,,,,,,
North Carolina,NC,Sedge Garden,,,,,,,,,0,0,,,,,,,,,,,,,,
North Carolina,NC,Selma,,,,,,,,27576,35.56357,-78.2445,America/New_York,EST,-5,,,,,,,,,,,
North Carolina,NC,Seminole,,,,,,,,,35.44016,-79.0367,America/New_York,EST,-5,,,,,,,,,,,
North Carolina,NC,Semora,,,,,,,,27343,36.49847,-79.1489,America/New_York,EST,-5,,,,,,,,,,,
North Carolina,NC,Seven Devils,,,,,,,,,36.02647,-81.9434,America/New_York,EST,-5,,,,,,,,,,,
North Carolina,NC,Seven Lakes,,,,,,,,,35.30927,-83.2596,America/New_York,EST,-5,,,,,,,,,,,
North Carolina,NC,Seven Springs,,,,,,,,28578,35.2171,-77.8974,America/New_York,EST,-5,,,,,,,,,,,
North Carolina,NC,Severn,,,,,,,,27877,36.35613,-77.4831,America/New_York,EST,-5,,,,,,,,,,,
North Carolina,NC,Shacktown,,,,,,,,,36.1168,-80.5937,America/New_York,EST,-5,,,,,,,,,,,
North Carolina,NC,Shallotte,,,,,,,,28459###28470,33.93339,-78.4129,America/New_York,EST,-5,,,,,,,,,,,
North Carolina,NC,Sharon,,,,,,,,,36.49571,-76.3097,America/New_York,EST,-5,,,,,,,,,,,
North Carolina,NC,Sharpsburg,,,,,,,,27878,35.86539,-77.8389,America/New_York,EST,-5,,,,,,,,,,,
North Carolina,NC,Shatley Springs,,,,,,,,,36.47624,-81.4026,America/New_York,EST,-5,,,,,,,,,,,
North Carolina,NC,Shawboro,,,,,,,,27973,36.40099,-76.0924,America/New_York,EST,-5,,,,,,,,,,,
North Carolina,NC,Sheffield,,,,,,,,,35.92023,-80.5785,America/New_York,EST,-5,,,,,,,,,,,
North Carolina,NC,Shelby,,,,,,,,28150###28152###28151,35.31201,-81.5568,America/New_York,EST,-5,,,,,,,,,,,
North Carolina,NC,Shiloh,,,,,,,,27974,36.23978,-76.0225,America/New_York,EST,-5,,,,,,,,,,,
North Carolina,NC,Shingle Hollow,,,,,,,,,35.47096,-82.0737,America/New_York,EST,-5,,,,,,,,,,,
North Carolina,NC,Shooting Creek,,,,,,,,,35.02565,-83.6668,America/New_York,EST,-5,,,,,,,,,,,
North Carolina,NC,Sign Pine,,,,,,,,,0,0,,,,,,,,,,,,,,
North Carolina,NC,Siler City,,,,,,,,27344,35.72347,-79.4622,America/New_York,EST,-5,,,,,,,,,,,
North Carolina,NC,Siloam,,,,,,,,27047,36.32917,-80.5678,America/New_York,EST,-5,,,,,,,,,,,
North Carolina,NC,Silver City,,,,,,,,,34.996,-79.2261,America/New_York,EST,-5,,,,,,,,,,,
North Carolina,NC,Silver Lake,,,,,,,,,0,0,,,,,,,,,,,,,,
North Carolina,NC,Silverstone,,,,,,,,,36.28818,-81.7518,America/New_York,EST,-5,,,,,,,,,,,
North Carolina,NC,Simpson,,,,,,,,27879,35.57516,-77.2786,America/New_York,EST,-5,,,,,,,,,,,
North Carolina,NC,Sims,,,,,,,,27880,35.73882,-78.1004,America/New_York,EST,-5,,,,,,,,,,,
North Carolina,NC,Skyland,,,,,,,,28776,35.48348,-82.5207,America/New_York,EST,-5,,,,,,,,,,,
North Carolina,NC,Sligo,,,,,,,,,36.45182,-76.0772,America/New_York,EST,-5,,,,,,,,,,,
North Carolina,NC,Smalls Crossroads,,,,,,,,,35.82485,-81.4745,America/New_York,EST,-5,,,,,,,,,,,
North Carolina,NC,Smith Creek,,,,,,,,,0,0,,,,,,,,,,,,,,
North Carolina,NC,Smithfield,,,,,,,,27577,35.53654,-78.336,America/New_York,EST,-5,,,,,,,,,,,
North Carolina,NC,Smiths,,,,,,,,,0,0,,,,,,,,,,,,,,
North Carolina,NC,Smithtown,,,,,,,,,36.23597,-80.5776,America/New_York,EST,-5,,,,,,,,,,,
North Carolina,NC,Smokemont,,,,,,,,,0,0,,,,,,,,,,,,,,
North Carolina,NC,Sneads Ferry,,,,,,,,28460,34.55636,-77.3823,America/New_York,EST,-5,,,,,,,,,,,
North Carolina,NC,Snow Camp,,,,,,,,27349,35.91485,-79.4037,America/New_York,EST,-5,,,,,,,,,,,
North Carolina,NC,Snow Hill,,,,,,,,28580,35.42835,-77.7013,America/New_York,EST,-5,,,,,,,,,,,
North Carolina,NC,Snowden,,,,,,,,,36.45682,-76.1085,America/New_York,EST,-5,,,,,,,,,,,
North Carolina,NC,Snug Harbor,,,,,,,,,0,0,,,,,,,,,,,,,,
North Carolina,NC,Somerset,,,,,,,,,36.06044,-76.4616,America/New_York,EST,-5,,,,,,,,,,,
North Carolina,NC,South Henderson,,,,,,,,,36.3718,-78.3979,America/New_York,EST,-5,,,,,,,,,,,
North Carolina,NC,South Mills,,,,,,,,27976,36.45535,-76.28,America/New_York,EST,-5,,,,,,,,,,,
North Carolina,NC,South Weldon,,,,,,,,,36.4271,-77.5955,America/New_York,EST,-5,,,,,,,,,,,
North Carolina,NC,Southern Pines,,,,,,,,28388###28387,35.21806,-79.395,America/New_York,EST,-5,,,,,,,,,,,
North Carolina,NC,Southern Shores,,,,,,,,,36.13905,-75.7316,America/New_York,EST,-5,,,,,,,,,,,
North Carolina,NC,Southpark Mall,,,,,,,,,0,0,,,,,,,,,,,,,,
North Carolina,NC,Southport,,,,,,,,28461,33.92156,-78.0203,America/New_York,EST,-5,,,,,,,,,,,
North Carolina,NC,Sparta,,,,,,,,28675,36.49516,-81.141,America/New_York,EST,-5,,,,,,,,,,,
North Carolina,NC,Speed,,,,,,,,27881,35.97841,-77.4366,America/New_York,EST,-5,,,,,,,,,,,
North Carolina,NC,Spencer,,,,,,,,28159,35.69169,-80.4327,America/New_York,EST,-5,,,,,,,,,,,
North Carolina,NC,Spences Corner,,,,,,,,,35.71126,-78.6142,America/New_York,EST,-5,,,,,,,,,,,
North Carolina,NC,Spindale,,,,,,,,28160,35.35451,-81.9211,America/New_York,EST,-5,,,,,,,,,,,
North Carolina,NC,Spivey'S Corner,,,,,,,,,35.71126,-78.6142,America/New_York,EST,-5,,,,,,,,,,,
North Carolina,NC,Spot,,,,,,,,,36.11822,-75.8191,America/New_York,EST,-5,,,,,,,,,,,
North Carolina,NC,Spring Creek,,,,,,,,,35.79871,-82.8543,America/New_York,EST,-5,,,,,,,,,,,
North Carolina,NC,Spring Hope,,,,,,,,27882,35.94476,-78.093,America/New_York,EST,-5,,,,,,,,,,,
North Carolina,NC,Spring Lake,,,,,,,,28390,35.18908,-78.9772,America/New_York,EST,-5,,,,,,,,,,,
North Carolina,NC,Spruce Pine,,,,,,,,28777,35.91464,-82.0765,America/New_York,EST,-5,,,,,,,,,,,
North Carolina,NC,St. Helena,,,,,,,,,34.51656,-77.9155,America/New_York,EST,-5,,,,,,,,,,,
North Carolina,NC,St. Pauls,,,,,,,,,34.79708,-78.9688,America/New_York,EST,-5,,,,,,,,,,,
North Carolina,NC,St. Stephens,,,,,,,,,35.96516,-76.2399,America/New_York,EST,-5,,,,,,,,,,,
North Carolina,NC,Staley,,,,,,,,27355,35.79597,-79.5514,America/New_York,EST,-5,,,,,,,,,,,
North Carolina,NC,Stallings,,,,,,,,,35.1156,-80.7137,America/New_York,EST,-5,,,,,,,,,,,
North Carolina,NC,Stanfield,,,,,,,,28163,35.23348,-80.427,America/New_York,EST,-5,,,,,,,,,,,
North Carolina,NC,Stanley,,,,,,,,28164,35.35903,-81.097,America/New_York,EST,-5,,,,,,,,,,,
North Carolina,NC,Stanleyville,,,,,,,,,36.20236,-80.2809,America/New_York,EST,-5,,,,,,,,,,,
North Carolina,NC,Stantonsburg,,,,,,,,27883,35.60683,-77.8233,America/New_York,EST,-5,,,,,,,,,,,
North Carolina,NC,Star,,,,,,,,27356,35.43989,-79.8251,America/New_York,EST,-5,,,,,,,,,,,
North Carolina,NC,State Road,,,,,,,,28676,36.33664,-80.8523,America/New_York,EST,-5,,,,,,,,,,,
North Carolina,NC,Statesville,,,,,,,,28677###28625###28687,35.86868,-80.8903,America/New_York,EST,-5,,,,,,,,,,,
North Carolina,NC,Stecoah,,,,,,,,,35.36981,-83.6904,America/New_York,EST,-5,,,,,,,,,,,
North Carolina,NC,Stedman,,,,,,,,28391,35.0309,-78.7002,America/New_York,EST,-5,,,,,,,,,,,
North Carolina,NC,Steeds,,,,,,,,,35.47097,-79.7775,America/New_York,EST,-5,,,,,,,,,,,
North Carolina,NC,Stem,,,,,,,,27581,36.20968,-78.727,America/New_York,EST,-5,,,,,,,,,,,
North Carolina,NC,Stevenson Point,,,,,,,,,35.34489,-78.1167,America/New_York,EST,-5,,,,,,,,,,,
North Carolina,NC,Stokesdale,,,,,,,,27357,36.22575,-79.974,America/New_York,EST,-5,,,,,,,,,,,
North Carolina,NC,Stoneville,,,,,,,,27048,36.46688,-79.9128,America/New_York,EST,-5,,,,,,,,,,,
North Carolina,NC,Stonewall,,,,,,,,28583,35.13739,-76.7477,America/New_York,EST,-5,,,,,,,,,,,
North Carolina,NC,Stony Point,,,,,,,,28678,35.86701,-81.047,America/New_York,EST,-5,,,,,,,,,,,
North Carolina,NC,Stovall,,,,,,,,27582,36.46732,-78.5766,America/New_York,EST,-5,,,,,,,,,,,
North Carolina,NC,Stratford,,,,,,,,,36.51846,-81.2159,America/New_York,EST,-5,,,,,,,,,,,
North Carolina,NC,Sturdivants,,,,,,,,,36.51846,-81.2159,America/New_York,EST,-5,,,,,,,,,,,
North Carolina,NC,Sugar Grove,,,,,,,,28679,36.25496,-81.8358,America/New_York,EST,-5,,,,,,,,,,,
North Carolina,NC,Sugar Hill,,,,,,,,,35.58457,-82.0423,America/New_York,EST,-5,,,,,,,,,,,
North Carolina,NC,Sugar Mountain,,,,,,,,,36.12735,-81.8601,America/New_York,EST,-5,,,,,,,,,,,
North Carolina,NC,Summerfield,,,,,,,,27358,36.20002,-79.88,America/New_York,EST,-5,,,,,,,,,,,
North Carolina,NC,Summit,,,,,,,,,0,0,,,,,,,,,,,,,,
North Carolina,NC,Sunburst,,,,,,,,,0,0,,,,,,,,,,,,,,
North Carolina,NC,Sunbury,,,,,,,,27979,36.43433,-76.62,America/New_York,EST,-5,,,,,,,,,,,
North Carolina,NC,Sunset Beach,,,,,,,,28468,33.88073,-78.5122,America/New_York,EST,-5,,,,,,,,,,,
North Carolina,NC,Sunshine,,,,,,,,,35.44901,-81.8104,America/New_York,EST,-5,,,,,,,,,,,
North Carolina,NC,Supply,,,,,,,,28462,34.01767,-78.2675,America/New_York,EST,-5,,,,,,,,,,,
North Carolina,NC,Surf City,,,,,,,,,34.42711,-77.5461,America/New_York,EST,-5,,,,,,,,,,,
North Carolina,NC,Surl,,,,,,,,,0,0,,,,,,,,,,,,,,
North Carolina,NC,Sutphin,,,,,,,,,0,0,,,,,,,,,,,,,,
North Carolina,NC,Swancreek,,,,,,,,,36.17847,-80.869,America/New_York,EST,-5,,,,,,,,,,,
North Carolina,NC,Swannanoa,,,,,,,,28778,35.60077,-82.3917,America/New_York,EST,-5,,,,,,,,,,,
North Carolina,NC,Swansboro,,,,,,,,28584,34.68766,-77.1191,America/New_York,EST,-5,,,,,,,,,,,
North Carolina,NC,Swepsonville,,,,,,,,27359,36.02139,-79.3574,America/New_York,EST,-5,,,,,,,,,,,
North Carolina,NC,Swiss,,,,,,,,,35.91428,-82.4499,America/New_York,EST,-5,,,,,,,,,,,
North Carolina,NC,Sylva,,,,,,,,28779,35.37371,-83.226,America/New_York,EST,-5,,,,,,,,,,,
North Carolina,NC,Symonds Creek,,,,,,,,,35.97923,-81.5472,America/New_York,EST,-5,,,,,,,,,,,
North Carolina,NC,Table Rock,,,,,,,,,0,0,,,,,,,,,,,,,,
North Carolina,NC,Tabor City,,,,,,,,28463,34.14878,-78.8767,America/New_York,EST,-5,,,,,,,,,,,
North Carolina,NC,Tapoco,,,,,,,,,35.44342,-83.9368,America/New_York,EST,-5,,,,,,,,,,,
North Carolina,NC,Tar Corner,,,,,,,,,36.4771,-76.2861,America/New_York,EST,-5,,,,,,,,,,,
North Carolina,NC,Tar Heel,,,,,,,,28392,34.74575,-78.8093,America/New_York,EST,-5,,,,,,,,,,,
North Carolina,NC,Tarboro,,,,,,,,27886,35.92844,-77.5816,America/New_York,EST,-5,,,,,,,,,,,
North Carolina,NC,Taylors Beach,,,,,,,,,0,0,,,,,,,,,,,,,,
North Carolina,NC,Taylorsville,,,,,,,,28681,35.91691,-81.2097,America/New_York,EST,-5,,,,,,,,,,,
North Carolina,NC,Taylortown,,,,,,,,,35.19745,-79.463,America/New_York,EST,-5,,,,,,,,,,,
North Carolina,NC,Teachey,,,,,,,,28464,34.77812,-77.9671,America/New_York,EST,-5,,,,,,,,,,,
North Carolina,NC,Teer,,,,,,,,,35.96674,-79.0494,America/New_York,EST,-5,,,,,,,,,,,
North Carolina,NC,Terrell,,,,,,,,28682,35.57942,-80.9682,America/New_York,EST,-5,,,,,,,,,,,
North Carolina,NC,Texas,,,,,,,,,0,0,,,,,,,,,,,,,,
North Carolina,NC,Thermal City,,,,,,,,,35.98513,-81.9784,America/New_York,EST,-5,,,,,,,,,,,
North Carolina,NC,Thomasville,,,,,,,,27360###27361,35.85454,-80.1248,America/New_York,EST,-5,,,,,,,,,,,
North Carolina,NC,Tillery,,,,,,,,27887,36.2352,-77.5026,America/New_York,EST,-5,,,,,,,,,,,
North Carolina,NC,Timberlake,,,,,,,,27583,36.3112,-78.9229,America/New_York,EST,-5,,,,,,,,,,,
North Carolina,NC,Toast,,,,,,,,27049,36.55133,-80.6558,America/New_York,EST,-5,,,,,,,,,,,
North Carolina,NC,Todd,,,,,,,,28684,36.34099,-81.5795,America/New_York,EST,-5,,,,,,,,,,,
North Carolina,NC,Tolarsville,,,,,,,,,34.76128,-78.8722,America/New_York,EST,-5,,,,,,,,,,,
North Carolina,NC,Topnot,,,,,,,,,36.37292,-79.2592,America/New_York,EST,-5,,,,,,,,,,,
North Carolina,NC,Topsy,,,,,,,,,0,0,,,,,,,,,,,,,,
North Carolina,NC,Topton,,,,,,,,28781,35.24703,-83.7032,America/New_York,EST,-5,,,,,,,,,,,
North Carolina,NC,Tramway,,,,,,,,,35.4446,-79.2145,America/New_York,EST,-5,,,,,,,,,,,
North Carolina,NC,Trap,,,,,,,,,36.20682,-76.8708,America/New_York,EST,-5,,,,,,,,,,,
North Carolina,NC,Traphill,,,,,,,,28685,36.33199,-81.0316,America/New_York,EST,-5,,,,,,,,,,,
North Carolina,NC,Trent Woods,,,,,,,,,35.12585,-76.9772,America/New_York,EST,-5,,,,,,,,,,,
North Carolina,NC,Trenton,,,,,,,,28585,35.0671,-77.3527,America/New_York,EST,-5,,,,,,,,,,,
North Carolina,NC,Trinity,,,,,,,,27370,35.80928,-79.978,America/New_York,EST,-5,,,,,,,,,,,
North Carolina,NC,Trotville,,,,,,,,,36.36904,-76.5977,America/New_York,EST,-5,,,,,,,,,,,
North Carolina,NC,Trout,,,,,,,,,35.29375,-80.7976,America/New_York,EST,-5,,,,,,,,,,,
North Carolina,NC,Troutman,,,,,,,,28166,35.67941,-80.8988,America/New_York,EST,-5,,,,,,,,,,,
North Carolina,NC,Troy,,,,,,,,27371,35.3936,-79.9073,America/New_York,EST,-5,,,,,,,,,,,
North Carolina,NC,Tryon,,,,,,,,28782,35.20817,-82.2385,America/New_York,EST,-5,,,,,,,,,,,
North Carolina,NC,Tuckasegee,,,,,,,,28783,35.24657,-83.0443,America/New_York,EST,-5,,,,,,,,,,,
North Carolina,NC,Tungsten,,,,,,,,,36.32673,-78.4091,America/New_York,EST,-5,,,,,,,,,,,
North Carolina,NC,Tunis,,,,,,,,,36.22514,-80.17,America/New_York,EST,-5,,,,,,,,,,,
North Carolina,NC,Turkey,,,,,,,,28393,34.98469,-78.1981,America/New_York,EST,-5,,,,,,,,,,,
North Carolina,NC,Turnersburg,,,,,,,,28688,35.52979,-80.947,America/New_York,EST,-5,,,,,,,,,,,
North Carolina,NC,Tusquitee,,,,,,,,,35.08454,-83.7657,America/New_York,EST,-5,,,,,,,,,,,
North Carolina,NC,Tuxedo,,,,,,,,28784,35.21738,-82.4178,America/New_York,EST,-5,,,,,,,,,,,
North Carolina,NC,Twin Oaks,,,,,,,,,36.52763,-81.1631,America/New_York,EST,-5,,,,,,,,,,,
North Carolina,NC,Tyner,,,,,,,,27980,36.24928,-76.6308,America/New_York,EST,-5,,,,,,,,,,,
North Carolina,NC,Ulah,,,,,,,,,35.72798,-79.787,America/New_York,EST,-5,,,,,,,,,,,
North Carolina,NC,Unaka,,,,,,,,,35.19536,-84.1416,America/New_York,EST,-5,,,,,,,,,,,
North Carolina,NC,Union,,,,,,,,,36.33377,-77.0241,America/New_York,EST,-5,,,,,,,,,,,
North Carolina,NC,Union Grove,,,,,,,,28689,36.02458,-80.8662,America/New_York,EST,-5,,,,,,,,,,,
North Carolina,NC,Union Ridge,,,,,,,,,36.02983,-79.4916,America/New_York,EST,-5,,,,,,,,,,,
North Carolina,NC,Unionville,,,,,,,,,35.08737,-80.509,America/New_York,EST,-5,,,,,,,,,,,
North Carolina,NC,Upton,,,,,,,,,36.07013,-81.6954,America/New_York,EST,-5,,,,,,,,,,,
North Carolina,NC,Vade Mecum,,,,,,,,,0,0,,,,,,,,,,,,,,
North Carolina,NC,Valdese,,,,,,,,28690,35.73776,-81.6166,America/New_York,EST,-5,,,,,,,,,,,
North Carolina,NC,Vale,,,,,,,,28168,35.52123,-81.4187,America/New_York,EST,-5,,,,,,,,,,,
North Carolina,NC,Valhalla,,,,,,,,,36.1371,-76.6577,America/New_York,EST,-5,,,,,,,,,,,
North Carolina,NC,Valle Crucis,,,,,,,,28691,36.20916,-81.7789,America/New_York,EST,-5,,,,,,,,,,,
North Carolina,NC,Vanceboro,,,,,,,,28586,35.31313,-77.1779,America/New_York,EST,-5,,,,,,,,,,,
North Carolina,NC,Vandemere,,,,,,,,28587,35.19128,-76.6604,America/New_York,EST,-5,,,,,,,,,,,
North Carolina,NC,Vander,,,,,,,,,35.0748,-78.8843,America/New_York,EST,-5,,,,,,,,,,,
North Carolina,NC,Varnamtown,,,,,,,,,33.93573,-78.2486,America/New_York,EST,-5,,,,,,,,,,,
North Carolina,NC,Vass,,,,,,,,28394,35.25627,-79.2823,America/New_York,EST,-5,,,,,,,,,,,
North Carolina,NC,Violet,,,,,,,,,35.1898,-84.2177,America/New_York,EST,-5,,,,,,,,,,,
North Carolina,NC,Vultare,,,,,,,,,0,0,,,,,,,,,,,,,,
North Carolina,NC,Waco,,,,,,,,28169,35.36152,-81.4287,America/New_York,EST,-5,,,,,,,,,,,
North Carolina,NC,Wade,,,,,,,,28395,35.14252,-78.745,America/New_York,EST,-5,,,,,,,,,,,
North Carolina,NC,Wadesboro,,,,,,,,28170,34.92447,-80.05,America/New_York,EST,-5,,,,,,,,,,,
North Carolina,NC,Wagoner,,,,,,,,,36.40179,-81.3865,America/New_York,EST,-5,,,,,,,,,,,
North Carolina,NC,Wagram,,,,,,,,28396,34.9036,-79.4041,America/New_York,EST,-5,,,,,,,,,,,
North Carolina,NC,Wake Forest,,,,,,,,27587###27588,35.98241,-78.5517,America/New_York,EST,-5,,,,,,,,,,,
North Carolina,NC,Wakelon,,,,,,,,,36.15877,-76.8436,America/New_York,EST,-5,,,,,,,,,,,
North Carolina,NC,Walkertown,,,,,,,,27051,36.19141,-80.1636,America/New_York,EST,-5,,,,,,,,,,,
North Carolina,NC,Wallace,,,,,,,,28466,34.76743,-77.94,America/New_York,EST,-5,,,,,,,,,,,
North Carolina,NC,Walnut,,,,,,,,,35.84955,-82.7388,America/New_York,EST,-5,,,,,,,,,,,
North Carolina,NC,Walnut Cove,,,,,,,,27052,36.34518,-80.16,America/New_York,EST,-5,,,,,,,,,,,
North Carolina,NC,Walnut Creek,,,,,,,,,35.38117,-78.0625,America/New_York,EST,-5,,,,,,,,,,,
North Carolina,NC,Walstonburg,,,,,,,,27888,35.60929,-77.7131,America/New_York,EST,-5,,,,,,,,,,,
North Carolina,NC,Wanchese,,,,,,,,27981,35.86218,-75.6437,America/New_York,EST,-5,,,,,,,,,,,
North Carolina,NC,Warrenton,,,,,,,,27589,36.33909,-78.19,America/New_York,EST,-5,,,,,,,,,,,
North Carolina,NC,Warsaw,,,,,,,,28398,35.01803,-78.031,America/New_York,EST,-5,,,,,,,,,,,
North Carolina,NC,Washington,,,,,,,,27889,35.51927,-76.8892,America/New_York,EST,-5,,,,,,,,,,,
North Carolina,NC,Washington Park,,,,,,,,,35.53266,-77.0325,America/New_York,EST,-5,,,,,,,,,,,
North Carolina,NC,Waterlily,,,,,,,,,36.38155,-75.9194,America/New_York,EST,-5,,,,,,,,,,,
North Carolina,NC,Waterville,,,,,,,,,35.97517,-83.1956,America/New_York,EST,-5,,,,,,,,,,,
North Carolina,NC,Watha,,,,,,,,,34.61395,-78.0315,America/New_York,EST,-5,,,,,,,,,,,
North Carolina,NC,Waxhaw,,,,,,,,28173,34.92511,-80.7278,America/New_York,EST,-5,,,,,,,,,,,
North Carolina,NC,Waynesville,,,,,,,,28786###28785,35.48871,-82.9888,America/New_York,EST,-5,,,,,,,,,,,
North Carolina,NC,Weaverville,,,,,,,,28787,35.7027,-82.5889,America/New_York,EST,-5,,,,,,,,,,,
North Carolina,NC,Webster,,,,,,,,28788,35.32853,-83.2333,America/New_York,EST,-5,,,,,,,,,,,
North Carolina,NC,Weddington,,,,,,,,,35.1156,-80.7137,America/New_York,EST,-5,,,,,,,,,,,
North Carolina,NC,Weeksville,,,,,,,,,36.20544,-76.1477,America/New_York,EST,-5,,,,,,,,,,,
North Carolina,NC,Welcome,,,,,,,,27374,35.78185,-80.2035,America/New_York,EST,-5,,,,,,,,,,,
North Carolina,NC,Weldon,,,,,,,,27890,36.4271,-77.5955,America/New_York,EST,-5,,,,,,,,,,,
North Carolina,NC,Wendell,,,,,,,,27591,35.81132,-78.396,America/New_York,EST,-5,,,,,,,,,,,
North Carolina,NC,Wentworth,,,,,,,,27375,36.39214,-79.7731,America/New_York,EST,-5,,,,,,,,,,,
North Carolina,NC,Wesser,,,,,,,,,0,0,,,,,,,,,,,,,,
North Carolina,NC,West Jefferson,,,,,,,,28694,36.40374,-81.4929,America/New_York,EST,-5,,,,,,,,,,,
North Carolina,NC,Westfield,,,,,,,,27053,36.49066,-80.4631,America/New_York,EST,-5,,,,,,,,,,,
North Carolina,NC,Whispering Pines,,,,,,,,,35.25571,-79.3723,America/New_York,EST,-5,,,,,,,,,,,
North Carolina,NC,Whitakers,,,,,,,,27891,36.12466,-77.825,America/New_York,EST,-5,,,,,,,,,,,
North Carolina,NC,White Lake,,,,,,,,,34.64045,-78.4839,America/New_York,EST,-5,,,,,,,,,,,
North Carolina,NC,White Plains,,,,,,,,27031,36.39937,-80.7081,America/New_York,EST,-5,,,,,,,,,,,
North Carolina,NC,White Store,,,,,,,,,35.14252,-78.745,America/New_York,EST,-5,,,,,,,,,,,
North Carolina,NC,Whitehall Shores,,,,,,,,,0,0,,,,,,,,,,,,,,
North Carolina,NC,Whitehead,,,,,,,,,36.46735,-81.1529,America/New_York,EST,-5,,,,,,,,,,,
North Carolina,NC,Whiterock,,,,,,,,,35.95261,-82.7015,America/New_York,EST,-5,,,,,,,,,,,
North Carolina,NC,Whites Crossroads,,,,,,,,,36.1371,-76.8658,America/New_York,EST,-5,,,,,,,,,,,
North Carolina,NC,Whiteston,,,,,,,,,0,0,,,,,,,,,,,,,,
North Carolina,NC,Whiteville,,,,,,,,28472,34.33878,-78.7031,America/New_York,EST,-5,,,,,,,,,,,
North Carolina,NC,Wilbar,,,,,,,,,36.24458,-81.2981,America/New_York,EST,-5,,,,,,,,,,,
North Carolina,NC,Wilkes County Airport,,,,,,,,,35.47559,-83.2907,America/New_York,EST,-5,,,,,,,,,,,
North Carolina,NC,Wilkesboro,,,,,,,,28697,36.14596,-81.1606,America/New_York,EST,-5,,,,,,,,,,,
North Carolina,NC,Willard,,,,,,,,28478,34.67509,-78.0449,America/New_York,EST,-5,,,,,,,,,,,
North Carolina,NC,Willbanks,,,,,,,,,35.74794,-77.7714,America/New_York,EST,-5,,,,,,,,,,,
North Carolina,NC,Williamston,,,,,,,,27892,35.82121,-77.1022,America/New_York,EST,-5,,,,,,,,,,,
North Carolina,NC,Wilmington,,,,,,,,28410###28407###28401###28402###28403###28412###28409###28404###28411###28408###28406###28405,34.27199,-77.9636,America/New_York,EST,-5,,,,,,,,,,,
North Carolina,NC,Wilson,,,,,,,,27893###27896###27894###27895,35.72326,-77.9253,America/New_York,EST,-5,,,,,,,,,,,
North Carolina,NC,Windemere,,,,,,,,,0,0,,,,,,,,,,,,,,
North Carolina,NC,Windsor,,,,,,,,27983,36.03991,-76.937,America/New_York,EST,-5,,,,,,,,,,,
North Carolina,NC,Windy Gap,,,,,,,,,36.11847,-80.9895,America/New_York,EST,-5,,,,,,,,,,,
North Carolina,NC,Winfall,,,,,,,,27985,36.21935,-76.4667,America/New_York,EST,-5,,,,,,,,,,,
North Carolina,NC,Wingate,,,,,,,,28174,34.96481,-80.4277,America/New_York,EST,-5,,,,,,,,,,,
North Carolina,NC,Winnabow,,,,,,,,28479,34.15525,-78.0558,America/New_York,EST,-5,,,,,,,,,,,
North Carolina,NC,Winston-Salem,,,,,,,,,36.1111,-80.2005,America/New_York,EST,-5,,,,,,,,,,,
North Carolina,NC,Winterville,,,,,,,,28590,35.47461,-77.3274,America/New_York,EST,-5,,,,,,,,,,,
North Carolina,NC,Winton,,,,,,,,27986,36.41825,-76.9549,America/New_York,EST,-5,,,,,,,,,,,
North Carolina,NC,Wise,,,,,,,,27594,36.37367,-78.1109,America/New_York,EST,-5,,,,,,,,,,,
North Carolina,NC,Wolf Mountain,,,,,,,,,35.21593,-82.9865,America/New_York,EST,-5,,,,,,,,,,,
North Carolina,NC,Woodard,,,,,,,,,35.91599,-76.8613,America/New_York,EST,-5,,,,,,,,,,,
North Carolina,NC,Woodfin,,,,,,,,,35.63344,-82.5821,America/New_York,EST,-5,,,,,,,,,,,
North Carolina,NC,Woodland,,,,,,,,27897,36.33154,-77.2127,America/New_York,EST,-5,,,,,,,,,,,
North Carolina,NC,Woodlawn,,,,,,,,,35.7854,-82.0404,America/New_York,EST,-5,,,,,,,,,,,
North Carolina,NC,Woodleaf,,,,,,,,27054,35.79012,-80.6051,America/New_York,EST,-5,,,,,,,,,,,
North Carolina,NC,Woodville,,,,,,,,,36.11599,-77.1844,America/New_York,EST,-5,,,,,,,,,,,
North Carolina,NC,Wrightsboro,,,,,,,,,34.22168,-77.8806,America/New_York,EST,-5,,,,,,,,,,,
North Carolina,NC,Wrightsville Beach,,,,,,,,28480,34.2085,-77.7964,America/New_York,EST,-5,,,,,,,,,,,
North Carolina,NC,Wyanoke,,,,,,,,,0,0,,,,,,,,,,,,,,
North Carolina,NC,Yadkinville,,,,,,,,27055,36.13667,-80.683,America/New_York,EST,-5,,,,,,,,,,,
North Carolina,NC,Yanceyville,,,,,,,,27379,36.37948,-79.3667,America/New_York,EST,-5,,,,,,,,,,,
North Carolina,NC,Yaupon Beach,,,,,,,,,33.9049,-78.0783,America/New_York,EST,-5,,,,,,,,,,,
North Carolina,NC,Yeopim Station,,,,,,,,,0,0,,,,,,,,,,,,,,
North Carolina,NC,Youngsville,,,,,,,,27596,36.01875,-78.4382,America/New_York,EST,-5,,,,,,,,,,,
