North Dakota,ND,4 Bears Lodge,,,,,,,,,0,0,,,,,,,,,,,,,,
North Dakota,ND,Abercrombie,,,,,,,,58001,46.44519,-96.72,America/Chicago,CST,-6,,,,,,,,,,,
North Dakota,ND,Absaraka,,,,,,,,58002,46.97803,-97.3945,America/Chicago,CST,-6,,,,,,,,,,,
North Dakota,ND,Adams,,,,,,,,58210,48.38355,-97.998,America/Chicago,CST,-6,,,,,,,,,,,
North Dakota,ND,Adrian,,,,,,,,,0,0,,,,,,,,,,,,,,
North Dakota,ND,Agate,,,,,,,,58310,48.77091,-99.7727,America/Chicago,CST,-6,,,,,,,,,,,
North Dakota,ND,Akra,,,,,,,,,0,0,,,,,,,,,,,,,,
North Dakota,ND,Alamo,,,,,,,,58830,48.53875,-103.473,America/Chicago,CST,-6,,,,,,,,,,,
North Dakota,ND,Alexander,,,,,,,,58831,47.84308,-103.643,America/Chicago,CST,-6,,,,,,,,,,,
North Dakota,ND,Alfred,,,,,,,,,46.60303,-98.9993,America/Chicago,CST,-6,,,,,,,,,,,
North Dakota,ND,Alice,,,,,,,,,46.76192,-97.5559,America/Chicago,CST,-6,,,,,,,,,,,
North Dakota,ND,Alkabo,,,,,,,,,0,0,,,,,,,,,,,,,,
North Dakota,ND,Almont,,,,,,,,58520,46.72019,-101.498,America/North_Dakota/New_Salem,CST,-6,,,,,,,,,,,
North Dakota,ND,Alpha,,,,,,,,,0,0,,,,,,,,,,,,,,
North Dakota,ND,Alsen,,,,,,,,58311,48.63056,-98.7049,America/Chicago,CST,-6,,,,,,,,,,,
North Dakota,ND,Ambrose,,,,,,,,58833,48.8165,-103.467,America/Chicago,CST,-6,,,,,,,,,,,
North Dakota,ND,Amenia,,,,,,,,58004,47.02103,-97.2715,America/Chicago,CST,-6,,,,,,,,,,,
North Dakota,ND,Amidon,,,,,,,,58620,46.45497,-103.485,America/Denver,MST,-7,,,,,,,,,,,
North Dakota,ND,Amourdale,,,,,,,,,0,0,,,,,,,,,,,,,,
North Dakota,ND,Anamoose,,,,,,,,58710,47.8825,-100.241,America/Chicago,CST,-6,,,,,,,,,,,
North Dakota,ND,Aneta,,,,,,,,58212,47.76649,-98.0435,America/Chicago,CST,-6,,,,,,,,,,,
North Dakota,ND,Anselm,,,,,,,,,0,0,,,,,,,,,,,,,,
North Dakota,ND,Antler,,,,,,,,58711,48.97085,-101.282,America/Chicago,CST,-6,,,,,,,,,,,
North Dakota,ND,Appam,,,,,,,,,48.57003,-103.589,America/Chicago,CST,-6,,,,,,,,,,,
North Dakota,ND,Ardoch,,,,,,,,,48.2378,-97.2755,America/Chicago,CST,-6,,,,,,,,,,,
North Dakota,ND,Arena,,,,,,,,,47.12721,-100.162,America/Chicago,CST,-6,,,,,,,,,,,
North Dakota,ND,Argusville,,,,,,,,58005,47.05703,-96.9752,America/Chicago,CST,-6,,,,,,,,,,,
North Dakota,ND,Arndt,,,,,,,,,0,0,,,,,,,,,,,,,,
North Dakota,ND,Arnegard,,,,,,,,58835,47.80775,-103.439,America/Chicago,CST,-6,,,,,,,,,,,
North Dakota,ND,Arthur,,,,,,,,58006,47.10233,-97.1403,America/Chicago,CST,-6,,,,,,,,,,,
North Dakota,ND,Arvilla,,,,,,,,58214,47.92596,-97.4941,America/Chicago,CST,-6,,,,,,,,,,,
North Dakota,ND,Ashley,,,,,,,,58413,46.05621,-99.285,America/Chicago,CST,-6,,,,,,,,,,,
North Dakota,ND,Ayr,,,,,,,,58007,47.01392,-97.4629,America/Chicago,CST,-6,,,,,,,,,,,
North Dakota,ND,Backoo,,,,,,,,,0,0,,,,,,,,,,,,,,
North Dakota,ND,Baker,,,,,,,,,48.16056,-99.6476,America/Chicago,CST,-6,,,,,,,,,,,
North Dakota,ND,Bald Hill Dam,,,,,,,,,46.38751,-101.7,America/Denver,MST,-7,,,,,,,,,,,
North Dakota,ND,Baldwin,,,,,,,,58521,47.01615,-100.694,America/Chicago,CST,-6,,,,,,,,,,,
North Dakota,ND,Balfour,,,,,,,,58712,47.99292,-100.498,America/Chicago,CST,-6,,,,,,,,,,,
North Dakota,ND,Balta,,,,,,,,58313,48.10418,-99.9921,America/Chicago,CST,-6,,,,,,,,,,,
North Dakota,ND,Bantry,,,,,,,,58713,48.49833,-100.61,America/Chicago,CST,-6,,,,,,,,,,,
North Dakota,ND,Barlow,,,,,,,,,0,0,,,,,,,,,,,,,,
North Dakota,ND,Barney,,,,,,,,58008,46.26718,-97.0006,America/Chicago,CST,-6,,,,,,,,,,,
North Dakota,ND,Barrie,,,,,,,,,0,0,,,,,,,,,,,,,,
North Dakota,ND,Barton,,,,,,,,,48.50694,-100.176,America/Chicago,CST,-6,,,,,,,,,,,
North Dakota,ND,Bathgate,,,,,,,,58216,48.87486,-97.4254,America/Chicago,CST,-6,,,,,,,,,,,
North Dakota,ND,Battleview,,,,,,,,,0,0,,,,,,,,,,,,,,
North Dakota,ND,Beach,,,,,,,,58621,46.91807,-104.004,America/Denver,MST,-7,,,,,,,,,,,
North Dakota,ND,Belcourt,,,,,,,,58316,48.77756,-99.7999,America/Chicago,CST,-6,,,,,,,,,,,
North Dakota,ND,Belden,,,,,,,,,0,0,,,,,,,,,,,,,,
North Dakota,ND,Belfield,,,,,,,,58622,46.81981,-103.126,America/Denver,MST,-7,,,,,,,,,,,
North Dakota,ND,Benedict,,,,,,,,58716,47.83028,-101.082,America/Chicago,CST,-6,,,,,,,,,,,
North Dakota,ND,Bentley,,,,,,,,,0,0,,,,,,,,,,,,,,
North Dakota,ND,Bergen,,,,,,,,,0,0,,,,,,,,,,,,,,
North Dakota,ND,Berlin,,,,,,,,58415,46.37858,-98.4898,America/Chicago,CST,-6,,,,,,,,,,,
North Dakota,ND,Berthold,,,,,,,,58718,48.3064,-101.687,America/Chicago,CST,-6,,,,,,,,,,,
North Dakota,ND,Berwick,,,,,,,,,0,0,,,,,,,,,,,,,,
North Dakota,ND,Beulah,,,,,,,,58523,47.2779,-101.853,America/North_Dakota/Beulah,CST,-6,,,,,,,,,,,
North Dakota,ND,Binford,,,,,,,,58416,47.48951,-98.4101,America/Chicago,CST,-6,,,,,,,,,,,
North Dakota,ND,Bisbee,,,,,,,,58317,48.62584,-99.3779,America/Chicago,CST,-6,,,,,,,,,,,
North Dakota,ND,Bismarck,,,,,,,,58501###58502###58503###58504###58505###58506###58507,46.81604,-100.7,America/Chicago,CST,-6,,,,,,,,,,,
North Dakota,ND,Blabon,,,,,,,,,0,0,,,,,,,,,,,,,,
North Dakota,ND,Blackmer,,,,,,,,,0,0,,,,,,,,,,,,,,
North Dakota,ND,Blacktail Lake,,,,,,,,,0,0,,,,,,,,,,,,,,
North Dakota,ND,Blaisdell,,,,,,,,,48.33613,-102.077,America/Chicago,CST,-6,,,,,,,,,,,
North Dakota,ND,Blanchard,,,,,,,,58009,47.34581,-97.2195,America/Chicago,CST,-6,,,,,,,,,,,
North Dakota,ND,Bonetrail,,,,,,,,,0,0,,,,,,,,,,,,,,
North Dakota,ND,Bordulac,,,,,,,,,47.38778,-98.964,America/Chicago,CST,-6,,,,,,,,,,,
North Dakota,ND,Bottineau,,,,,,,,58318,48.82723,-100.446,America/Chicago,CST,-6,,,,,,,,,,,
North Dakota,ND,Bowbells,,,,,,,,58721,48.83775,-102.284,America/Chicago,CST,-6,,,,,,,,,,,
North Dakota,ND,Bowdon,,,,,,,,58418,47.45767,-99.6497,America/Chicago,CST,-6,,,,,,,,,,,
North Dakota,ND,Bowesmont,,,,,,,,,0,0,,,,,,,,,,,,,,
North Dakota,ND,Bowman,,,,,,,,58623,46.20554,-103.521,America/Denver,MST,-7,,,,,,,,,,,
North Dakota,ND,Bowman Haley Dam,,,,,,,,,46.20554,-103.521,America/Denver,MST,-7,,,,,,,,,,,
North Dakota,ND,Braddock,,,,,,,,58524,46.56035,-100.108,America/Chicago,CST,-6,,,,,,,,,,,
North Dakota,ND,Brampton,,,,,,,,,0,0,,,,,,,,,,,,,,
North Dakota,ND,Brantford,,,,,,,,,0,0,,,,,,,,,,,,,,
North Dakota,ND,Breien,,,,,,,,,46.26718,-97.0006,America/Chicago,CST,-6,,,,,,,,,,,
North Dakota,ND,Bremen,,,,,,,,,47.66351,-99.6644,America/Chicago,CST,-6,,,,,,,,,,,
North Dakota,ND,Briarwood,,,,,,,,,0,0,,,,,,,,,,,,,,
North Dakota,ND,Brinsmade,,,,,,,,,48.28641,-99.4047,America/Chicago,CST,-6,,,,,,,,,,,
North Dakota,ND,Brocket,,,,,,,,58321,48.23822,-98.4006,America/Chicago,CST,-6,,,,,,,,,,,
North Dakota,ND,Buchanan,,,,,,,,58420,47.00508,-98.9007,America/Chicago,CST,-6,,,,,,,,,,,
North Dakota,ND,Bucyrus,,,,,,,,,46.0639,-102.788,America/Denver,MST,-7,,,,,,,,,,,
North Dakota,ND,Buffalo,,,,,,,,58011,46.92002,-97.5575,America/Chicago,CST,-6,,,,,,,,,,,
North Dakota,ND,Buffalo Springs,,,,,,,,,46.17501,-103.235,America/Denver,MST,-7,,,,,,,,,,,
North Dakota,ND,Burlington,,,,,,,,58722,48.27529,-101.429,America/Chicago,CST,-6,,,,,,,,,,,
North Dakota,ND,Burnstad,,,,,,,,,0,0,,,,,,,,,,,,,,
North Dakota,ND,Burt,,,,,,,,,0,0,,,,,,,,,,,,,,
North Dakota,ND,Butte,,,,,,,,58723,47.69365,-100.692,America/Chicago,CST,-6,,,,,,,,,,,
North Dakota,ND,Buxton,,,,,,,,58218,47.60225,-97.0995,America/Chicago,CST,-6,,,,,,,,,,,
North Dakota,ND,Caledonia,,,,,,,,58219,47.45748,-96.8856,America/Chicago,CST,-6,,,,,,,,,,,
North Dakota,ND,Calio,,,,,,,,,0,0,,,,,,,,,,,,,,
North Dakota,ND,Calvin,,,,,,,,58323,48.85251,-98.9354,America/Chicago,CST,-6,,,,,,,,,,,
North Dakota,ND,Camp Grafton,,,,,,,,,48.36888,-97.4373,America/Chicago,CST,-6,,,,,,,,,,,
North Dakota,ND,Cando,,,,,,,,58324,48.50012,-99.2319,America/Chicago,CST,-6,,,,,,,,,,,
North Dakota,ND,Cannon Ball,,,,,,,,58528,46.36164,-100.689,America/Chicago,CST,-6,,,,,,,,,,,
North Dakota,ND,Carbury,,,,,,,,,0,0,,,,,,,,,,,,,,
North Dakota,ND,Carpio,,,,,,,,58725,48.41786,-101.706,America/Chicago,CST,-6,,,,,,,,,,,
North Dakota,ND,Carrington,,,,,,,,58421,47.45728,-98.8933,America/Chicago,CST,-6,,,,,,,,,,,
North Dakota,ND,Carson,,,,,,,,58529,46.30085,-101.674,America/Denver,MST,-7,,,,,,,,,,,
North Dakota,ND,Cartwright,,,,,,,,58838,47.85974,-103.926,America/Chicago,CST,-6,,,,,,,,,,,
North Dakota,ND,Casselton,,,,,,,,58012,46.90053,-97.2112,America/Chicago,CST,-6,,,,,,,,,,,
North Dakota,ND,Cathay,,,,,,,,58422,47.62895,-99.4049,America/Chicago,CST,-6,,,,,,,,,,,
North Dakota,ND,Cavalier,,,,,,,,58220,48.79388,-97.6223,America/Chicago,CST,-6,,,,,,,,,,,
North Dakota,ND,Cayuga,,,,,,,,58013,46.07413,-97.3843,America/Chicago,CST,-6,,,,,,,,,,,
North Dakota,ND,Center,,,,,,,,58530,47.14587,-101.159,America/North_Dakota/Center,CST,-6,,,,,,,,,,,
North Dakota,ND,Chaffee,,,,,,,,,46.77503,-97.3524,America/Chicago,CST,-6,,,,,,,,,,,
North Dakota,ND,Charbonneau,,,,,,,,,47.85335,-103.763,America/Chicago,CST,-6,,,,,,,,,,,
North Dakota,ND,Charlson,,,,,,,,,0,0,,,,,,,,,,,,,,
North Dakota,ND,Chase Lake,,,,,,,,,0,0,,,,,,,,,,,,,,
North Dakota,ND,Chaseley,,,,,,,,58423,47.46437,-99.8306,America/Chicago,CST,-6,,,,,,,,,,,
North Dakota,ND,Christine,,,,,,,,58015,46.59358,-96.8094,America/Chicago,CST,-6,,,,,,,,,,,
North Dakota,ND,Churchs Ferry,,,,,,,,58325,48.29,-99.0705,America/Chicago,CST,-6,,,,,,,,,,,
North Dakota,ND,Cleveland,,,,,,,,58424,46.89311,-99.1288,America/Chicago,CST,-6,,,,,,,,,,,
North Dakota,ND,Clifford,,,,,,,,58016,47.34804,-97.4106,America/Chicago,CST,-6,,,,,,,,,,,
North Dakota,ND,Clyde,,,,,,,,,48.77001,-98.899,America/Chicago,CST,-6,,,,,,,,,,,
North Dakota,ND,Cogswell,,,,,,,,58017,46.06593,-97.8207,America/Chicago,CST,-6,,,,,,,,,,,
North Dakota,ND,Coleharbor,,,,,,,,58531,47.58105,-101.143,America/Chicago,CST,-6,,,,,,,,,,,
North Dakota,ND,Colfax,,,,,,,,58018,46.45739,-96.8737,America/Chicago,CST,-6,,,,,,,,,,,
North Dakota,ND,Colgate,,,,,,,,,47.24471,-97.6565,America/Chicago,CST,-6,,,,,,,,,,,
North Dakota,ND,Columbus,,,,,,,,58727,48.9042,-102.78,America/Chicago,CST,-6,,,,,,,,,,,
North Dakota,ND,Concrete,,,,,,,,,48.74555,-97.9345,America/Chicago,CST,-6,,,,,,,,,,,
North Dakota,ND,Considine,,,,,,,,,48.61864,-102.113,America/Chicago,CST,-6,,,,,,,,,,,
North Dakota,ND,Conway,,,,,,,,,0,0,,,,,,,,,,,,,,
North Dakota,ND,Cooperstown,,,,,,,,58425,47.44444,-98.124,America/Chicago,CST,-6,,,,,,,,,,,
North Dakota,ND,Corinth,,,,,,,,,48.61253,-103.328,America/Chicago,CST,-6,,,,,,,,,,,
North Dakota,ND,Coteau,,,,,,,,,48.7567,-102.319,America/Chicago,CST,-6,,,,,,,,,,,
North Dakota,ND,Coulee,,,,,,,,,0,0,,,,,,,,,,,,,,
North Dakota,ND,Courtenay,,,,,,,,58426,47.19658,-98.5942,America/Chicago,CST,-6,,,,,,,,,,,
North Dakota,ND,Crary,,,,,,,,58327,48.09101,-98.5731,America/Chicago,CST,-6,,,,,,,,,,,
North Dakota,ND,Crete,,,,,,,,,0,0,,,,,,,,,,,,,,
North Dakota,ND,Crosby,,,,,,,,58730,48.92817,-103.297,America/Chicago,CST,-6,,,,,,,,,,,
North Dakota,ND,Cross Ranch State Park,,,,,,,,,0,0,,,,,,,,,,,,,,
North Dakota,ND,Crown Butte Lake,,,,,,,,,0,0,,,,,,,,,,,,,,
North Dakota,ND,Crystal,,,,,,,,58222,48.6449,-97.6333,America/Chicago,CST,-6,,,,,,,,,,,
North Dakota,ND,Crystal Springs,,,,,,,,,46.87832,-99.4757,America/Chicago,CST,-6,,,,,,,,,,,
North Dakota,ND,Cummings,,,,,,,,58223,47.45489,-97.1517,America/Chicago,CST,-6,,,,,,,,,,,
North Dakota,ND,Dahlen,,,,,,,,58224,48.16587,-97.9575,America/Chicago,CST,-6,,,,,,,,,,,
North Dakota,ND,Danzig,,,,,,,,,46.13803,-99.4748,America/Chicago,CST,-6,,,,,,,,,,,
North Dakota,ND,Davenport,,,,,,,,58021,46.73174,-97.0631,America/Chicago,CST,-6,,,,,,,,,,,
North Dakota,ND,Dawson,,,,,,,,58428,46.80673,-99.7724,America/Chicago,CST,-6,,,,,,,,,,,
North Dakota,ND,Dazey,,,,,,,,58429,47.18282,-98.1616,America/Chicago,CST,-6,,,,,,,,,,,
North Dakota,ND,De Lamere,,,,,,,,,46.26718,-97.3351,America/Chicago,CST,-6,,,,,,,,,,,
North Dakota,ND,Deering,,,,,,,,58731,48.49051,-100.962,America/Chicago,CST,-6,,,,,,,,,,,
North Dakota,ND,Denbigh,,,,,,,,,48.31528,-100.587,America/Chicago,CST,-6,,,,,,,,,,,
North Dakota,ND,Denhoff,,,,,,,,58430,47.52968,-100.272,America/Chicago,CST,-6,,,,,,,,,,,
North Dakota,ND,Derrick,,,,,,,,,0,0,,,,,,,,,,,,,,
North Dakota,ND,Des Lacs,,,,,,,,58733,48.25779,-101.564,America/Chicago,CST,-6,,,,,,,,,,,
North Dakota,ND,Devils Lake,,,,,,,,58301,48.1,-98.8667,America/Chicago,CST,-6,,,,,,,,,,,
North Dakota,ND,Dickey,,,,,,,,58431,46.47261,-98.5426,America/Chicago,CST,-6,,,,,,,,,,,
North Dakota,ND,Dickinson,,,,,,,,58602###58601,46.80572,-102.757,America/Denver,MST,-7,,,,,,,,,,,
North Dakota,ND,Dodge,,,,,,,,58625,47.30573,-102.203,America/Denver,MST,-7,,,,,,,,,,,
North Dakota,ND,Donnybrook,,,,,,,,58734,48.4956,-102.006,America/Chicago,CST,-6,,,,,,,,,,,
North Dakota,ND,Douglas,,,,,,,,58735,47.95264,-101.465,America/Chicago,CST,-6,,,,,,,,,,,
North Dakota,ND,Doyon,,,,,,,,,48.05278,-98.5368,America/Chicago,CST,-6,,,,,,,,,,,
North Dakota,ND,Drake,,,,,,,,58736,47.92417,-100.372,America/Chicago,CST,-6,,,,,,,,,,,
North Dakota,ND,Drayton,,,,,,,,58225,48.5711,-97.1779,America/Chicago,CST,-6,,,,,,,,,,,
North Dakota,ND,Dresden,,,,,,,,,0,0,,,,,,,,,,,,,,
North Dakota,ND,Driscoll,,,,,,,,58532,46.85114,-100.183,America/Chicago,CST,-6,,,,,,,,,,,
North Dakota,ND,Dunn Center,,,,,,,,58626,47.33634,-102.663,America/Denver,MST,-7,,,,,,,,,,,
North Dakota,ND,Dunseith,,,,,,,,58329,48.85608,-100.024,America/Chicago,CST,-6,,,,,,,,,,,
North Dakota,ND,Durbin,,,,,,,,,0,0,,,,,,,,,,,,,,
North Dakota,ND,Dwight,,,,,,,,,0,0,,,,,,,,,,,,,,
North Dakota,ND,East Fairview,,,,,,,,,47.85335,-104.04,America/Denver,MST,-7,,,,,,,,,,,
North Dakota,ND,Eckelson,,,,,,,,,46.89252,-98.3755,America/Chicago,CST,-6,,,,,,,,,,,
North Dakota,ND,Eckman,,,,,,,,,48.65808,-101.058,America/Chicago,CST,-6,,,,,,,,,,,
North Dakota,ND,Edgeley,,,,,,,,58433,46.41198,-98.7131,America/Chicago,CST,-6,,,,,,,,,,,
North Dakota,ND,Edinburg,,,,,,,,58227,48.49971,-97.8932,America/Chicago,CST,-6,,,,,,,,,,,
North Dakota,ND,Edmore,,,,,,,,58330,48.42261,-98.4996,America/Chicago,CST,-6,,,,,,,,,,,
North Dakota,ND,Edmunds,,,,,,,,,0,0,,,,,,,,,,,,,,
North Dakota,ND,Egeland,,,,,,,,58331,48.65291,-99.1232,America/Chicago,CST,-6,,,,,,,,,,,
North Dakota,ND,Eldridge,,,,,,,,,46.90249,-98.8518,America/Chicago,CST,-6,,,,,,,,,,,
North Dakota,ND,Elgin,,,,,,,,58533,46.36786,-101.756,America/Denver,MST,-7,,,,,,,,,,,
North Dakota,ND,Ellendale,,,,,,,,58436,46.10614,-98.6207,America/Chicago,CST,-6,,,,,,,,,,,
North Dakota,ND,Elliott,,,,,,,,,46.40219,-97.8148,America/Chicago,CST,-6,,,,,,,,,,,
North Dakota,ND,Embden,,,,,,,,,0,0,,,,,,,,,,,,,,
North Dakota,ND,Emerado,,,,,,,,58228,47.88968,-97.281,America/Chicago,CST,-6,,,,,,,,,,,
North Dakota,ND,Emmet,,,,,,,,,0,0,,,,,,,,,,,,,,
North Dakota,ND,Emrick,,,,,,,,,47.59472,-99.5121,America/Chicago,CST,-6,,,,,,,,,,,
North Dakota,ND,Enderlin,,,,,,,,58027,46.62303,-97.6015,America/Chicago,CST,-6,,,,,,,,,,,
North Dakota,ND,Englevale,,,,,,,,,0,0,,,,,,,,,,,,,,
North Dakota,ND,Epping,,,,,,,,58843,48.27636,-103.376,America/Chicago,CST,-6,,,,,,,,,,,
North Dakota,ND,Erie,,,,,,,,58029,47.11551,-97.3771,America/Chicago,CST,-6,,,,,,,,,,,
North Dakota,ND,Esmond,,,,,,,,58332,48.03584,-99.7621,America/Chicago,CST,-6,,,,,,,,,,,
North Dakota,ND,Fairdale,,,,,,,,58229,48.49083,-98.2312,America/Chicago,CST,-6,,,,,,,,,,,
North Dakota,ND,Fairfield,,,,,,,,58627,47.18946,-103.222,America/Denver,MST,-7,,,,,,,,,,,
North Dakota,ND,Fairmount,,,,,,,,58030,46.05496,-96.6023,America/Chicago,CST,-6,,,,,,,,,,,
North Dakota,ND,Falkirk,,,,,,,,,0,0,,,,,,,,,,,,,,
North Dakota,ND,Fargo,,,,,,,,58104###58126###58105###58103###58125###58106###58107###58108###58124###58121###58122###58109###58102,46.92709,-96.8347,America/Chicago,CST,-6,,,,,,,,,,,
North Dakota,ND,Fessenden,,,,,,,,58438,47.62505,-99.5643,America/Chicago,CST,-6,,,,,,,,,,,
North Dakota,ND,Fillmore,,,,,,,,,48.18028,-99.8007,America/Chicago,CST,-6,,,,,,,,,,,
North Dakota,ND,Fingal,,,,,,,,58031,46.7751,-97.7976,America/Chicago,CST,-6,,,,,,,,,,,
North Dakota,ND,Finley,,,,,,,,58230,47.51207,-97.8371,America/Chicago,CST,-6,,,,,,,,,,,
North Dakota,ND,Flasher,,,,,,,,58535,46.59981,-101.317,America/Denver,MST,-7,,,,,,,,,,,
North Dakota,ND,Flaxton,,,,,,,,58737,48.87718,-102.382,America/Chicago,CST,-6,,,,,,,,,,,
North Dakota,ND,Flora,,,,,,,,,0,0,,,,,,,,,,,,,,
North Dakota,ND,Forbes,,,,,,,,58439,46.0119,-98.8486,America/Chicago,CST,-6,,,,,,,,,,,
North Dakota,ND,Fordville,,,,,,,,58231,48.28195,-97.8278,America/Chicago,CST,-6,,,,,,,,,,,
North Dakota,ND,Forest River,,,,,,,,58233,48.21527,-97.4681,America/Chicago,CST,-6,,,,,,,,,,,
North Dakota,ND,Forman,,,,,,,,58032,46.05863,-97.6333,America/Chicago,CST,-6,,,,,,,,,,,
North Dakota,ND,Fort Clark,,,,,,,,,47.24,-101.252,America/North_Dakota/Center,CST,-6,,,,,,,,,,,
North Dakota,ND,Fort Ransom,,,,,,,,58033,46.44939,-97.9091,America/Chicago,CST,-6,,,,,,,,,,,
North Dakota,ND,Fort Rice,,,,,,,,,46.52611,-100.584,America/North_Dakota/New_Salem,CST,-6,,,,,,,,,,,
North Dakota,ND,Fort Totten,,,,,,,,58335,47.97168,-98.9933,America/Chicago,CST,-6,,,,,,,,,,,
North Dakota,ND,Fort Union Trading Post,,,,,,,,,0,0,,,,,,,,,,,,,,
North Dakota,ND,Fort Yates,,,,,,,,58538,46.17061,-100.711,America/Chicago,CST,-6,,,,,,,,,,,
North Dakota,ND,Fortuna,,,,,,,,58844,48.91003,-103.779,America/Chicago,CST,-6,,,,,,,,,,,
North Dakota,ND,Foxholm,,,,,,,,,48.36946,-101.571,America/Chicago,CST,-6,,,,,,,,,,,
North Dakota,ND,Fredonia,,,,,,,,58440,46.37014,-99.1733,America/Chicago,CST,-6,,,,,,,,,,,
North Dakota,ND,Frontier,,,,,,,,,46.80024,-96.8334,America/Chicago,CST,-6,,,,,,,,,,,
North Dakota,ND,Fryburg,,,,,,,,,46.87057,-103.303,America/Denver,MST,-7,,,,,,,,,,,
North Dakota,ND,Fullerton,,,,,,,,58441,46.17599,-98.3798,America/Chicago,CST,-6,,,,,,,,,,,
North Dakota,ND,Gackle,,,,,,,,58442,46.52245,-99.1731,America/Chicago,CST,-6,,,,,,,,,,,
North Dakota,ND,Galchutt,,,,,,,,,46.38746,-96.8095,America/Chicago,CST,-6,,,,,,,,,,,
North Dakota,ND,Galesburg,,,,,,,,58035,47.27045,-97.4082,America/Chicago,CST,-6,,,,,,,,,,,
North Dakota,ND,Gardar,,,,,,,,,48.58916,-97.874,America/Chicago,CST,-6,,,,,,,,,,,
North Dakota,ND,Gardena,,,,,,,,,48.70084,-100.498,America/Chicago,CST,-6,,,,,,,,,,,
North Dakota,ND,Gardner,,,,,,,,58036,47.15795,-96.9578,America/Chicago,CST,-6,,,,,,,,,,,
North Dakota,ND,Garrison,,,,,,,,58540,47.66752,-101.614,America/Chicago,CST,-6,,,,,,,,,,,
North Dakota,ND,Garske,,,,,,,,,0,0,,,,,,,,,,,,,,
North Dakota,ND,Gascoyne,,,,,,,,,0,0,,,,,,,,,,,,,,
North Dakota,ND,Geneseo,,,,,,,,,0,0,,,,,,,,,,,,,,
North Dakota,ND,George Lake,,,,,,,,,0,0,,,,,,,,,,,,,,
North Dakota,ND,Gilby,,,,,,,,58235,48.08583,-97.5141,America/Chicago,CST,-6,,,,,,,,,,,
North Dakota,ND,Gladstone,,,,,,,,58630,46.86084,-102.568,America/Denver,MST,-7,,,,,,,,,,,
North Dakota,ND,Glasston,,,,,,,,58236,48.72015,-97.4696,America/Chicago,CST,-6,,,,,,,,,,,
North Dakota,ND,Glen Ullin,,,,,,,,58631,46.81337,-101.823,America/North_Dakota/New_Salem,CST,-6,,,,,,,,,,,
North Dakota,ND,Glenburn,,,,,,,,58740,48.51307,-101.221,America/Chicago,CST,-6,,,,,,,,,,,
North Dakota,ND,Glenfield,,,,,,,,58443,47.45695,-98.6916,America/Chicago,CST,-6,,,,,,,,,,,
North Dakota,ND,Glover,,,,,,,,,0,0,,,,,,,,,,,,,,
North Dakota,ND,Golden Lake,,,,,,,,,47.45748,-96.8856,America/Chicago,CST,-6,,,,,,,,,,,
North Dakota,ND,Golden Valley,,,,,,,,58541,47.31254,-102.057,America/North_Dakota/Beulah,CST,-6,,,,,,,,,,,
North Dakota,ND,Golva,,,,,,,,58632,46.67223,-103.952,America/Denver,MST,-7,,,,,,,,,,,
North Dakota,ND,Goodrich,,,,,,,,58444,47.47953,-100.147,America/Chicago,CST,-6,,,,,,,,,,,
North Dakota,ND,Grace City,,,,,,,,58445,47.55139,-98.8054,America/Chicago,CST,-6,,,,,,,,,,,
North Dakota,ND,Grafton,,,,,,,,58237,48.36888,-97.4373,America/Chicago,CST,-6,,,,,,,,,,,
North Dakota,ND,Grand Forks,,,,,,,,58201###58202###58203###58206###58207###58208,47.86664,-97.1411,America/Chicago,CST,-6,,,,,,,,,,,
North Dakota,ND,Grand Forks Afb,,,,,,,,58204###58205,47.96791,-97.3675,America/Chicago,CST,-6,,,,,,,,,,,
North Dakota,ND,Grand Rapids,,,,,,,,,0,0,,,,,,,,,,,,,,
North Dakota,ND,Grandin,,,,,,,,58038,47.23692,-97.0015,America/Chicago,CST,-6,,,,,,,,,,,
North Dakota,ND,Grano,,,,,,,,,0,0,,,,,,,,,,,,,,
North Dakota,ND,Granville,,,,,,,,58741,48.26779,-100.843,America/Chicago,CST,-6,,,,,,,,,,,
North Dakota,ND,Grassy Butte,,,,,,,,58634,47.39529,-103.249,America/Denver,MST,-7,,,,,,,,,,,
North Dakota,ND,Great Bend,,,,,,,,,46.16043,-96.8435,America/Chicago,CST,-6,,,,,,,,,,,
North Dakota,ND,Green Lake,,,,,,,,,0,0,,,,,,,,,,,,,,
North Dakota,ND,Greene,,,,,,,,,0,0,,,,,,,,,,,,,,
North Dakota,ND,Grenora,,,,,,,,58845,48.5252,-103.918,America/Chicago,CST,-6,,,,,,,,,,,
North Dakota,ND,Griffin,,,,,,,,,46.18731,-103.434,America/Denver,MST,-7,,,,,,,,,,,
North Dakota,ND,Guelph,,,,,,,,,46.02275,-98.2359,America/Chicago,CST,-6,,,,,,,,,,,
North Dakota,ND,Gwinner,,,,,,,,58040,46.2258,-97.6626,America/Chicago,CST,-6,,,,,,,,,,,
North Dakota,ND,Hague,,,,,,,,58542,46.0286,-99.9957,America/Chicago,CST,-6,,,,,,,,,,,
North Dakota,ND,Halliday,,,,,,,,58636,47.35175,-102.337,America/Denver,MST,-7,,,,,,,,,,,
North Dakota,ND,Hamar,,,,,,,,,46.84776,-98.6715,America/Chicago,CST,-6,,,,,,,,,,,
North Dakota,ND,Hamberg,,,,,,,,,47.58737,-99.6677,America/Chicago,CST,-6,,,,,,,,,,,
North Dakota,ND,Hamilton,,,,,,,,58238,48.77872,-97.45,America/Chicago,CST,-6,,,,,,,,,,,
North Dakota,ND,Hamlet,,,,,,,,,0,0,,,,,,,,,,,,,,
North Dakota,ND,Hamlin,,,,,,,,,0,0,,,,,,,,,,,,,,
North Dakota,ND,Hampden,,,,,,,,58338,48.49995,-98.6444,America/Chicago,CST,-6,,,,,,,,,,,
North Dakota,ND,Hankinson,,,,,,,,58041,46.07342,-96.9247,America/Chicago,CST,-6,,,,,,,,,,,
North Dakota,ND,Hanks,,,,,,,,,0,0,,,,,,,,,,,,,,
North Dakota,ND,Hannaford,,,,,,,,58448,47.37862,-98.3502,America/Chicago,CST,-6,,,,,,,,,,,
North Dakota,ND,Hannah,,,,,,,,58239,48.97167,-98.6918,America/Chicago,CST,-6,,,,,,,,,,,
North Dakota,ND,Hannover,,,,,,,,,47.11139,-101.427,America/North_Dakota/Center,CST,-6,,,,,,,,,,,
North Dakota,ND,Hansboro,,,,,,,,58339,48.90006,-99.4278,America/Chicago,CST,-6,,,,,,,,,,,
North Dakota,ND,Harlow,,,,,,,,,0,0,,,,,,,,,,,,,,
North Dakota,ND,Hartland,,,,,,,,,48.49549,-101.68,America/Chicago,CST,-6,,,,,,,,,,,
North Dakota,ND,Harvey,,,,,,,,58341,47.70354,-99.7478,America/Chicago,CST,-6,,,,,,,,,,,
North Dakota,ND,Harwood,,,,,,,,58042,46.95651,-96.9654,America/Chicago,CST,-6,,,,,,,,,,,
North Dakota,ND,Hastings,,,,,,,,,0,0,,,,,,,,,,,,,,
North Dakota,ND,Hatton,,,,,,,,58240,47.63852,-97.4593,America/Chicago,CST,-6,,,,,,,,,,,
North Dakota,ND,Havana,,,,,,,,58043,45.97894,-97.5442,America/Chicago,CST,-6,,,,,,,,,,,
North Dakota,ND,Havelock,,,,,,,,,0,0,,,,,,,,,,,,,,
North Dakota,ND,Haynes,,,,,,,,,45.97417,-102.471,America/Denver,MST,-7,,,,,,,,,,,
North Dakota,ND,Hazelton,,,,,,,,58544,46.51722,-100.337,America/Chicago,CST,-6,,,,,,,,,,,
North Dakota,ND,Hazen,,,,,,,,58545,47.29445,-101.623,America/North_Dakota/Beulah,CST,-6,,,,,,,,,,,
North Dakota,ND,Heart Butte Dam,,,,,,,,,0,0,,,,,,,,,,,,,,
North Dakota,ND,Heaton,,,,,,,,,47.47833,-99.5479,America/Chicago,CST,-6,,,,,,,,,,,
North Dakota,ND,Hebron,,,,,,,,58638,46.84959,-101.972,America/North_Dakota/New_Salem,CST,-6,,,,,,,,,,,
North Dakota,ND,Heil,,,,,,,,,46.38751,-101.7,America/Denver,MST,-7,,,,,,,,,,,
North Dakota,ND,Heimdal,,,,,,,,,47.79278,-99.6451,America/Chicago,CST,-6,,,,,,,,,,,
North Dakota,ND,Hensel,,,,,,,,58241,48.72034,-97.6993,America/Chicago,CST,-6,,,,,,,,,,,
North Dakota,ND,Hensler,,,,,,,,,47.26027,-101.085,America/North_Dakota/Center,CST,-6,,,,,,,,,,,
North Dakota,ND,Herrick,,,,,,,,,0,0,,,,,,,,,,,,,,
North Dakota,ND,Hettinger,,,,,,,,58639,46.05779,-102.785,America/Denver,MST,-7,,,,,,,,,,,
North Dakota,ND,Hickson,,,,,,,,,0,0,,,,,,,,,,,,,,
North Dakota,ND,Hillsboro,,,,,,,,58045,47.38346,-97.0603,America/Chicago,CST,-6,,,,,,,,,,,
North Dakota,ND,Hirschville,,,,,,,,,0,0,,,,,,,,,,,,,,
North Dakota,ND,Holmes,,,,,,,,,0,0,,,,,,,,,,,,,,
North Dakota,ND,Honeyford,,,,,,,,,48.03332,-97.4706,America/Chicago,CST,-6,,,,,,,,,,,
North Dakota,ND,Hoople,,,,,,,,58243,48.49054,-97.677,America/Chicago,CST,-6,,,,,,,,,,,
North Dakota,ND,Hope,,,,,,,,58046,47.32373,-97.7134,America/Chicago,CST,-6,,,,,,,,,,,
North Dakota,ND,Horace,,,,,,,,58047,46.71015,-96.8851,America/Chicago,CST,-6,,,,,,,,,,,
North Dakota,ND,Horsehead Lake,,,,,,,,,0,0,,,,,,,,,,,,,,
North Dakota,ND,Huff,,,,,,,,,46.62388,-100.652,America/North_Dakota/New_Salem,CST,-6,,,,,,,,,,,
North Dakota,ND,Hull,,,,,,,,,46.0286,-100.125,America/Chicago,CST,-6,,,,,,,,,,,
North Dakota,ND,Hunter,,,,,,,,58048,47.19053,-97.217,America/Chicago,CST,-6,,,,,,,,,,,
North Dakota,ND,Hurdsfield,,,,,,,,58451,47.4728,-99.9372,America/Chicago,CST,-6,,,,,,,,,,,
North Dakota,ND,Inkster,,,,,,,,58244,48.10786,-97.6831,America/Chicago,CST,-6,,,,,,,,,,,
North Dakota,ND,Jamestown,,,,,,,,58405###58402###58401,46.92101,-98.7455,America/Chicago,CST,-6,,,,,,,,,,,
North Dakota,ND,Jessie,,,,,,,,58452,47.54222,-98.2382,America/Chicago,CST,-6,,,,,,,,,,,
North Dakota,ND,Johnsons Corner,,,,,,,,,0,0,,,,,,,,,,,,,,
North Dakota,ND,Johnstown,,,,,,,,,48.14416,-97.4701,America/Chicago,CST,-6,,,,,,,,,,,
North Dakota,ND,Joliette,,,,,,,,,0,0,,,,,,,,,,,,,,
North Dakota,ND,Juanita,,,,,,,,,47.50222,-98.684,America/Chicago,CST,-6,,,,,,,,,,,
North Dakota,ND,Jud,,,,,,,,58454,46.55108,-98.8667,America/Chicago,CST,-6,,,,,,,,,,,
North Dakota,ND,Judson,,,,,,,,,46.82639,-101.278,America/North_Dakota/New_Salem,CST,-6,,,,,,,,,,,
North Dakota,ND,Karlsruhe,,,,,,,,58744,48.09001,-100.62,America/Chicago,CST,-6,,,,,,,,,,,
North Dakota,ND,Kathryn,,,,,,,,58049,46.71768,-97.9763,America/Chicago,CST,-6,,,,,,,,,,,
North Dakota,ND,Keene,,,,,,,,58847,47.92697,-102.942,America/Chicago,CST,-6,,,,,,,,,,,
North Dakota,ND,Kelso,,,,,,,,,47.32303,-97.0295,America/Chicago,CST,-6,,,,,,,,,,,
North Dakota,ND,Kempton,,,,,,,,,0,0,,,,,,,,,,,,,,
North Dakota,ND,Kenmare,,,,,,,,58746,48.67475,-102.083,America/Chicago,CST,-6,,,,,,,,,,,
North Dakota,ND,Kensal,,,,,,,,58455,47.24014,-98.7535,America/Chicago,CST,-6,,,,,,,,,,,
North Dakota,ND,Kief,,,,,,,,,47.87685,-100.661,America/Chicago,CST,-6,,,,,,,,,,,
North Dakota,ND,Killdeer,,,,,,,,58640,47.37196,-102.754,America/Denver,MST,-7,,,,,,,,,,,
North Dakota,ND,Kindred,,,,,,,,58051,46.67353,-97.0506,America/Chicago,CST,-6,,,,,,,,,,,
North Dakota,ND,Kintyre,,,,,,,,58549,46.45504,-99.9696,America/Chicago,CST,-6,,,,,,,,,,,
North Dakota,ND,Kloten,,,,,,,,,47.45748,-96.8856,America/Chicago,CST,-6,,,,,,,,,,,
North Dakota,ND,Knox,,,,,,,,58343,48.30122,-99.6894,America/Chicago,CST,-6,,,,,,,,,,,
North Dakota,ND,Kramer,,,,,,,,58748,48.69774,-100.635,America/Chicago,CST,-6,,,,,,,,,,,
North Dakota,ND,Krueger Lake,,,,,,,,,0,0,,,,,,,,,,,,,,
North Dakota,ND,Kulm,,,,,,,,58456,46.30191,-98.9482,America/Chicago,CST,-6,,,,,,,,,,,
North Dakota,ND,La Moure,,,,,,,,,46.38438,-98.3587,America/Chicago,CST,-6,,,,,,,,,,,
North Dakota,ND,Lake Isabel,,,,,,,,,0,0,,,,,,,,,,,,,,
North Dakota,ND,Lake Williams,,,,,,,,,0,0,,,,,,,,,,,,,,
North Dakota,ND,Lakota,,,,,,,,58344,47.97197,-98.3246,America/Chicago,CST,-6,,,,,,,,,,,
North Dakota,ND,Lamars,,,,,,,,,0,0,,,,,,,,,,,,,,
North Dakota,ND,Landa,,,,,,,,,48.89669,-100.912,America/Chicago,CST,-6,,,,,,,,,,,
North Dakota,ND,Langdon,,,,,,,,58249,48.75368,-98.2886,America/Chicago,CST,-6,,,,,,,,,,,
North Dakota,ND,Lankin,,,,,,,,58250,48.31111,-97.9251,America/Chicago,CST,-6,,,,,,,,,,,
North Dakota,ND,Lansford,,,,,,,,58750,48.6346,-101.297,America/Chicago,CST,-6,,,,,,,,,,,
North Dakota,ND,Larimore,,,,,,,,58251,47.91153,-97.6264,America/Chicago,CST,-6,,,,,,,,,,,
North Dakota,ND,Lark,,,,,,,,,46.45306,-101.396,America/Denver,MST,-7,,,,,,,,,,,
North Dakota,ND,Larson,,,,,,,,,48.88975,-102.859,America/Chicago,CST,-6,,,,,,,,,,,
North Dakota,ND,Lawton,,,,,,,,58345,48.27515,-98.4383,America/Chicago,CST,-6,,,,,,,,,,,
North Dakota,ND,Leal,,,,,,,,,0,0,,,,,,,,,,,,,,
North Dakota,ND,Leeds,,,,,,,,58346,48.16531,-99.4325,America/Chicago,CST,-6,,,,,,,,,,,
North Dakota,ND,Lefor,,,,,,,,58641,46.68167,-102.56,America/Denver,MST,-7,,,,,,,,,,,
North Dakota,ND,Lehr,,,,,,,,58460,46.27969,-99.3523,America/Chicago,CST,-6,,,,,,,,,,,
North Dakota,ND,Leith,,,,,,,,,46.35834,-101.637,America/Denver,MST,-7,,,,,,,,,,,
North Dakota,ND,Leonard,,,,,,,,58052,46.65191,-97.2457,America/Chicago,CST,-6,,,,,,,,,,,
North Dakota,ND,Leroy,,,,,,,,,48.92333,-97.7526,America/Chicago,CST,-6,,,,,,,,,,,
North Dakota,ND,Lidgerwood,,,,,,,,58053,46.07552,-97.1518,America/Chicago,CST,-6,,,,,,,,,,,
North Dakota,ND,Lignite,,,,,,,,58752,48.8218,-102.612,America/Chicago,CST,-6,,,,,,,,,,,
North Dakota,ND,Lincoln,,,,,,,,,46.76249,-100.7,America/Chicago,CST,-6,,,,,,,,,,,
North Dakota,ND,Linton,,,,,,,,58552,46.18551,-100.233,America/Chicago,CST,-6,,,,,,,,,,,
North Dakota,ND,Lisbon,,,,,,,,58054,46.45597,-97.6369,America/Chicago,CST,-6,,,,,,,,,,,
North Dakota,ND,Litchville,,,,,,,,58461,46.71798,-98.1864,America/Chicago,CST,-6,,,,,,,,,,,
North Dakota,ND,Little Yellowstone,,,,,,,,,0,0,,,,,,,,,,,,,,
North Dakota,ND,Logan,,,,,,,,,0,0,,,,,,,,,,,,,,
North Dakota,ND,Logan Center,,,,,,,,,47.14587,-101.159,America/North_Dakota/Center,CST,-6,,,,,,,,,,,
North Dakota,ND,Loma,,,,,,,,,48.63028,-98.5329,America/Chicago,CST,-6,,,,,,,,,,,
North Dakota,ND,Loraine,,,,,,,,,0,0,,,,,,,,,,,,,,
North Dakota,ND,Lostwood,,,,,,,,,48.47558,-102.424,America/Chicago,CST,-6,,,,,,,,,,,
North Dakota,ND,Lucca,,,,,,,,,46.70692,-97.7198,America/Chicago,CST,-6,,,,,,,,,,,
North Dakota,ND,Ludden,,,,,,,,,46.00858,-98.1254,America/Chicago,CST,-6,,,,,,,,,,,
North Dakota,ND,Luverne,,,,,,,,58056,47.2511,-97.9348,America/Chicago,CST,-6,,,,,,,,,,,
North Dakota,ND,Maddock,,,,,,,,58348,47.99909,-99.5358,America/Chicago,CST,-6,,,,,,,,,,,
North Dakota,ND,Maida,,,,,,,,58255,48.77178,-98.4641,America/Chicago,CST,-6,,,,,,,,,,,
North Dakota,ND,Makoti,,,,,,,,58756,47.9572,-101.778,America/Chicago,CST,-6,,,,,,,,,,,
North Dakota,ND,Mandan,,,,,,,,58554,46.71312,-100.953,America/North_Dakota/New_Salem,CST,-6,,,,,,,,,,,
North Dakota,ND,Mandaree,,,,,,,,58757,47.73583,-102.675,America/Chicago,CST,-6,,,,,,,,,,,
North Dakota,ND,Manfred,,,,,,,,,47.69472,-99.7482,America/Chicago,CST,-6,,,,,,,,,,,
North Dakota,ND,Manning,,,,,,,,58642,47.23001,-102.77,America/Denver,MST,-7,,,,,,,,,,,
North Dakota,ND,Mantador,,,,,,,,58058,46.16038,-96.9694,America/Chicago,CST,-6,,,,,,,,,,,
North Dakota,ND,Manvel,,,,,,,,58256,48.10728,-97.2879,America/Chicago,CST,-6,,,,,,,,,,,
North Dakota,ND,Mapes,,,,,,,,,48.03111,-98.2273,America/Chicago,CST,-6,,,,,,,,,,,
North Dakota,ND,Mapleton,,,,,,,,58059,46.86142,-97.1157,America/Chicago,CST,-6,,,,,,,,,,,
North Dakota,ND,Marion,,,,,,,,58466,46.55138,-98.369,America/Chicago,CST,-6,,,,,,,,,,,
North Dakota,ND,Marmarth,,,,,,,,58643,46.29501,-103.921,America/Denver,MST,-7,,,,,,,,,,,
North Dakota,ND,Marshall,,,,,,,,58644,47.40209,-102.622,America/Denver,MST,-7,,,,,,,,,,,
North Dakota,ND,Martin,,,,,,,,58758,47.82667,-100.115,America/Chicago,CST,-6,,,,,,,,,,,
North Dakota,ND,Max,,,,,,,,58759,47.82111,-101.299,America/Chicago,CST,-6,,,,,,,,,,,
North Dakota,ND,Maxbass,,,,,,,,58760,48.73666,-101.198,America/Chicago,CST,-6,,,,,,,,,,,
North Dakota,ND,Mayville,,,,,,,,58257,47.48726,-97.3451,America/Chicago,CST,-6,,,,,,,,,,,
North Dakota,ND,Maza,,,,,,,,,48.395,-99.1999,America/Chicago,CST,-6,,,,,,,,,,,
North Dakota,ND,Mccanna,,,,,,,,,48.00583,-97.7101,America/Chicago,CST,-6,,,,,,,,,,,
North Dakota,ND,Mcclusky,,,,,,,,58463,47.50676,-100.417,America/Chicago,CST,-6,,,,,,,,,,,
North Dakota,ND,Mcgregor,,,,,,,,58755,48.5953,-102.928,America/Chicago,CST,-6,,,,,,,,,,,
North Dakota,ND,Mchenry,,,,,,,,58464,47.57611,-98.5915,America/Chicago,CST,-6,,,,,,,,,,,
North Dakota,ND,Mckenzie,,,,,,,,,46.87131,-100.402,America/Chicago,CST,-6,,,,,,,,,,,
North Dakota,ND,Mcleod,,,,,,,,58057,46.39358,-97.2995,America/Chicago,CST,-6,,,,,,,,,,,
North Dakota,ND,Mcville,,,,,,,,58254,47.76388,-98.1773,America/Chicago,CST,-6,,,,,,,,,,,
North Dakota,ND,Medina,,,,,,,,58467,46.89977,-99.3169,America/Chicago,CST,-6,,,,,,,,,,,
North Dakota,ND,Medora,,,,,,,,58645,46.9139,-103.524,America/Denver,MST,-7,,,,,,,,,,,
North Dakota,ND,Mekinock,,,,,,,,58258,48.00737,-97.4305,America/Chicago,CST,-6,,,,,,,,,,,
North Dakota,ND,Melville,,,,,,,,,47.33472,-99.0357,America/Chicago,CST,-6,,,,,,,,,,,
North Dakota,ND,Menoken,,,,,,,,58558,46.80845,-100.456,America/Chicago,CST,-6,,,,,,,,,,,
North Dakota,ND,Mercer,,,,,,,,58559,47.50182,-100.758,America/Chicago,CST,-6,,,,,,,,,,,
North Dakota,ND,Merricourt,,,,,,,,,46.20941,-98.7626,America/Chicago,CST,-6,,,,,,,,,,,
North Dakota,ND,Michigan,,,,,,,,58259,48.02036,-98.1186,America/Chicago,CST,-6,,,,,,,,,,,
North Dakota,ND,Millarton,,,,,,,,,46.66692,-98.7595,America/Chicago,CST,-6,,,,,,,,,,,
North Dakota,ND,Milnor,,,,,,,,58060,46.20066,-97.4772,America/Chicago,CST,-6,,,,,,,,,,,
North Dakota,ND,Milton,,,,,,,,58260,48.62486,-98.0429,America/Chicago,CST,-6,,,,,,,,,,,
North Dakota,ND,Minnewaukan,,,,,,,,58351,48.13002,-99.3898,America/Chicago,CST,-6,,,,,,,,,,,
North Dakota,ND,Minot,,,,,,,,58703###58702###58701###58707,48.08463,-101.419,America/Chicago,CST,-6,,,,,,,,,,,
North Dakota,ND,Minot AFB,,,,,,,,58704###58705,48.42429,-101.32,America/Chicago,CST,-6,,,,,,,,,,,
North Dakota,ND,Minot Air Force Base,,,,,,,,,48.14483,-101.326,America/Chicago,CST,-6,,,,,,,,,,,
North Dakota,ND,Minto,,,,,,,,58261,48.25997,-97.3144,America/Chicago,CST,-6,,,,,,,,,,,
North Dakota,ND,Moffit,,,,,,,,58560,46.67721,-100.291,America/Chicago,CST,-6,,,,,,,,,,,
North Dakota,ND,Mohall,,,,,,,,58761,48.72687,-101.606,America/Chicago,CST,-6,,,,,,,,,,,
North Dakota,ND,Monango,,,,,,,,,46.17275,-98.5945,America/Chicago,CST,-6,,,,,,,,,,,
North Dakota,ND,Montpelier,,,,,,,,58472,46.68161,-98.6604,America/Chicago,CST,-6,,,,,,,,,,,
North Dakota,ND,Mooreton,,,,,,,,58061,46.31504,-96.8611,America/Chicago,CST,-6,,,,,,,,,,,
North Dakota,ND,Mose,,,,,,,,,0,0,,,,,,,,,,,,,,
North Dakota,ND,Mott,,,,,,,,58646,46.36962,-102.327,America/Denver,MST,-7,,,,,,,,,,,
North Dakota,ND,Mount Carmel,,,,,,,,,48.935,-98.3868,America/Chicago,CST,-6,,,,,,,,,,,
North Dakota,ND,Mountain,,,,,,,,58262,48.6931,-97.8841,America/Chicago,CST,-6,,,,,,,,,,,
North Dakota,ND,Mud Buttes,,,,,,,,,0,0,,,,,,,,,,,,,,
North Dakota,ND,Munich,,,,,,,,58352,48.66937,-98.8355,America/Chicago,CST,-6,,,,,,,,,,,
North Dakota,ND,Mylo,,,,,,,,58353,48.63528,-99.6188,America/Chicago,CST,-6,,,,,,,,,,,
North Dakota,ND,Nanson,,,,,,,,,48.57389,-99.7799,America/Chicago,CST,-6,,,,,,,,,,,
North Dakota,ND,Napoleon,,,,,,,,58561,46.46486,-99.6568,America/Chicago,CST,-6,,,,,,,,,,,
North Dakota,ND,Nash,,,,,,,,,48.47055,-97.5131,America/Chicago,CST,-6,,,,,,,,,,,
North Dakota,ND,Neche,,,,,,,,58265,48.9861,-97.5548,America/Chicago,CST,-6,,,,,,,,,,,
North Dakota,ND,Nekoma,,,,,,,,58355,48.57722,-98.3704,America/Chicago,CST,-6,,,,,,,,,,,
North Dakota,ND,New England,,,,,,,,58647,46.53918,-102.868,America/Denver,MST,-7,,,,,,,,,,,
North Dakota,ND,New Hradec,,,,,,,,,46.99946,-102.884,America/Denver,MST,-7,,,,,,,,,,,
North Dakota,ND,New Johns Lake,,,,,,,,,0,0,,,,,,,,,,,,,,
North Dakota,ND,New Leipzig,,,,,,,,58562,46.38229,-101.962,America/Denver,MST,-7,,,,,,,,,,,
North Dakota,ND,New Rockford,,,,,,,,58356,47.71736,-98.8987,America/Chicago,CST,-6,,,,,,,,,,,
North Dakota,ND,New Salem,,,,,,,,58563,46.806,-101.429,America/North_Dakota/New_Salem,CST,-6,,,,,,,,,,,
North Dakota,ND,New Town,,,,,,,,58763,47.97176,-102.472,America/Chicago,CST,-6,,,,,,,,,,,
North Dakota,ND,Newburg,,,,,,,,58762,48.71502,-100.913,America/Chicago,CST,-6,,,,,,,,,,,
North Dakota,ND,Newville,,,,,,,,,0,0,,,,,,,,,,,,,,
North Dakota,ND,Niagara,,,,,,,,58266,48.01573,-97.8171,America/Chicago,CST,-6,,,,,,,,,,,
North Dakota,ND,Niobe,,,,,,,,,48.68892,-102.216,America/Chicago,CST,-6,,,,,,,,,,,
North Dakota,ND,Nome,,,,,,,,58062,46.6808,-97.787,America/Chicago,CST,-6,,,,,,,,,,,
North Dakota,ND,Noonan,,,,,,,,58765,48.92536,-103.071,America/Chicago,CST,-6,,,,,,,,,,,
North Dakota,ND,Norma,,,,,,,,,48.72891,-101.973,America/Chicago,CST,-6,,,,,,,,,,,
North Dakota,ND,North Lemmon,,,,,,,,,45.94611,-102.158,America/Denver,MST,-7,,,,,,,,,,,
North Dakota,ND,North River,,,,,,,,,46.94913,-96.8026,America/Chicago,CST,-6,,,,,,,,,,,
North Dakota,ND,Northgate,,,,,,,,,48.99085,-102.262,America/Chicago,CST,-6,,,,,,,,,,,
North Dakota,ND,Northwood,,,,,,,,58267,47.75911,-97.6038,America/Chicago,CST,-6,,,,,,,,,,,
North Dakota,ND,Nortonville,,,,,,,,,46.55831,-98.7387,America/Chicago,CST,-6,,,,,,,,,,,
North Dakota,ND,Norwich,,,,,,,,58768,48.26954,-100.95,America/Chicago,CST,-6,,,,,,,,,,,
North Dakota,ND,Oakdale,,,,,,,,,0,0,,,,,,,,,,,,,,
North Dakota,ND,Oakes,,,,,,,,58474,46.10949,-98.2257,America/Chicago,CST,-6,,,,,,,,,,,
North Dakota,ND,Oakwood,,,,,,,,,48.42693,-97.2954,America/Chicago,CST,-6,,,,,,,,,,,
North Dakota,ND,Oberon,,,,,,,,58357,47.94969,-99.1332,America/Chicago,CST,-6,,,,,,,,,,,
North Dakota,ND,Olga,,,,,,,,,48.79833,-98.0379,America/Chicago,CST,-6,,,,,,,,,,,
North Dakota,ND,Omemee,,,,,,,,,0,0,,,,,,,,,,,,,,
North Dakota,ND,Oriska,,,,,,,,58063,46.96479,-97.7893,America/Chicago,CST,-6,,,,,,,,,,,
North Dakota,ND,Orr,,,,,,,,,48.09333,-97.6754,America/Chicago,CST,-6,,,,,,,,,,,
North Dakota,ND,Orrin,,,,,,,,,48.08954,-100.164,America/Chicago,CST,-6,,,,,,,,,,,
North Dakota,ND,Osnabrock,,,,,,,,58269,48.66889,-98.1512,America/Chicago,CST,-6,,,,,,,,,,,
North Dakota,ND,Overly,,,,,,,,,48.68194,-100.15,America/Chicago,CST,-6,,,,,,,,,,,
North Dakota,ND,Oxbow,,,,,,,,,46.66996,-96.8004,America/Chicago,CST,-6,,,,,,,,,,,
North Dakota,ND,Page,,,,,,,,58064,47.15971,-97.5712,America/Chicago,CST,-6,,,,,,,,,,,
North Dakota,ND,Palermo,,,,,,,,58769,48.2847,-102.257,America/Chicago,CST,-6,,,,,,,,,,,
North Dakota,ND,Park River,,,,,,,,58270,48.42041,-97.7748,America/Chicago,CST,-6,,,,,,,,,,,
North Dakota,ND,Parshall,,,,,,,,58770,47.94616,-102.103,America/Chicago,CST,-6,,,,,,,,,,,
North Dakota,ND,Pekin,,,,,,,,58361,47.79849,-98.365,America/Chicago,CST,-6,,,,,,,,,,,
North Dakota,ND,Pembina,,,,,,,,58271,48.85897,-97.2886,America/Chicago,CST,-6,,,,,,,,,,,
North Dakota,ND,Penn,,,,,,,,58362,48.22167,-99.089,America/Chicago,CST,-6,,,,,,,,,,,
North Dakota,ND,Perth,,,,,,,,58363,48.75462,-99.4384,America/Chicago,CST,-6,,,,,,,,,,,
North Dakota,ND,Petersburg,,,,,,,,58272,48.00598,-98.0002,America/Chicago,CST,-6,,,,,,,,,,,
North Dakota,ND,Pettibone,,,,,,,,58475,47.15392,-99.5842,America/Chicago,CST,-6,,,,,,,,,,,
North Dakota,ND,Pick City,,,,,,,,,47.51139,-101.454,America/North_Dakota/Beulah,CST,-6,,,,,,,,,,,
North Dakota,ND,Pillsbury,,,,,,,,58065,47.20693,-97.7907,America/Chicago,CST,-6,,,,,,,,,,,
North Dakota,ND,Pingree,,,,,,,,58476,47.20385,-99.0144,America/Chicago,CST,-6,,,,,,,,,,,
North Dakota,ND,Pisek,,,,,,,,58273,48.3239,-97.8144,America/Chicago,CST,-6,,,,,,,,,,,
North Dakota,ND,Plaza,,,,,,,,58771,48.06574,-102.03,America/Chicago,CST,-6,,,,,,,,,,,
North Dakota,ND,Pleasant Lake,,,,,,,,,0,0,,,,,,,,,,,,,,
North Dakota,ND,Poland,,,,,,,,,0,0,,,,,,,,,,,,,,
North Dakota,ND,Porcupine,,,,,,,,,0,0,,,,,,,,,,,,,,
North Dakota,ND,Portal,,,,,,,,58772,48.95377,-102.623,America/Chicago,CST,-6,,,,,,,,,,,
North Dakota,ND,Portland,,,,,,,,58274,47.49832,-97.3704,America/Chicago,CST,-6,,,,,,,,,,,
North Dakota,ND,Powers Lake,,,,,,,,58773,48.65509,-102.679,America/Chicago,CST,-6,,,,,,,,,,,
North Dakota,ND,Prairie Knights Resort,,,,,,,,,0,0,,,,,,,,,,,,,,
North Dakota,ND,Prairie Rose,,,,,,,,,46.81719,-96.8348,America/Chicago,CST,-6,,,,,,,,,,,
North Dakota,ND,Pretty Butte,,,,,,,,,47.69365,-100.692,America/Chicago,CST,-6,,,,,,,,,,,
North Dakota,ND,Price,,,,,,,,,47.08583,-100.942,America/North_Dakota/Center,CST,-6,,,,,,,,,,,
North Dakota,ND,Prosper,,,,,,,,,46.96303,-97.0198,America/Chicago,CST,-6,,,,,,,,,,,
North Dakota,ND,Raleigh,,,,,,,,58564,46.26713,-101.372,America/Denver,MST,-7,,,,,,,,,,,
North Dakota,ND,Raub,,,,,,,,,0,0,,,,,,,,,,,,,,
North Dakota,ND,Rawson,,,,,,,,,47.81946,-103.541,America/Chicago,CST,-6,,,,,,,,,,,
North Dakota,ND,Ray,,,,,,,,58849,48.3217,-103.165,America/Chicago,CST,-6,,,,,,,,,,,
North Dakota,ND,Red Willow Lake,,,,,,,,,0,0,,,,,,,,,,,,,,
North Dakota,ND,Reeder,,,,,,,,58649,46.10584,-102.945,America/Denver,MST,-7,,,,,,,,,,,
North Dakota,ND,Regan,,,,,,,,58477,47.15805,-100.528,America/Chicago,CST,-6,,,,,,,,,,,
North Dakota,ND,Regent,,,,,,,,58650,46.41866,-102.562,America/Denver,MST,-7,,,,,,,,,,,
North Dakota,ND,Reile'S Acres,,,,,,,,,46.92247,-96.8629,America/Chicago,CST,-6,,,,,,,,,,,
North Dakota,ND,Revere,,,,,,,,,0,0,,,,,,,,,,,,,,
North Dakota,ND,Reynolds,,,,,,,,58275,47.6722,-97.1068,America/Chicago,CST,-6,,,,,,,,,,,
North Dakota,ND,Rhame,,,,,,,,58651,46.23251,-103.655,America/Denver,MST,-7,,,,,,,,,,,
North Dakota,ND,Rice Lake,,,,,,,,,48.27208,-102.548,America/Chicago,CST,-6,,,,,,,,,,,
North Dakota,ND,Richardton,,,,,,,,58652,46.82053,-102.265,America/Denver,MST,-7,,,,,,,,,,,
North Dakota,ND,Riverdale,,,,,,,,58565,47.4975,-101.371,America/Chicago,CST,-6,,,,,,,,,,,
North Dakota,ND,Robinson,,,,,,,,58478,47.14277,-99.7812,America/Chicago,CST,-6,,,,,,,,,,,
North Dakota,ND,Rocklake,,,,,,,,58365,48.84455,-99.2631,America/Chicago,CST,-6,,,,,,,,,,,
North Dakota,ND,Rogers,,,,,,,,58479,47.07409,-98.2136,America/Chicago,CST,-6,,,,,,,,,,,
North Dakota,ND,Rolette,,,,,,,,58366,48.70089,-99.8785,America/Chicago,CST,-6,,,,,,,,,,,
North Dakota,ND,Rolla,,,,,,,,58367,48.85778,-99.6179,America/Chicago,CST,-6,,,,,,,,,,,
North Dakota,ND,Roseglen,,,,,,,,58775,47.68186,-101.867,America/Chicago,CST,-6,,,,,,,,,,,
North Dakota,ND,Roseville,,,,,,,,,0,0,,,,,,,,,,,,,,
North Dakota,ND,Ross,,,,,,,,58776,48.27208,-102.548,America/Chicago,CST,-6,,,,,,,,,,,
North Dakota,ND,Roth,,,,,,,,,48.9078,-100.803,America/Chicago,CST,-6,,,,,,,,,,,
North Dakota,ND,Rugby,,,,,,,,58368,48.2545,-99.9899,America/Chicago,CST,-6,,,,,,,,,,,
North Dakota,ND,Ruso,,,,,,,,58778,47.74658,-100.931,America/Chicago,CST,-6,,,,,,,,,,,
North Dakota,ND,Russell,,,,,,,,,48.67141,-100.902,America/Chicago,CST,-6,,,,,,,,,,,
North Dakota,ND,Rutland,,,,,,,,58067,46.03697,-97.4311,America/Chicago,CST,-6,,,,,,,,,,,
North Dakota,ND,Ryder,,,,,,,,58779,47.97882,-101.668,America/Chicago,CST,-6,,,,,,,,,,,
North Dakota,ND,Sanborn,,,,,,,,58480,46.89262,-98.259,America/Chicago,CST,-6,,,,,,,,,,,
North Dakota,ND,Sanger,,,,,,,,,47.17971,-100.995,America/North_Dakota/Center,CST,-6,,,,,,,,,,,
North Dakota,ND,Sarles,,,,,,,,58372,48.94584,-98.996,America/Chicago,CST,-6,,,,,,,,,,,
North Dakota,ND,Sather Dam,,,,,,,,,0,0,,,,,,,,,,,,,,
North Dakota,ND,Sawyer,,,,,,,,58781,48.08973,-101.054,America/Chicago,CST,-6,,,,,,,,,,,
North Dakota,ND,Schefield,,,,,,,,,46.5189,-102.936,America/Denver,MST,-7,,,,,,,,,,,
North Dakota,ND,Scranton,,,,,,,,58653,46.14806,-103.143,America/Denver,MST,-7,,,,,,,,,,,
North Dakota,ND,Selfridge,,,,,,,,58568,46.04139,-100.925,America/Chicago,CST,-6,,,,,,,,,,,
North Dakota,ND,Selz,,,,,,,,,47.85723,-99.8918,America/Chicago,CST,-6,,,,,,,,,,,
North Dakota,ND,Sentinel Butte,,,,,,,,58654,46.84763,-103.875,America/Denver,MST,-7,,,,,,,,,,,
North Dakota,ND,Sharon,,,,,,,,58277,47.59721,-97.894,America/Chicago,CST,-6,,,,,,,,,,,
North Dakota,ND,Sheldon,,,,,,,,58068,46.52148,-97.4163,America/Chicago,CST,-6,,,,,,,,,,,
North Dakota,ND,Shell Valley,,,,,,,,,0,0,,,,,,,,,,,,,,
North Dakota,ND,Sherbrooke,,,,,,,,,0,0,,,,,,,,,,,,,,
North Dakota,ND,Sherwood,,,,,,,,58782,48.96002,-101.633,America/Chicago,CST,-6,,,,,,,,,,,
North Dakota,ND,Sheyenne,,,,,,,,58374,47.76127,-98.91,America/Chicago,CST,-6,,,,,,,,,,,
North Dakota,ND,Sheyenne Lake,,,,,,,,,0,0,,,,,,,,,,,,,,
North Dakota,ND,Shields,,,,,,,,58569,46.24466,-101.219,America/Denver,MST,-7,,,,,,,,,,,
North Dakota,ND,Sibley,,,,,,,,,47.21721,-97.9645,America/Chicago,CST,-6,,,,,,,,,,,
North Dakota,ND,Silva,,,,,,,,,48.16889,-99.9185,America/Chicago,CST,-6,,,,,,,,,,,
North Dakota,ND,Simcoe,,,,,,,,,48.1564,-100.867,America/Chicago,CST,-6,,,,,,,,,,,
North Dakota,ND,Skaar,,,,,,,,,0,0,,,,,,,,,,,,,,
North Dakota,ND,Solen,,,,,,,,58570,46.36559,-100.783,America/Chicago,CST,-6,,,,,,,,,,,
North Dakota,ND,Sonora,,,,,,,,,0,0,,,,,,,,,,,,,,
North Dakota,ND,Souris,,,,,,,,58783,48.87384,-100.736,America/Chicago,CST,-6,,,,,,,,,,,
North Dakota,ND,South Fairfield,,,,,,,,,47.18946,-103.222,America/Denver,MST,-7,,,,,,,,,,,
North Dakota,ND,South Heart,,,,,,,,58655,46.76769,-103.072,America/Denver,MST,-7,,,,,,,,,,,
North Dakota,ND,Southam,,,,,,,,,48.15834,-98.5521,America/Chicago,CST,-6,,,,,,,,,,,
North Dakota,ND,Spiritwood,,,,,,,,58481,46.98652,-98.5219,America/Chicago,CST,-6,,,,,,,,,,,
North Dakota,ND,Spiritwood Lake,,,,,,,,,47.07471,-98.5876,America/Chicago,CST,-6,,,,,,,,,,,
North Dakota,ND,Spring Brook,,,,,,,,,48.25252,-103.459,America/Chicago,CST,-6,,,,,,,,,,,
North Dakota,ND,St Michael,,,,,,,,,47.9856,-98.8493,America/Chicago,CST,-6,,,,,,,,,,,
North Dakota,ND,St. Anthony,,,,,,,,,46.61694,-100.913,America/North_Dakota/New_Salem,CST,-6,,,,,,,,,,,
North Dakota,ND,St. Gertrude,,,,,,,,,46.28445,-101.329,America/Denver,MST,-7,,,,,,,,,,,
North Dakota,ND,St. John,,,,,,,,,48.94445,-99.711,America/Chicago,CST,-6,,,,,,,,,,,
North Dakota,ND,St. Thomas,,,,,,,,,48.63037,-97.4711,America/Chicago,CST,-6,,,,,,,,,,,
North Dakota,ND,Stanley,,,,,,,,58784,48.34577,-102.418,America/Chicago,CST,-6,,,,,,,,,,,
North Dakota,ND,Stanton,,,,,,,,58571,47.37726,-101.395,America/North_Dakota/Beulah,CST,-6,,,,,,,,,,,
North Dakota,ND,Starkweather,,,,,,,,58377,48.44932,-98.7606,America/Chicago,CST,-6,,,,,,,,,,,
North Dakota,ND,Steele,,,,,,,,58482,46.87597,-99.799,America/Chicago,CST,-6,,,,,,,,,,,
North Dakota,ND,Sterling,,,,,,,,58572,46.87607,-100.277,America/Chicago,CST,-6,,,,,,,,,,,
North Dakota,ND,Stiles,,,,,,,,,0,0,,,,,,,,,,,,,,
North Dakota,ND,Stirum,,,,,,,,58069,46.21024,-97.8065,America/Chicago,CST,-6,,,,,,,,,,,
North Dakota,ND,Strasburg,,,,,,,,58573,46.08039,-100.224,America/Chicago,CST,-6,,,,,,,,,,,
North Dakota,ND,Straubville,,,,,,,,,46.04386,-97.9001,America/Chicago,CST,-6,,,,,,,,,,,
North Dakota,ND,Strawberry Lake,,,,,,,,,0,0,,,,,,,,,,,,,,
North Dakota,ND,Streeter,,,,,,,,58483,46.71833,-99.3443,America/Chicago,CST,-6,,,,,,,,,,,
North Dakota,ND,Stump Lake,,,,,,,,,0,0,,,,,,,,,,,,,,
North Dakota,ND,Sunset Butte,,,,,,,,,47.69365,-100.692,America/Chicago,CST,-6,,,,,,,,,,,
North Dakota,ND,Surrey,,,,,,,,58785,48.29093,-101.112,America/Chicago,CST,-6,,,,,,,,,,,
North Dakota,ND,Sutton,,,,,,,,58484,47.40194,-98.4393,America/Chicago,CST,-6,,,,,,,,,,,
North Dakota,ND,Sweet Briar Lake,,,,,,,,,0,0,,,,,,,,,,,,,,
North Dakota,ND,Sydney,,,,,,,,,46.73082,-98.7698,America/Chicago,CST,-6,,,,,,,,,,,
North Dakota,ND,Sykeston,,,,,,,,58486,47.42118,-99.4048,America/Chicago,CST,-6,,,,,,,,,,,
North Dakota,ND,Tagus,,,,,,,,,48.34641,-101.934,America/Chicago,CST,-6,,,,,,,,,,,
North Dakota,ND,Tappen,,,,,,,,58487,46.80627,-99.5942,America/Chicago,CST,-6,,,,,,,,,,,
North Dakota,ND,Taylor,,,,,,,,58656,46.90056,-102.425,America/Denver,MST,-7,,,,,,,,,,,
North Dakota,ND,Temvik,,,,,,,,,46.36971,-100.258,America/Chicago,CST,-6,,,,,,,,,,,
North Dakota,ND,Thompson,,,,,,,,58278,47.78585,-97.347,America/Chicago,CST,-6,,,,,,,,,,,
North Dakota,ND,Thorne,,,,,,,,,48.73917,-99.9315,America/Chicago,CST,-6,,,,,,,,,,,
North Dakota,ND,Three V Crossing,,,,,,,,,0,0,,,,,,,,,,,,,,
North Dakota,ND,Tioga,,,,,,,,58852,48.36462,-102.958,America/Chicago,CST,-6,,,,,,,,,,,
North Dakota,ND,Tokio,,,,,,,,58379,47.92472,-98.8162,America/Chicago,CST,-6,,,,,,,,,,,
North Dakota,ND,Tolley,,,,,,,,58787,48.7594,-101.862,America/Chicago,CST,-6,,,,,,,,,,,
North Dakota,ND,Tolna,,,,,,,,58380,47.84621,-98.4512,America/Chicago,CST,-6,,,,,,,,,,,
North Dakota,ND,Tower City,,,,,,,,58071,46.94924,-97.6261,America/Chicago,CST,-6,,,,,,,,,,,
North Dakota,ND,Towner,,,,,,,,58788,48.36364,-100.485,America/Chicago,CST,-6,,,,,,,,,,,
North Dakota,ND,Trenton,,,,,,,,58853,48.07058,-103.837,America/Chicago,CST,-6,,,,,,,,,,,
North Dakota,ND,Trotters,,,,,,,,,47.32307,-103.918,America/Denver,MST,-7,,,,,,,,,,,
North Dakota,ND,Turtle Lake,,,,,,,,58575,47.50143,-100.896,America/Chicago,CST,-6,,,,,,,,,,,
North Dakota,ND,Tuttle,,,,,,,,58488,47.13216,-99.9705,America/Chicago,CST,-6,,,,,,,,,,,
North Dakota,ND,Twin Buttes,,,,,,,,,47.5164,-102.246,America/Denver,MST,-7,,,,,,,,,,,
North Dakota,ND,Underwood,,,,,,,,58576,47.4459,-101.217,America/Chicago,CST,-6,,,,,,,,,,,
North Dakota,ND,Union,,,,,,,,,48.55777,-97.949,America/Chicago,CST,-6,,,,,,,,,,,
North Dakota,ND,Upham,,,,,,,,58789,48.58167,-100.728,America/Chicago,CST,-6,,,,,,,,,,,
North Dakota,ND,Urbana,,,,,,,,,46.93443,-98.4118,America/Chicago,CST,-6,,,,,,,,,,,
North Dakota,ND,Valley City,,,,,,,,58072,46.97229,-98.0075,America/Chicago,CST,-6,,,,,,,,,,,
North Dakota,ND,Van Hook Park,,,,,,,,,0,0,,,,,,,,,,,,,,
North Dakota,ND,Vang,,,,,,,,,0,0,,,,,,,,,,,,,,
North Dakota,ND,Velva,,,,,,,,58790,48.05612,-100.929,America/Chicago,CST,-6,,,,,,,,,,,
North Dakota,ND,Venlo,,,,,,,,,0,0,,,,,,,,,,,,,,
North Dakota,ND,Venturia,,,,,,,,,46.02798,-99.6498,America/Chicago,CST,-6,,,,,,,,,,,
North Dakota,ND,Verona,,,,,,,,58490,46.39871,-98.0994,America/Chicago,CST,-6,,,,,,,,,,,
North Dakota,ND,Veseleyville,,,,,,,,,48.32527,-97.5573,America/Chicago,CST,-6,,,,,,,,,,,
North Dakota,ND,Voltaire,,,,,,,,58792,47.98605,-100.799,America/Chicago,CST,-6,,,,,,,,,,,
North Dakota,ND,Voss,,,,,,,,,48.29638,-97.4554,America/Chicago,CST,-6,,,,,,,,,,,
North Dakota,ND,Wahpeton,,,,,,,,58074###58076###58075,46.28329,-96.9176,America/Chicago,CST,-6,,,,,,,,,,,
North Dakota,ND,Walcott,,,,,,,,58077,46.44592,-97.0137,America/Chicago,CST,-6,,,,,,,,,,,
North Dakota,ND,Wales,,,,,,,,58281,48.89584,-98.6026,America/Chicago,CST,-6,,,,,,,,,,,
North Dakota,ND,Walhalla,,,,,,,,58282,48.8808,-97.7974,America/Chicago,CST,-6,,,,,,,,,,,
North Dakota,ND,Walum,,,,,,,,,47.26971,-98.1945,America/Chicago,CST,-6,,,,,,,,,,,
North Dakota,ND,Warsaw,,,,,,,,,48.2961,-97.2548,America/Chicago,CST,-6,,,,,,,,,,,
North Dakota,ND,Warwick,,,,,,,,58381,47.91013,-98.7589,America/Chicago,CST,-6,,,,,,,,,,,
North Dakota,ND,Washburn,,,,,,,,58577,47.28916,-101.029,America/Chicago,CST,-6,,,,,,,,,,,
North Dakota,ND,Watford City,,,,,,,,58854,47.80291,-103.267,America/Chicago,CST,-6,,,,,,,,,,,
North Dakota,ND,Webster,,,,,,,,58382,48.31701,-98.8005,America/Chicago,CST,-6,,,,,,,,,,,
North Dakota,ND,Wellsburg,,,,,,,,,47.83167,-99.7615,America/Chicago,CST,-6,,,,,,,,,,,
North Dakota,ND,West Fargo,,,,,,,,58078,46.89069,-96.9258,America/Chicago,CST,-6,,,,,,,,,,,
North Dakota,ND,Westfield,,,,,,,,,46.02944,-100.202,America/Chicago,CST,-6,,,,,,,,,,,
North Dakota,ND,Westhope,,,,,,,,58793,48.90946,-101.021,America/Chicago,CST,-6,,,,,,,,,,,
North Dakota,ND,Wheatland,,,,,,,,58079,46.83262,-97.3461,America/Chicago,CST,-6,,,,,,,,,,,
North Dakota,ND,Wheelock,,,,,,,,,48.29641,-103.252,America/Chicago,CST,-6,,,,,,,,,,,
North Dakota,ND,White Earth,,,,,,,,58794,48.29935,-102.77,America/Chicago,CST,-6,,,,,,,,,,,
North Dakota,ND,White Shield,,,,,,,,,47.66139,-101.845,America/Chicago,CST,-6,,,,,,,,,,,
North Dakota,ND,Whitman,,,,,,,,,48.15861,-98.1198,America/Chicago,CST,-6,,,,,,,,,,,
North Dakota,ND,Wild Rice,,,,,,,,,46.74635,-96.8095,America/Chicago,CST,-6,,,,,,,,,,,
North Dakota,ND,Wildrose,,,,,,,,58795,48.56781,-103.154,America/Chicago,CST,-6,,,,,,,,,,,
North Dakota,ND,Williston,,,,,,,,58802###58801,48.22573,-103.649,America/Chicago,CST,-6,,,,,,,,,,,
North Dakota,ND,Willow City,,,,,,,,58384,48.66061,-100.352,America/Chicago,CST,-6,,,,,,,,,,,
North Dakota,ND,Wilton,,,,,,,,58579,47.1586,-100.783,America/Chicago,CST,-6,,,,,,,,,,,
North Dakota,ND,Wimbledon,,,,,,,,58492,47.11008,-98.3974,America/Chicago,CST,-6,,,,,,,,,,,
North Dakota,ND,Windsor,,,,,,,,,46.89638,-99.0429,America/Chicago,CST,-6,,,,,,,,,,,
North Dakota,ND,Wing,,,,,,,,58494,47.15792,-100.295,America/Chicago,CST,-6,,,,,,,,,,,
North Dakota,ND,Wishek,,,,,,,,58495,46.19172,-99.6131,America/Chicago,CST,-6,,,,,,,,,,,
North Dakota,ND,Wolford,,,,,,,,58385,48.46528,-99.6457,America/Chicago,CST,-6,,,,,,,,,,,
North Dakota,ND,Wolseth,,,,,,,,,48.44641,-101.124,America/Chicago,CST,-6,,,,,,,,,,,
North Dakota,ND,Woodworth,,,,,,,,58496,47.15372,-99.2598,America/Chicago,CST,-6,,,,,,,,,,,
North Dakota,ND,Wyndmere,,,,,,,,58081,46.38402,-97.1141,America/Chicago,CST,-6,,,,,,,,,,,
North Dakota,ND,York,,,,,,,,58386,48.25648,-99.6025,America/Chicago,CST,-6,,,,,,,,,,,
North Dakota,ND,Ypsilanti,,,,,,,,58497,46.7687,-98.5651,America/Chicago,CST,-6,,,,,,,,,,,
North Dakota,ND,Zahl,,,,,,,,58856,48.53224,-103.772,America/Chicago,CST,-6,,,,,,,,,,,
North Dakota,ND,Zap,,,,,,,,58580,47.26309,-101.929,America/North_Dakota/Beulah,CST,-6,,,,,,,,,,,
North Dakota,ND,Zeeland,,,,,,,,58581,46.06437,-99.786,America/Chicago,CST,-6,,,,,,,,,,,
