Ohio,OH,Abanaka,,,,,,,,,0,0,,,,,,,,,,,,,,
Ohio,OH,Aberdeen,,,,,,,,45101,38.69353,-83.7408,America/New_York,EST,-5,,,,,,,,,,,
Ohio,OH,Ada,,,,,,,,45810,40.7695,-83.8227,America/New_York,EST,-5,,,,,,,,,,,
Ohio,OH,Adamsville,,,,,,,,43802,40.09077,-81.8552,America/New_York,EST,-5,,,,,,,,,,,
Ohio,OH,Addyston,,,,,,,,45001,39.13516,-84.7098,America/New_York,EST,-5,,,,,,,,,,,
Ohio,OH,Adelphi,,,,,,,,43101,39.46673,-82.7471,America/New_York,EST,-5,,,,,,,,,,,
Ohio,OH,Adena,,,,,,,,43901,40.21868,-80.8729,America/New_York,EST,-5,,,,,,,,,,,
Ohio,OH,Akron,,,,,,,,44317###44319###44320###44321###44325###44328###44333###44372###44396###44398###44305###44316###44315###44314###44301###44302###44303###44304###44306###44307###44308###44311###44309###44326###44313###44310###44312,41.04349,-81.524,America/New_York,EST,-5,,,,,,,,,,,
Ohio,OH,Albany,,,,,,,,45710,39.24082,-82.1771,America/New_York,EST,-5,,,,,,,,,,,
Ohio,OH,Alexandria,,,,,,,,43001,40.10051,-82.6124,America/New_York,EST,-5,,,,,,,,,,,
Ohio,OH,Alger,,,,,,,,45812,40.67919,-83.7956,America/New_York,EST,-5,,,,,,,,,,,
Ohio,OH,Alliance,,,,,,,,44601,40.91534,-81.1059,America/New_York,EST,-5,,,,,,,,,,,
Ohio,OH,Alvordton,,,,,,,,43501,41.66588,-84.4369,America/New_York,EST,-5,,,,,,,,,,,
Ohio,OH,Amanda,,,,,,,,43102,39.64951,-82.7443,America/New_York,EST,-5,,,,,,,,,,,
Ohio,OH,Amberley,,,,,,,,,0,0,,,,,,,,,,,,,,
Ohio,OH,Amelia,,,,,,,,45102,39.01482,-84.2059,America/New_York,EST,-5,,,,,,,,,,,
Ohio,OH,Amesville,,,,,,,,45711,39.41074,-81.9364,America/New_York,EST,-5,,,,,,,,,,,
Ohio,OH,Amherst,,,,,,,,44001,41.36175,-82.2538,America/New_York,EST,-5,,,,,,,,,,,
Ohio,OH,Amsterdam,,,,,,,,43903,40.47213,-80.9733,America/New_York,EST,-5,,,,,,,,,,,
Ohio,OH,Andover,,,,,,,,44003,41.60672,-80.5723,America/New_York,EST,-5,,,,,,,,,,,
Ohio,OH,Anna,,,,,,,,45302,40.40724,-84.2033,America/New_York,EST,-5,,,,,,,,,,,
Ohio,OH,Ansonia,,,,,,,,45303,40.21468,-84.6532,America/New_York,EST,-5,,,,,,,,,,,
Ohio,OH,Antioch,,,,,,,,,0,0,,,,,,,,,,,,,,
Ohio,OH,Antrim,,,,,,,,,0,0,,,,,,,,,,,,,,
Ohio,OH,Antwerp,,,,,,,,45813,41.18685,-84.7271,America/New_York,EST,-5,,,,,,,,,,,
Ohio,OH,Apple Creek,,,,,,,,44606,40.7331,-81.7634,America/New_York,EST,-5,,,,,,,,,,,
Ohio,OH,Aquilla,,,,,,,,,0,0,,,,,,,,,,,,,,
Ohio,OH,Arcadia,,,,,,,,44804,41.11591,-83.5354,America/New_York,EST,-5,,,,,,,,,,,
Ohio,OH,Arcanum,,,,,,,,45304,39.99005,-84.5533,America/New_York,EST,-5,,,,,,,,,,,
Ohio,OH,Archbold,,,,,,,,43502,41.57836,-84.2511,America/New_York,EST,-5,,,,,,,,,,,
Ohio,OH,Arlington,,,,,,,,45814,40.9082,-83.6176,America/New_York,EST,-5,,,,,,,,,,,
Ohio,OH,Arlington Heights,,,,,,,,,40.9082,-83.6176,America/New_York,EST,-5,,,,,,,,,,,
Ohio,OH,Arthur,,,,,,,,,0,0,,,,,,,,,,,,,,
Ohio,OH,Ashland,,,,,,,,44805,40.82697,-82.2961,America/New_York,EST,-5,,,,,,,,,,,
Ohio,OH,Ashley,,,,,,,,43003,40.38935,-82.9807,America/New_York,EST,-5,,,,,,,,,,,
Ohio,OH,Ashtabula,,,,,,,,44005###44004,41.85594,-80.7919,America/New_York,EST,-5,,,,,,,,,,,
Ohio,OH,Ashville,,,,,,,,43103,39.71562,-82.953,America/New_York,EST,-5,,,,,,,,,,,
Ohio,OH,Assumption,,,,,,,,,0,0,,,,,,,,,,,,,,
Ohio,OH,Athalia,,,,,,,,,0,0,,,,,,,,,,,,,,
Ohio,OH,Athens,,,,,,,,45701,39.33928,-82.0138,America/New_York,EST,-5,,,,,,,,,,,
Ohio,OH,Attica,,,,,,,,44807,41.07734,-82.9032,America/New_York,EST,-5,,,,,,,,,,,
Ohio,OH,Aurora,,,,,,,,44202,41.3117,-81.293,America/New_York,EST,-5,,,,,,,,,,,
Ohio,OH,Austintown,,,,,,,,,0,0,,,,,,,,,,,,,,
Ohio,OH,Avon,,,,,,,,44011,41.44849,-82.0199,America/New_York,EST,-5,,,,,,,,,,,
Ohio,OH,Avon Lake,,,,,,,,44012,41.49674,-82.0175,America/New_York,EST,-5,,,,,,,,,,,
Ohio,OH,Ayersville,,,,,,,,,41.23866,-84.2855,America/New_York,EST,-5,,,,,,,,,,,
Ohio,OH,Bailey Lakes,,,,,,,,,40.94589,-82.3596,America/New_York,EST,-5,,,,,,,,,,,
Ohio,OH,Bainbridge,,,,,,,,45612,39.2443,-83.2197,America/New_York,EST,-5,,,,,,,,,,,
Ohio,OH,Bairdstown,,,,,,,,,0,0,,,,,,,,,,,,,,
Ohio,OH,Ballville,,,,,,,,,40.64618,-82.4815,America/New_York,EST,-5,,,,,,,,,,,
Ohio,OH,Baltic,,,,,,,,43804,40.42656,-81.6744,America/New_York,EST,-5,,,,,,,,,,,
Ohio,OH,Baltimore,,,,,,,,43105,39.84534,-82.6007,America/New_York,EST,-5,,,,,,,,,,,
Ohio,OH,Barberton,,,,,,,,44203,41.01966,-81.6212,America/New_York,EST,-5,,,,,,,,,,,
Ohio,OH,Barnesville,,,,,,,,43713,39.98532,-81.1375,America/New_York,EST,-5,,,,,,,,,,,
Ohio,OH,Barnhill,,,,,,,,,41.36633,-82.2599,America/New_York,EST,-5,,,,,,,,,,,
Ohio,OH,Batavia,,,,,,,,45103,39.02591,-84.157,America/New_York,EST,-5,,,,,,,,,,,
Ohio,OH,Batesville,,,,,,,,,41.24693,-83.2398,America/New_York,EST,-5,,,,,,,,,,,
Ohio,OH,Bay View,,,,,,,,,0,0,,,,,,,,,,,,,,
Ohio,OH,Bay Village,,,,,,,,44140,41.49097,-81.9215,America/New_York,EST,-5,,,,,,,,,,,
Ohio,OH,Beach City,,,,,,,,44608,40.66582,-81.5927,America/New_York,EST,-5,,,,,,,,,,,
Ohio,OH,Beachwood,,,,,,,,44122,41.47325,-81.5054,America/New_York,EST,-5,,,,,,,,,,,
Ohio,OH,Beallsville,,,,,,,,43716,39.78019,-80.9917,America/New_York,EST,-5,,,,,,,,,,,
Ohio,OH,Beaver,,,,,,,,45613,39.03063,-82.8243,America/New_York,EST,-5,,,,,,,,,,,
Ohio,OH,Beavercreek,,,,,,,,,39.70923,-84.0633,America/New_York,EST,-5,,,,,,,,,,,
Ohio,OH,Beaverdam,,,,,,,,45808,40.83142,-83.9758,America/New_York,EST,-5,,,,,,,,,,,
Ohio,OH,Beckett Ridge,,,,,,,,,0,0,,,,,,,,,,,,,,
Ohio,OH,Bedford,,,,,,,,44146,41.38905,-81.5368,America/New_York,EST,-5,,,,,,,,,,,
Ohio,OH,Bedford Heights,,,,,,,,,41.417,-81.5273,America/New_York,EST,-5,,,,,,,,,,,
Ohio,OH,Beechwood Trails,,,,,,,,,41.47325,-81.5054,America/New_York,EST,-5,,,,,,,,,,,
Ohio,OH,Belfast,,,,,,,,,39.06285,-83.5324,America/New_York,EST,-5,,,,,,,,,,,
Ohio,OH,Bellaire,,,,,,,,43906,39.99186,-80.8057,America/New_York,EST,-5,,,,,,,,,,,
Ohio,OH,Bellbrook,,,,,,,,45305,39.63562,-84.0708,America/New_York,EST,-5,,,,,,,,,,,
Ohio,OH,Belle Center,,,,,,,,43310,40.49101,-83.7521,America/New_York,EST,-5,,,,,,,,,,,
Ohio,OH,Belle Valley,,,,,,,,43717,39.79063,-81.5562,America/New_York,EST,-5,,,,,,,,,,,
Ohio,OH,Bellefontaine,,,,,,,,43311,40.37878,-83.7878,America/New_York,EST,-5,,,,,,,,,,,
Ohio,OH,Bellevue,,,,,,,,44811,41.21649,-82.7937,America/New_York,EST,-5,,,,,,,,,,,
Ohio,OH,Bellville,,,,,,,,44813,40.64618,-82.4815,America/New_York,EST,-5,,,,,,,,,,,
Ohio,OH,Belmont,,,,,,,,43718,40.00401,-80.988,America/New_York,EST,-5,,,,,,,,,,,
Ohio,OH,Belmore,,,,,,,,45815,41.15386,-83.9413,America/New_York,EST,-5,,,,,,,,,,,
Ohio,OH,Beloit,,,,,,,,44609,40.9418,-80.9699,America/New_York,EST,-5,,,,,,,,,,,
Ohio,OH,Belpre,,,,,,,,45714,39.27396,-81.5729,America/New_York,EST,-5,,,,,,,,,,,
Ohio,OH,Bentleyville,,,,,,,,,41.41311,-81.4109,America/New_York,EST,-5,,,,,,,,,,,
Ohio,OH,Benton Ridge,,,,,,,,45816,41.00309,-83.7931,America/New_York,EST,-5,,,,,,,,,,,
Ohio,OH,Berea,,,,,,,,44017,41.37055,-81.8618,America/New_York,EST,-5,,,,,,,,,,,
Ohio,OH,Bergholz,,,,,,,,43908,40.50022,-80.8565,America/New_York,EST,-5,,,,,,,,,,,
Ohio,OH,Berkey,,,,,,,,43504,41.71561,-83.8394,America/New_York,EST,-5,,,,,,,,,,,
Ohio,OH,Berlin Heights,,,,,,,,44814,41.33836,-82.4599,America/New_York,EST,-5,,,,,,,,,,,
Ohio,OH,Bethel,,,,,,,,45106,38.92201,-84.1093,America/New_York,EST,-5,,,,,,,,,,,
Ohio,OH,Bethesda,,,,,,,,43719,39.99631,-81.066,America/New_York,EST,-5,,,,,,,,,,,
Ohio,OH,Bettsville,,,,,,,,44815,41.24693,-83.2398,America/New_York,EST,-5,,,,,,,,,,,
Ohio,OH,Beverly,,,,,,,,45715,39.54785,-81.6396,America/New_York,EST,-5,,,,,,,,,,,
Ohio,OH,Bexley,,,,,,,,,0,0,,,,,,,,,,,,,,
Ohio,OH,Blacklick Estates,,,,,,,,,39.99562,-82.8113,America/New_York,EST,-5,,,,,,,,,,,
Ohio,OH,Blakeslee,,,,,,,,43505,41.52395,-84.7303,America/New_York,EST,-5,,,,,,,,,,,
Ohio,OH,Blanchester,,,,,,,,45107,39.29312,-83.9888,America/New_York,EST,-5,,,,,,,,,,,
Ohio,OH,Bloomdale,,,,,,,,44817,41.21711,-83.5351,America/New_York,EST,-5,,,,,,,,,,,
Ohio,OH,Bloomingburg,,,,,,,,43106,39.64064,-83.4194,America/New_York,EST,-5,,,,,,,,,,,
Ohio,OH,Bloomingdale,,,,,,,,43910,40.34124,-80.7748,America/New_York,EST,-5,,,,,,,,,,,
Ohio,OH,Bloomville,,,,,,,,44818,41.04655,-82.9688,America/New_York,EST,-5,,,,,,,,,,,
Ohio,OH,Blue Ash,,,,,,,,,0,0,,,,,,,,,,,,,,
Ohio,OH,Bluffton,,,,,,,,45817,40.89533,-83.8888,America/New_York,EST,-5,,,,,,,,,,,
Ohio,OH,Boardman,,,,,,,,,0,0,,,,,,,,,,,,,,
Ohio,OH,Bolindale,,,,,,,,,0,0,,,,,,,,,,,,,,
Ohio,OH,Bolivar,,,,,,,,44612,40.618,-81.4495,America/New_York,EST,-5,,,,,,,,,,,
Ohio,OH,Boston Heights,,,,,,,,,39.21534,-83.511,America/New_York,EST,-5,,,,,,,,,,,
Ohio,OH,Botkins,,,,,,,,45306,40.46783,-84.1805,America/New_York,EST,-5,,,,,,,,,,,
Ohio,OH,Bowerston,,,,,,,,44695,40.39885,-81.1759,America/New_York,EST,-5,,,,,,,,,,,
Ohio,OH,Bowersville,,,,,,,,45307,39.58062,-83.7249,America/New_York,EST,-5,,,,,,,,,,,
Ohio,OH,Bowling Green,,,,,,,,43402###43403,41.37645,-83.6137,America/New_York,EST,-5,,,,,,,,,,,
Ohio,OH,Bradford,,,,,,,,45308,40.13227,-84.4308,America/New_York,EST,-5,,,,,,,,,,,
Ohio,OH,Bradner,,,,,,,,43406,41.32422,-83.4385,America/New_York,EST,-5,,,,,,,,,,,
Ohio,OH,Brady Lake,,,,,,,,44211,41.16982,-81.3124,America/New_York,EST,-5,,,,,,,,,,,
Ohio,OH,Brailey,,,,,,,,,41.55533,-83.9222,America/New_York,EST,-5,,,,,,,,,,,
Ohio,OH,Bratenahl,,,,,,,,,0,0,,,,,,,,,,,,,,
Ohio,OH,Brecksville,,,,,,,,44141,41.31978,-81.6268,America/New_York,EST,-5,,,,,,,,,,,
Ohio,OH,Bremen,,,,,,,,43107,39.70173,-82.4268,America/New_York,EST,-5,,,,,,,,,,,
Ohio,OH,Brentwood,,,,,,,,,40.40682,-80.6628,America/New_York,EST,-5,,,,,,,,,,,
Ohio,OH,Brewster,,,,,,,,44613,40.71421,-81.5957,America/New_York,EST,-5,,,,,,,,,,,
Ohio,OH,Briarwood Beach,,,,,,,,,0,0,,,,,,,,,,,,,,
Ohio,OH,Brice,,,,,,,,43109,39.91812,-82.8321,America/New_York,EST,-5,,,,,,,,,,,
Ohio,OH,Briceton,,,,,,,,,0,0,,,,,,,,,,,,,,
Ohio,OH,Bridgeport,,,,,,,,43912,40.0928,-80.7889,America/New_York,EST,-5,,,,,,,,,,,
Ohio,OH,Bridgetown North,,,,,,,,,0,0,,,,,,,,,,,,,,
Ohio,OH,Bridgewater Center,,,,,,,,,41.65811,-84.6308,America/New_York,EST,-5,,,,,,,,,,,
Ohio,OH,Brilliant,,,,,,,,43913,40.26985,-80.6321,America/New_York,EST,-5,,,,,,,,,,,
Ohio,OH,Brimfield,,,,,,,,,0,0,,,,,,,,,,,,,,
Ohio,OH,Broadview Heights,,,,,,,,44147,41.31405,-81.6731,America/New_York,EST,-5,,,,,,,,,,,
Ohio,OH,Brook Park,,,,,,,,,41.401,-81.8321,America/New_York,EST,-5,,,,,,,,,,,
Ohio,OH,Brookfield Center,,,,,,,,,41.24061,-80.5579,America/New_York,EST,-5,,,,,,,,,,,
Ohio,OH,Brooklyn,,,,,,,,,40.6451,-73.945,America/New_York,EST,-5,,,,,,,,,,,
Ohio,OH,Brooklyn Heights,,,,,,,,,40.6451,-73.945,America/New_York,EST,-5,,,,,,,,,,,
Ohio,OH,Brookside,,,,,,,,,40.07063,-80.7609,America/New_York,EST,-5,,,,,,,,,,,
Ohio,OH,Brookville,,,,,,,,45309,39.83672,-84.4113,America/New_York,EST,-5,,,,,,,,,,,
Ohio,OH,Broughton,,,,,,,,,0,0,,,,,,,,,,,,,,
Ohio,OH,Brunersburg,,,,,,,,,41.30672,-84.3869,America/New_York,EST,-5,,,,,,,,,,,
Ohio,OH,Brunswick,,,,,,,,44212,41.23811,-81.8418,America/New_York,EST,-5,,,,,,,,,,,
Ohio,OH,Bryan,,,,,,,,43506,41.47477,-84.5525,America/New_York,EST,-5,,,,,,,,,,,
Ohio,OH,Buchtel,,,,,,,,45716,39.46201,-82.1818,America/New_York,EST,-5,,,,,,,,,,,
Ohio,OH,Buckeye Lake,,,,,,,,43008,39.93368,-82.4724,America/New_York,EST,-5,,,,,,,,,,,
Ohio,OH,Buckland,,,,,,,,45819,40.62408,-84.2603,America/New_York,EST,-5,,,,,,,,,,,
Ohio,OH,Bucyrus,,,,,,,,44820,40.83267,-82.9739,America/New_York,EST,-5,,,,,,,,,,,
Ohio,OH,Burbank,,,,,,,,44214,40.92748,-81.9964,America/New_York,EST,-5,,,,,,,,,,,
Ohio,OH,Burgoon,,,,,,,,43407,41.27862,-83.2446,America/New_York,EST,-5,,,,,,,,,,,
Ohio,OH,Burkettsville,,,,,,,,45310,40.35411,-84.6435,America/New_York,EST,-5,,,,,,,,,,,
Ohio,OH,Burlington,,,,,,,,,41.57227,-84.308,America/New_York,EST,-5,,,,,,,,,,,
Ohio,OH,Burton,,,,,,,,44021,41.44712,-81.1529,America/New_York,EST,-5,,,,,,,,,,,
Ohio,OH,Butler,,,,,,,,44822,40.58719,-82.407,America/New_York,EST,-5,,,,,,,,,,,
Ohio,OH,Butlerville,,,,,,,,,0,0,,,,,,,,,,,,,,
Ohio,OH,Byesville,,,,,,,,43723,39.95319,-81.5319,America/New_York,EST,-5,,,,,,,,,,,
Ohio,OH,Cadiz,,,,,,,,43907,40.26316,-81.0307,America/New_York,EST,-5,,,,,,,,,,,
Ohio,OH,Cairo,,,,,,,,45820,40.83039,-84.0852,America/New_York,EST,-5,,,,,,,,,,,
Ohio,OH,Calcutta,,,,,,,,,0,0,,,,,,,,,,,,,,
Ohio,OH,Caldwell,,,,,,,,43724,39.74445,-81.483,America/New_York,EST,-5,,,,,,,,,,,
Ohio,OH,Caledonia,,,,,,,,43314,40.63126,-82.9582,America/New_York,EST,-5,,,,,,,,,,,
Ohio,OH,Cambridge,,,,,,,,43725,40.02701,-81.582,America/New_York,EST,-5,,,,,,,,,,,
Ohio,OH,Camden,,,,,,,,45311,39.64095,-84.647,America/New_York,EST,-5,,,,,,,,,,,
Ohio,OH,Campbell,,,,,,,,44405,41.07771,-80.5919,America/New_York,EST,-5,,,,,,,,,,,
Ohio,OH,Canal Fulton,,,,,,,,44614,40.88978,-81.5976,America/New_York,EST,-5,,,,,,,,,,,
Ohio,OH,Canal Winchester,,,,,,,,43110,39.82134,-82.7649,America/New_York,EST,-5,,,,,,,,,,,
Ohio,OH,Canfield,,,,,,,,44406,41.00862,-80.8221,America/New_York,EST,-5,,,,,,,,,,,
Ohio,OH,Canton,,,,,,,,44701###44750###44702###44703###44704###44705###44706###44799###44767###44735###44730###44720###44718###44714###44711###44710###44707###44721###44708###44709,40.78241,-81.3712,America/New_York,EST,-5,,,,,,,,,,,
Ohio,OH,Cardington,,,,,,,,43315,40.47965,-82.853,America/New_York,EST,-5,,,,,,,,,,,
Ohio,OH,Carey,,,,,,,,43316,40.92727,-83.387,America/New_York,EST,-5,,,,,,,,,,,
Ohio,OH,Carlisle,,,,,,,,,39.582,-84.3202,America/New_York,EST,-5,,,,,,,,,,,
Ohio,OH,Carroll,,,,,,,,43112,39.80114,-82.7063,America/New_York,EST,-5,,,,,,,,,,,
Ohio,OH,Carrollton,,,,,,,,44615,40.57186,-81.0649,America/New_York,EST,-5,,,,,,,,,,,
Ohio,OH,Casstown,,,,,,,,45312,40.06657,-84.0816,America/New_York,EST,-5,,,,,,,,,,,
Ohio,OH,Castalia,,,,,,,,44824,41.36662,-82.7858,America/New_York,EST,-5,,,,,,,,,,,
Ohio,OH,Castine,,,,,,,,,39.93172,-84.6244,America/New_York,EST,-5,,,,,,,,,,,
Ohio,OH,Catawba,,,,,,,,43010,39.99914,-83.6222,America/New_York,EST,-5,,,,,,,,,,,
Ohio,OH,Cavett,,,,,,,,,0,0,,,,,,,,,,,,,,
Ohio,OH,Cecil,,,,,,,,45821,41.2234,-84.5715,America/New_York,EST,-5,,,,,,,,,,,
Ohio,OH,Cedarville,,,,,,,,45314,39.74746,-83.76,America/New_York,EST,-5,,,,,,,,,,,
Ohio,OH,Celina,,,,,,,,45822,40.55665,-84.6287,America/New_York,EST,-5,,,,,,,,,,,
Ohio,OH,Centerburg,,,,,,,,43011,40.31339,-82.6652,America/New_York,EST,-5,,,,,,,,,,,
Ohio,OH,Centerville,,,,,,,,,39.0809,-83.9524,America/New_York,EST,-5,,,,,,,,,,,
Ohio,OH,Chagrin Falls,,,,,,,,44022###44023,41.44935,-81.4314,America/New_York,EST,-5,,,,,,,,,,,
Ohio,OH,Champion Heights,,,,,,,,,0,0,,,,,,,,,,,,,,
Ohio,OH,Chardon,,,,,,,,44024,41.57243,-81.1571,America/New_York,EST,-5,,,,,,,,,,,
Ohio,OH,Charloe,,,,,,,,,0,0,,,,,,,,,,,,,,
Ohio,OH,Chatfield,,,,,,,,44825,40.95033,-82.9449,America/New_York,EST,-5,,,,,,,,,,,
Ohio,OH,Chauncey,,,,,,,,45719,39.40015,-82.1302,America/New_York,EST,-5,,,,,,,,,,,
Ohio,OH,Cherry Fork,,,,,,,,45618,38.88549,-83.6164,America/New_York,EST,-5,,,,,,,,,,,
Ohio,OH,Cherry Grove,,,,,,,,,0,0,,,,,,,,,,,,,,
Ohio,OH,Chesapeake,,,,,,,,45619,38.48296,-82.4505,America/New_York,EST,-5,,,,,,,,,,,
Ohio,OH,Cheshire,,,,,,,,45620,38.96027,-82.1418,America/New_York,EST,-5,,,,,,,,,,,
Ohio,OH,Chesterhill,,,,,,,,43728,39.49784,-81.8983,America/New_York,EST,-5,,,,,,,,,,,
Ohio,OH,Chesterland,,,,,,,,44026,41.53035,-81.3075,America/New_York,EST,-5,,,,,,,,,,,
Ohio,OH,Chesterville,,,,,,,,43317,40.47891,-82.6828,America/New_York,EST,-5,,,,,,,,,,,
Ohio,OH,Cheviot,,,,,,,,,39.157,-84.6133,America/New_York,EST,-5,,,,,,,,,,,
Ohio,OH,Chickasaw,,,,,,,,45826,40.43699,-84.4933,America/New_York,EST,-5,,,,,,,,,,,
Ohio,OH,Chili,,,,,,,,,40.9262,-82.5286,America/New_York,EST,-5,,,,,,,,,,,
Ohio,OH,Chillicothe,,,,,,,,45601,39.33738,-82.9913,America/New_York,EST,-5,,,,,,,,,,,
Ohio,OH,Chilo,,,,,,,,45112,38.79255,-84.1382,America/New_York,EST,-5,,,,,,,,,,,
Ohio,OH,Chippewa-On-The-Lake,,,,,,,,,41.06978,-81.901,America/New_York,EST,-5,,,,,,,,,,,
Ohio,OH,Choctaw Lake,,,,,,,,,41.4576,-83.4736,America/New_York,EST,-5,,,,,,,,,,,
Ohio,OH,Christiansburg,,,,,,,,45389,40.0564,-84.0254,America/New_York,EST,-5,,,,,,,,,,,
Ohio,OH,Churchill,,,,,,,,,0,0,,,,,,,,,,,,,,
Ohio,OH,Cincinnati,,,,,,,,45271###45216###45299###45217###45218###45219###45298###45296###45280###45277###45274###45273###45270###45269###45268###45215###45214###45225###45201###45202###45203###45204###45205###45206###45208###45209###45243###45275###45999###45207###45211###45212###45213###45267###45264###45230###45241###45240###45239###45238###45237###45231###45236###45224###45226###45227###45221###45223###45235###45234###45233###45232###45229###45242###45254###45258###45251###45250###45262###45252###45249###45248###45247###45253###45246###45245###45244###45263###45220###45222###45255,39.16676,-84.5382,America/New_York,EST,-5,,,,,,,,,,,
Ohio,OH,Circleville,,,,,,,,43113,39.59708,-82.9459,America/New_York,EST,-5,,,,,,,,,,,
Ohio,OH,Clarington,,,,,,,,43915,39.74401,-80.9038,America/New_York,EST,-5,,,,,,,,,,,
Ohio,OH,Clarksburg,,,,,,,,43115,39.47966,-83.0999,America/New_York,EST,-5,,,,,,,,,,,
Ohio,OH,Clarksville,,,,,,,,45113,39.39697,-83.9858,America/New_York,EST,-5,,,,,,,,,,,
Ohio,OH,Clay Center,,,,,,,,43408,41.5686,-83.3632,America/New_York,EST,-5,,,,,,,,,,,
Ohio,OH,Clayton,,,,,,,,45315,39.85445,-84.3403,America/New_York,EST,-5,,,,,,,,,,,
Ohio,OH,Cleveland,,,,,,,,44198###44197###44144###44191###44190###44199###44188###44129###44121###44134###44124###44119###44128###44127###44126###44120###44181###44125###44143###44130###44193###44135###44192###44195###44194###44103###44102###44111###44101###44113###44105###44106###44108###44109###44110###44115###44114###44112###44118###44104,41.48938,-81.6675,America/New_York,EST,-5,,,,,,,,,,,
Ohio,OH,Cleveland Heights,,,,,,,,,41.52005,-81.5562,America/New_York,EST,-5,,,,,,,,,,,
Ohio,OH,Cleves,,,,,,,,45002,39.19155,-84.7424,America/New_York,EST,-5,,,,,,,,,,,
Ohio,OH,Clifton,,,,,,,,45316,39.797,-83.8256,America/New_York,EST,-5,,,,,,,,,,,
Ohio,OH,Clinton,,,,,,,,44216,40.94871,-81.5714,America/New_York,EST,-5,,,,,,,,,,,
Ohio,OH,Cloverdale,,,,,,,,45827,41.00339,-84.2987,America/New_York,EST,-5,,,,,,,,,,,
Ohio,OH,Clyde,,,,,,,,43410,41.32128,-82.9483,America/New_York,EST,-5,,,,,,,,,,,
Ohio,OH,Coal Grove,,,,,,,,,0,0,,,,,,,,,,,,,,
Ohio,OH,Coalton,,,,,,,,45621,39.11368,-82.6113,America/New_York,EST,-5,,,,,,,,,,,
Ohio,OH,Coldwater,,,,,,,,45828,40.47644,-84.6875,America/New_York,EST,-5,,,,,,,,,,,
Ohio,OH,College Corner,,,,,,,,45003,39.56755,-84.8144,America/New_York,EST,-5,,,,,,,,,,,
Ohio,OH,Colton,,,,,,,,43510,41.41988,-84.0137,America/New_York,EST,-5,,,,,,,,,,,
Ohio,OH,Columbia,,,,,,,,,40.57506,-81.5071,America/New_York,EST,-5,,,,,,,,,,,
Ohio,OH,Columbiana,,,,,,,,44408,40.88839,-80.694,America/New_York,EST,-5,,,,,,,,,,,
Ohio,OH,Columbus,,,,,,,,43214###43222###43204###43207###43206###43205###43203###43202###43201###43235###43234###43226###43221###43209###43215###43216###43217###43213###43212###43211###43210###43218###43219###43220###43223###43236###43230###43228###43272###43224###43227###43279###43287###43291###43085###43270###43268###43240###43232###43231###43271###43229###43251###43260###43266,40.10092,-83.0134,America/New_York,EST,-5,,,,,,,,,,,
Ohio,OH,Columbus Grove,,,,,,,,45830,40.97793,-84.1505,America/New_York,EST,-5,,,,,,,,,,,
Ohio,OH,Commercial Point,,,,,,,,43116,39.76986,-83.0602,America/New_York,EST,-5,,,,,,,,,,,
Ohio,OH,Conant,,,,,,,,,0,0,,,,,,,,,,,,,,
Ohio,OH,Conesville,,,,,,,,43811,40.18396,-81.891,America/New_York,EST,-5,,,,,,,,,,,
Ohio,OH,Congress,,,,,,,,,40.92589,-82.0529,America/New_York,EST,-5,,,,,,,,,,,
Ohio,OH,Conneaut,,,,,,,,44030,41.94756,-80.5542,America/New_York,EST,-5,,,,,,,,,,,
Ohio,OH,Continental,,,,,,,,45831,41.10434,-84.2368,America/New_York,EST,-5,,,,,,,,,,,
Ohio,OH,Convoy,,,,,,,,45832,40.897,-84.7166,America/New_York,EST,-5,,,,,,,,,,,
Ohio,OH,Coolville,,,,,,,,45723,39.24686,-81.8306,America/New_York,EST,-5,,,,,,,,,,,
Ohio,OH,Corning,,,,,,,,43730,39.63607,-82.1102,America/New_York,EST,-5,,,,,,,,,,,
Ohio,OH,Cortland,,,,,,,,44410,41.35495,-80.7783,America/New_York,EST,-5,,,,,,,,,,,
Ohio,OH,Corwin,,,,,,,,,0,0,,,,,,,,,,,,,,
Ohio,OH,Coshocton,,,,,,,,43812,40.30093,-81.8641,America/New_York,EST,-5,,,,,,,,,,,
Ohio,OH,Covedale,,,,,,,,,39.12117,-84.6063,America/New_York,EST,-5,,,,,,,,,,,
Ohio,OH,Covington,,,,,,,,45318,40.11727,-84.3538,America/New_York,EST,-5,,,,,,,,,,,
Ohio,OH,Craig Beach,,,,,,,,,0,0,,,,,,,,,,,,,,
Ohio,OH,Crestline,,,,,,,,44827,40.78756,-82.7366,America/New_York,EST,-5,,,,,,,,,,,
Ohio,OH,Creston,,,,,,,,44217,40.94542,-81.9129,America/New_York,EST,-5,,,,,,,,,,,
Ohio,OH,Cridersville,,,,,,,,,0,0,,,,,,,,,,,,,,
Ohio,OH,Crooksville,,,,,,,,43731,39.76896,-82.0921,America/New_York,EST,-5,,,,,,,,,,,
Ohio,OH,Crown City,,,,,,,,45623,38.59092,-82.2829,America/New_York,EST,-5,,,,,,,,,,,
Ohio,OH,Crystal Lakes,,,,,,,,,40.78756,-82.7366,America/New_York,EST,-5,,,,,,,,,,,
Ohio,OH,Cumberland,,,,,,,,43732,39.88812,-81.6174,America/New_York,EST,-5,,,,,,,,,,,
Ohio,OH,Custar,,,,,,,,43511,41.25929,-83.8114,America/New_York,EST,-5,,,,,,,,,,,
Ohio,OH,Cuyahoga Falls,,,,,,,,44222###44221###44223,41.14391,-81.4736,America/New_York,EST,-5,,,,,,,,,,,
Ohio,OH,Cuyahoga Heights,,,,,,,,,41.44948,-81.6303,America/New_York,EST,-5,,,,,,,,,,,
Ohio,OH,Cygnet,,,,,,,,43413,41.24005,-83.6433,America/New_York,EST,-5,,,,,,,,,,,
Ohio,OH,Cynthiana,,,,,,,,45624,39.17368,-83.3485,America/New_York,EST,-5,,,,,,,,,,,
Ohio,OH,Dalton,,,,,,,,44618,40.79894,-81.6954,America/New_York,EST,-5,,,,,,,,,,,
Ohio,OH,Danville,,,,,,,,43014,40.46676,-82.2625,America/New_York,EST,-5,,,,,,,,,,,
Ohio,OH,Darbyville,,,,,,,,,0,0,,,,,,,,,,,,,,
Ohio,OH,Day Heights,,,,,,,,,39.17395,-84.2263,America/New_York,EST,-5,,,,,,,,,,,
Ohio,OH,Dayton,,,,,,,,45479###45433###45434###45401###45440###45402###45482###45403###45404###45405###45459###45435###45437###45458###45490###45449###45448###45441###45481###45439###45470###45423###45406###45409###45420###45422###45475###45424###45426###45419###45469###45428###45429###45430###45431###45432###45417###45412###45416###45414###45413###45415###45410,39.75047,-84.2686,America/New_York,EST,-5,,,,,,,,,,,
Ohio,OH,De Graff,,,,,,,,43318,40.312,-83.9158,America/New_York,EST,-5,,,,,,,,,,,
Ohio,OH,Deer Park,,,,,,,,,39.20534,-84.3947,America/New_York,EST,-5,,,,,,,,,,,
Ohio,OH,Deersville,,,,,,,,44693,40.29469,-81.1839,America/New_York,EST,-5,,,,,,,,,,,
Ohio,OH,Defiance,,,,,,,,43512,41.29666,-84.3904,America/New_York,EST,-5,,,,,,,,,,,
Ohio,OH,Delaware,,,,,,,,43015,40.28989,-82.9811,America/New_York,EST,-5,,,,,,,,,,,
Ohio,OH,Dellroy,,,,,,,,44620,40.58771,-81.2264,America/New_York,EST,-5,,,,,,,,,,,
Ohio,OH,Delphos,,,,,,,,45833,40.79444,-84.3116,America/New_York,EST,-5,,,,,,,,,,,
Ohio,OH,Delta,,,,,,,,43515,41.57366,-84.0052,America/New_York,EST,-5,,,,,,,,,,,
Ohio,OH,Dennison,,,,,,,,44621,40.3934,-81.3337,America/New_York,EST,-5,,,,,,,,,,,
Ohio,OH,Denson,,,,,,,,,40.3934,-81.3337,America/New_York,EST,-5,,,,,,,,,,,
Ohio,OH,Dent,,,,,,,,,39.19233,-84.6595,America/New_York,EST,-5,,,,,,,,,,,
Ohio,OH,Deshler,,,,,,,,43516,41.23264,-83.9494,America/New_York,EST,-5,,,,,,,,,,,
Ohio,OH,Devola,,,,,,,,,39.47369,-81.479,America/New_York,EST,-5,,,,,,,,,,,
Ohio,OH,Dexter City,,,,,,,,45727,39.65785,-81.4721,America/New_York,EST,-5,,,,,,,,,,,
Ohio,OH,Dillonvale,,,,,,,,43917,40.23349,-80.7976,America/New_York,EST,-5,,,,,,,,,,,
Ohio,OH,Dixon,,,,,,,,,40.92642,-84.7301,America/New_York,EST,-5,,,,,,,,,,,
Ohio,OH,Donnelsville,,,,,,,,45319,39.91894,-83.9449,America/New_York,EST,-5,,,,,,,,,,,
Ohio,OH,Dover,,,,,,,,44622,40.52062,-81.474,America/New_York,EST,-5,,,,,,,,,,,
Ohio,OH,Doylestown,,,,,,,,44230,40.97005,-81.6965,America/New_York,EST,-5,,,,,,,,,,,
Ohio,OH,Dresden,,,,,,,,43821,40.10692,-81.9998,America/New_York,EST,-5,,,,,,,,,,,
Ohio,OH,Drexel,,,,,,,,,39.74645,-84.2866,America/New_York,EST,-5,,,,,,,,,,,
Ohio,OH,Dry Run,,,,,,,,,40.63673,-80.5351,America/New_York,EST,-5,,,,,,,,,,,
Ohio,OH,Dublin,,,,,,,,43016###43017,40.09746,-83.1501,America/New_York,EST,-5,,,,,,,,,,,
Ohio,OH,Duncan Falls,,,,,,,,43734,39.87201,-81.9093,America/New_York,EST,-5,,,,,,,,,,,
Ohio,OH,Dunkirk,,,,,,,,45836,40.78922,-83.6433,America/New_York,EST,-5,,,,,,,,,,,
Ohio,OH,Dupont,,,,,,,,45837,41.04625,-84.3195,America/New_York,EST,-5,,,,,,,,,,,
Ohio,OH,East Canton,,,,,,,,,40.78728,-81.2826,America/New_York,EST,-5,,,,,,,,,,,
Ohio,OH,East Cleveland,,,,,,,,,41.53311,-81.579,America/New_York,EST,-5,,,,,,,,,,,
Ohio,OH,East Liverpool,,,,,,,,43920,40.67737,-80.6006,America/New_York,EST,-5,,,,,,,,,,,
Ohio,OH,East Palestine,,,,,,,,44413,40.83395,-80.5404,America/New_York,EST,-5,,,,,,,,,,,
Ohio,OH,East Sparta,,,,,,,,44626,40.69539,-81.3814,America/New_York,EST,-5,,,,,,,,,,,
Ohio,OH,Eastlake,,,,,,,,44097###44095,41.65865,-81.4445,America/New_York,EST,-5,,,,,,,,,,,
Ohio,OH,Eaton,,,,,,,,45320,39.77485,-84.6749,America/New_York,EST,-5,,,,,,,,,,,
Ohio,OH,Eaton Estates,,,,,,,,,41.30894,-82.0057,America/New_York,EST,-5,,,,,,,,,,,
Ohio,OH,Edgerton,,,,,,,,43517,41.44866,-84.748,America/New_York,EST,-5,,,,,,,,,,,
Ohio,OH,Edgewood,,,,,,,,,41.87283,-80.7729,America/New_York,EST,-5,,,,,,,,,,,
Ohio,OH,Edison,,,,,,,,43320,40.58823,-82.8904,America/New_York,EST,-5,,,,,,,,,,,
Ohio,OH,Edon,,,,,,,,43518,41.58754,-84.7384,America/New_York,EST,-5,,,,,,,,,,,
Ohio,OH,Eldorado,,,,,,,,45321,39.87218,-84.6811,America/New_York,EST,-5,,,,,,,,,,,
Ohio,OH,Elery,,,,,,,,,41.3714,-82.1051,America/New_York,EST,-5,,,,,,,,,,,
Ohio,OH,Elgin,,,,,,,,45838,40.74255,-84.4758,America/New_York,EST,-5,,,,,,,,,,,
Ohio,OH,Elida,,,,,,,,,40.78866,-84.2038,America/New_York,EST,-5,,,,,,,,,,,
Ohio,OH,Elmira,,,,,,,,,41.57922,-84.3083,America/New_York,EST,-5,,,,,,,,,,,
Ohio,OH,Elmore,,,,,,,,43416,41.47616,-83.2958,America/New_York,EST,-5,,,,,,,,,,,
Ohio,OH,Elmwood Place,,,,,,,,,39.18728,-84.488,America/New_York,EST,-5,,,,,,,,,,,
Ohio,OH,Elyria,,,,,,,,44035###44036,41.3714,-82.1051,America/New_York,EST,-5,,,,,,,,,,,
Ohio,OH,Empire,,,,,,,,43926,40.50923,-80.6241,America/New_York,EST,-5,,,,,,,,,,,
Ohio,OH,Englewood,,,,,,,,45322,39.87701,-84.3319,America/New_York,EST,-5,,,,,,,,,,,
Ohio,OH,Enon,,,,,,,,45323,39.85797,-83.9334,America/New_York,EST,-5,,,,,,,,,,,
Ohio,OH,Euclid,,,,,,,,44123###44132###44117,41.56683,-81.5261,America/New_York,EST,-5,,,,,,,,,,,
Ohio,OH,Evansport,,,,,,,,43519,41.42216,-84.3966,America/New_York,EST,-5,,,,,,,,,,,
Ohio,OH,Evendale,,,,,,,,,39.25617,-84.418,America/New_York,EST,-5,,,,,,,,,,,
Ohio,OH,Fairborn,,,,,,,,45324,39.82089,-84.0194,America/New_York,EST,-5,,,,,,,,,,,
Ohio,OH,Fairfax,,,,,,,,,39.14534,-84.3933,America/New_York,EST,-5,,,,,,,,,,,
Ohio,OH,Fairfield,,,,,,,,45018###45014,39.32571,-84.5524,America/New_York,EST,-5,,,,,,,,,,,
Ohio,OH,Fairfield Beach,,,,,,,,,39.9159,-82.4752,America/New_York,EST,-5,,,,,,,,,,,
Ohio,OH,Fairlawn,,,,,,,,44334,41.12871,-81.54,America/New_York,EST,-5,,,,,,,,,,,
Ohio,OH,Fairport Harbor,,,,,,,,,41.88783,-80.8154,America/New_York,EST,-5,,,,,,,,,,,
Ohio,OH,Fairview,,,,,,,,43736,40.06124,-81.2379,America/New_York,EST,-5,,,,,,,,,,,
Ohio,OH,Fairview Lanes,,,,,,,,,41.42672,-82.6543,America/New_York,EST,-5,,,,,,,,,,,
Ohio,OH,Fairview Park,,,,,,,,,41.44144,-81.8643,America/New_York,EST,-5,,,,,,,,,,,
Ohio,OH,Farmer,,,,,,,,43520,41.39066,-84.6313,America/New_York,EST,-5,,,,,,,,,,,
Ohio,OH,Farmersville,,,,,,,,45325,39.6795,-84.4291,America/New_York,EST,-5,,,,,,,,,,,
Ohio,OH,Fayette,,,,,,,,43521,41.64904,-84.286,America/New_York,EST,-5,,,,,,,,,,,
Ohio,OH,Fayetteville,,,,,,,,45118,39.1748,-83.9358,America/New_York,EST,-5,,,,,,,,,,,
Ohio,OH,Felicity,,,,,,,,45120,38.82068,-84.1269,America/New_York,EST,-5,,,,,,,,,,,
Ohio,OH,Findlay,,,,,,,,45840###45839,40.99326,-83.6507,America/New_York,EST,-5,,,,,,,,,,,
Ohio,OH,Finneytown,,,,,,,,,39.20034,-84.5205,America/New_York,EST,-5,,,,,,,,,,,
Ohio,OH,Five Points,,,,,,,,,39.67451,-83.1802,America/New_York,EST,-5,,,,,,,,,,,
Ohio,OH,Fletcher,,,,,,,,45326,40.14449,-84.101,America/New_York,EST,-5,,,,,,,,,,,
Ohio,OH,Florida,,,,,,,,,0,0,,,,,,,,,,,,,,
Ohio,OH,Flushing,,,,,,,,43977,40.11563,-81.0902,America/New_York,EST,-5,,,,,,,,,,,
Ohio,OH,Forest,,,,,,,,45843,40.80172,-83.5105,America/New_York,EST,-5,,,,,,,,,,,
Ohio,OH,Forest Park,,,,,,,,,39.29034,-84.5041,America/New_York,EST,-5,,,,,,,,,,,
Ohio,OH,Forestville,,,,,,,,,39.07375,-84.3893,America/New_York,EST,-5,,,,,,,,,,,
Ohio,OH,Forked Run State Park,,,,,,,,,0,0,,,,,,,,,,,,,,
Ohio,OH,Fort Jennings,,,,,,,,45844,40.92254,-84.2957,America/New_York,EST,-5,,,,,,,,,,,
Ohio,OH,Fort Loramie,,,,,,,,45845,40.35144,-84.3738,America/New_York,EST,-5,,,,,,,,,,,
Ohio,OH,Fort Mckinley,,,,,,,,,39.80446,-84.3197,America/New_York,EST,-5,,,,,,,,,,,
Ohio,OH,Fort Recovery,,,,,,,,45846,40.45241,-84.7169,America/New_York,EST,-5,,,,,,,,,,,
Ohio,OH,Fort Shawnee,,,,,,,,,40.68672,-84.1377,America/New_York,EST,-5,,,,,,,,,,,
Ohio,OH,Fostoria,,,,,,,,44830,41.157,-83.4169,America/New_York,EST,-5,,,,,,,,,,,
Ohio,OH,Frankfort,,,,,,,,45628,39.38717,-83.1826,America/New_York,EST,-5,,,,,,,,,,,
Ohio,OH,Franklin,,,,,,,,45005,39.55895,-84.3041,America/New_York,EST,-5,,,,,,,,,,,
Ohio,OH,Franklin Furnace,,,,,,,,45629,38.65044,-82.8021,America/New_York,EST,-5,,,,,,,,,,,
Ohio,OH,Frazeysburg,,,,,,,,43822,40.10867,-82.1032,America/New_York,EST,-5,,,,,,,,,,,
Ohio,OH,Fredericksburg,,,,,,,,44627,40.69655,-81.831,America/New_York,EST,-5,,,,,,,,,,,
Ohio,OH,Fredericktown,,,,,,,,43019,40.48714,-82.5125,America/New_York,EST,-5,,,,,,,,,,,
Ohio,OH,Freeport,,,,,,,,43973,40.2307,-81.2237,America/New_York,EST,-5,,,,,,,,,,,
Ohio,OH,Fremont,,,,,,,,43420,41.35622,-83.134,America/New_York,EST,-5,,,,,,,,,,,
Ohio,OH,Fruit Hill,,,,,,,,,39.07562,-84.3644,America/New_York,EST,-5,,,,,,,,,,,
Ohio,OH,Fulton,,,,,,,,43321,40.46256,-82.8288,America/New_York,EST,-5,,,,,,,,,,,
Ohio,OH,Fultonham,,,,,,,,43738,39.85553,-82.1378,America/New_York,EST,-5,,,,,,,,,,,
Ohio,OH,Gahanna,,,,,,,,,40.01923,-82.8793,America/New_York,EST,-5,,,,,,,,,,,
Ohio,OH,Galena,,,,,,,,43021,40.20114,-82.8749,America/New_York,EST,-5,,,,,,,,,,,
Ohio,OH,Galion,,,,,,,,44833,40.74697,-82.823,America/New_York,EST,-5,,,,,,,,,,,
Ohio,OH,Gallipolis,,,,,,,,45631,38.79376,-82.2692,America/New_York,EST,-5,,,,,,,,,,,
Ohio,OH,Gallup,,,,,,,,,0,0,,,,,,,,,,,,,,
Ohio,OH,Gambier,,,,,,,,43022,40.33853,-82.3487,America/New_York,EST,-5,,,,,,,,,,,
Ohio,OH,Gann,,,,,,,,,40.4692,-82.1913,America/New_York,EST,-5,,,,,,,,,,,
Ohio,OH,Garfield Heights,,,,,,,,,41.417,-81.606,America/New_York,EST,-5,,,,,,,,,,,
Ohio,OH,Garrettsville,,,,,,,,44231,41.29141,-81.0815,America/New_York,EST,-5,,,,,,,,,,,
Ohio,OH,Gates Mills,,,,,,,,44040,41.51325,-81.4146,America/New_York,EST,-5,,,,,,,,,,,
Ohio,OH,Geneva,,,,,,,,44041,41.7769,-80.9499,America/New_York,EST,-5,,,,,,,,,,,
Ohio,OH,Geneva-On-The-Lake,,,,,,,,,41.8595,-80.954,America/New_York,EST,-5,,,,,,,,,,,
Ohio,OH,Genoa,,,,,,,,43430,41.52466,-83.3525,America/New_York,EST,-5,,,,,,,,,,,
Ohio,OH,Georgetown,,,,,,,,45121,38.86451,-83.9041,America/New_York,EST,-5,,,,,,,,,,,
Ohio,OH,Germantown,,,,,,,,45327,39.62876,-84.403,America/New_York,EST,-5,,,,,,,,,,,
Ohio,OH,Gettysburg,,,,,,,,45328,40.11473,-84.4934,America/New_York,EST,-5,,,,,,,,,,,
Ohio,OH,Gibsonburg,,,,,,,,43431,41.39209,-83.3176,America/New_York,EST,-5,,,,,,,,,,,
Ohio,OH,Gilboa,,,,,,,,,41.01811,-83.9219,America/New_York,EST,-5,,,,,,,,,,,
Ohio,OH,Girard,,,,,,,,44420,41.15395,-80.7015,America/New_York,EST,-5,,,,,,,,,,,
Ohio,OH,Glandorf,,,,,,,,45848,41.09642,-84.112,America/New_York,EST,-5,,,,,,,,,,,
Ohio,OH,Glendale,,,,,,,,,39.27061,-84.4594,America/New_York,EST,-5,,,,,,,,,,,
Ohio,OH,Glenford,,,,,,,,43739,39.88431,-82.2977,America/New_York,EST,-5,,,,,,,,,,,
Ohio,OH,Glenmont,,,,,,,,44628,40.53833,-82.1288,America/New_York,EST,-5,,,,,,,,,,,
Ohio,OH,Glenmoor,,,,,,,,,40.66617,-80.6231,America/New_York,EST,-5,,,,,,,,,,,
Ohio,OH,Glenmore,,,,,,,,,40.78477,-84.6983,America/New_York,EST,-5,,,,,,,,,,,
Ohio,OH,Glenwillow,,,,,,,,,0,0,,,,,,,,,,,,,,
Ohio,OH,Gloria Glens Park,,,,,,,,,41.05839,-81.8979,America/New_York,EST,-5,,,,,,,,,,,
Ohio,OH,Glouster,,,,,,,,45732,39.47528,-82.0633,America/New_York,EST,-5,,,,,,,,,,,
Ohio,OH,Gnadenhutten,,,,,,,,44629,40.33593,-81.4309,America/New_York,EST,-5,,,,,,,,,,,
Ohio,OH,Golf Manor,,,,,,,,,39.18728,-84.4463,America/New_York,EST,-5,,,,,,,,,,,
Ohio,OH,Gomer,,,,,,,,45809,40.84505,-84.1872,America/New_York,EST,-5,,,,,,,,,,,
Ohio,OH,Gordon,,,,,,,,,40.13543,-84.6191,America/New_York,EST,-5,,,,,,,,,,,
Ohio,OH,Grafton,,,,,,,,44044,41.2745,-82.0462,America/New_York,EST,-5,,,,,,,,,,,
Ohio,OH,Grand Rapids,,,,,,,,43522,41.39471,-83.8349,America/New_York,EST,-5,,,,,,,,,,,
Ohio,OH,Grand River,,,,,,,,44045,41.74269,-81.2821,America/New_York,EST,-5,,,,,,,,,,,
Ohio,OH,Grandview,,,,,,,,,39.50813,-81.0821,America/New_York,EST,-5,,,,,,,,,,,
Ohio,OH,Grandview Heights,,,,,,,,,39.97979,-83.0407,America/New_York,EST,-5,,,,,,,,,,,
Ohio,OH,Granville,,,,,,,,43023,40.04897,-82.5399,America/New_York,EST,-5,,,,,,,,,,,
Ohio,OH,Granville South,,,,,,,,,40.04897,-82.5399,America/New_York,EST,-5,,,,,,,,,,,
Ohio,OH,Gratiot,,,,,,,,43740,39.95118,-82.216,America/New_York,EST,-5,,,,,,,,,,,
Ohio,OH,Gratis,,,,,,,,45330,39.64783,-84.5272,America/New_York,EST,-5,,,,,,,,,,,
Ohio,OH,Graysville,,,,,,,,45734,39.66302,-81.1822,America/New_York,EST,-5,,,,,,,,,,,
Ohio,OH,Green,,,,,,,,44232,40.93251,-81.462,America/New_York,EST,-5,,,,,,,,,,,
Ohio,OH,Green Camp,,,,,,,,43322,40.532,-83.2105,America/New_York,EST,-5,,,,,,,,,,,
Ohio,OH,Green Meadows,,,,,,,,,40.93251,-81.462,America/New_York,EST,-5,,,,,,,,,,,
Ohio,OH,Green Springs,,,,,,,,44836,41.25616,-83.0516,America/New_York,EST,-5,,,,,,,,,,,
Ohio,OH,Greenfield,,,,,,,,45123,39.35,-83.386,America/New_York,EST,-5,,,,,,,,,,,
Ohio,OH,Greenhills,,,,,,,,,39.26811,-84.523,America/New_York,EST,-5,,,,,,,,,,,
Ohio,OH,Greentown,,,,,,,,44630,40.92951,-81.4001,America/New_York,EST,-5,,,,,,,,,,,
Ohio,OH,Greenville,,,,,,,,45331,40.15648,-84.6491,America/New_York,EST,-5,,,,,,,,,,,
Ohio,OH,Greenwich,,,,,,,,44837,41.03005,-82.5157,America/New_York,EST,-5,,,,,,,,,,,
Ohio,OH,Grelton,,,,,,,,43523,41.34108,-84.0005,America/New_York,EST,-5,,,,,,,,,,,
Ohio,OH,Groesbeck,,,,,,,,,39.22311,-84.5869,America/New_York,EST,-5,,,,,,,,,,,
Ohio,OH,Grove City,,,,,,,,43123,39.88145,-83.093,America/New_York,EST,-5,,,,,,,,,,,
Ohio,OH,Groveport,,,,,,,,43125###43199###43195,39.84692,-82.8849,America/New_York,EST,-5,,,,,,,,,,,
Ohio,OH,Grover Hill,,,,,,,,45849,41.03228,-84.4794,America/New_York,EST,-5,,,,,,,,,,,
Ohio,OH,Hallock,,,,,,,,,41.52672,-84.5575,America/New_York,EST,-5,,,,,,,,,,,
Ohio,OH,Hamden,,,,,,,,45634,39.17832,-82.5032,America/New_York,EST,-5,,,,,,,,,,,
Ohio,OH,Hamersville,,,,,,,,45130,38.90219,-83.9823,America/New_York,EST,-5,,,,,,,,,,,
Ohio,OH,Hamilton,,,,,,,,45015###45012###45013###45011,39.42514,-84.4729,America/New_York,EST,-5,,,,,,,,,,,
Ohio,OH,Hamler,,,,,,,,43524,41.23008,-84.0358,America/New_York,EST,-5,,,,,,,,,,,
Ohio,OH,Hanging Rock,,,,,,,,,38.56008,-82.721,America/New_York,EST,-5,,,,,,,,,,,
Ohio,OH,Hanover,,,,,,,,,40.07979,-82.261,America/New_York,EST,-5,,,,,,,,,,,
Ohio,OH,Hanoverton,,,,,,,,44423,40.76084,-80.8879,America/New_York,EST,-5,,,,,,,,,,,
Ohio,OH,Harbor Hills,,,,,,,,,41.88783,-80.8154,America/New_York,EST,-5,,,,,,,,,,,
Ohio,OH,Harbor View,,,,,,,,43434,41.69338,-83.4444,America/New_York,EST,-5,,,,,,,,,,,
Ohio,OH,Harpster,,,,,,,,43323,40.7346,-83.2537,America/New_York,EST,-5,,,,,,,,,,,
Ohio,OH,Harrisburg,,,,,,,,43126,39.8155,-83.1658,America/New_York,EST,-5,,,,,,,,,,,
Ohio,OH,Harrison,,,,,,,,45030,39.25989,-84.7596,America/New_York,EST,-5,,,,,,,,,,,
Ohio,OH,Harrisville,,,,,,,,43974,40.18148,-80.8882,America/New_York,EST,-5,,,,,,,,,,,
Ohio,OH,Harrod,,,,,,,,45850,40.70644,-83.9213,America/New_York,EST,-5,,,,,,,,,,,
Ohio,OH,Hartford,,,,,,,,44424,41.3091,-80.5847,America/New_York,EST,-5,,,,,,,,,,,
Ohio,OH,Hartville,,,,,,,,44632,40.96367,-81.3312,America/New_York,EST,-5,,,,,,,,,,,
Ohio,OH,Harveysburg,,,,,,,,45032,39.50128,-84.0067,America/New_York,EST,-5,,,,,,,,,,,
Ohio,OH,Haskins,,,,,,,,43525,41.4667,-83.7055,America/New_York,EST,-5,,,,,,,,,,,
Ohio,OH,Haviland,,,,,,,,45851,41.03321,-84.6008,America/New_York,EST,-5,,,,,,,,,,,
Ohio,OH,Hayesville,,,,,,,,44838,40.77311,-82.2624,America/New_York,EST,-5,,,,,,,,,,,
Ohio,OH,Heath,,,,,,,,43056,40.00441,-82.4671,America/New_York,EST,-5,,,,,,,,,,,
Ohio,OH,Hebron,,,,,,,,43025,39.9748,-82.5111,America/New_York,EST,-5,,,,,,,,,,,
Ohio,OH,Helena,,,,,,,,43435,41.326,-83.3186,America/New_York,EST,-5,,,,,,,,,,,
Ohio,OH,Hemlock,,,,,,,,,39.58868,-82.1554,America/New_York,EST,-5,,,,,,,,,,,
Ohio,OH,Hicksville,,,,,,,,43526,41.32501,-84.678,America/New_York,EST,-5,,,,,,,,,,,
Ohio,OH,Higginsport,,,,,,,,45131,38.7903,-83.9666,America/New_York,EST,-5,,,,,,,,,,,
Ohio,OH,Highland,,,,,,,,45132,39.34451,-83.5974,America/New_York,EST,-5,,,,,,,,,,,
Ohio,OH,Highland Heights,,,,,,,,,41.552,-81.4785,America/New_York,EST,-5,,,,,,,,,,,
Ohio,OH,Hilliard,,,,,,,,43026,40.0334,-83.1583,America/New_York,EST,-5,,,,,,,,,,,
Ohio,OH,Hills And Dales,,,,,,,,,40.82978,-81.4448,America/New_York,EST,-5,,,,,,,,,,,
Ohio,OH,Hillsboro,,,,,,,,45133,39.16916,-83.5945,America/New_York,EST,-5,,,,,,,,,,,
Ohio,OH,Hiram,,,,,,,,44234,41.31035,-81.1652,America/New_York,EST,-5,,,,,,,,,,,
Ohio,OH,Holgate,,,,,,,,43527,41.23175,-84.1296,America/New_York,EST,-5,,,,,,,,,,,
Ohio,OH,Holiday Valley,,,,,,,,,39.85617,-83.9685,America/New_York,EST,-5,,,,,,,,,,,
Ohio,OH,Holland,,,,,,,,43528,41.6285,-83.7511,America/New_York,EST,-5,,,,,,,,,,,
Ohio,OH,Hollansburg,,,,,,,,45332,39.99396,-84.7837,America/New_York,EST,-5,,,,,,,,,,,
Ohio,OH,Holloway,,,,,,,,43985,40.16229,-81.1326,America/New_York,EST,-5,,,,,,,,,,,
Ohio,OH,Holmesville,,,,,,,,44633,40.62462,-81.9375,America/New_York,EST,-5,,,,,,,,,,,
Ohio,OH,Hopedale,,,,,,,,43976,40.32535,-80.9012,America/New_York,EST,-5,,,,,,,,,,,
Ohio,OH,Howland Center,,,,,,,,,40.06396,-81.529,America/New_York,EST,-5,,,,,,,,,,,
Ohio,OH,Hoytville,,,,,,,,43529,41.18723,-83.7847,America/New_York,EST,-5,,,,,,,,,,,
Ohio,OH,Hubbard,,,,,,,,44425,41.15645,-80.5692,America/New_York,EST,-5,,,,,,,,,,,
Ohio,OH,Huber Heights,,,,,,,,,39.84395,-84.1247,America/New_York,EST,-5,,,,,,,,,,,
Ohio,OH,Huber Ridge,,,,,,,,,40.08868,-82.9166,America/New_York,EST,-5,,,,,,,,,,,
Ohio,OH,Hudson,,,,,,,,44237###44236,41.24402,-81.4763,America/New_York,EST,-5,,,,,,,,,,,
Ohio,OH,Hume,,,,,,,,,40.66311,-84.2008,America/New_York,EST,-5,,,,,,,,,,,
Ohio,OH,Hunting Valley,,,,,,,,,41.48922,-81.4018,America/New_York,EST,-5,,,,,,,,,,,
Ohio,OH,Huntsville,,,,,,,,43324,40.43991,-83.8096,America/New_York,EST,-5,,,,,,,,,,,
Ohio,OH,Huron,,,,,,,,44839,41.37566,-82.5386,America/New_York,EST,-5,,,,,,,,,,,
Ohio,OH,Independence,,,,,,,,44131,41.39565,-81.6423,America/New_York,EST,-5,,,,,,,,,,,
Ohio,OH,Irondale,,,,,,,,43932,40.57173,-80.7265,America/New_York,EST,-5,,,,,,,,,,,
Ohio,OH,Ironton,,,,,,,,45638,38.53675,-82.6829,America/New_York,EST,-5,,,,,,,,,,,
Ohio,OH,Ithaca,,,,,,,,,39.93727,-84.5533,America/New_York,EST,-5,,,,,,,,,,,
Ohio,OH,Jackson,,,,,,,,45640,39.03738,-82.629,America/New_York,EST,-5,,,,,,,,,,,
Ohio,OH,Jackson Center,,,,,,,,45334,40.43492,-84.0585,America/New_York,EST,-5,,,,,,,,,,,
Ohio,OH,Jacksonburg,,,,,,,,,0,0,,,,,,,,,,,,,,
Ohio,OH,Jacksonville,,,,,,,,45740,39.47809,-82.0767,America/New_York,EST,-5,,,,,,,,,,,
Ohio,OH,Jamestown,,,,,,,,45335,39.67408,-83.7667,America/New_York,EST,-5,,,,,,,,,,,
Ohio,OH,Jefferson,,,,,,,,44047,41.70054,-80.6933,America/New_York,EST,-5,,,,,,,,,,,
Ohio,OH,Jeffersonville,,,,,,,,43128,39.65406,-83.5726,America/New_York,EST,-5,,,,,,,,,,,
Ohio,OH,Jenera,,,,,,,,45841,40.88505,-83.723,America/New_York,EST,-5,,,,,,,,,,,
Ohio,OH,Jeromesville,,,,,,,,44840,40.78933,-82.2063,America/New_York,EST,-5,,,,,,,,,,,
Ohio,OH,Jerry City,,,,,,,,43437,41.2559,-83.6022,America/New_York,EST,-5,,,,,,,,,,,
Ohio,OH,Jerusalem,,,,,,,,43747,39.82588,-81.1236,America/New_York,EST,-5,,,,,,,,,,,
Ohio,OH,Jewell,,,,,,,,43530,41.32576,-84.2793,America/New_York,EST,-5,,,,,,,,,,,
Ohio,OH,Jewett,,,,,,,,43986,40.37027,-80.9968,America/New_York,EST,-5,,,,,,,,,,,
Ohio,OH,Johnstown,,,,,,,,43031,40.16145,-82.6044,America/New_York,EST,-5,,,,,,,,,,,
Ohio,OH,Jonestown,,,,,,,,,40.16145,-82.6044,America/New_York,EST,-5,,,,,,,,,,,
Ohio,OH,Junction City,,,,,,,,43748,39.6847,-82.3028,America/New_York,EST,-5,,,,,,,,,,,
Ohio,OH,Kalida,,,,,,,,45853,40.98283,-84.1994,America/New_York,EST,-5,,,,,,,,,,,
Ohio,OH,Kemp,,,,,,,,,40.72366,-84.2233,America/New_York,EST,-5,,,,,,,,,,,
Ohio,OH,Kent,,,,,,,,44240###44243###44242,41.13232,-81.3328,America/New_York,EST,-5,,,,,,,,,,,
Ohio,OH,Kenton,,,,,,,,43326,40.6401,-83.6169,America/New_York,EST,-5,,,,,,,,,,,
Ohio,OH,Kenwood,,,,,,,,,39.21062,-84.3672,America/New_York,EST,-5,,,,,,,,,,,
Ohio,OH,Kettering,,,,,,,,,39.6895,-84.1688,America/New_York,EST,-5,,,,,,,,,,,
Ohio,OH,Kettlersville,,,,,,,,45336,40.44133,-84.2626,America/New_York,EST,-5,,,,,,,,,,,
Ohio,OH,Kieferville,,,,,,,,,41.10033,-84.2066,America/New_York,EST,-5,,,,,,,,,,,
Ohio,OH,Killbuck,,,,,,,,44637,40.50163,-82.0412,America/New_York,EST,-5,,,,,,,,,,,
Ohio,OH,Kimbolton,,,,,,,,43749,40.15891,-81.549,America/New_York,EST,-5,,,,,,,,,,,
Ohio,OH,Kincaid Springs,,,,,,,,,39.92706,-83.8132,America/New_York,EST,-5,,,,,,,,,,,
Ohio,OH,Kingston,,,,,,,,45644,39.42482,-82.8622,America/New_York,EST,-5,,,,,,,,,,,
Ohio,OH,Kipton,,,,,,,,44049,41.26635,-82.3064,America/New_York,EST,-5,,,,,,,,,,,
Ohio,OH,Kirby,,,,,,,,43330,40.81302,-83.4196,America/New_York,EST,-5,,,,,,,,,,,
Ohio,OH,Kirkersville,,,,,,,,43033,39.95951,-82.5957,America/New_York,EST,-5,,,,,,,,,,,
Ohio,OH,Kirtland,,,,,,,,,41.62894,-81.3615,America/New_York,EST,-5,,,,,,,,,,,
Ohio,OH,Kirtland Hills,,,,,,,,,41.62394,-81.3071,America/New_York,EST,-5,,,,,,,,,,,
Ohio,OH,Kunkle,,,,,,,,43531,41.63672,-84.4952,America/New_York,EST,-5,,,,,,,,,,,
Ohio,OH,La Croft,,,,,,,,,40.6459,-80.5978,America/New_York,EST,-5,,,,,,,,,,,
Ohio,OH,La Rue,,,,,,,,43332,40.59648,-83.3446,America/New_York,EST,-5,,,,,,,,,,,
Ohio,OH,Lafayette,,,,,,,,45854,40.75821,-83.9499,America/New_York,EST,-5,,,,,,,,,,,
Ohio,OH,Lagrange,,,,,,,,44050,41.2582,-82.1197,America/New_York,EST,-5,,,,,,,,,,,
Ohio,OH,Lake Darby,,,,,,,,,39.76867,-83.2058,America/New_York,EST,-5,,,,,,,,,,,
Ohio,OH,Lake Hope State Park,,,,,,,,,0,0,,,,,,,,,,,,,,
Ohio,OH,Lake Seneca,,,,,,,,,0,0,,,,,,,,,,,,,,
Ohio,OH,Lake Vesuvius,,,,,,,,,0,0,,,,,,,,,,,,,,
Ohio,OH,Lakemore,,,,,,,,44250,41.02216,-81.4279,America/New_York,EST,-5,,,,,,,,,,,
Ohio,OH,Lakeview,,,,,,,,43331,40.50185,-83.9202,America/New_York,EST,-5,,,,,,,,,,,
Ohio,OH,Lakewood,,,,,,,,44107,41.48199,-81.7982,America/New_York,EST,-5,,,,,,,,,,,
Ohio,OH,Lancaster,,,,,,,,43130,39.68965,-82.6093,America/New_York,EST,-5,,,,,,,,,,,
Ohio,OH,Landen,,,,,,,,,39.88628,-83.4077,America/New_York,EST,-5,,,,,,,,,,,
Ohio,OH,Latty,,,,,,,,45855,41.08866,-84.5852,America/New_York,EST,-5,,,,,,,,,,,
Ohio,OH,Laura,,,,,,,,45337,39.98518,-84.3994,America/New_York,EST,-5,,,,,,,,,,,
Ohio,OH,Laurelville,,,,,,,,43135,39.46255,-82.6665,America/New_York,EST,-5,,,,,,,,,,,
Ohio,OH,Lawrenceville,,,,,,,,,39.86083,-83.7528,America/New_York,EST,-5,,,,,,,,,,,
Ohio,OH,Lebanon,,,,,,,,45036,39.42928,-84.1735,America/New_York,EST,-5,,,,,,,,,,,
Ohio,OH,Leesburg,,,,,,,,45135,39.34506,-83.553,America/New_York,EST,-5,,,,,,,,,,,
Ohio,OH,Leesville,,,,,,,,44639,40.54769,-81.2435,America/New_York,EST,-5,,,,,,,,,,,
Ohio,OH,Leetonia,,,,,,,,44431,40.83798,-80.7498,America/New_York,EST,-5,,,,,,,,,,,
Ohio,OH,Leipsic,,,,,,,,45856,41.09838,-83.9847,America/New_York,EST,-5,,,,,,,,,,,
Ohio,OH,Lewisburg,,,,,,,,45338,39.78092,-84.5673,America/New_York,EST,-5,,,,,,,,,,,
Ohio,OH,Lewisville,,,,,,,,43754,39.74607,-81.2277,America/New_York,EST,-5,,,,,,,,,,,
Ohio,OH,Lexington,,,,,,,,,40.67867,-82.5824,America/New_York,EST,-5,,,,,,,,,,,
Ohio,OH,Liberty Center,,,,,,,,43532,41.42936,-84.0084,America/New_York,EST,-5,,,,,,,,,,,
Ohio,OH,Lima,,,,,,,,45804###45802###45805###45801###45806###45807,40.77215,-84.0471,America/New_York,EST,-5,,,,,,,,,,,
Ohio,OH,Limaville,,,,,,,,44640,40.98356,-81.1497,America/New_York,EST,-5,,,,,,,,,,,
Ohio,OH,Lincoln Heights,,,,,,,,,40.77634,-82.5276,America/New_York,EST,-5,,,,,,,,,,,
Ohio,OH,Lincoln Village,,,,,,,,,39.95479,-83.1307,America/New_York,EST,-5,,,,,,,,,,,
Ohio,OH,Lindsey,,,,,,,,43442,41.42263,-83.2312,America/New_York,EST,-5,,,,,,,,,,,
Ohio,OH,Linndale,,,,,,,,,41.42791,-81.8172,America/New_York,EST,-5,,,,,,,,,,,
Ohio,OH,Lisbon,,,,,,,,44432,40.74305,-80.7453,America/New_York,EST,-5,,,,,,,,,,,
Ohio,OH,Lithopolis,,,,,,,,43136,39.80284,-82.8063,America/New_York,EST,-5,,,,,,,,,,,
Ohio,OH,Lockbourne,,,,,,,,43137,39.80923,-82.9724,America/New_York,EST,-5,,,,,,,,,,,
Ohio,OH,Lockington,,,,,,,,,0,0,,,,,,,,,,,,,,
Ohio,OH,Lockland,,,,,,,,,39.22923,-84.4577,America/New_York,EST,-5,,,,,,,,,,,
Ohio,OH,Lodi,,,,,,,,44254,41.04491,-81.9921,America/New_York,EST,-5,,,,,,,,,,,
Ohio,OH,Logan,,,,,,,,43138,39.52535,-82.4374,America/New_York,EST,-5,,,,,,,,,,,
Ohio,OH,Logan Elm Village,,,,,,,,,39.56978,-82.9518,America/New_York,EST,-5,,,,,,,,,,,
Ohio,OH,London,,,,,,,,43140,39.88628,-83.4077,America/New_York,EST,-5,,,,,,,,,,,
Ohio,OH,Lorain,,,,,,,,44055###44052###44053,41.45099,-82.1665,America/New_York,EST,-5,,,,,,,,,,,
Ohio,OH,Lordstown,,,,,,,,,0,0,,,,,,,,,,,,,,
Ohio,OH,Lore City,,,,,,,,43755,40.05267,-81.4357,America/New_York,EST,-5,,,,,,,,,,,
Ohio,OH,Loudonville,,,,,,,,44842,40.657,-82.2367,America/New_York,EST,-5,,,,,,,,,,,
Ohio,OH,Louisville,,,,,,,,44641,40.8574,-81.2465,America/New_York,EST,-5,,,,,,,,,,,
Ohio,OH,Loveland,,,,,,,,45140,39.22319,-84.2451,America/New_York,EST,-5,,,,,,,,,,,
Ohio,OH,Loveland Park,,,,,,,,,39.29978,-84.2633,America/New_York,EST,-5,,,,,,,,,,,
Ohio,OH,Lowell,,,,,,,,45744,39.53882,-81.4788,America/New_York,EST,-5,,,,,,,,,,,
Ohio,OH,Lowellville,,,,,,,,44436,41.05643,-80.5496,America/New_York,EST,-5,,,,,,,,,,,
Ohio,OH,Lower Salem,,,,,,,,45745,39.56111,-81.3968,America/New_York,EST,-5,,,,,,,,,,,
Ohio,OH,Lucas,,,,,,,,44843,40.70506,-82.4182,America/New_York,EST,-5,,,,,,,,,,,
Ohio,OH,Lucasville,,,,,,,,45648###45699,38.88842,-82.9813,America/New_York,EST,-5,,,,,,,,,,,
Ohio,OH,Luckey,,,,,,,,43443,41.4576,-83.4736,America/New_York,EST,-5,,,,,,,,,,,
Ohio,OH,Ludlow Falls,,,,,,,,45339,40.00576,-84.3518,America/New_York,EST,-5,,,,,,,,,,,
Ohio,OH,Lynchburg,,,,,,,,45142,39.20456,-83.8108,America/New_York,EST,-5,,,,,,,,,,,
Ohio,OH,Lyndhurst,,,,,,,,,41.52005,-81.4887,America/New_York,EST,-5,,,,,,,,,,,
Ohio,OH,Lyons,,,,,,,,43533,41.6995,-84.0702,America/New_York,EST,-5,,,,,,,,,,,
Ohio,OH,Macedonia,,,,,,,,44056,41.31129,-81.4925,America/New_York,EST,-5,,,,,,,,,,,
Ohio,OH,Mack North,,,,,,,,,39.15811,-84.6497,America/New_York,EST,-5,,,,,,,,,,,
Ohio,OH,Mack South,,,,,,,,,39.15811,-84.6497,America/New_York,EST,-5,,,,,,,,,,,
Ohio,OH,Macksburg,,,,,,,,45746,39.6323,-81.4565,America/New_York,EST,-5,,,,,,,,,,,
Ohio,OH,Madeira,,,,,,,,,39.19089,-84.3636,America/New_York,EST,-5,,,,,,,,,,,
Ohio,OH,Madison,,,,,,,,44057,41.78147,-81.0732,America/New_York,EST,-5,,,,,,,,,,,
Ohio,OH,Magnetic Springs,,,,,,,,43036,40.35284,-83.2634,America/New_York,EST,-5,,,,,,,,,,,
Ohio,OH,Magnolia,,,,,,,,44643,40.67988,-81.3121,America/New_York,EST,-5,,,,,,,,,,,
Ohio,OH,Maineville,,,,,,,,45039,39.31697,-84.2438,America/New_York,EST,-5,,,,,,,,,,,
Ohio,OH,Malinta,,,,,,,,43535,41.30544,-84.0036,America/New_York,EST,-5,,,,,,,,,,,
Ohio,OH,Malta,,,,,,,,43758,39.63238,-81.9087,America/New_York,EST,-5,,,,,,,,,,,
Ohio,OH,Malvern,,,,,,,,44644,40.69173,-81.1812,America/New_York,EST,-5,,,,,,,,,,,
Ohio,OH,Manchester,,,,,,,,45144,38.69877,-83.5744,America/New_York,EST,-5,,,,,,,,,,,
Ohio,OH,Mandale,,,,,,,,,41.01811,-84.3599,America/New_York,EST,-5,,,,,,,,,,,
Ohio,OH,Mansfield,,,,,,,,44901###44906###44904###44907###44905###44902###44903,40.79171,-82.5094,America/New_York,EST,-5,,,,,,,,,,,
Ohio,OH,Mantua,,,,,,,,44255,41.28236,-81.2299,America/New_York,EST,-5,,,,,,,,,,,
Ohio,OH,Maple Heights,,,,,,,,44137,41.4047,-81.5575,America/New_York,EST,-5,,,,,,,,,,,
Ohio,OH,Maple Ridge,,,,,,,,,40.92311,-81.0509,America/New_York,EST,-5,,,,,,,,,,,
Ohio,OH,Marble Cliff,,,,,,,,,39.98673,-83.0616,America/New_York,EST,-5,,,,,,,,,,,
Ohio,OH,Marblehead,,,,,,,,,41.54033,-82.7355,America/New_York,EST,-5,,,,,,,,,,,
Ohio,OH,Marengo,,,,,,,,43334,40.40632,-82.7821,America/New_York,EST,-5,,,,,,,,,,,
Ohio,OH,Mariemont,,,,,,,,,39.14506,-84.3744,America/New_York,EST,-5,,,,,,,,,,,
Ohio,OH,Marietta,,,,,,,,45750,39.41345,-81.3511,America/New_York,EST,-5,,,,,,,,,,,
Ohio,OH,Marion,,,,,,,,43301###43302,40.6166,-83.0693,America/New_York,EST,-5,,,,,,,,,,,
Ohio,OH,Mark Center,,,,,,,,43536,41.31085,-84.6404,America/New_York,EST,-5,,,,,,,,,,,
Ohio,OH,Marseilles,,,,,,,,,40.70145,-83.3927,America/New_York,EST,-5,,,,,,,,,,,
Ohio,OH,Marshall,,,,,,,,,39.15201,-83.4849,America/New_York,EST,-5,,,,,,,,,,,
Ohio,OH,Marshallville,,,,,,,,44645,40.90899,-81.7257,America/New_York,EST,-5,,,,,,,,,,,
Ohio,OH,Martins Ferry,,,,,,,,43935,40.11723,-80.7581,America/New_York,EST,-5,,,,,,,,,,,
Ohio,OH,Martinsburg,,,,,,,,43037,40.26979,-82.354,America/New_York,EST,-5,,,,,,,,,,,
Ohio,OH,Martinsville,,,,,,,,45146,39.3138,-83.7969,America/New_York,EST,-5,,,,,,,,,,,
Ohio,OH,Marysville,,,,,,,,43040###43041,40.26765,-83.3766,America/New_York,EST,-5,,,,,,,,,,,
Ohio,OH,Mason,,,,,,,,45040,39.36006,-84.3099,America/New_York,EST,-5,,,,,,,,,,,
Ohio,OH,Massillon,,,,,,,,44647###44648###44646,40.81438,-81.4972,America/New_York,EST,-5,,,,,,,,,,,
Ohio,OH,Matamoras,,,,,,,,,39.52033,-81.0685,America/New_York,EST,-5,,,,,,,,,,,
Ohio,OH,Maumee,,,,,,,,43537,41.57125,-83.685,America/New_York,EST,-5,,,,,,,,,,,
Ohio,OH,Mayfield,,,,,,,,,41.4966,-81.4676,America/New_York,EST,-5,,,,,,,,,,,
Ohio,OH,Mayfield Heights,,,,,,,,,41.51922,-81.4579,America/New_York,EST,-5,,,,,,,,,,,
Ohio,OH,Mcarthur,,,,,,,,,39.28001,-82.4753,America/New_York,EST,-5,,,,,,,,,,,
Ohio,OH,Mcclure,,,,,,,,,41.35658,-83.9413,America/New_York,EST,-5,,,,,,,,,,,
Ohio,OH,Mccomb,,,,,,,,,41.09817,-83.7847,America/New_York,EST,-5,,,,,,,,,,,
Ohio,OH,Mcconnelsville,,,,,,,,,39.67669,-81.8126,America/New_York,EST,-5,,,,,,,,,,,
Ohio,OH,Mcdonald,,,,,,,,,41.1519,-80.7519,America/New_York,EST,-5,,,,,,,,,,,
Ohio,OH,Mcgill,,,,,,,,,0,0,,,,,,,,,,,,,,
Ohio,OH,Mcguffey,,,,,,,,,40.69283,-83.7855,America/New_York,EST,-5,,,,,,,,,,,
Ohio,OH,Mechanicsburg,,,,,,,,43044,40.11781,-83.5878,America/New_York,EST,-5,,,,,,,,,,,
Ohio,OH,Medina,,,,,,,,44256###44258,41.10998,-81.855,America/New_York,EST,-5,,,,,,,,,,,
Ohio,OH,Melbern,,,,,,,,,41.467,-84.6513,America/New_York,EST,-5,,,,,,,,,,,
Ohio,OH,Melrose,,,,,,,,45861,41.08119,-84.4287,America/New_York,EST,-5,,,,,,,,,,,
Ohio,OH,Mendon,,,,,,,,45862,40.67338,-84.5188,America/New_York,EST,-5,,,,,,,,,,,
Ohio,OH,Mentor,,,,,,,,44060###44061,41.67929,-81.3288,America/New_York,EST,-5,,,,,,,,,,,
Ohio,OH,Mentor-on-the-Lake,,,,,,,,,41.70505,-81.3604,America/New_York,EST,-5,,,,,,,,,,,
Ohio,OH,Metamora,,,,,,,,43540,41.71172,-83.9097,America/New_York,EST,-5,,,,,,,,,,,
Ohio,OH,Meyers Lake,,,,,,,,,40.76702,-81.2658,America/New_York,EST,-5,,,,,,,,,,,
Ohio,OH,Miamisburg,,,,,,,,45342###45343,39.64166,-84.2746,America/New_York,EST,-5,,,,,,,,,,,
Ohio,OH,Middle Point,,,,,,,,45863,40.89932,-84.4541,America/New_York,EST,-5,,,,,,,,,,,
Ohio,OH,Middleburg Heights,,,,,,,,,41.36144,-81.8129,America/New_York,EST,-5,,,,,,,,,,,
Ohio,OH,Middlebury,,,,,,,,,40.84616,-84.7461,America/New_York,EST,-5,,,,,,,,,,,
Ohio,OH,Middlefield,,,,,,,,44062,41.45324,-81.0683,America/New_York,EST,-5,,,,,,,,,,,
Ohio,OH,Middleport,,,,,,,,45760,39.00175,-82.0488,America/New_York,EST,-5,,,,,,,,,,,
Ohio,OH,Middleton,,,,,,,,,40.88614,-80.6884,America/New_York,EST,-5,,,,,,,,,,,
Ohio,OH,Middletown,,,,,,,,45042###45044,39.54345,-84.4424,America/New_York,EST,-5,,,,,,,,,,,
Ohio,OH,Midland,,,,,,,,45148,39.29135,-83.8857,America/New_York,EST,-5,,,,,,,,,,,
Ohio,OH,Midvale,,,,,,,,44653,40.43798,-81.3729,America/New_York,EST,-5,,,,,,,,,,,
Ohio,OH,Midway,,,,,,,,,40.12424,-80.9081,America/New_York,EST,-5,,,,,,,,,,,
Ohio,OH,Mifflin,,,,,,,,,40.77395,-82.3643,America/New_York,EST,-5,,,,,,,,,,,
Ohio,OH,Milan,,,,,,,,44846,41.32078,-82.6105,America/New_York,EST,-5,,,,,,,,,,,
Ohio,OH,Milford,,,,,,,,45150,39.17534,-84.2944,America/New_York,EST,-5,,,,,,,,,,,
Ohio,OH,Milford Center,,,,,,,,43045,40.17009,-83.441,America/New_York,EST,-5,,,,,,,,,,,
Ohio,OH,Millbury,,,,,,,,43447,41.56616,-83.4247,America/New_York,EST,-5,,,,,,,,,,,
Ohio,OH,Milledgeville,,,,,,,,43142,39.59284,-83.5874,America/New_York,EST,-5,,,,,,,,,,,
Ohio,OH,Miller City,,,,,,,,45864,41.10378,-84.1315,America/New_York,EST,-5,,,,,,,,,,,
Ohio,OH,Millersburg,,,,,,,,44654,40.54474,-81.8788,America/New_York,EST,-5,,,,,,,,,,,
Ohio,OH,Millersport,,,,,,,,43046,39.88476,-82.5392,America/New_York,EST,-5,,,,,,,,,,,
Ohio,OH,Millville,,,,,,,,,39.38922,-84.6544,America/New_York,EST,-5,,,,,,,,,,,
Ohio,OH,Milton Center,,,,,,,,43541,41.30089,-83.8296,America/New_York,EST,-5,,,,,,,,,,,
Ohio,OH,Miltonsburg,,,,,,,,,39.83063,-81.1654,America/New_York,EST,-5,,,,,,,,,,,
Ohio,OH,Mineral City,,,,,,,,44656,40.57051,-81.3436,America/New_York,EST,-5,,,,,,,,,,,
Ohio,OH,Mineral Ridge,,,,,,,,44440,41.13874,-80.7659,America/New_York,EST,-5,,,,,,,,,,,
Ohio,OH,Minerva,,,,,,,,44657,40.74976,-81.1753,America/New_York,EST,-5,,,,,,,,,,,
Ohio,OH,Minerva Jct,,,,,,,,,40.74976,-81.1753,America/New_York,EST,-5,,,,,,,,,,,
Ohio,OH,Minerva Park,,,,,,,,,40.08587,-82.9782,America/New_York,EST,-5,,,,,,,,,,,
Ohio,OH,Mingo Junction,,,,,,,,43938,40.32174,-80.6098,America/New_York,EST,-5,,,,,,,,,,,
Ohio,OH,Minster,,,,,,,,45865,40.4103,-84.3971,America/New_York,EST,-5,,,,,,,,,,,
Ohio,OH,Mogadore,,,,,,,,44260,41.04645,-81.3979,America/New_York,EST,-5,,,,,,,,,,,
Ohio,OH,Monfort Heights East,,,,,,,,,39.18839,-84.5952,America/New_York,EST,-5,,,,,,,,,,,
Ohio,OH,Monfort Heights South,,,,,,,,,39.18839,-84.5952,America/New_York,EST,-5,,,,,,,,,,,
Ohio,OH,Monroe,,,,,,,,45050,39.44849,-84.3745,America/New_York,EST,-5,,,,,,,,,,,
Ohio,OH,Monroeville,,,,,,,,44847,41.19298,-82.6963,America/New_York,EST,-5,,,,,,,,,,,
Ohio,OH,Montezuma,,,,,,,,45866,40.48903,-84.5494,America/New_York,EST,-5,,,,,,,,,,,
Ohio,OH,Montgomery,,,,,,,,,39.22811,-84.3541,America/New_York,EST,-5,,,,,,,,,,,
Ohio,OH,Monticello,,,,,,,,,40.69755,-84.4255,America/New_York,EST,-5,,,,,,,,,,,
Ohio,OH,Montpelier,,,,,,,,43543,41.60606,-84.5888,America/New_York,EST,-5,,,,,,,,,,,
Ohio,OH,Montrose-Ghent,,,,,,,,,41.13006,-81.5727,America/New_York,EST,-5,,,,,,,,,,,
Ohio,OH,Moraine,,,,,,,,,39.70617,-84.2194,America/New_York,EST,-5,,,,,,,,,,,
Ohio,OH,Moreland Hills,,,,,,,,,41.44783,-81.4276,America/New_York,EST,-5,,,,,,,,,,,
Ohio,OH,Morral,,,,,,,,43337,40.66798,-83.2634,America/New_York,EST,-5,,,,,,,,,,,
Ohio,OH,Morristown,,,,,,,,43759,40.06573,-81.0748,America/New_York,EST,-5,,,,,,,,,,,
Ohio,OH,Morrow,,,,,,,,45152,39.34203,-84.1069,America/New_York,EST,-5,,,,,,,,,,,
Ohio,OH,Moscow,,,,,,,,45153,38.86749,-84.1922,America/New_York,EST,-5,,,,,,,,,,,
Ohio,OH,Mount Blanchard,,,,,,,,45867,40.90467,-83.5289,America/New_York,EST,-5,,,,,,,,,,,
Ohio,OH,Mount Carmel,,,,,,,,,39.10589,-84.3041,America/New_York,EST,-5,,,,,,,,,,,
Ohio,OH,Mount Cory,,,,,,,,45868,40.97076,-83.8423,America/New_York,EST,-5,,,,,,,,,,,
Ohio,OH,Mount Eaton,,,,,,,,44659,40.6945,-81.7032,America/New_York,EST,-5,,,,,,,,,,,
Ohio,OH,Mount Gilead,,,,,,,,43338,40.5259,-82.7528,America/New_York,EST,-5,,,,,,,,,,,
Ohio,OH,Mount Healthy,,,,,,,,,39.23367,-84.5458,America/New_York,EST,-5,,,,,,,,,,,
Ohio,OH,Mount Healthy Heights,,,,,,,,,39.27034,-84.568,America/New_York,EST,-5,,,,,,,,,,,
Ohio,OH,Mount Orab,,,,,,,,45154,39.05786,-83.9139,America/New_York,EST,-5,,,,,,,,,,,
Ohio,OH,Mount Pleasant,,,,,,,,43939,40.16715,-80.8,America/New_York,EST,-5,,,,,,,,,,,
Ohio,OH,Mount Repose,,,,,,,,,39.20062,-84.2244,America/New_York,EST,-5,,,,,,,,,,,
Ohio,OH,Mount Sterling,,,,,,,,43143,39.76525,-83.3448,America/New_York,EST,-5,,,,,,,,,,,
Ohio,OH,Mount Vernon,,,,,,,,43050,40.37066,-82.4813,America/New_York,EST,-5,,,,,,,,,,,
Ohio,OH,Mount Victory,,,,,,,,43340,40.56149,-83.4954,America/New_York,EST,-5,,,,,,,,,,,
Ohio,OH,Mowrystown,,,,,,,,45155,39.03877,-83.7505,America/New_York,EST,-5,,,,,,,,,,,
Ohio,OH,Mulberry,,,,,,,,,39.19339,-84.2422,America/New_York,EST,-5,,,,,,,,,,,
Ohio,OH,Munroe Falls,,,,,,,,44262,41.13821,-81.4317,America/New_York,EST,-5,,,,,,,,,,,
Ohio,OH,Murray City,,,,,,,,43144,39.50551,-82.1711,America/New_York,EST,-5,,,,,,,,,,,
Ohio,OH,Mutual,,,,,,,,,40.05471,-83.5504,America/New_York,EST,-5,,,,,,,,,,,
Ohio,OH,Napoleon,,,,,,,,43545,41.35559,-84.123,America/New_York,EST,-5,,,,,,,,,,,
Ohio,OH,Nashville,,,,,,,,44661,40.59563,-82.113,America/New_York,EST,-5,,,,,,,,,,,
Ohio,OH,Navarre,,,,,,,,44662,40.70857,-81.5358,America/New_York,EST,-5,,,,,,,,,,,
Ohio,OH,Needmore,,,,,,,,,40.77949,-84.308,America/New_York,EST,-5,,,,,,,,,,,
Ohio,OH,Neffs,,,,,,,,43940,40.02845,-80.8245,America/New_York,EST,-5,,,,,,,,,,,
Ohio,OH,Nellie,,,,,,,,,40.33646,-82.0679,America/New_York,EST,-5,,,,,,,,,,,
Ohio,OH,Nelsonville,,,,,,,,45764,39.45868,-82.2318,America/New_York,EST,-5,,,,,,,,,,,
Ohio,OH,Nettle Lake,,,,,,,,,41.67922,-84.7233,America/New_York,EST,-5,,,,,,,,,,,
Ohio,OH,Nevada,,,,,,,,44849,40.8372,-83.1501,America/New_York,EST,-5,,,,,,,,,,,
Ohio,OH,Neville,,,,,,,,45156,38.81007,-84.2122,America/New_York,EST,-5,,,,,,,,,,,
Ohio,OH,New Albany,,,,,,,,43054,40.08511,-82.8143,America/New_York,EST,-5,,,,,,,,,,,
Ohio,OH,New Alexandria,,,,,,,,,40.29063,-80.6792,America/New_York,EST,-5,,,,,,,,,,,
Ohio,OH,New Athens,,,,,,,,43981,40.18393,-80.9959,America/New_York,EST,-5,,,,,,,,,,,
Ohio,OH,New Bavaria,,,,,,,,43548,41.19431,-84.1414,America/New_York,EST,-5,,,,,,,,,,,
Ohio,OH,New Bloomington,,,,,,,,43341,40.59923,-83.3087,America/New_York,EST,-5,,,,,,,,,,,
Ohio,OH,New Boston,,,,,,,,,38.7523,-82.9368,America/New_York,EST,-5,,,,,,,,,,,
Ohio,OH,New Bremen,,,,,,,,45869,40.43699,-84.3797,America/New_York,EST,-5,,,,,,,,,,,
Ohio,OH,New Carlisle,,,,,,,,45344,39.95925,-83.9869,America/New_York,EST,-5,,,,,,,,,,,
Ohio,OH,New Concord,,,,,,,,43762,40.02434,-81.767,America/New_York,EST,-5,,,,,,,,,,,
Ohio,OH,New Holland,,,,,,,,43145,39.56981,-83.2142,America/New_York,EST,-5,,,,,,,,,,,
Ohio,OH,New Knoxville,,,,,,,,45871,40.49614,-84.2827,America/New_York,EST,-5,,,,,,,,,,,
Ohio,OH,New Lebanon,,,,,,,,45345,39.74533,-84.385,America/New_York,EST,-5,,,,,,,,,,,
Ohio,OH,New Lexington,,,,,,,,43764,39.70605,-82.2061,America/New_York,EST,-5,,,,,,,,,,,
Ohio,OH,New London,,,,,,,,44851,41.12448,-82.4375,America/New_York,EST,-5,,,,,,,,,,,
Ohio,OH,New Madison,,,,,,,,45346,39.9821,-84.7057,America/New_York,EST,-5,,,,,,,,,,,
Ohio,OH,New Miami,,,,,,,,,39.43478,-84.5369,America/New_York,EST,-5,,,,,,,,,,,
Ohio,OH,New Middletown,,,,,,,,44442,40.96553,-80.549,America/New_York,EST,-5,,,,,,,,,,,
Ohio,OH,New Paris,,,,,,,,45347,39.85699,-84.7933,America/New_York,EST,-5,,,,,,,,,,,
Ohio,OH,New Philadelphia,,,,,,,,44663,40.48979,-81.4457,America/New_York,EST,-5,,,,,,,,,,,
Ohio,OH,New Richmond,,,,,,,,45157,38.9124,-84.2067,America/New_York,EST,-5,,,,,,,,,,,
Ohio,OH,New Riegel,,,,,,,,44853,41.06147,-83.299,America/New_York,EST,-5,,,,,,,,,,,
Ohio,OH,New Rome,,,,,,,,,39.95173,-83.1421,America/New_York,EST,-5,,,,,,,,,,,
Ohio,OH,New Straitsville,,,,,,,,43766,39.61948,-82.2528,America/New_York,EST,-5,,,,,,,,,,,
Ohio,OH,New Vienna,,,,,,,,45159,39.34925,-83.7029,America/New_York,EST,-5,,,,,,,,,,,
Ohio,OH,New Washington,,,,,,,,44854,40.94263,-82.8417,America/New_York,EST,-5,,,,,,,,,,,
Ohio,OH,New Waterford,,,,,,,,44445,40.84391,-80.6144,America/New_York,EST,-5,,,,,,,,,,,
Ohio,OH,New Weston,,,,,,,,45348,40.31683,-84.6339,America/New_York,EST,-5,,,,,,,,,,,
Ohio,OH,Newark,,,,,,,,43093###43058###43055,40.1199,-82.3778,America/New_York,EST,-5,,,,,,,,,,,
Ohio,OH,Newburgh Heights,,,,,,,,,41.45005,-81.6635,America/New_York,EST,-5,,,,,,,,,,,
Ohio,OH,Newcomerstown,,,,,,,,43832,40.33031,-81.571,America/New_York,EST,-5,,,,,,,,,,,
Ohio,OH,Newton Falls,,,,,,,,44444,41.19739,-80.9527,America/New_York,EST,-5,,,,,,,,,,,
Ohio,OH,Newtonsville,,,,,,,,45158,39.18201,-84.0863,America/New_York,EST,-5,,,,,,,,,,,
Ohio,OH,Newtown,,,,,,,,,39.12451,-84.3616,America/New_York,EST,-5,,,,,,,,,,,
Ohio,OH,Ney,,,,,,,,43549,41.36186,-84.5158,America/New_York,EST,-5,,,,,,,,,,,
Ohio,OH,Niles,,,,,,,,44446,41.18611,-80.7425,America/New_York,EST,-5,,,,,,,,,,,
Ohio,OH,North Baltimore,,,,,,,,45872,41.20424,-83.6837,America/New_York,EST,-5,,,,,,,,,,,
Ohio,OH,North Bend,,,,,,,,45052,39.14986,-84.7503,America/New_York,EST,-5,,,,,,,,,,,
Ohio,OH,North Canton,,,,,,,,,40.87589,-81.4023,America/New_York,EST,-5,,,,,,,,,,,
Ohio,OH,North College Hill,,,,,,,,,39.21839,-84.5508,America/New_York,EST,-5,,,,,,,,,,,
Ohio,OH,North Creek,,,,,,,,,41.14644,-84.2194,America/New_York,EST,-5,,,,,,,,,,,
Ohio,OH,North Fairfield,,,,,,,,44855,41.10948,-82.5865,America/New_York,EST,-5,,,,,,,,,,,
Ohio,OH,North Folk Village,,,,,,,,,0,0,,,,,,,,,,,,,,
Ohio,OH,North Hampton,,,,,,,,45349,39.98931,-83.9389,America/New_York,EST,-5,,,,,,,,,,,
Ohio,OH,North Kingsville,,,,,,,,44068,41.90459,-80.685,America/New_York,EST,-5,,,,,,,,,,,
Ohio,OH,North Lewisburg,,,,,,,,43060,40.20479,-83.5685,America/New_York,EST,-5,,,,,,,,,,,
Ohio,OH,North Madison,,,,,,,,,41.802,-81.049,America/New_York,EST,-5,,,,,,,,,,,
Ohio,OH,North Olmsted,,,,,,,,44070,41.41735,-81.9225,America/New_York,EST,-5,,,,,,,,,,,
Ohio,OH,North Perry,,,,,,,,,41.7685,-81.1463,America/New_York,EST,-5,,,,,,,,,,,
Ohio,OH,North Randall,,,,,,,,,41.43478,-81.5257,America/New_York,EST,-5,,,,,,,,,,,
Ohio,OH,North Ridgeville,,,,,,,,44039,41.37778,-82.0194,America/New_York,EST,-5,,,,,,,,,,,
Ohio,OH,North Robinson,,,,,,,,44856,40.79337,-82.8566,America/New_York,EST,-5,,,,,,,,,,,
Ohio,OH,North Royalton,,,,,,,,44133,41.3146,-81.7451,America/New_York,EST,-5,,,,,,,,,,,
Ohio,OH,North Star,,,,,,,,45350,40.32434,-84.5737,America/New_York,EST,-5,,,,,,,,,,,
Ohio,OH,North Zanesville,,,,,,,,,39.97868,-82.0035,America/New_York,EST,-5,,,,,,,,,,,
Ohio,OH,Northbrook,,,,,,,,,39.20363,-84.5806,America/New_York,EST,-5,,,,,,,,,,,
Ohio,OH,Northfield,,,,,,,,44067,41.30645,-81.5408,America/New_York,EST,-5,,,,,,,,,,,
Ohio,OH,Northgate,,,,,,,,,0,0,,,,,,,,,,,,,,
Ohio,OH,Northridge,,,,,,,,,39.80756,-84.1969,America/New_York,EST,-5,,,,,,,,,,,
Ohio,OH,Northview,,,,,,,,,0,0,,,,,,,,,,,,,,
Ohio,OH,Northwood,,,,,,,,43619,41.60371,-83.4705,America/New_York,EST,-5,,,,,,,,,,,
Ohio,OH,Norton,,,,,,,,,41.02922,-81.6382,America/New_York,EST,-5,,,,,,,,,,,
Ohio,OH,Norwalk,,,,,,,,44857,41.20456,-82.5732,America/New_York,EST,-5,,,,,,,,,,,
Ohio,OH,Norwich,,,,,,,,43767,39.98507,-81.7915,America/New_York,EST,-5,,,,,,,,,,,
Ohio,OH,Norwood,,,,,,,,,39.15562,-84.4597,America/New_York,EST,-5,,,,,,,,,,,
Ohio,OH,Oak Harbor,,,,,,,,43449,41.53653,-83.1449,America/New_York,EST,-5,,,,,,,,,,,
Ohio,OH,Oak Hill,,,,,,,,45656,38.89396,-82.5735,America/New_York,EST,-5,,,,,,,,,,,
Ohio,OH,Oakshade,,,,,,,,,0,0,,,,,,,,,,,,,,
Ohio,OH,Oakwood,,,,,,,,45873,41.11778,-84.3902,America/New_York,EST,-5,,,,,,,,,,,
Ohio,OH,Oberlin,,,,,,,,44074,41.29465,-82.2276,America/New_York,EST,-5,,,,,,,,,,,
Ohio,OH,Obetz,,,,,,,,,39.87895,-82.9507,America/New_York,EST,-5,,,,,,,,,,,
Ohio,OH,Octa,,,,,,,,,39.52652,-83.4413,America/New_York,EST,-5,,,,,,,,,,,
Ohio,OH,Ohio City,,,,,,,,45874,40.77144,-84.6155,America/New_York,EST,-5,,,,,,,,,,,
Ohio,OH,Okolona,,,,,,,,43550,41.32666,-84.1117,America/New_York,EST,-5,,,,,,,,,,,
Ohio,OH,Old Washington,,,,,,,,43768,40.0392,-81.4522,America/New_York,EST,-5,,,,,,,,,,,
Ohio,OH,Olmsted Falls,,,,,,,,44138,41.37505,-81.9082,America/New_York,EST,-5,,,,,,,,,,,
Ohio,OH,Ontario,,,,,,,,44862,40.77287,-82.5321,America/New_York,EST,-5,,,,,,,,,,,
Ohio,OH,Orange,,,,,,,,,41.44627,-81.403,America/New_York,EST,-5,,,,,,,,,,,
Ohio,OH,Orangeville,,,,,,,,44453,41.32519,-80.5336,America/New_York,EST,-5,,,,,,,,,,,
Ohio,OH,Oregon,,,,,,,,43616,41.65695,-83.4443,America/New_York,EST,-5,,,,,,,,,,,
Ohio,OH,Orient,,,,,,,,43146,39.80284,-83.1519,America/New_York,EST,-5,,,,,,,,,,,
Ohio,OH,Orrville,,,,,,,,44667,40.84367,-81.764,America/New_York,EST,-5,,,,,,,,,,,
Ohio,OH,Orwell,,,,,,,,44076,41.53506,-80.8681,America/New_York,EST,-5,,,,,,,,,,,
Ohio,OH,Osgood,,,,,,,,45351,40.34062,-84.4963,America/New_York,EST,-5,,,,,,,,,,,
Ohio,OH,Ostrander,,,,,,,,43061,40.29561,-83.1995,America/New_York,EST,-5,,,,,,,,,,,
Ohio,OH,Ottawa,,,,,,,,45875,41.01966,-84.1115,America/New_York,EST,-5,,,,,,,,,,,
Ohio,OH,Ottawa Hills,,,,,,,,,41.01966,-84.1115,America/New_York,EST,-5,,,,,,,,,,,
Ohio,OH,Ottokee,,,,,,,,,41.60227,-84.1344,America/New_York,EST,-5,,,,,,,,,,,
Ohio,OH,Ottoville,,,,,,,,45876,40.93227,-84.3388,America/New_York,EST,-5,,,,,,,,,,,
Ohio,OH,Otway,,,,,,,,45657,38.87513,-83.1598,America/New_York,EST,-5,,,,,,,,,,,
Ohio,OH,Overlook-Page Mano,,,,,,,,,0,0,,,,,,,,,,,,,,
Ohio,OH,Owensville,,,,,,,,45160,39.12319,-84.135,America/New_York,EST,-5,,,,,,,,,,,
Ohio,OH,Oxford,,,,,,,,45056,39.47923,-84.6858,America/New_York,EST,-5,,,,,,,,,,,
Ohio,OH,Painesville,,,,,,,,44077,41.70792,-81.199,America/New_York,EST,-5,,,,,,,,,,,
Ohio,OH,Palestine,,,,,,,,45352,40.05032,-84.7457,America/New_York,EST,-5,,,,,,,,,,,
Ohio,OH,Pandora,,,,,,,,45877,40.95661,-83.938,America/New_York,EST,-5,,,,,,,,,,,
Ohio,OH,Park Layne,,,,,,,,,39.88645,-84.0397,America/New_York,EST,-5,,,,,,,,,,,
Ohio,OH,Parma,,,,,,,,,41.40477,-81.7229,America/New_York,EST,-5,,,,,,,,,,,
Ohio,OH,Parma Heights,,,,,,,,,41.39005,-81.7596,America/New_York,EST,-5,,,,,,,,,,,
Ohio,OH,Parral,,,,,,,,,40.56117,-81.4971,America/New_York,EST,-5,,,,,,,,,,,
Ohio,OH,Pataskala,,,,,,,,43062,40.01487,-82.6244,America/New_York,EST,-5,,,,,,,,,,,
Ohio,OH,Patterson,,,,,,,,,40.78061,-83.5258,America/New_York,EST,-5,,,,,,,,,,,
Ohio,OH,Paulding,,,,,,,,45879,41.12121,-84.5324,America/New_York,EST,-5,,,,,,,,,,,
Ohio,OH,Payne,,,,,,,,45880,41.06276,-84.717,America/New_York,EST,-5,,,,,,,,,,,
Ohio,OH,Peebles,,,,,,,,45660,38.94896,-83.4058,America/New_York,EST,-5,,,,,,,,,,,
Ohio,OH,Pemberville,,,,,,,,43450,41.3988,-83.4841,America/New_York,EST,-5,,,,,,,,,,,
Ohio,OH,Peninsula,,,,,,,,44264,41.23036,-81.5493,America/New_York,EST,-5,,,,,,,,,,,
Ohio,OH,Pepper Pike,,,,,,,,,41.47839,-81.4637,America/New_York,EST,-5,,,,,,,,,,,
Ohio,OH,Perry,,,,,,,,44081,41.7685,-81.1463,America/New_York,EST,-5,,,,,,,,,,,
Ohio,OH,Perry Heights,,,,,,,,,40.79534,-81.4735,America/New_York,EST,-5,,,,,,,,,,,
Ohio,OH,Perry State Forest,,,,,,,,,40.80172,-83.5105,America/New_York,EST,-5,,,,,,,,,,,
Ohio,OH,Perrysburg,,,,,,,,43552###43551,41.53506,-83.5777,America/New_York,EST,-5,,,,,,,,,,,
Ohio,OH,Perrysville,,,,,,,,44864,40.67468,-82.3087,America/New_York,EST,-5,,,,,,,,,,,
Ohio,OH,Pettisville,,,,,,,,43553,41.53061,-84.2297,America/New_York,EST,-5,,,,,,,,,,,
Ohio,OH,Phillipsburg,,,,,,,,45354,39.90539,-84.4028,America/New_York,EST,-5,,,,,,,,,,,
Ohio,OH,Philo,,,,,,,,43771,39.82216,-81.9546,America/New_York,EST,-5,,,,,,,,,,,
Ohio,OH,Pickerington,,,,,,,,43147,39.88423,-82.7535,America/New_York,EST,-5,,,,,,,,,,,
Ohio,OH,Pigeon Creek,,,,,,,,,0,0,,,,,,,,,,,,,,
Ohio,OH,Pike Lake,,,,,,,,,41.4576,-83.4736,America/New_York,EST,-5,,,,,,,,,,,
Ohio,OH,Piketon,,,,,,,,45661,39.04371,-83.121,America/New_York,EST,-5,,,,,,,,,,,
Ohio,OH,Pioneer,,,,,,,,43554,41.68005,-84.553,America/New_York,EST,-5,,,,,,,,,,,
Ohio,OH,Piqua,,,,,,,,45356,40.12362,-84.2288,America/New_York,EST,-5,,,,,,,,,,,
Ohio,OH,Pitsburg,,,,,,,,45358,39.98704,-84.4866,America/New_York,EST,-5,,,,,,,,,,,
Ohio,OH,Plain City,,,,,,,,43064,40.0579,-83.3073,America/New_York,EST,-5,,,,,,,,,,,
Ohio,OH,Plainfield,,,,,,,,43836,40.20952,-81.7196,America/New_York,EST,-5,,,,,,,,,,,
Ohio,OH,Pleasant Bend,,,,,,,,,41.18033,-84.1899,America/New_York,EST,-5,,,,,,,,,,,
Ohio,OH,Pleasant City,,,,,,,,43772,39.91829,-81.5516,America/New_York,EST,-5,,,,,,,,,,,
Ohio,OH,Pleasant Grove,,,,,,,,,39.95201,-81.959,America/New_York,EST,-5,,,,,,,,,,,
Ohio,OH,Pleasant Hill,,,,,,,,45359,40.05048,-84.3487,America/New_York,EST,-5,,,,,,,,,,,
Ohio,OH,Pleasant Plain,,,,,,,,45162,39.29491,-84.0925,America/New_York,EST,-5,,,,,,,,,,,
Ohio,OH,Pleasant Run,,,,,,,,,39.29978,-84.5636,America/New_York,EST,-5,,,,,,,,,,,
Ohio,OH,Pleasant Run Farm,,,,,,,,,39.30311,-84.548,America/New_York,EST,-5,,,,,,,,,,,
Ohio,OH,Pleasantville,,,,,,,,43148,39.82724,-82.5008,America/New_York,EST,-5,,,,,,,,,,,
Ohio,OH,Plymouth,,,,,,,,44865,40.99561,-82.6671,America/New_York,EST,-5,,,,,,,,,,,
Ohio,OH,Poland,,,,,,,,,0,0,,,,,,,,,,,,,,
Ohio,OH,Polk,,,,,,,,44866,40.92205,-82.1927,America/New_York,EST,-5,,,,,,,,,,,
Ohio,OH,Pomeroy,,,,,,,,45769,39.07866,-82.0694,America/New_York,EST,-5,,,,,,,,,,,
Ohio,OH,Port Clinton,,,,,,,,43452,41.55832,-83.0502,America/New_York,EST,-5,,,,,,,,,,,
Ohio,OH,Port Jefferson,,,,,,,,45360,40.33071,-84.0926,America/New_York,EST,-5,,,,,,,,,,,
Ohio,OH,Port Washington,,,,,,,,43837,40.30694,-81.4679,America/New_York,EST,-5,,,,,,,,,,,
Ohio,OH,Port William,,,,,,,,45164,39.55141,-83.7881,America/New_York,EST,-5,,,,,,,,,,,
Ohio,OH,Portage,,,,,,,,43451,41.31535,-83.6211,America/New_York,EST,-5,,,,,,,,,,,
Ohio,OH,Portage Lakes,,,,,,,,,41.00728,-81.5271,America/New_York,EST,-5,,,,,,,,,,,
Ohio,OH,Portsmouth,,,,,,,,45662,38.79321,-82.9306,America/New_York,EST,-5,,,,,,,,,,,
Ohio,OH,Potsdam,,,,,,,,45361,39.96349,-84.4145,America/New_York,EST,-5,,,,,,,,,,,
Ohio,OH,Powell,,,,,,,,43065,40.18341,-83.0912,America/New_York,EST,-5,,,,,,,,,,,
Ohio,OH,Powhatan Point,,,,,,,,43942,39.86008,-80.8154,America/New_York,EST,-5,,,,,,,,,,,
Ohio,OH,Prentiss,,,,,,,,,41.15255,-84.0183,America/New_York,EST,-5,,,,,,,,,,,
Ohio,OH,Proctorville,,,,,,,,45669,38.49585,-82.3649,America/New_York,EST,-5,,,,,,,,,,,
Ohio,OH,Prospect,,,,,,,,43342,40.49211,-83.1784,America/New_York,EST,-5,,,,,,,,,,,
Ohio,OH,Pulaski,,,,,,,,,41.51061,-84.5077,America/New_York,EST,-5,,,,,,,,,,,
Ohio,OH,Quaker City,,,,,,,,43773,40.04076,-81.3136,America/New_York,EST,-5,,,,,,,,,,,
Ohio,OH,Quincy,,,,,,,,43343,40.29922,-83.9688,America/New_York,EST,-5,,,,,,,,,,,
Ohio,OH,Racine,,,,,,,,45771,38.98484,-81.8925,America/New_York,EST,-5,,,,,,,,,,,
Ohio,OH,Rarden,,,,,,,,45671,38.95772,-83.2365,America/New_York,EST,-5,,,,,,,,,,,
Ohio,OH,Ravenna,,,,,,,,44266,41.16376,-81.1729,America/New_York,EST,-5,,,,,,,,,,,
Ohio,OH,Rawson,,,,,,,,45881,40.94156,-83.7702,America/New_York,EST,-5,,,,,,,,,,,
Ohio,OH,Rayland,,,,,,,,43943,40.18257,-80.6912,America/New_York,EST,-5,,,,,,,,,,,
Ohio,OH,Reading,,,,,,,,,39.22367,-84.4422,America/New_York,EST,-5,,,,,,,,,,,
Ohio,OH,Reminderville,,,,,,,,,41.34589,-81.3951,America/New_York,EST,-5,,,,,,,,,,,
Ohio,OH,Rendville,,,,,,,,,39.61951,-82.091,America/New_York,EST,-5,,,,,,,,,,,
Ohio,OH,Republic,,,,,,,,44867,41.14688,-82.97,America/New_York,EST,-5,,,,,,,,,,,
Ohio,OH,Reynoldsburg,,,,,,,,43068###43069,39.95151,-82.8029,America/New_York,EST,-5,,,,,,,,,,,
Ohio,OH,Richfield,,,,,,,,44286,41.23549,-81.6211,America/New_York,EST,-5,,,,,,,,,,,
Ohio,OH,Richmond,,,,,,,,43944,40.44196,-80.7918,America/New_York,EST,-5,,,,,,,,,,,
Ohio,OH,Richmond Heights,,,,,,,,,41.55283,-81.5101,America/New_York,EST,-5,,,,,,,,,,,
Ohio,OH,Richwood,,,,,,,,43344,40.42718,-83.3521,America/New_York,EST,-5,,,,,,,,,,,
Ohio,OH,Ridgeville Corners,,,,,,,,43555,41.43506,-84.2544,America/New_York,EST,-5,,,,,,,,,,,
Ohio,OH,Ridgeway,,,,,,,,43345,40.53267,-83.5827,America/New_York,EST,-5,,,,,,,,,,,
Ohio,OH,Rimer,,,,,,,,,40.8845,-84.2113,America/New_York,EST,-5,,,,,,,,,,,
Ohio,OH,Rio Grande,,,,,,,,45674,38.88145,-82.3782,America/New_York,EST,-5,,,,,,,,,,,
Ohio,OH,Ripley,,,,,,,,45167,38.75816,-83.8221,America/New_York,EST,-5,,,,,,,,,,,
Ohio,OH,Risingsun,,,,,,,,43457,41.2695,-83.4249,America/New_York,EST,-5,,,,,,,,,,,
Ohio,OH,Rittman,,,,,,,,44270,40.97811,-81.7821,America/New_York,EST,-5,,,,,,,,,,,
Ohio,OH,Riverlea,,,,,,,,,40.08201,-83.0252,America/New_York,EST,-5,,,,,,,,,,,
Ohio,OH,Riverside,,,,,,,,,39.77978,-84.1241,America/New_York,EST,-5,,,,,,,,,,,
Ohio,OH,Roaming Shores,,,,,,,,,41.64311,-80.8234,America/New_York,EST,-5,,,,,,,,,,,
Ohio,OH,Rochester,,,,,,,,,41.12644,-82.3052,America/New_York,EST,-5,,,,,,,,,,,
Ohio,OH,Rock Creek,,,,,,,,44084,41.68977,-80.9051,America/New_York,EST,-5,,,,,,,,,,,
Ohio,OH,Rockford,,,,,,,,45882,40.66968,-84.6579,America/New_York,EST,-5,,,,,,,,,,,
Ohio,OH,Rockport,,,,,,,,,40.87227,-84.0005,America/New_York,EST,-5,,,,,,,,,,,
Ohio,OH,Rocky Ridge,,,,,,,,43458,41.53016,-83.2128,America/New_York,EST,-5,,,,,,,,,,,
Ohio,OH,Rocky River,,,,,,,,44116,41.4695,-81.8492,America/New_York,EST,-5,,,,,,,,,,,
Ohio,OH,Rogers,,,,,,,,44455,40.77814,-80.6057,America/New_York,EST,-5,,,,,,,,,,,
Ohio,OH,Rome,,,,,,,,44085,41.60327,-80.8745,America/New_York,EST,-5,,,,,,,,,,,
Ohio,OH,Roselms,,,,,,,,,41.01949,-84.4191,America/New_York,EST,-5,,,,,,,,,,,
Ohio,OH,Rosemount,,,,,,,,,38.78619,-82.9791,America/New_York,EST,-5,,,,,,,,,,,
Ohio,OH,Roseville,,,,,,,,43777,39.82187,-82.0394,America/New_York,EST,-5,,,,,,,,,,,
Ohio,OH,Ross,,,,,,,,45061,39.31235,-84.6483,America/New_York,EST,-5,,,,,,,,,,,
Ohio,OH,Rossburg,,,,,,,,45362,40.28762,-84.6371,America/New_York,EST,-5,,,,,,,,,,,
Ohio,OH,Rossford,,,,,,,,43460,41.60977,-83.5644,America/New_York,EST,-5,,,,,,,,,,,
Ohio,OH,Roswell,,,,,,,,,40.4759,-81.3496,America/New_York,EST,-5,,,,,,,,,,,
Ohio,OH,Rousculp,,,,,,,,,40.66588,-84.0849,America/New_York,EST,-5,,,,,,,,,,,
Ohio,OH,Rushmore,,,,,,,,,40.87422,-84.2533,America/New_York,EST,-5,,,,,,,,,,,
Ohio,OH,Rushsylvania,,,,,,,,43347,40.47433,-83.651,America/New_York,EST,-5,,,,,,,,,,,
Ohio,OH,Rushville,,,,,,,,43150,39.77882,-82.4384,America/New_York,EST,-5,,,,,,,,,,,
Ohio,OH,Russells Point,,,,,,,,43348,40.47116,-83.8927,America/New_York,EST,-5,,,,,,,,,,,
Ohio,OH,Russellville,,,,,,,,45168,38.84798,-83.7674,America/New_York,EST,-5,,,,,,,,,,,
Ohio,OH,Russia,,,,,,,,45363,40.23449,-84.4094,America/New_York,EST,-5,,,,,,,,,,,
Ohio,OH,Rutland,,,,,,,,45775,39.09088,-82.1486,America/New_York,EST,-5,,,,,,,,,,,
Ohio,OH,Sabina,,,,,,,,45169,39.48867,-83.6369,America/New_York,EST,-5,,,,,,,,,,,
Ohio,OH,Salem,,,,,,,,44460,40.90089,-80.8568,America/New_York,EST,-5,,,,,,,,,,,
Ohio,OH,Salesville,,,,,,,,43778,40.01559,-81.3737,America/New_York,EST,-5,,,,,,,,,,,
Ohio,OH,Salineville,,,,,,,,43945,40.64953,-80.8223,America/New_York,EST,-5,,,,,,,,,,,
Ohio,OH,Sandusky,,,,,,,,44871###44870,41.39913,-82.7244,America/New_York,EST,-5,,,,,,,,,,,
Ohio,OH,Sandusky South,,,,,,,,,41.41517,-82.687,America/New_York,EST,-5,,,,,,,,,,,
Ohio,OH,Sarahsville,,,,,,,,43779,39.81629,-81.428,America/New_York,EST,-5,,,,,,,,,,,
Ohio,OH,Sardinia,,,,,,,,45171,39.00547,-83.7996,America/New_York,EST,-5,,,,,,,,,,,
Ohio,OH,Savannah,,,,,,,,44874,40.96533,-82.3652,America/New_York,EST,-5,,,,,,,,,,,
Ohio,OH,Schumm,,,,,,,,,0,0,,,,,,,,,,,,,,
Ohio,OH,Scio,,,,,,,,43988,40.3959,-81.0848,America/New_York,EST,-5,,,,,,,,,,,
Ohio,OH,Sciotodale,,,,,,,,,38.7548,-82.8688,America/New_York,EST,-5,,,,,,,,,,,
Ohio,OH,Scott,,,,,,,,45886,40.97536,-84.6031,America/New_York,EST,-5,,,,,,,,,,,
Ohio,OH,Seaman,,,,,,,,45679,38.95794,-83.5356,America/New_York,EST,-5,,,,,,,,,,,
Ohio,OH,Sebring,,,,,,,,44672,40.92049,-81.0217,America/New_York,EST,-5,,,,,,,,,,,
Ohio,OH,Senecaville,,,,,,,,43780,39.9427,-81.4586,America/New_York,EST,-5,,,,,,,,,,,
Ohio,OH,Seven Hills,,,,,,,,,41.39533,-81.6762,America/New_York,EST,-5,,,,,,,,,,,
Ohio,OH,Seven Mile,,,,,,,,45062,39.47896,-84.5512,America/New_York,EST,-5,,,,,,,,,,,
Ohio,OH,Seville,,,,,,,,44273,41.04455,-81.9607,America/New_York,EST,-5,,,,,,,,,,,
Ohio,OH,Seward,,,,,,,,,41.69977,-84.0363,America/New_York,EST,-5,,,,,,,,,,,
Ohio,OH,Shadyside,,,,,,,,43947,39.95071,-80.8044,America/New_York,EST,-5,,,,,,,,,,,
Ohio,OH,Shaker Heights,,,,,,,,,41.47395,-81.58,America/New_York,EST,-5,,,,,,,,,,,
Ohio,OH,Sharonville,,,,,,,,,39.26811,-84.4133,America/New_York,EST,-5,,,,,,,,,,,
Ohio,OH,Shawnee,,,,,,,,43782,39.62524,-82.2149,America/New_York,EST,-5,,,,,,,,,,,
Ohio,OH,Shawnee Hills,,,,,,,,,40.15784,-83.1341,America/New_York,EST,-5,,,,,,,,,,,
Ohio,OH,Sheffield,,,,,,,,,41.43406,-82.1341,America/New_York,EST,-5,,,,,,,,,,,
Ohio,OH,Sheffield Lake,,,,,,,,44054,41.46354,-82.0898,America/New_York,EST,-5,,,,,,,,,,,
Ohio,OH,Shelby,,,,,,,,44875,40.84878,-82.572,America/New_York,EST,-5,,,,,,,,,,,
Ohio,OH,Sherrodsville,,,,,,,,44675,40.49571,-81.2163,America/New_York,EST,-5,,,,,,,,,,,
Ohio,OH,Sherwood,,,,,,,,43556,41.31805,-84.5695,America/New_York,EST,-5,,,,,,,,,,,
Ohio,OH,Shiloh,,,,,,,,44878,40.9262,-82.5286,America/New_York,EST,-5,,,,,,,,,,,
Ohio,OH,Shreve,,,,,,,,44676,40.71617,-82.0282,America/New_York,EST,-5,,,,,,,,,,,
Ohio,OH,Sidney,,,,,,,,45367###45365,40.29356,-84.2092,America/New_York,EST,-5,,,,,,,,,,,
Ohio,OH,Silver Lake,,,,,,,,,41.15895,-81.4543,America/New_York,EST,-5,,,,,,,,,,,
Ohio,OH,Silverton,,,,,,,,,39.19284,-84.4005,America/New_York,EST,-5,,,,,,,,,,,
Ohio,OH,Sinking Spring,,,,,,,,45172,39.07382,-83.3853,America/New_York,EST,-5,,,,,,,,,,,
Ohio,OH,Slabtown,,,,,,,,,40.78894,-84.0519,America/New_York,EST,-5,,,,,,,,,,,
Ohio,OH,Smithfield,,,,,,,,43948,40.2709,-80.7815,America/New_York,EST,-5,,,,,,,,,,,
Ohio,OH,Smithville,,,,,,,,44677,40.87255,-81.8553,America/New_York,EST,-5,,,,,,,,,,,
Ohio,OH,Solon,,,,,,,,44139,41.38675,-81.4403,America/New_York,EST,-5,,,,,,,,,,,
Ohio,OH,Somerset,,,,,,,,43783,39.80701,-82.2971,America/New_York,EST,-5,,,,,,,,,,,
Ohio,OH,Somerville,,,,,,,,45064,39.54563,-84.6275,America/New_York,EST,-5,,,,,,,,,,,
Ohio,OH,South Amherst,,,,,,,,,41.35588,-82.2538,America/New_York,EST,-5,,,,,,,,,,,
Ohio,OH,South Bloomfield,,,,,,,,,39.7184,-82.9868,America/New_York,EST,-5,,,,,,,,,,,
Ohio,OH,South Canal,,,,,,,,,0,0,,,,,,,,,,,,,,
Ohio,OH,South Charleston,,,,,,,,45368,39.85435,-83.6653,America/New_York,EST,-5,,,,,,,,,,,
Ohio,OH,South Euclid,,,,,,,,,41.52311,-81.5185,America/New_York,EST,-5,,,,,,,,,,,
Ohio,OH,South Lebanon,,,,,,,,45065,39.35603,-84.2072,America/New_York,EST,-5,,,,,,,,,,,
Ohio,OH,South Middletown,,,,,,,,,39.54345,-84.4424,America/New_York,EST,-5,,,,,,,,,,,
Ohio,OH,South Point,,,,,,,,45680,38.41786,-82.5863,America/New_York,EST,-5,,,,,,,,,,,
Ohio,OH,South Russell,,,,,,,,,41.43144,-81.3654,America/New_York,EST,-5,,,,,,,,,,,
Ohio,OH,South Salem,,,,,,,,45681,39.32852,-83.2429,America/New_York,EST,-5,,,,,,,,,,,
Ohio,OH,South Solon,,,,,,,,43153,39.7485,-83.5314,America/New_York,EST,-5,,,,,,,,,,,
Ohio,OH,South Vienna,,,,,,,,45369,39.95772,-83.6145,America/New_York,EST,-5,,,,,,,,,,,
Ohio,OH,South Webster,,,,,,,,45682,38.81969,-82.728,America/New_York,EST,-5,,,,,,,,,,,
Ohio,OH,South Zanesville,,,,,,,,,39.89923,-82.0062,America/New_York,EST,-5,,,,,,,,,,,
Ohio,OH,Southworth,,,,,,,,,40.83422,-84.3487,America/New_York,EST,-5,,,,,,,,,,,
Ohio,OH,Sparta,,,,,,,,43350,40.52886,-82.8229,America/New_York,EST,-5,,,,,,,,,,,
Ohio,OH,Spencer,,,,,,,,44275,41.08179,-82.0523,America/New_York,EST,-5,,,,,,,,,,,
Ohio,OH,Spencerville,,,,,,,,45887,40.70894,-84.3536,America/New_York,EST,-5,,,,,,,,,,,
Ohio,OH,Spring Valley,,,,,,,,45370,39.60829,-84.026,America/New_York,EST,-5,,,,,,,,,,,
Ohio,OH,Springboro,,,,,,,,45066,39.55228,-84.2333,America/New_York,EST,-5,,,,,,,,,,,
Ohio,OH,Springdale,,,,,,,,,39.287,-84.4852,America/New_York,EST,-5,,,,,,,,,,,
Ohio,OH,Springfield,,,,,,,,45505###45506###45502###45501###45503###45504,39.92706,-83.8132,America/New_York,EST,-5,,,,,,,,,,,
Ohio,OH,St. Bernard,,,,,,,,,39.167,-84.4986,America/New_York,EST,-5,,,,,,,,,,,
Ohio,OH,St. Clairsville,,,,,,,,,40.07779,-80.9788,America/New_York,EST,-5,,,,,,,,,,,
Ohio,OH,St. Henry,,,,,,,,,40.40858,-84.6354,America/New_York,EST,-5,,,,,,,,,,,
Ohio,OH,St. Louisville,,,,,,,,,40.18916,-82.3533,America/New_York,EST,-5,,,,,,,,,,,
Ohio,OH,St. Martin,,,,,,,,,39.17225,-83.9341,America/New_York,EST,-5,,,,,,,,,,,
Ohio,OH,St. Marys,,,,,,,,,40.58498,-84.3767,America/New_York,EST,-5,,,,,,,,,,,
Ohio,OH,St. Paris,,,,,,,,,40.12168,-83.9473,America/New_York,EST,-5,,,,,,,,,,,
Ohio,OH,Stafford,,,,,,,,43786,39.71117,-81.2758,America/New_York,EST,-5,,,,,,,,,,,
Ohio,OH,Standley,,,,,,,,,41.26755,-84.2274,America/New_York,EST,-5,,,,,,,,,,,
Ohio,OH,Steubenville,,,,,,,,43952###43953,40.40682,-80.6628,America/New_York,EST,-5,,,,,,,,,,,
Ohio,OH,Stillwater,,,,,,,,44679,40.44041,-81.4885,America/New_York,EST,-5,,,,,,,,,,,
Ohio,OH,Stockport,,,,,,,,43787,39.54899,-81.8262,America/New_York,EST,-5,,,,,,,,,,,
Ohio,OH,Stone Creek,,,,,,,,43840,40.40489,-81.6029,America/New_York,EST,-5,,,,,,,,,,,
Ohio,OH,Stony Prairie,,,,,,,,,41.35144,-83.1552,America/New_York,EST,-5,,,,,,,,,,,
Ohio,OH,Stoutsville,,,,,,,,43154,39.616,-82.8086,America/New_York,EST,-5,,,,,,,,,,,
Ohio,OH,Stow,,,,,,,,44224,41.1724,-81.4502,America/New_York,EST,-5,,,,,,,,,,,
Ohio,OH,Strasburg,,,,,,,,44680,40.5987,-81.5499,America/New_York,EST,-5,,,,,,,,,,,
Ohio,OH,Stratton,,,,,,,,43961,40.51848,-80.6285,America/New_York,EST,-5,,,,,,,,,,,
Ohio,OH,Streetsboro,,,,,,,,44241,41.24166,-81.3405,America/New_York,EST,-5,,,,,,,,,,,
Ohio,OH,Strongsville,,,,,,,,44136###44149,41.31327,-81.8317,America/New_York,EST,-5,,,,,,,,,,,
Ohio,OH,Struthers,,,,,,,,44471,41.05006,-80.5913,America/New_York,EST,-5,,,,,,,,,,,
Ohio,OH,Stryker,,,,,,,,43557,41.48871,-84.4099,America/New_York,EST,-5,,,,,,,,,,,
Ohio,OH,Sugar Bush Knolls,,,,,,,,,41.2045,-81.3459,America/New_York,EST,-5,,,,,,,,,,,
Ohio,OH,Sugar Grove,,,,,,,,43155,39.63769,-82.5321,America/New_York,EST,-5,,,,,,,,,,,
Ohio,OH,Sugarcreek,,,,,,,,44681,40.50312,-81.641,America/New_York,EST,-5,,,,,,,,,,,
Ohio,OH,Summerfield,,,,,,,,43788,39.79674,-81.336,America/New_York,EST,-5,,,,,,,,,,,
Ohio,OH,Summerside,,,,,,,,,39.10478,-84.2883,America/New_York,EST,-5,,,,,,,,,,,
Ohio,OH,Summit Station,,,,,,,,43073,39.99652,-82.754,America/New_York,EST,-5,,,,,,,,,,,
Ohio,OH,Summitville,,,,,,,,43962,40.67812,-80.8862,America/New_York,EST,-5,,,,,,,,,,,
Ohio,OH,Sunbury,,,,,,,,43074,40.26603,-82.8543,America/New_York,EST,-5,,,,,,,,,,,
Ohio,OH,Swanton,,,,,,,,43558,41.58866,-83.8911,America/New_York,EST,-5,,,,,,,,,,,
Ohio,OH,Sycamore,,,,,,,,44882,40.94245,-83.1922,America/New_York,EST,-5,,,,,,,,,,,
Ohio,OH,Sylvania,,,,,,,,43560,41.6929,-83.7277,America/New_York,EST,-5,,,,,,,,,,,
Ohio,OH,Syracuse,,,,,,,,45779,38.99758,-81.974,America/New_York,EST,-5,,,,,,,,,,,
Ohio,OH,Tallmadge,,,,,,,,44278,41.09666,-81.4289,America/New_York,EST,-5,,,,,,,,,,,
Ohio,OH,Tarlton,,,,,,,,43156,39.5559,-82.776,America/New_York,EST,-5,,,,,,,,,,,
Ohio,OH,Tedrow,,,,,,,,,41.60338,-84.2061,America/New_York,EST,-5,,,,,,,,,,,
Ohio,OH,Terrace Park,,,,,,,,45174,39.15923,-84.3072,America/New_York,EST,-5,,,,,,,,,,,
Ohio,OH,Texas,,,,,,,,,41.42366,-83.9516,America/New_York,EST,-5,,,,,,,,,,,
Ohio,OH,The Bend,,,,,,,,,41.30338,-84.3583,America/New_York,EST,-5,,,,,,,,,,,
Ohio,OH,The Plains,,,,,,,,45780,39.36547,-82.1344,America/New_York,EST,-5,,,,,,,,,,,
Ohio,OH,The Village of Indian Hill,,,,,,,,,39.18856,-84.336,America/New_York,EST,-5,,,,,,,,,,,
Ohio,OH,Thornville,,,,,,,,43076,39.85127,-82.3852,America/New_York,EST,-5,,,,,,,,,,,
Ohio,OH,Thurston,,,,,,,,43157,39.84034,-82.546,America/New_York,EST,-5,,,,,,,,,,,
Ohio,OH,Tiffin,,,,,,,,44883,41.12453,-83.1448,America/New_York,EST,-5,,,,,,,,,,,
Ohio,OH,Tiltonsville,,,,,,,,43963,40.16674,-80.6998,America/New_York,EST,-5,,,,,,,,,,,
Ohio,OH,Tipp City,,,,,,,,45371,39.94197,-84.1663,America/New_York,EST,-5,,,,,,,,,,,
Ohio,OH,Tipton,,,,,,,,,41.01922,-84.6697,America/New_York,EST,-5,,,,,,,,,,,
Ohio,OH,Tiro,,,,,,,,44887,40.90561,-82.7727,America/New_York,EST,-5,,,,,,,,,,,
Ohio,OH,Toledo,,,,,,,,43667###43652###43635###43623###43620###43699###43617###43654###43603###43656###43657###43659###43660###43661###43697###43682###43681###43615###43614###43601###43604###43605###43606###43666###43607###43608###43609###43610###43611###43612###43613,41.72068,-83.5694,America/New_York,EST,-5,,,,,,,,,,,
Ohio,OH,Tontogany,,,,,,,,43565,41.41922,-83.7408,America/New_York,EST,-5,,,,,,,,,,,
Ohio,OH,Toronto,,,,,,,,43964,40.47705,-80.6701,America/New_York,EST,-5,,,,,,,,,,,
Ohio,OH,Tremont City,,,,,,,,45372,40.01387,-83.8333,America/New_York,EST,-5,,,,,,,,,,,
Ohio,OH,Trenton,,,,,,,,45067,39.48089,-84.4577,America/New_York,EST,-5,,,,,,,,,,,
Ohio,OH,Trimble,,,,,,,,45782,39.48452,-82.0805,America/New_York,EST,-5,,,,,,,,,,,
Ohio,OH,Trotwood,,,,,,,,,39.79728,-84.3113,America/New_York,EST,-5,,,,,,,,,,,
Ohio,OH,Troy,,,,,,,,45373###45374,40.06262,-84.2264,America/New_York,EST,-5,,,,,,,,,,,
Ohio,OH,Turnpike Interchange,,,,,,,,,0,0,,,,,,,,,,,,,,
Ohio,OH,Turpin Hills,,,,,,,,,39.11006,-84.3799,America/New_York,EST,-5,,,,,,,,,,,
Ohio,OH,Tuscarawas,,,,,,,,44682,40.39588,-81.4069,America/New_York,EST,-5,,,,,,,,,,,
Ohio,OH,Twinsburg,,,,,,,,44087,41.3133,-81.4404,America/New_York,EST,-5,,,,,,,,,,,
Ohio,OH,Uhrichsville,,,,,,,,44683,40.39312,-81.3465,America/New_York,EST,-5,,,,,,,,,,,
Ohio,OH,Union,,,,,,,,,39.89783,-84.3063,America/New_York,EST,-5,,,,,,,,,,,
Ohio,OH,Union City,,,,,,,,45390,40.21179,-84.7588,America/New_York,EST,-5,,,,,,,,,,,
Ohio,OH,Uniontown,,,,,,,,44685,40.97506,-81.4082,America/New_York,EST,-5,,,,,,,,,,,
Ohio,OH,Unionville Center,,,,,,,,43077,40.13839,-83.3399,America/New_York,EST,-5,,,,,,,,,,,
Ohio,OH,Uniopolis,,,,,,,,45888,40.60226,-84.086,America/New_York,EST,-5,,,,,,,,,,,
Ohio,OH,University Heights,,,,,,,,,41.49783,-81.5373,America/New_York,EST,-5,,,,,,,,,,,
Ohio,OH,Upper Arlington,,,,,,,,,40.02311,-83.0761,America/New_York,EST,-5,,,,,,,,,,,
Ohio,OH,Upper Sandusky,,,,,,,,43351,40.82815,-83.3138,America/New_York,EST,-5,,,,,,,,,,,
Ohio,OH,Urbana,,,,,,,,43078,40.12172,-83.7973,America/New_York,EST,-5,,,,,,,,,,,
Ohio,OH,Urbancrest,,,,,,,,,39.89756,-83.0869,America/New_York,EST,-5,,,,,,,,,,,
Ohio,OH,Utica,,,,,,,,43080,40.23423,-82.4513,America/New_York,EST,-5,,,,,,,,,,,
Ohio,OH,Valley Hi,,,,,,,,,40.89932,-80.8702,America/New_York,EST,-5,,,,,,,,,,,
Ohio,OH,Valley View,,,,,,,,,41.38316,-81.6517,America/New_York,EST,-5,,,,,,,,,,,
Ohio,OH,Valleyview,,,,,,,,,39.96562,-83.0724,America/New_York,EST,-5,,,,,,,,,,,
Ohio,OH,Van Buren,,,,,,,,45889,41.14226,-83.6283,America/New_York,EST,-5,,,,,,,,,,,
Ohio,OH,Van Wert,,,,,,,,45891,40.87325,-84.5945,America/New_York,EST,-5,,,,,,,,,,,
Ohio,OH,Vandalia,,,,,,,,45377,39.89061,-84.1988,America/New_York,EST,-5,,,,,,,,,,,
Ohio,OH,Vanlue,,,,,,,,45890,40.97533,-83.4791,America/New_York,EST,-5,,,,,,,,,,,
Ohio,OH,Vaughnsville,,,,,,,,45893,40.88208,-84.148,America/New_York,EST,-5,,,,,,,,,,,
Ohio,OH,Venedocia,,,,,,,,45894,40.77193,-84.4746,America/New_York,EST,-5,,,,,,,,,,,
Ohio,OH,Vermilion,,,,,,,,44089,41.38076,-82.4016,America/New_York,EST,-5,,,,,,,,,,,
Ohio,OH,Verona,,,,,,,,45378,39.90339,-84.4855,America/New_York,EST,-5,,,,,,,,,,,
Ohio,OH,Versailles,,,,,,,,45380,40.25304,-84.5239,America/New_York,EST,-5,,,,,,,,,,,
Ohio,OH,Vienna,,,,,,,,44473,41.2656,-80.7042,America/New_York,EST,-5,,,,,,,,,,,
Ohio,OH,Vinton,,,,,,,,45686,38.9616,-82.3457,America/New_York,EST,-5,,,,,,,,,,,
Ohio,OH,Wadsworth,,,,,,,,44281###44282,41.07184,-81.751,America/New_York,EST,-5,,,,,,,,,,,
Ohio,OH,Waite Hill,,,,,,,,,41.61866,-81.384,America/New_York,EST,-5,,,,,,,,,,,
Ohio,OH,Wakeman,,,,,,,,44889,41.21105,-82.418,America/New_York,EST,-5,,,,,,,,,,,
Ohio,OH,Walbridge,,,,,,,,43465,41.58783,-83.4933,America/New_York,EST,-5,,,,,,,,,,,
Ohio,OH,Waldo,,,,,,,,43356,40.47565,-83.0486,America/New_York,EST,-5,,,,,,,,,,,
Ohio,OH,Walton Hills,,,,,,,,,41.36561,-81.5612,America/New_York,EST,-5,,,,,,,,,,,
Ohio,OH,Wapakoneta,,,,,,,,45895,40.58225,-84.1521,America/New_York,EST,-5,,,,,,,,,,,
Ohio,OH,Warren,,,,,,,,44486###44482###44484###44485###44483###44481,41.17664,-80.9023,America/New_York,EST,-5,,,,,,,,,,,
Ohio,OH,Warrensville Heigh,,,,,,,,,41.46949,-81.5124,America/New_York,EST,-5,,,,,,,,,,,
Ohio,OH,Warrensville Heights,,,,,,,,,41.46949,-81.5124,America/New_York,EST,-5,,,,,,,,,,,
Ohio,OH,Warsaw,,,,,,,,43844,40.33535,-82.0068,America/New_York,EST,-5,,,,,,,,,,,
Ohio,OH,Washington,,,,,,,,,39.53699,-83.455,America/New_York,EST,-5,,,,,,,,,,,
Ohio,OH,Washington Court House,,,,,,,,43160,39.53699,-83.455,America/New_York,EST,-5,,,,,,,,,,,
Ohio,OH,Washingtonville,,,,,,,,44490,40.8967,-80.7671,America/New_York,EST,-5,,,,,,,,,,,
Ohio,OH,Waterville,,,,,,,,43566,41.51375,-83.7653,America/New_York,EST,-5,,,,,,,,,,,
Ohio,OH,Wauseon,,,,,,,,43567,41.59151,-84.1781,America/New_York,EST,-5,,,,,,,,,,,
Ohio,OH,Waverly,,,,,,,,45690,39.12674,-82.9855,America/New_York,EST,-5,,,,,,,,,,,
Ohio,OH,Wayne,,,,,,,,43466,41.29698,-83.5247,America/New_York,EST,-5,,,,,,,,,,,
Ohio,OH,Wayne Lakes,,,,,,,,,40.02311,-84.6619,America/New_York,EST,-5,,,,,,,,,,,
Ohio,OH,Waynesburg,,,,,,,,44688,40.69207,-81.2742,America/New_York,EST,-5,,,,,,,,,,,
Ohio,OH,Waynesfield,,,,,,,,45896,40.5899,-83.9536,America/New_York,EST,-5,,,,,,,,,,,
Ohio,OH,Waynesville,,,,,,,,45068,39.51812,-84.0806,America/New_York,EST,-5,,,,,,,,,,,
Ohio,OH,Wellington,,,,,,,,44090,41.16085,-82.2118,America/New_York,EST,-5,,,,,,,,,,,
Ohio,OH,Wellston,,,,,,,,45692,39.11647,-82.5535,America/New_York,EST,-5,,,,,,,,,,,
Ohio,OH,Wellsville,,,,,,,,43968,40.65036,-80.692,America/New_York,EST,-5,,,,,,,,,,,
Ohio,OH,West Alexandria,,,,,,,,45381,40.10051,-82.6124,America/New_York,EST,-5,,,,,,,,,,,
Ohio,OH,West Carrollton,,,,,,,,,40.57186,-81.0649,America/New_York,EST,-5,,,,,,,,,,,
Ohio,OH,West Carrollton City,,,,,,,,,39.69973,-84.2193,America/New_York,EST,-5,,,,,,,,,,,
Ohio,OH,West Elkton,,,,,,,,45070,39.58783,-84.5544,America/New_York,EST,-5,,,,,,,,,,,
Ohio,OH,West Farmington,,,,,,,,44491,41.36886,-80.9503,America/New_York,EST,-5,,,,,,,,,,,
Ohio,OH,West Hill,,,,,,,,,40.01107,-80.8088,America/New_York,EST,-5,,,,,,,,,,,
Ohio,OH,West Jefferson,,,,,,,,43162,39.94886,-83.3099,America/New_York,EST,-5,,,,,,,,,,,
Ohio,OH,West Lafayette,,,,,,,,43845,40.27535,-81.751,America/New_York,EST,-5,,,,,,,,,,,
Ohio,OH,West Leipsic,,,,,,,,,41.10727,-84.0024,America/New_York,EST,-5,,,,,,,,,,,
Ohio,OH,West Liberty,,,,,,,,43357,40.27825,-83.7131,America/New_York,EST,-5,,,,,,,,,,,
Ohio,OH,West Manchester,,,,,,,,45382,39.88133,-84.6216,America/New_York,EST,-5,,,,,,,,,,,
Ohio,OH,West Mansfield,,,,,,,,43358,40.402,-83.5452,America/New_York,EST,-5,,,,,,,,,,,
Ohio,OH,West Millgrove,,,,,,,,43467,41.24264,-83.4896,America/New_York,EST,-5,,,,,,,,,,,
Ohio,OH,West Milton,,,,,,,,45383,39.96255,-84.328,America/New_York,EST,-5,,,,,,,,,,,
Ohio,OH,West Portsmouth,,,,,,,,45663,38.74954,-83.1335,America/New_York,EST,-5,,,,,,,,,,,
Ohio,OH,West Rushville,,,,,,,,,39.7631,-82.447,America/New_York,EST,-5,,,,,,,,,,,
Ohio,OH,West Salem,,,,,,,,44287,40.92508,-82.0709,America/New_York,EST,-5,,,,,,,,,,,
Ohio,OH,West Union,,,,,,,,45693,38.82346,-83.504,America/New_York,EST,-5,,,,,,,,,,,
Ohio,OH,West Unity,,,,,,,,43570,41.59145,-84.447,America/New_York,EST,-5,,,,,,,,,,,
Ohio,OH,Westerville,,,,,,,,43081###43086###43082,40.10447,-82.8965,America/New_York,EST,-5,,,,,,,,,,,
Ohio,OH,Westfield Center,,,,,,,,44251,41.02884,-81.9283,America/New_York,EST,-5,,,,,,,,,,,
Ohio,OH,Westlake,,,,,,,,44145,41.44515,-81.9218,America/New_York,EST,-5,,,,,,,,,,,
Ohio,OH,Westminster,,,,,,,,,40.69338,-83.9802,America/New_York,EST,-5,,,,,,,,,,,
Ohio,OH,Weston,,,,,,,,43569,41.35002,-83.796,America/New_York,EST,-5,,,,,,,,,,,
Ohio,OH,Wetsel,,,,,,,,,40.94672,-84.4361,America/New_York,EST,-5,,,,,,,,,,,
Ohio,OH,Wharton,,,,,,,,43359,40.87599,-83.448,America/New_York,EST,-5,,,,,,,,,,,
Ohio,OH,Wheelersburg,,,,,,,,45694,38.7383,-82.8421,America/New_York,EST,-5,,,,,,,,,,,
Ohio,OH,White Oak,,,,,,,,,39.21311,-84.5994,America/New_York,EST,-5,,,,,,,,,,,
Ohio,OH,White Oak East,,,,,,,,,39.21311,-84.5994,America/New_York,EST,-5,,,,,,,,,,,
Ohio,OH,White Oak West,,,,,,,,,39.21311,-84.5994,America/New_York,EST,-5,,,,,,,,,,,
Ohio,OH,Whitehall,,,,,,,,,39.96673,-82.8855,America/New_York,EST,-5,,,,,,,,,,,
Ohio,OH,Whitehouse,,,,,,,,43571,41.5096,-83.8018,America/New_York,EST,-5,,,,,,,,,,,
Ohio,OH,Wickliffe,,,,,,,,44092,41.5973,-81.4586,America/New_York,EST,-5,,,,,,,,,,,
Ohio,OH,Wilberforce,,,,,,,,45384,39.71281,-83.8781,America/New_York,EST,-5,,,,,,,,,,,
Ohio,OH,Wilkesville,,,,,,,,45695,39.14159,-82.3682,America/New_York,EST,-5,,,,,,,,,,,
Ohio,OH,Willard,,,,,,,,44890###44888,41.14154,-82.5889,America/New_York,EST,-5,,,,,,,,,,,
Ohio,OH,Williams Center,,,,,,,,,41.42894,-84.6102,America/New_York,EST,-5,,,,,,,,,,,
Ohio,OH,Williamsburg,,,,,,,,45176,39.0136,-84.0504,America/New_York,EST,-5,,,,,,,,,,,
Ohio,OH,Williamsport,,,,,,,,43164,39.60428,-83.1266,America/New_York,EST,-5,,,,,,,,,,,
Ohio,OH,Willoughby,,,,,,,,44096###44094,41.638,-81.3774,America/New_York,EST,-5,,,,,,,,,,,
Ohio,OH,Willoughby Hills,,,,,,,,,41.59838,-81.4184,America/New_York,EST,-5,,,,,,,,,,,
Ohio,OH,Willowick,,,,,,,,,41.6331,-81.4687,America/New_York,EST,-5,,,,,,,,,,,
Ohio,OH,Willshire,,,,,,,,45898,40.77515,-84.7458,America/New_York,EST,-5,,,,,,,,,,,
Ohio,OH,Wilmington,,,,,,,,45177,39.44499,-83.8244,America/New_York,EST,-5,,,,,,,,,,,
Ohio,OH,Wilmot,,,,,,,,44689,40.65798,-81.6383,America/New_York,EST,-5,,,,,,,,,,,
Ohio,OH,Wilson,,,,,,,,,39.85674,-81.0668,America/New_York,EST,-5,,,,,,,,,,,
Ohio,OH,Winameg,,,,,,,,,41.58422,-84.0106,America/New_York,EST,-5,,,,,,,,,,,
Ohio,OH,Winchester,,,,,,,,45697,38.9163,-83.5807,America/New_York,EST,-5,,,,,,,,,,,
Ohio,OH,Windham,,,,,,,,44288,41.23907,-81.0961,America/New_York,EST,-5,,,,,,,,,,,
Ohio,OH,Wintersville,,,,,,,,,40.40682,-80.6628,America/New_York,EST,-5,,,,,,,,,,,
Ohio,OH,Wisterman,,,,,,,,,41.12366,-84.2377,America/New_York,EST,-5,,,,,,,,,,,
Ohio,OH,Withamsville,,,,,,,,,39.06228,-84.2883,America/New_York,EST,-5,,,,,,,,,,,
Ohio,OH,Woodbourne-Hyde Park,,,,,,,,,39.142,-84.4338,America/New_York,EST,-5,,,,,,,,,,,
Ohio,OH,Woodlawn,,,,,,,,,39.252,-84.4702,America/New_York,EST,-5,,,,,,,,,,,
Ohio,OH,Woodmere,,,,,,,,,41.46228,-81.4807,America/New_York,EST,-5,,,,,,,,,,,
Ohio,OH,Woodsfield,,,,,,,,43793,39.75152,-81.0759,America/New_York,EST,-5,,,,,,,,,,,
Ohio,OH,Woodstock,,,,,,,,43084,40.1511,-83.5454,America/New_York,EST,-5,,,,,,,,,,,
Ohio,OH,Woodville,,,,,,,,43469,41.45144,-83.3658,America/New_York,EST,-5,,,,,,,,,,,
Ohio,OH,Wooster,,,,,,,,44691,40.8307,-81.8954,America/New_York,EST,-5,,,,,,,,,,,
Ohio,OH,Worstville,,,,,,,,,41.08172,-84.6705,America/New_York,EST,-5,,,,,,,,,,,
Ohio,OH,Worthington,,,,,,,,,40.09312,-83.018,America/New_York,EST,-5,,,,,,,,,,,
Ohio,OH,Wren,,,,,,,,45899,40.80088,-84.7752,America/New_York,EST,-5,,,,,,,,,,,
Ohio,OH,Wright-Patterson AFB,,,,,,,,,40.78061,-83.5258,America/New_York,EST,-5,,,,,,,,,,,
Ohio,OH,Wyoming,,,,,,,,,39.23117,-84.4658,America/New_York,EST,-5,,,,,,,,,,,
Ohio,OH,Xenia,,,,,,,,45385,39.68473,-83.9081,America/New_York,EST,-5,,,,,,,,,,,
Ohio,OH,Yankee Lake,,,,,,,,,41.26672,-80.5676,America/New_York,EST,-5,,,,,,,,,,,
Ohio,OH,Yellow Springs,,,,,,,,45387,39.80645,-83.8869,America/New_York,EST,-5,,,,,,,,,,,
Ohio,OH,Yoder,,,,,,,,,40.68727,-84.0711,America/New_York,EST,-5,,,,,,,,,,,
Ohio,OH,Yorkshire,,,,,,,,45388,40.32185,-84.4845,America/New_York,EST,-5,,,,,,,,,,,
Ohio,OH,Yorkville,,,,,,,,43971,40.15452,-80.7104,America/New_York,EST,-5,,,,,,,,,,,
Ohio,OH,Youngstown,,,,,,,,44513###44504###44514###44515###44555###44512###44506###44511###44510###44509###44503###44502###44501###44507###44505,41.01708,-80.8029,America/New_York,EST,-5,,,,,,,,,,,
Ohio,OH,Zaleski,,,,,,,,45698,39.28303,-82.3977,America/New_York,EST,-5,,,,,,,,,,,
Ohio,OH,Zanesfield,,,,,,,,43360,40.32111,-83.6405,America/New_York,EST,-5,,,,,,,,,,,
Ohio,OH,Zanesville,,,,,,,,43701###43702,39.92742,-82.0041,America/New_York,EST,-5,,,,,,,,,,,
Ohio,OH,Zoar,,,,,,,,44697,40.61206,-81.4242,America/New_York,EST,-5,,,,,,,,,,,
Ohio,OH,Zone,,,,,,,,,41.62283,-84.328,America/New_York,EST,-5,,,,,,,,,,,
