Oklahoma,OK,Achille,,,,,,,,74720,33.83343,-96.3872,America/Chicago,CST,-6,,,,,,,,,,,
Oklahoma,OK,Acme,,,,,,,,,0,0,,,,,,,,,,,,,,
Oklahoma,OK,Ada,,,,,,,,74820###74821,34.74896,-96.6853,America/Chicago,CST,-6,,,,,,,,,,,
Oklahoma,OK,Adair,,,,,,,,74330,36.43736,-95.2698,America/Chicago,CST,-6,,,,,,,,,,,
Oklahoma,OK,Adams,,,,,,,,73901,36.755,-101.078,America/Chicago,CST,-6,,,,,,,,,,,
Oklahoma,OK,Addington,,,,,,,,73520,34.24454,-97.967,America/Chicago,CST,-6,,,,,,,,,,,
Oklahoma,OK,Afton,,,,,,,,74331,36.69369,-94.963,America/Chicago,CST,-6,,,,,,,,,,,
Oklahoma,OK,Agawam,,,,,,,,,0,0,,,,,,,,,,,,,,
Oklahoma,OK,Agra,,,,,,,,74824,35.90898,-96.8738,America/Chicago,CST,-6,,,,,,,,,,,
Oklahoma,OK,Albany,,,,,,,,74721,33.92198,-96.1918,America/Chicago,CST,-6,,,,,,,,,,,
Oklahoma,OK,Albert,,,,,,,,73001,35.20321,-98.3574,America/Chicago,CST,-6,,,,,,,,,,,
Oklahoma,OK,Albion,,,,,,,,74521,34.66288,-95.1,America/Chicago,CST,-6,,,,,,,,,,,
Oklahoma,OK,Alderson,,,,,,,,74522,34.9001,-95.6919,America/Chicago,CST,-6,,,,,,,,,,,
Oklahoma,OK,Alex,,,,,,,,73002,34.91479,-97.7812,America/Chicago,CST,-6,,,,,,,,,,,
Oklahoma,OK,Alfalfa,,,,,,,,,35.49161,-97.5628,America/Chicago,CST,-6,,,,,,,,,,,
Oklahoma,OK,Aline,,,,,,,,73716,36.51176,-98.4499,America/Chicago,CST,-6,,,,,,,,,,,
Oklahoma,OK,Allen,,,,,,,,74825,34.86915,-96.4151,America/Chicago,CST,-6,,,,,,,,,,,
Oklahoma,OK,Altus,,,,,,,,73521###73522,34.66304,-99.2803,America/Chicago,CST,-6,,,,,,,,,,,
Oklahoma,OK,Altus Air Force Base,,,,,,,,,34.2626,-95.8666,America/Chicago,CST,-6,,,,,,,,,,,
Oklahoma,OK,Altus-Lugert Lake,,,,,,,,,34.89589,-99.2754,America/Chicago,CST,-6,,,,,,,,,,,
Oklahoma,OK,Alva,,,,,,,,73717,36.82659,-98.64,America/Chicago,CST,-6,,,,,,,,,,,
Oklahoma,OK,Amber,,,,,,,,73004,35.16034,-97.8792,America/Chicago,CST,-6,,,,,,,,,,,
Oklahoma,OK,America,,,,,,,,,0,0,,,,,,,,,,,,,,
Oklahoma,OK,Ames,,,,,,,,73718,36.24658,-98.1854,America/Chicago,CST,-6,,,,,,,,,,,
Oklahoma,OK,Amorita,,,,,,,,73719,36.92512,-98.2924,America/Chicago,CST,-6,,,,,,,,,,,
Oklahoma,OK,Anadarko,,,,,,,,73005,35.07256,-98.2437,America/Chicago,CST,-6,,,,,,,,,,,
Oklahoma,OK,Angora,,,,,,,,,0,0,,,,,,,,,,,,,,
Oklahoma,OK,Antioch,,,,,,,,,34.72508,-97.4056,America/Chicago,CST,-6,,,,,,,,,,,
Oklahoma,OK,Antlers,,,,,,,,74523,34.21544,-95.6263,America/Chicago,CST,-6,,,,,,,,,,,
Oklahoma,OK,Apache,,,,,,,,73006,34.89102,-98.3615,America/Chicago,CST,-6,,,,,,,,,,,
Oklahoma,OK,Apperson,,,,,,,,,35.49161,-97.5628,America/Chicago,CST,-6,,,,,,,,,,,
Oklahoma,OK,Apple,,,,,,,,,34.16152,-95.363,America/Chicago,CST,-6,,,,,,,,,,,
Oklahoma,OK,Arapaho,,,,,,,,73620,35.56664,-98.9602,America/Chicago,CST,-6,,,,,,,,,,,
Oklahoma,OK,Arcadia,,,,,,,,73007,35.67251,-97.3099,America/Chicago,CST,-6,,,,,,,,,,,
Oklahoma,OK,Ardmore,,,,,,,,73402###73403###73401,34.15663,-97.1792,America/Chicago,CST,-6,,,,,,,,,,,
Oklahoma,OK,Arkoma,,,,,,,,74901,35.35454,-94.4341,America/Chicago,CST,-6,,,,,,,,,,,
Oklahoma,OK,Armstrong,,,,,,,,,0,0,,,,,,,,,,,,,,
Oklahoma,OK,Arnett,,,,,,,,73832,36.04973,-99.6898,America/Chicago,CST,-6,,,,,,,,,,,
Oklahoma,OK,Arpelar,,,,,,,,,34.94204,-95.9656,America/Chicago,CST,-6,,,,,,,,,,,
Oklahoma,OK,Asher,,,,,,,,74826,34.96959,-96.9462,America/Chicago,CST,-6,,,,,,,,,,,
Oklahoma,OK,Ashland,,,,,,,,,34.76787,-96.0697,America/Chicago,CST,-6,,,,,,,,,,,
Oklahoma,OK,Atoka,,,,,,,,74525,34.35825,-96.0825,America/Chicago,CST,-6,,,,,,,,,,,
Oklahoma,OK,Atoka Reservoir,,,,,,,,,34.35825,-96.0825,America/Chicago,CST,-6,,,,,,,,,,,
Oklahoma,OK,Atwood,,,,,,,,74827,34.9562,-96.3386,America/Chicago,CST,-6,,,,,,,,,,,
Oklahoma,OK,Avant,,,,,,,,74001,36.49006,-96.0616,America/Chicago,CST,-6,,,,,,,,,,,
Oklahoma,OK,Avard,,,,,,,,,0,0,,,,,,,,,,,,,,
Oklahoma,OK,Avery,,,,,,,,,0,0,,,,,,,,,,,,,,
Oklahoma,OK,Aydelotte,,,,,,,,,0,0,,,,,,,,,,,,,,
Oklahoma,OK,Bache,,,,,,,,,34.89426,-95.6486,America/Chicago,CST,-6,,,,,,,,,,,
Oklahoma,OK,Baker,,,,,,,,,0,0,,,,,,,,,,,,,,
Oklahoma,OK,Bald Hill,,,,,,,,,35.09454,-94.4694,America/Chicago,CST,-6,,,,,,,,,,,
Oklahoma,OK,Balko,,,,,,,,73931,36.63003,-100.685,America/Chicago,CST,-6,,,,,,,,,,,
Oklahoma,OK,Ballard,,,,,,,,,0,0,,,,,,,,,,,,,,
Oklahoma,OK,Barnsdall,,,,,,,,74002,36.56159,-96.1624,America/Chicago,CST,-6,,,,,,,,,,,
Oklahoma,OK,Baron,,,,,,,,,36.90197,-98.294,America/Chicago,CST,-6,,,,,,,,,,,
Oklahoma,OK,Bartlesville,,,,,,,,74006###74003###74004###74005,36.72827,-96.0676,America/Chicago,CST,-6,,,,,,,,,,,
Oklahoma,OK,Battiest,,,,,,,,74722,34.39344,-94.925,America/Chicago,CST,-6,,,,,,,,,,,
Oklahoma,OK,Bearden,,,,,,,,,35.56561,-97.5312,America/Chicago,CST,-6,,,,,,,,,,,
Oklahoma,OK,Beaver,,,,,,,,73932,36.83411,-100.518,America/Chicago,CST,-6,,,,,,,,,,,
Oklahoma,OK,Beggs,,,,,,,,74421,35.73713,-96.0265,America/Chicago,CST,-6,,,,,,,,,,,
Oklahoma,OK,Bengal,,,,,,,,,0,0,,,,,,,,,,,,,,
Oklahoma,OK,Bennington,,,,,,,,74723,34.00202,-96.0382,America/Chicago,CST,-6,,,,,,,,,,,
Oklahoma,OK,Bentley,,,,,,,,,34.21482,-96.0789,America/Chicago,CST,-6,,,,,,,,,,,
Oklahoma,OK,Berlin,,,,,,,,,0,0,,,,,,,,,,,,,,
Oklahoma,OK,Bernice,,,,,,,,,36.61591,-94.9177,America/Chicago,CST,-6,,,,,,,,,,,
Oklahoma,OK,Bessie,,,,,,,,73622,35.38748,-98.9898,America/Chicago,CST,-6,,,,,,,,,,,
Oklahoma,OK,Bethany,,,,,,,,73008,35.51867,-97.6323,America/Chicago,CST,-6,,,,,,,,,,,
Oklahoma,OK,Bethel,,,,,,,,74724,34.35983,-94.8375,America/Chicago,CST,-6,,,,,,,,,,,
Oklahoma,OK,Bethel Acres,,,,,,,,,35.30868,-97.0256,America/Chicago,CST,-6,,,,,,,,,,,
Oklahoma,OK,Big Cabin,,,,,,,,74332,36.53395,-95.2246,America/Chicago,CST,-6,,,,,,,,,,,
Oklahoma,OK,Big Cedar,,,,,,,,,34.85535,-97.4586,America/Chicago,CST,-6,,,,,,,,,,,
Oklahoma,OK,Bigheart,,,,,,,,,35.49161,-97.5628,America/Chicago,CST,-6,,,,,,,,,,,
Oklahoma,OK,Billings,,,,,,,,74630,36.51354,-97.4081,America/Chicago,CST,-6,,,,,,,,,,,
Oklahoma,OK,Binger,,,,,,,,73009,35.30846,-98.3443,America/Chicago,CST,-6,,,,,,,,,,,
Oklahoma,OK,Bison,,,,,,,,73720,36.19643,-97.8901,America/Chicago,CST,-6,,,,,,,,,,,
Oklahoma,OK,Bixby,,,,,,,,74008,35.93345,-95.8776,America/Chicago,CST,-6,,,,,,,,,,,
Oklahoma,OK,Black Mesa Park,,,,,,,,,35.48674,-96.685,America/Chicago,CST,-6,,,,,,,,,,,
Oklahoma,OK,Blackburn,,,,,,,,,0,0,,,,,,,,,,,,,,
Oklahoma,OK,Blackwell,,,,,,,,74631,36.80448,-97.2828,America/Chicago,CST,-6,,,,,,,,,,,
Oklahoma,OK,Blair,,,,,,,,73526,34.78357,-99.3318,America/Chicago,CST,-6,,,,,,,,,,,
Oklahoma,OK,Blanchard,,,,,,,,73010,35.13784,-97.6581,America/Chicago,CST,-6,,,,,,,,,,,
Oklahoma,OK,Blanco,,,,,,,,74528,34.75121,-95.7744,America/Chicago,CST,-6,,,,,,,,,,,
Oklahoma,OK,Blocker,,,,,,,,74529,34.94726,-95.7207,America/Chicago,CST,-6,,,,,,,,,,,
Oklahoma,OK,Blue,,,,,,,,,35.51349,-96.4953,America/Chicago,CST,-6,,,,,,,,,,,
Oklahoma,OK,Bluejacket,,,,,,,,74333,36.7998,-95.0711,America/Chicago,CST,-6,,,,,,,,,,,
Oklahoma,OK,Boggy Depot State Park,,,,,,,,,0,0,,,,,,,,,,,,,,
Oklahoma,OK,Boise City,,,,,,,,73933,36.74204,-102.51,America/Chicago,CST,-6,,,,,,,,,,,
Oklahoma,OK,Bokchito,,,,,,,,74726,34.01741,-96.1415,America/Chicago,CST,-6,,,,,,,,,,,
Oklahoma,OK,Bokhoma,,,,,,,,,35.49161,-97.5628,America/Chicago,CST,-6,,,,,,,,,,,
Oklahoma,OK,Bokoshe,,,,,,,,74930,35.18649,-94.7858,America/Chicago,CST,-6,,,,,,,,,,,
Oklahoma,OK,Boley,,,,,,,,74829,35.51349,-96.4953,America/Chicago,CST,-6,,,,,,,,,,,
Oklahoma,OK,Boone,,,,,,,,,34.89868,-98.462,America/Chicago,CST,-6,,,,,,,,,,,
Oklahoma,OK,Boswell,,,,,,,,74727,34.02805,-95.87,America/Chicago,CST,-6,,,,,,,,,,,
Oklahoma,OK,Bowlegs,,,,,,,,74830,35.14619,-96.67,America/Chicago,CST,-6,,,,,,,,,,,
Oklahoma,OK,Box,,,,,,,,,35.58121,-94.9763,America/Chicago,CST,-6,,,,,,,,,,,
Oklahoma,OK,Boyd,,,,,,,,,0,0,,,,,,,,,,,,,,
Oklahoma,OK,Boynton,,,,,,,,74422,35.64871,-95.6561,America/Chicago,CST,-6,,,,,,,,,,,
Oklahoma,OK,Braden,,,,,,,,,35.56561,-97.5312,America/Chicago,CST,-6,,,,,,,,,,,
Oklahoma,OK,Bradley,,,,,,,,73011,34.87813,-97.7084,America/Chicago,CST,-6,,,,,,,,,,,
Oklahoma,OK,Braggs,,,,,,,,74439###74423,35.66296,-95.1978,America/Chicago,CST,-6,,,,,,,,,,,
Oklahoma,OK,Braman,,,,,,,,74632,36.94121,-97.3363,America/Chicago,CST,-6,,,,,,,,,,,
Oklahoma,OK,Bray,,,,,,,,73055,0,0,,,,,,,,,,,,,,
Oklahoma,OK,Breckenridge,,,,,,,,,36.43698,-97.7317,America/Chicago,CST,-6,,,,,,,,,,,
Oklahoma,OK,Briartown,,,,,,,,,0,0,,,,,,,,,,,,,,
Oklahoma,OK,Bridge Creek,,,,,,,,,0,0,,,,,,,,,,,,,,
Oklahoma,OK,Bridgeport,,,,,,,,,0,0,,,,,,,,,,,,,,
Oklahoma,OK,Brinkman,,,,,,,,,35.49161,-97.5628,America/Chicago,CST,-6,,,,,,,,,,,
Oklahoma,OK,Bristow,,,,,,,,74010,35.83561,-96.3039,America/Chicago,CST,-6,,,,,,,,,,,
Oklahoma,OK,Broken Arrow,,,,,,,,74012###74013###74011###74014,35.9864,-95.8181,America/Chicago,CST,-6,,,,,,,,,,,
Oklahoma,OK,Broken Bow,,,,,,,,74728,33.95348,-94.829,America/Chicago,CST,-6,,,,,,,,,,,
Oklahoma,OK,Bromide,,,,,,,,74530,34.41843,-96.4969,America/Chicago,CST,-6,,,,,,,,,,,
Oklahoma,OK,Brooksville,,,,,,,,,0,0,,,,,,,,,,,,,,
Oklahoma,OK,Brushy,,,,,,,,,35.55704,-94.7255,America/Chicago,CST,-6,,,,,,,,,,,
Oklahoma,OK,Bryans Corner,,,,,,,,,0,0,,,,,,,,,,,,,,
Oklahoma,OK,Bryant,,,,,,,,,0,0,,,,,,,,,,,,,,
Oklahoma,OK,Buffalo,,,,,,,,73834,36.83559,-99.6304,America/Chicago,CST,-6,,,,,,,,,,,
Oklahoma,OK,Bunch,,,,,,,,74931,35.68259,-94.7611,America/Chicago,CST,-6,,,,,,,,,,,
Oklahoma,OK,Burbank,,,,,,,,74633,36.70969,-96.8061,America/Chicago,CST,-6,,,,,,,,,,,
Oklahoma,OK,Burlington,,,,,,,,73722,36.90003,-98.4229,America/Chicago,CST,-6,,,,,,,,,,,
Oklahoma,OK,Burneyville,,,,,,,,73430,33.92598,-97.3103,America/Chicago,CST,-6,,,,,,,,,,,
Oklahoma,OK,Burns Flat,,,,,,,,73624,35.34915,-99.188,America/Chicago,CST,-6,,,,,,,,,,,
Oklahoma,OK,Bushyhead,,,,,,,,,35.49161,-97.5628,America/Chicago,CST,-6,,,,,,,,,,,
Oklahoma,OK,Butler,,,,,,,,73625,35.63671,-99.1859,America/Chicago,CST,-6,,,,,,,,,,,
Oklahoma,OK,Byars,,,,,,,,74831,34.87337,-97.0484,America/Chicago,CST,-6,,,,,,,,,,,
Oklahoma,OK,Byng,,,,,,,,,34.8612,-96.6656,America/Chicago,CST,-6,,,,,,,,,,,
Oklahoma,OK,Byron,,,,,,,,,36.90197,-98.294,America/Chicago,CST,-6,,,,,,,,,,,
Oklahoma,OK,Cache,,,,,,,,73527,34.62952,-98.6287,America/Chicago,CST,-6,,,,,,,,,,,
Oklahoma,OK,Caddo,,,,,,,,74729,34.09208,-96.3016,America/Chicago,CST,-6,,,,,,,,,,,
Oklahoma,OK,Calera,,,,,,,,74730,33.93225,-96.4308,America/Chicago,CST,-6,,,,,,,,,,,
Oklahoma,OK,Calumet,,,,,,,,73014,35.54758,-98.1512,America/Chicago,CST,-6,,,,,,,,,,,
Oklahoma,OK,Calvin,,,,,,,,74531,35.02852,-96.2359,America/Chicago,CST,-6,,,,,,,,,,,
Oklahoma,OK,Camargo,,,,,,,,73835,36.01994,-99.288,America/Chicago,CST,-6,,,,,,,,,,,
Oklahoma,OK,Cameron,,,,,,,,74932,35.1269,-94.601,America/Chicago,CST,-6,,,,,,,,,,,
Oklahoma,OK,Camp Houston,,,,,,,,,0,0,,,,,,,,,,,,,,
Oklahoma,OK,Canadian,,,,,,,,74425,35.15713,-95.6215,America/Chicago,CST,-6,,,,,,,,,,,
Oklahoma,OK,Caney,,,,,,,,74533,34.20851,-96.1979,America/Chicago,CST,-6,,,,,,,,,,,
Oklahoma,OK,Canton,,,,,,,,73724,36.09281,-98.5776,America/Chicago,CST,-6,,,,,,,,,,,
Oklahoma,OK,Canton Lake,,,,,,,,,36.09281,-98.5776,America/Chicago,CST,-6,,,,,,,,,,,
Oklahoma,OK,Canute,,,,,,,,73626,35.41888,-99.2803,America/Chicago,CST,-6,,,,,,,,,,,
Oklahoma,OK,Capron,,,,,,,,,36.8967,-98.5776,America/Chicago,CST,-6,,,,,,,,,,,
Oklahoma,OK,Cardin,,,,,,,,74335,36.83351,-94.8279,America/Chicago,CST,-6,,,,,,,,,,,
Oklahoma,OK,Carmen,,,,,,,,73726,36.57895,-98.4561,America/Chicago,CST,-6,,,,,,,,,,,
Oklahoma,OK,Carnegie,,,,,,,,73015,35.1054,-98.5941,America/Chicago,CST,-6,,,,,,,,,,,
Oklahoma,OK,Carney,,,,,,,,74832,35.80451,-97.0282,America/Chicago,CST,-6,,,,,,,,,,,
Oklahoma,OK,Carrier,,,,,,,,73727,36.47698,-98.0223,America/Chicago,CST,-6,,,,,,,,,,,
Oklahoma,OK,Carter,,,,,,,,73627,35.21894,-99.5057,America/Chicago,CST,-6,,,,,,,,,,,
Oklahoma,OK,Cartwright,,,,,,,,74731,33.87377,-96.5604,America/Chicago,CST,-6,,,,,,,,,,,
Oklahoma,OK,Cashion,,,,,,,,73016,35.81843,-97.6997,America/Chicago,CST,-6,,,,,,,,,,,
Oklahoma,OK,Castle,,,,,,,,74833,35.47452,-96.3822,America/Chicago,CST,-6,,,,,,,,,,,
Oklahoma,OK,Catesby,,,,,,,,,35.49161,-97.5628,America/Chicago,CST,-6,,,,,,,,,,,
Oklahoma,OK,Catoosa,,,,,,,,74015,36.18899,-95.7458,America/Chicago,CST,-6,,,,,,,,,,,
Oklahoma,OK,Cedar Valley,,,,,,,,,0,0,,,,,,,,,,,,,,
Oklahoma,OK,Cement,,,,,,,,73017,34.93201,-98.1403,America/Chicago,CST,-6,,,,,,,,,,,
Oklahoma,OK,Centerview,,,,,,,,,0,0,,,,,,,,,,,,,,
Oklahoma,OK,Centrahoma,,,,,,,,74534,34.60981,-96.3456,America/Chicago,CST,-6,,,,,,,,,,,
Oklahoma,OK,Centrailia,,,,,,,,,0,0,,,,,,,,,,,,,,
Oklahoma,OK,Central Atoka,,,,,,,,,34.35825,-96.0825,America/Chicago,CST,-6,,,,,,,,,,,
Oklahoma,OK,Central High,,,,,,,,,0,0,,,,,,,,,,,,,,
Oklahoma,OK,Centralia,,,,,,,,,0,0,,,,,,,,,,,,,,
Oklahoma,OK,Ceres,,,,,,,,,0,0,,,,,,,,,,,,,,
Oklahoma,OK,Cestos,,,,,,,,,35.49161,-97.5628,America/Chicago,CST,-6,,,,,,,,,,,
Oklahoma,OK,Chandler,,,,,,,,74834,35.64795,-96.8712,America/Chicago,CST,-6,,,,,,,,,,,
Oklahoma,OK,Chattanooga,,,,,,,,73528,34.42432,-98.6544,America/Chicago,CST,-6,,,,,,,,,,,
Oklahoma,OK,Checotah,,,,,,,,74426,35.4922,-95.5178,America/Chicago,CST,-6,,,,,,,,,,,
Oklahoma,OK,Chelsea,,,,,,,,74016,36.49571,-95.4357,America/Chicago,CST,-6,,,,,,,,,,,
Oklahoma,OK,Cherokee,,,,,,,,73728,36.66535,-98.3668,America/Chicago,CST,-6,,,,,,,,,,,
Oklahoma,OK,Chester,,,,,,,,73838,36.21643,-98.9209,America/Chicago,CST,-6,,,,,,,,,,,
Oklahoma,OK,Cheyenne,,,,,,,,73628,35.60807,-99.6725,America/Chicago,CST,-6,,,,,,,,,,,
Oklahoma,OK,Chickasha,,,,,,,,73018###73023,35.1278,-97.9371,America/Chicago,CST,-6,,,,,,,,,,,
Oklahoma,OK,Chilocco,,,,,,,,,35.49161,-97.5628,America/Chicago,CST,-6,,,,,,,,,,,
Oklahoma,OK,Chloeta,,,,,,,,,35.49161,-97.5628,America/Chicago,CST,-6,,,,,,,,,,,
Oklahoma,OK,Chockie,,,,,,,,,0,0,,,,,,,,,,,,,,
Oklahoma,OK,Choctaw,,,,,,,,73020,35.51876,-97.2491,America/Chicago,CST,-6,,,,,,,,,,,
Oklahoma,OK,Choska,,,,,,,,,0,0,,,,,,,,,,,,,,
Oklahoma,OK,Chouteau,,,,,,,,74337,36.18787,-95.2616,America/Chicago,CST,-6,,,,,,,,,,,
Oklahoma,OK,Christie,,,,,,,,,35.99638,-94.6308,America/Chicago,CST,-6,,,,,,,,,,,
Oklahoma,OK,Cimarron City,,,,,,,,,0,0,,,,,,,,,,,,,,
Oklahoma,OK,Claremore,,,,,,,,74019###74018###74017,36.34862,-95.6043,America/Chicago,CST,-6,,,,,,,,,,,
Oklahoma,OK,Clarita,,,,,,,,74535,34.48287,-96.4333,America/Chicago,CST,-6,,,,,,,,,,,
Oklahoma,OK,Clayton,,,,,,,,74536,34.58954,-95.3528,America/Chicago,CST,-6,,,,,,,,,,,
Oklahoma,OK,Clearview,,,,,,,,,35.39704,-96.1864,America/Chicago,CST,-6,,,,,,,,,,,
Oklahoma,OK,Cleo Springs,,,,,,,,73729,36.4053,-98.4533,America/Chicago,CST,-6,,,,,,,,,,,
Oklahoma,OK,Cleora,,,,,,,,,36.57897,-94.9711,America/Chicago,CST,-6,,,,,,,,,,,
Oklahoma,OK,Cleveland,,,,,,,,74020,36.26377,-96.4433,America/Chicago,CST,-6,,,,,,,,,,,
Oklahoma,OK,Clinton,,,,,,,,73601,35.51561,-98.9673,America/Chicago,CST,-6,,,,,,,,,,,
Oklahoma,OK,Cloud Chief,,,,,,,,,34.76863,-99.8333,America/Chicago,CST,-6,,,,,,,,,,,
Oklahoma,OK,Cloudy,,,,,,,,,34.76863,-99.8333,America/Chicago,CST,-6,,,,,,,,,,,
Oklahoma,OK,Coalgate,,,,,,,,74538,34.53833,-96.2292,America/Chicago,CST,-6,,,,,,,,,,,
Oklahoma,OK,Cogar,,,,,,,,,0,0,,,,,,,,,,,,,,
Oklahoma,OK,Colbert,,,,,,,,74733,33.85767,-96.5282,America/Chicago,CST,-6,,,,,,,,,,,
Oklahoma,OK,Colcord,,,,,,,,74338,36.26566,-94.6947,America/Chicago,CST,-6,,,,,,,,,,,
Oklahoma,OK,Cole,,,,,,,,,35.10229,-97.5728,America/Chicago,CST,-6,,,,,,,,,,,
Oklahoma,OK,Coleman,,,,,,,,73432,34.27148,-96.4192,America/Chicago,CST,-6,,,,,,,,,,,
Oklahoma,OK,Collinsville,,,,,,,,74021,36.37004,-95.8571,America/Chicago,CST,-6,,,,,,,,,,,
Oklahoma,OK,Colony,,,,,,,,73021,35.34867,-98.6767,America/Chicago,CST,-6,,,,,,,,,,,
Oklahoma,OK,Comanche,,,,,,,,73529,34.39369,-97.9707,America/Chicago,CST,-6,,,,,,,,,,,
Oklahoma,OK,Commerce,,,,,,,,74339,36.9334,-94.873,America/Chicago,CST,-6,,,,,,,,,,,
Oklahoma,OK,Concho,,,,,,,,73022,35.52519,-97.9923,America/Chicago,CST,-6,,,,,,,,,,,
Oklahoma,OK,Connerville,,,,,,,,74836,34.41941,-96.6291,America/Chicago,CST,-6,,,,,,,,,,,
Oklahoma,OK,Cookietown,,,,,,,,,0,0,,,,,,,,,,,,,,
Oklahoma,OK,Cookson,,,,,,,,74427,35.71093,-94.92,America/Chicago,CST,-6,,,,,,,,,,,
Oklahoma,OK,Cooperton,,,,,,,,,34.86756,-98.8667,America/Chicago,CST,-6,,,,,,,,,,,
Oklahoma,OK,Copan,,,,,,,,74022,36.89758,-95.9261,America/Chicago,CST,-6,,,,,,,,,,,
Oklahoma,OK,Cordell,,,,,,,,73632,35.23296,-99.0584,America/Chicago,CST,-6,,,,,,,,,,,
Oklahoma,OK,Corinne,,,,,,,,,34.18594,-95.2913,America/Chicago,CST,-6,,,,,,,,,,,
Oklahoma,OK,Corn,,,,,,,,73024,35.37841,-98.7818,America/Chicago,CST,-6,,,,,,,,,,,
Oklahoma,OK,Cornish,,,,,,,,,34.15898,-97.597,America/Chicago,CST,-6,,,,,,,,,,,
Oklahoma,OK,Corum,,,,,,,,,34.36231,-98.1042,America/Chicago,CST,-6,,,,,,,,,,,
Oklahoma,OK,Cottonwood,,,,,,,,,34.55593,-96.2039,America/Chicago,CST,-6,,,,,,,,,,,
Oklahoma,OK,Council Hill,,,,,,,,74428,35.55556,-95.6514,America/Chicago,CST,-6,,,,,,,,,,,
Oklahoma,OK,Courtney,,,,,,,,,33.94038,-97.5084,America/Chicago,CST,-6,,,,,,,,,,,
Oklahoma,OK,Covington,,,,,,,,73730,36.30749,-97.5864,America/Chicago,CST,-6,,,,,,,,,,,
Oklahoma,OK,Cowden,,,,,,,,,35.24783,-98.712,America/Chicago,CST,-6,,,,,,,,,,,
Oklahoma,OK,Coweta,,,,,,,,74429,36.00209,-95.6748,America/Chicago,CST,-6,,,,,,,,,,,
Oklahoma,OK,Cowlington,,,,,,,,,35.28775,-94.8839,America/Chicago,CST,-6,,,,,,,,,,,
Oklahoma,OK,Cox City,,,,,,,,,34.72535,-97.7317,America/Chicago,CST,-6,,,,,,,,,,,
Oklahoma,OK,Coyle,,,,,,,,73027,35.95021,-97.2917,America/Chicago,CST,-6,,,,,,,,,,,
Oklahoma,OK,Crawford,,,,,,,,73638,35.82699,-99.7996,America/Chicago,CST,-6,,,,,,,,,,,
Oklahoma,OK,Crescent,,,,,,,,73028,35.97703,-97.6281,America/Chicago,CST,-6,,,,,,,,,,,
Oklahoma,OK,Criner,,,,,,,,,0,0,,,,,,,,,,,,,,
Oklahoma,OK,Cromwell,,,,,,,,74837,35.34046,-96.4546,America/Chicago,CST,-6,,,,,,,,,,,
Oklahoma,OK,Crowder,,,,,,,,74430,35.12399,-95.67,America/Chicago,CST,-6,,,,,,,,,,,
Oklahoma,OK,Cushing,,,,,,,,74023,36.02929,-96.8559,America/Chicago,CST,-6,,,,,,,,,,,
Oklahoma,OK,Custer City,,,,,,,,73639,35.62389,-98.9122,America/Chicago,CST,-6,,,,,,,,,,,
Oklahoma,OK,Cyril,,,,,,,,73029,34.89726,-98.2044,America/Chicago,CST,-6,,,,,,,,,,,
Oklahoma,OK,Dacoma,,,,,,,,73731,36.66206,-98.563,America/Chicago,CST,-6,,,,,,,,,,,
Oklahoma,OK,Daisy,,,,,,,,74540,34.53593,-95.7397,America/Chicago,CST,-6,,,,,,,,,,,
Oklahoma,OK,Dale,,,,,,,,,35.39007,-97.045,America/Chicago,CST,-6,,,,,,,,,,,
Oklahoma,OK,Damon,,,,,,,,,0,0,,,,,,,,,,,,,,
Oklahoma,OK,Darwin,,,,,,,,,34.22846,-95.6119,America/Chicago,CST,-6,,,,,,,,,,,
Oklahoma,OK,Davenport,,,,,,,,74026,35.70889,-96.767,America/Chicago,CST,-6,,,,,,,,,,,
Oklahoma,OK,Davidson,,,,,,,,73530,34.24224,-99.0763,America/Chicago,CST,-6,,,,,,,,,,,
Oklahoma,OK,Davis,,,,,,,,73039###73030,34.50177,-97.0473,America/Chicago,CST,-6,,,,,,,,,,,
Oklahoma,OK,Deer Creek,,,,,,,,74636,36.80731,-97.5203,America/Chicago,CST,-6,,,,,,,,,,,
Oklahoma,OK,Del City,,,,,,,,,35.27672,-99.1351,America/Chicago,CST,-6,,,,,,,,,,,
Oklahoma,OK,Dela,,,,,,,,,34.20038,-95.5222,America/Chicago,CST,-6,,,,,,,,,,,
Oklahoma,OK,Delaware,,,,,,,,74027,36.77721,-95.642,America/Chicago,CST,-6,,,,,,,,,,,
Oklahoma,OK,Delhi,,,,,,,,,35.17478,-99.6765,America/Chicago,CST,-6,,,,,,,,,,,
Oklahoma,OK,Dempsey,,,,,,,,,35.51755,-99.8229,America/Chicago,CST,-6,,,,,,,,,,,
Oklahoma,OK,Depew,,,,,,,,74028,35.76983,-96.4919,America/Chicago,CST,-6,,,,,,,,,,,
Oklahoma,OK,Devol,,,,,,,,73531,34.19592,-98.5901,America/Chicago,CST,-6,,,,,,,,,,,
Oklahoma,OK,Dewar,,,,,,,,74431,35.45507,-95.9498,America/Chicago,CST,-6,,,,,,,,,,,
Oklahoma,OK,Dewey,,,,,,,,74029,36.79592,-95.9355,America/Chicago,CST,-6,,,,,,,,,,,
Oklahoma,OK,Dibble,,,,,,,,73031,35.09574,-97.3011,America/Chicago,CST,-6,,,,,,,,,,,
Oklahoma,OK,Dickson,,,,,,,,,34.18732,-96.9845,America/Chicago,CST,-6,,,,,,,,,,,
Oklahoma,OK,Dill City,,,,,,,,73641,35.27672,-99.1351,America/Chicago,CST,-6,,,,,,,,,,,
Oklahoma,OK,Disney,,,,,,,,74340,36.48119,-95.015,America/Chicago,CST,-6,,,,,,,,,,,
Oklahoma,OK,Dougherty,,,,,,,,73032,34.39953,-97.0556,America/Chicago,CST,-6,,,,,,,,,,,
Oklahoma,OK,Douglas,,,,,,,,73733,36.26059,-97.6692,America/Chicago,CST,-6,,,,,,,,,,,
Oklahoma,OK,Dover,,,,,,,,73734,35.98232,-97.9123,America/Chicago,CST,-6,,,,,,,,,,,
Oklahoma,OK,Dow,,,,,,,,,34.87677,-95.6003,America/Chicago,CST,-6,,,,,,,,,,,
Oklahoma,OK,Driftwood,,,,,,,,,36.8792,-98.3595,America/Chicago,CST,-6,,,,,,,,,,,
Oklahoma,OK,Drummond,,,,,,,,73735,36.30745,-98.0418,America/Chicago,CST,-6,,,,,,,,,,,
Oklahoma,OK,Drumright,,,,,,,,74030,36.01236,-96.548,America/Chicago,CST,-6,,,,,,,,,,,
Oklahoma,OK,Duke,,,,,,,,73532,34.66351,-99.569,America/Chicago,CST,-6,,,,,,,,,,,
Oklahoma,OK,Dunbar,,,,,,,,,34.45871,-95.5605,America/Chicago,CST,-6,,,,,,,,,,,
Oklahoma,OK,Duncan,,,,,,,,73536###73534###73533,34.54775,-97.9333,America/Chicago,CST,-6,,,,,,,,,,,
Oklahoma,OK,Durant,,,,,,,,74701###74702,34.04494,-96.3214,America/Chicago,CST,-6,,,,,,,,,,,
Oklahoma,OK,Durham,,,,,,,,73642,35.84199,-99.9248,America/Chicago,CST,-6,,,,,,,,,,,
Oklahoma,OK,Dustin,,,,,,,,74839,35.27033,-96.0337,America/Chicago,CST,-6,,,,,,,,,,,
Oklahoma,OK,Eagle City,,,,,,,,,0,0,,,,,,,,,,,,,,
Oklahoma,OK,Eagletown,,,,,,,,74734,34.03428,-94.5749,America/Chicago,CST,-6,,,,,,,,,,,
Oklahoma,OK,Eakly,,,,,,,,73033,35.30533,-98.5578,America/Chicago,CST,-6,,,,,,,,,,,
Oklahoma,OK,Earlsboro,,,,,,,,74840,35.32492,-96.8007,America/Chicago,CST,-6,,,,,,,,,,,
Oklahoma,OK,East Canadian,,,,,,,,,35.15713,-95.6215,America/Chicago,CST,-6,,,,,,,,,,,
Oklahoma,OK,East Cleveland,,,,,,,,,36.26377,-96.4433,America/Chicago,CST,-6,,,,,,,,,,,
Oklahoma,OK,East Love,,,,,,,,,0,0,,,,,,,,,,,,,,
Oklahoma,OK,East Mayes,,,,,,,,,35.59005,-97.4868,,,,,,,,,,,,,,
Oklahoma,OK,East Murray,,,,,,,,,0,0,,,,,,,,,,,,,,
Oklahoma,OK,Edmond,,,,,,,,73012###73083###73013###73034###73003###73025,35.67478,-97.4997,America/Chicago,CST,-6,,,,,,,,,,,
Oklahoma,OK,El Reno,,,,,,,,73036,35.50813,-98.0267,America/Chicago,CST,-6,,,,,,,,,,,
Oklahoma,OK,Eldon,,,,,,,,,0,0,,,,,,,,,,,,,,
Oklahoma,OK,Eldorado,,,,,,,,73537,34.47202,-99.6473,America/Chicago,CST,-6,,,,,,,,,,,
Oklahoma,OK,Elgin,,,,,,,,73538,34.78035,-98.2923,America/Chicago,CST,-6,,,,,,,,,,,
Oklahoma,OK,Elk City,,,,,,,,73644###73648,35.41959,-99.4378,America/Chicago,CST,-6,,,,,,,,,,,
Oklahoma,OK,Elmer,,,,,,,,73539,34.48172,-99.348,America/Chicago,CST,-6,,,,,,,,,,,
Oklahoma,OK,Elmore City,,,,,,,,73433,34.62817,-97.4067,America/Chicago,CST,-6,,,,,,,,,,,
Oklahoma,OK,Elmwood,,,,,,,,,36.61642,-100.523,America/Chicago,CST,-6,,,,,,,,,,,
Oklahoma,OK,Empire City,,,,,,,,,34.50532,-97.8659,America/Chicago,CST,-6,,,,,,,,,,,
Oklahoma,OK,Enid,,,,,,,,73706###73705###73703###73702###73701,36.40268,-97.8431,America/Chicago,CST,-6,,,,,,,,,,,
Oklahoma,OK,Enterprise,,,,,,,,,0,0,,,,,,,,,,,,,,
Oklahoma,OK,Eram,,,,,,,,,35.61705,-95.755,America/Chicago,CST,-6,,,,,,,,,,,
Oklahoma,OK,Erick,,,,,,,,73645,35.20388,-99.8708,America/Chicago,CST,-6,,,,,,,,,,,
Oklahoma,OK,Erin Springs,,,,,,,,,0,0,,,,,,,,,,,,,,
Oklahoma,OK,Etowah,,,,,,,,,0,0,,,,,,,,,,,,,,
Oklahoma,OK,Eubanks,,,,,,,,,35.49161,-97.5628,America/Chicago,CST,-6,,,,,,,,,,,
Oklahoma,OK,Eufaula,,,,,,,,74432,35.31802,-95.5885,America/Chicago,CST,-6,,,,,,,,,,,
Oklahoma,OK,Eva,,,,,,,,,36.79836,-101.907,America/Chicago,CST,-6,,,,,,,,,,,
Oklahoma,OK,Fairfax,,,,,,,,74637,36.59324,-96.7787,America/Chicago,CST,-6,,,,,,,,,,,
Oklahoma,OK,Fairland,,,,,,,,74343,36.74164,-94.8261,America/Chicago,CST,-6,,,,,,,,,,,
Oklahoma,OK,Fairmont,,,,,,,,73736,36.35559,-97.7056,America/Chicago,CST,-6,,,,,,,,,,,
Oklahoma,OK,Fairview,,,,,,,,73737,36.26892,-98.4798,America/Chicago,CST,-6,,,,,,,,,,,
Oklahoma,OK,Fallon,,,,,,,,,0,0,,,,,,,,,,,,,,
Oklahoma,OK,Fanshawe,,,,,,,,74935,34.95093,-94.9083,America/Chicago,CST,-6,,,,,,,,,,,
Oklahoma,OK,Fargo,,,,,,,,73840,36.3735,-99.6221,America/Chicago,CST,-6,,,,,,,,,,,
Oklahoma,OK,Faxon,,,,,,,,73540,34.45702,-98.579,America/Chicago,CST,-6,,,,,,,,,,,
Oklahoma,OK,Fay,,,,,,,,73646,35.81338,-98.6579,America/Chicago,CST,-6,,,,,,,,,,,
Oklahoma,OK,Featherston,,,,,,,,,0,0,,,,,,,,,,,,,,
Oklahoma,OK,Felt,,,,,,,,73937,36.56753,-102.794,America/Chicago,CST,-6,,,,,,,,,,,
Oklahoma,OK,Fillmore,,,,,,,,,34.27426,-96.4961,America/Chicago,CST,-6,,,,,,,,,,,
Oklahoma,OK,Finley,,,,,,,,74543,34.32843,-95.495,America/Chicago,CST,-6,,,,,,,,,,,
Oklahoma,OK,Fittstown,,,,,,,,74842,34.61481,-96.6345,America/Chicago,CST,-6,,,,,,,,,,,
Oklahoma,OK,Fitzhugh,,,,,,,,74843,34.66592,-96.775,America/Chicago,CST,-6,,,,,,,,,,,
Oklahoma,OK,Fletcher,,,,,,,,73541,34.82691,-98.2281,America/Chicago,CST,-6,,,,,,,,,,,
Oklahoma,OK,Floris,,,,,,,,,0,0,,,,,,,,,,,,,,
Oklahoma,OK,Foraker,,,,,,,,,0,0,,,,,,,,,,,,,,
Oklahoma,OK,Forest Park,,,,,,,,,0,0,,,,,,,,,,,,,,
Oklahoma,OK,Forgan,,,,,,,,73938,36.90697,-100.539,America/Chicago,CST,-6,,,,,,,,,,,
Oklahoma,OK,Fort Cobb,,,,,,,,73038,35.10063,-98.4417,America/Chicago,CST,-6,,,,,,,,,,,
Oklahoma,OK,Fort Cobb Reservoir,,,,,,,,,35.10063,-98.4417,America/Chicago,CST,-6,,,,,,,,,,,
Oklahoma,OK,Fort Gibson,,,,,,,,74434,35.7976,-95.2505,America/Chicago,CST,-6,,,,,,,,,,,
Oklahoma,OK,Fort Sill,,,,,,,,73503,34.66398,-98.4375,America/Chicago,CST,-6,,,,,,,,,,,
Oklahoma,OK,Fort Supply,,,,,,,,73841,36.57218,-99.5738,America/Chicago,CST,-6,,,,,,,,,,,
Oklahoma,OK,Fort Towson,,,,,,,,74735,34.01872,-95.2663,America/Chicago,CST,-6,,,,,,,,,,,
Oklahoma,OK,Foss,,,,,,,,73647,35.45449,-99.1698,America/Chicago,CST,-6,,,,,,,,,,,
Oklahoma,OK,Foss Reservoir,,,,,,,,,35.45449,-99.1698,America/Chicago,CST,-6,,,,,,,,,,,
Oklahoma,OK,Foster,,,,,,,,73434,34.61647,-97.4892,America/Chicago,CST,-6,,,,,,,,,,,
Oklahoma,OK,Fox,,,,,,,,73435,34.28888,-97.2481,America/Chicago,CST,-6,,,,,,,,,,,
Oklahoma,OK,Foyil,,,,,,,,74031,36.33646,-95.5716,America/Chicago,CST,-6,,,,,,,,,,,
Oklahoma,OK,Francis,,,,,,,,74844,34.8737,-96.5956,America/Chicago,CST,-6,,,,,,,,,,,
Oklahoma,OK,Frederick,,,,,,,,73542,34.38628,-99.0017,America/Chicago,CST,-6,,,,,,,,,,,
Oklahoma,OK,Freedom,,,,,,,,73842,36.76891,-99.1127,America/Chicago,CST,-6,,,,,,,,,,,
Oklahoma,OK,Friendship,,,,,,,,,34.6959,-99.229,America/Chicago,CST,-6,,,,,,,,,,,
Oklahoma,OK,Frogville,,,,,,,,,33.89761,-95.3127,America/Chicago,CST,-6,,,,,,,,,,,
Oklahoma,OK,Gage,,,,,,,,73843,36.25549,-99.7538,America/Chicago,CST,-6,,,,,,,,,,,
Oklahoma,OK,Gans,,,,,,,,74936,35.39465,-94.6901,America/Chicago,CST,-6,,,,,,,,,,,
Oklahoma,OK,Garber,,,,,,,,73738,36.43633,-97.5809,America/Chicago,CST,-6,,,,,,,,,,,
Oklahoma,OK,Garvin,,,,,,,,74736,33.954,-94.9424,America/Chicago,CST,-6,,,,,,,,,,,
Oklahoma,OK,Gate,,,,,,,,73844,36.85336,-100.055,America/Chicago,CST,-6,,,,,,,,,,,
Oklahoma,OK,Gay,,,,,,,,,33.95344,-95.6214,America/Chicago,CST,-6,,,,,,,,,,,
Oklahoma,OK,Geary,,,,,,,,73040,35.63003,-98.3205,America/Chicago,CST,-6,,,,,,,,,,,
Oklahoma,OK,Gene Autry,,,,,,,,73436,34.29395,-97.0339,America/Chicago,CST,-6,,,,,,,,,,,
Oklahoma,OK,Geronimo,,,,,,,,73543,34.4824,-98.3819,America/Chicago,CST,-6,,,,,,,,,,,
Oklahoma,OK,Gerty,,,,,,,,,34.83676,-96.2897,America/Chicago,CST,-6,,,,,,,,,,,
Oklahoma,OK,Glencoe,,,,,,,,74032,36.22535,-96.9338,America/Chicago,CST,-6,,,,,,,,,,,
Oklahoma,OK,Glenpool,,,,,,,,74033,35.95537,-96.0089,America/Chicago,CST,-6,,,,,,,,,,,
Oklahoma,OK,Glover,,,,,,,,,34.07039,-94.898,America/Chicago,CST,-6,,,,,,,,,,,
Oklahoma,OK,Goldsby,,,,,,,,,0,0,,,,,,,,,,,,,,
Oklahoma,OK,Goltry,,,,,,,,73739,36.53199,-98.1513,America/Chicago,CST,-6,,,,,,,,,,,
Oklahoma,OK,Goodland,,,,,,,,,33.98177,-95.5552,America/Chicago,CST,-6,,,,,,,,,,,
Oklahoma,OK,Goodwell,,,,,,,,73939,36.59467,-101.63,America/Chicago,CST,-6,,,,,,,,,,,
Oklahoma,OK,Gore,,,,,,,,74435,35.53258,-95.1099,America/Chicago,CST,-6,,,,,,,,,,,
Oklahoma,OK,Gotebo,,,,,,,,73041,35.06952,-98.8759,America/Chicago,CST,-6,,,,,,,,,,,
Oklahoma,OK,Gould,,,,,,,,73544,34.76863,-99.8333,America/Chicago,CST,-6,,,,,,,,,,,
Oklahoma,OK,Gowen,,,,,,,,74545,34.86946,-95.2211,America/Chicago,CST,-6,,,,,,,,,,,
Oklahoma,OK,Gracemont,,,,,,,,73042,35.18839,-98.2606,America/Chicago,CST,-6,,,,,,,,,,,
Oklahoma,OK,Grady,,,,,,,,,34.02038,-97.6656,America/Chicago,CST,-6,,,,,,,,,,,
Oklahoma,OK,Graham,,,,,,,,73437,34.34064,-97.4345,America/Chicago,CST,-6,,,,,,,,,,,
Oklahoma,OK,Grainola,,,,,,,,,36.93726,-96.6506,America/Chicago,CST,-6,,,,,,,,,,,
Oklahoma,OK,Grandfield,,,,,,,,73546,34.22842,-98.6845,America/Chicago,CST,-6,,,,,,,,,,,
Oklahoma,OK,Granite,,,,,,,,73547,34.95088,-99.3941,America/Chicago,CST,-6,,,,,,,,,,,
Oklahoma,OK,Grant,,,,,,,,74738,33.94316,-95.5136,America/Chicago,CST,-6,,,,,,,,,,,
Oklahoma,OK,Gray,,,,,,,,,36.55836,-100.824,America/Chicago,CST,-6,,,,,,,,,,,
Oklahoma,OK,Grayson,,,,,,,,,35.50316,-95.8728,America/Chicago,CST,-6,,,,,,,,,,,
Oklahoma,OK,Great Salt Plains Lake,,,,,,,,,34.32925,-97.6811,America/Chicago,CST,-6,,,,,,,,,,,
Oklahoma,OK,Greenfield,,,,,,,,73043,35.72866,-98.3779,America/Chicago,CST,-6,,,,,,,,,,,
Oklahoma,OK,Griggs,,,,,,,,,0,0,,,,,,,,,,,,,,
Oklahoma,OK,Grove,,,,,,,,74344###74345,36.59548,-94.7407,America/Chicago,CST,-6,,,,,,,,,,,
Oklahoma,OK,Guthrie,,,,,,,,73044,35.87713,-97.4563,America/Chicago,CST,-6,,,,,,,,,,,
Oklahoma,OK,Guymon,,,,,,,,73942,36.72971,-101.426,America/Chicago,CST,-6,,,,,,,,,,,
Oklahoma,OK,Haileyville,,,,,,,,74546,34.84996,-95.5777,America/Chicago,CST,-6,,,,,,,,,,,
Oklahoma,OK,Hallett,,,,,,,,74034,36.23396,-96.5675,America/Chicago,CST,-6,,,,,,,,,,,
Oklahoma,OK,Hammon,,,,,,,,73650,35.63029,-99.3819,America/Chicago,CST,-6,,,,,,,,,,,
Oklahoma,OK,Hanna,,,,,,,,74845,35.2051,-95.8903,America/Chicago,CST,-6,,,,,,,,,,,
Oklahoma,OK,Hardesty,,,,,,,,73944,36.61537,-101.198,America/Chicago,CST,-6,,,,,,,,,,,
Oklahoma,OK,Hardy,,,,,,,,,34.81064,-96.652,America/Chicago,CST,-6,,,,,,,,,,,
Oklahoma,OK,Harjo,,,,,,,,,35.49161,-97.5628,America/Chicago,CST,-6,,,,,,,,,,,
Oklahoma,OK,Harmon,,,,,,,,,36.14477,-99.5604,America/Chicago,CST,-6,,,,,,,,,,,
Oklahoma,OK,Harrah,,,,,,,,73045,35.48951,-97.1636,America/Chicago,CST,-6,,,,,,,,,,,
Oklahoma,OK,Harris,,,,,,,,,33.75039,-94.7291,America/Chicago,CST,-6,,,,,,,,,,,
Oklahoma,OK,Hartshorne,,,,,,,,74547,34.8451,-95.5575,America/Chicago,CST,-6,,,,,,,,,,,
Oklahoma,OK,Haskell,,,,,,,,74436,35.81355,-95.682,America/Chicago,CST,-6,,,,,,,,,,,
Oklahoma,OK,Hastings,,,,,,,,73548,34.22676,-98.11,America/Chicago,CST,-6,,,,,,,,,,,
Oklahoma,OK,Haworth,,,,,,,,74740,33.8465,-94.6527,America/Chicago,CST,-6,,,,,,,,,,,
Oklahoma,OK,Hayward,,,,,,,,,36.27782,-97.5125,America/Chicago,CST,-6,,,,,,,,,,,
Oklahoma,OK,Haywood,,,,,,,,,34.88732,-95.9483,America/Chicago,CST,-6,,,,,,,,,,,
Oklahoma,OK,Headrick,,,,,,,,73549,34.62651,-99.139,America/Chicago,CST,-6,,,,,,,,,,,
Oklahoma,OK,Healdton,,,,,,,,73438,34.23315,-97.4878,America/Chicago,CST,-6,,,,,,,,,,,
Oklahoma,OK,Heavener,,,,,,,,74937,34.87121,-94.603,America/Chicago,CST,-6,,,,,,,,,,,
Oklahoma,OK,Hectorville,,,,,,,,,35.49161,-97.5628,America/Chicago,CST,-6,,,,,,,,,,,
Oklahoma,OK,Helena,,,,,,,,73741,36.54664,-98.2711,America/Chicago,CST,-6,,,,,,,,,,,
Oklahoma,OK,Hendrix,,,,,,,,74741,35.49161,-97.5628,America/Chicago,CST,-6,,,,,,,,,,,
Oklahoma,OK,Hennepin,,,,,,,,73444,34.4751,-97.3614,America/Chicago,CST,-6,,,,,,,,,,,
Oklahoma,OK,Hennessey,,,,,,,,73742,36.1092,-97.8987,America/Chicago,CST,-6,,,,,,,,,,,
Oklahoma,OK,Henryetta,,,,,,,,74437,35.46216,-96.0122,America/Chicago,CST,-6,,,,,,,,,,,
Oklahoma,OK,Hess,,,,,,,,,34.4648,-99.2723,America/Chicago,CST,-6,,,,,,,,,,,
Oklahoma,OK,Hester,,,,,,,,,0,0,,,,,,,,,,,,,,
Oklahoma,OK,Hickory,,,,,,,,,36.81085,-101.216,America/Chicago,CST,-6,,,,,,,,,,,
Oklahoma,OK,Higgins,,,,,,,,,34.81149,-95.4336,America/Chicago,CST,-6,,,,,,,,,,,
Oklahoma,OK,Hillsdale,,,,,,,,73743,36.56309,-97.9915,America/Chicago,CST,-6,,,,,,,,,,,
Oklahoma,OK,Hinton,,,,,,,,73047,35.47323,-98.3637,America/Chicago,CST,-6,,,,,,,,,,,
Oklahoma,OK,Hitchcock,,,,,,,,73744,35.97001,-98.3505,America/Chicago,CST,-6,,,,,,,,,,,
Oklahoma,OK,Hitchita,,,,,,,,74438,35.51982,-95.7514,America/Chicago,CST,-6,,,,,,,,,,,
Oklahoma,OK,Hobart,,,,,,,,73651,35.01269,-99.1365,America/Chicago,CST,-6,,,,,,,,,,,
Oklahoma,OK,Hochatown,,,,,,,,,0,0,,,,,,,,,,,,,,
Oklahoma,OK,Hodgen,,,,,,,,74939,34.84995,-94.6424,America/Chicago,CST,-6,,,,,,,,,,,
Oklahoma,OK,Hoffman,,,,,,,,,35.48927,-95.8428,America/Chicago,CST,-6,,,,,,,,,,,
Oklahoma,OK,Holdenville,,,,,,,,74848,35.0875,-96.3873,America/Chicago,CST,-6,,,,,,,,,,,
Oklahoma,OK,Hollis,,,,,,,,73550,34.69403,-99.9124,America/Chicago,CST,-6,,,,,,,,,,,
Oklahoma,OK,Hollister,,,,,,,,73551,34.34231,-98.8709,America/Chicago,CST,-6,,,,,,,,,,,
Oklahoma,OK,Hollow,,,,,,,,,35.09454,-94.4694,America/Chicago,CST,-6,,,,,,,,,,,
Oklahoma,OK,Homestead,,,,,,,,,0,0,,,,,,,,,,,,,,
Oklahoma,OK,Hominy,,,,,,,,74035,36.36373,-96.2366,America/Chicago,CST,-6,,,,,,,,,,,
Oklahoma,OK,Honobia,,,,,,,,74549,34.56247,-94.8941,America/Chicago,CST,-6,,,,,,,,,,,
Oklahoma,OK,Hooker,,,,,,,,73945,36.81085,-101.216,America/Chicago,CST,-6,,,,,,,,,,,
Oklahoma,OK,Hopeton,,,,,,,,73746,36.68809,-98.6659,America/Chicago,CST,-6,,,,,,,,,,,
Oklahoma,OK,Horntown,,,,,,,,,35.08703,-96.2478,America/Chicago,CST,-6,,,,,,,,,,,
Oklahoma,OK,Hough,,,,,,,,,35.49161,-97.5628,America/Chicago,CST,-6,,,,,,,,,,,
Oklahoma,OK,Howe,,,,,,,,74940,34.94643,-94.6374,America/Chicago,CST,-6,,,,,,,,,,,
Oklahoma,OK,Hucmac,,,,,,,,,35.49161,-97.5628,America/Chicago,CST,-6,,,,,,,,,,,
Oklahoma,OK,Hugo,,,,,,,,74743,34.01889,-95.5145,America/Chicago,CST,-6,,,,,,,,,,,
Oklahoma,OK,Hulah,,,,,,,,,35.09454,-94.4694,America/Chicago,CST,-6,,,,,,,,,,,
Oklahoma,OK,Hulbert,,,,,,,,74441,35.94161,-95.1981,America/Chicago,CST,-6,,,,,,,,,,,
Oklahoma,OK,Hulen,,,,,,,,,36.54664,-98.2711,America/Chicago,CST,-6,,,,,,,,,,,
Oklahoma,OK,Humphreys,,,,,,,,,34.55591,-99.2373,America/Chicago,CST,-6,,,,,,,,,,,
Oklahoma,OK,Hunter,,,,,,,,74640,36.56372,-97.6625,America/Chicago,CST,-6,,,,,,,,,,,
Oklahoma,OK,Huskey,,,,,,,,,35.49161,-97.5628,America/Chicago,CST,-6,,,,,,,,,,,
Oklahoma,OK,Hydro,,,,,,,,73048,35.5495,-98.5781,America/Chicago,CST,-6,,,,,,,,,,,
Oklahoma,OK,Idabel,,,,,,,,74745,33.89566,-94.8263,America/Chicago,CST,-6,,,,,,,,,,,
Oklahoma,OK,Indiahoma,,,,,,,,73552,34.61897,-98.7524,America/Chicago,CST,-6,,,,,,,,,,,
Oklahoma,OK,Indianola,,,,,,,,74442,35.16288,-95.7747,America/Chicago,CST,-6,,,,,,,,,,,
Oklahoma,OK,Ingalls,,,,,,,,,0,0,,,,,,,,,,,,,,
Oklahoma,OK,Ingersoll,,,,,,,,,36.79642,-98.3948,America/Chicago,CST,-6,,,,,,,,,,,
Oklahoma,OK,Inola,,,,,,,,74036,36.16953,-95.5211,America/Chicago,CST,-6,,,,,,,,,,,
Oklahoma,OK,Isabella,,,,,,,,73747,36.23559,-98.3401,America/Chicago,CST,-6,,,,,,,,,,,
Oklahoma,OK,Jamesville,,,,,,,,,0,0,,,,,,,,,,,,,,
Oklahoma,OK,Jay,,,,,,,,74346,36.48204,-94.8027,America/Chicago,CST,-6,,,,,,,,,,,
Oklahoma,OK,Jefferson,,,,,,,,,36.72059,-97.7906,America/Chicago,CST,-6,,,,,,,,,,,
Oklahoma,OK,Jenks,,,,,,,,74037,36.00657,-95.981,America/Chicago,CST,-6,,,,,,,,,,,
Oklahoma,OK,Jennings,,,,,,,,74038,36.18097,-96.5702,America/Chicago,CST,-6,,,,,,,,,,,
Oklahoma,OK,Jesse,,,,,,,,,34.58204,-96.5297,America/Chicago,CST,-6,,,,,,,,,,,
Oklahoma,OK,Jet,,,,,,,,73749,36.66649,-98.1812,America/Chicago,CST,-6,,,,,,,,,,,
Oklahoma,OK,Johnson,,,,,,,,,35.31513,-96.9697,America/Chicago,CST,-6,,,,,,,,,,,
Oklahoma,OK,Jones,,,,,,,,73049,35.57862,-97.2764,America/Chicago,CST,-6,,,,,,,,,,,
Oklahoma,OK,Kanima,,,,,,,,,0,0,,,,,,,,,,,,,,
Oklahoma,OK,Kansas,,,,,,,,74347,36.20509,-94.7977,America/Chicago,CST,-6,,,,,,,,,,,
Oklahoma,OK,Kaw City,,,,,,,,74641,36.83824,-96.8833,America/Chicago,CST,-6,,,,,,,,,,,
Oklahoma,OK,Kaw Lake,,,,,,,,,34.32925,-97.6811,America/Chicago,CST,-6,,,,,,,,,,,
Oklahoma,OK,Keefeton,,,,,,,,,35.72308,-95.4677,America/Chicago,CST,-6,,,,,,,,,,,
Oklahoma,OK,Kellond,,,,,,,,,34.26371,-95.6402,America/Chicago,CST,-6,,,,,,,,,,,
Oklahoma,OK,Kellyville,,,,,,,,74039,35.9083,-96.2408,America/Chicago,CST,-6,,,,,,,,,,,
Oklahoma,OK,Kemp,,,,,,,,74747,33.76955,-96.3542,America/Chicago,CST,-6,,,,,,,,,,,
Oklahoma,OK,Kendrick,,,,,,,,,0,0,,,,,,,,,,,,,,
Oklahoma,OK,Kenefic,,,,,,,,74748,34.14815,-96.3622,America/Chicago,CST,-6,,,,,,,,,,,
Oklahoma,OK,Kent,,,,,,,,,35.41888,-99.2803,America/Chicago,CST,-6,,,,,,,,,,,
Oklahoma,OK,Kenton,,,,,,,,73946,36.90314,-102.965,America/Chicago,CST,-6,,,,,,,,,,,
Oklahoma,OK,Keota,,,,,,,,74941,35.25565,-94.9216,America/Chicago,CST,-6,,,,,,,,,,,
Oklahoma,OK,Ketchum,,,,,,,,74349,36.52453,-95.0239,America/Chicago,CST,-6,,,,,,,,,,,
Oklahoma,OK,Keyes,,,,,,,,73947,36.8079,-102.251,America/Chicago,CST,-6,,,,,,,,,,,
Oklahoma,OK,Keystone Lake,,,,,,,,,34.32925,-97.6811,America/Chicago,CST,-6,,,,,,,,,,,
Oklahoma,OK,Kiamichi,,,,,,,,,35.49161,-97.5628,America/Chicago,CST,-6,,,,,,,,,,,
Oklahoma,OK,Kiefer,,,,,,,,74041,35.94825,-96.0717,America/Chicago,CST,-6,,,,,,,,,,,
Oklahoma,OK,Kildare,,,,,,,,,36.53199,-98.1513,America/Chicago,CST,-6,,,,,,,,,,,
Oklahoma,OK,Kingfisher,,,,,,,,73750,35.89751,-97.9256,America/Chicago,CST,-6,,,,,,,,,,,
Oklahoma,OK,Kingston,,,,,,,,73439,33.97452,-96.6982,America/Chicago,CST,-6,,,,,,,,,,,
Oklahoma,OK,Kinta,,,,,,,,74552,35.11926,-95.2378,America/Chicago,CST,-6,,,,,,,,,,,
Oklahoma,OK,Kiowa,,,,,,,,74553,34.72358,-95.9068,America/Chicago,CST,-6,,,,,,,,,,,
Oklahoma,OK,Knowles,,,,,,,,,36.75078,-100.478,America/Chicago,CST,-6,,,,,,,,,,,
Oklahoma,OK,Konawa,,,,,,,,74849,34.95748,-96.7502,America/Chicago,CST,-6,,,,,,,,,,,
Oklahoma,OK,Kosoma,,,,,,,,,35.49161,-97.5628,America/Chicago,CST,-6,,,,,,,,,,,
Oklahoma,OK,Krebs,,,,,,,,74554,34.92787,-95.7158,America/Chicago,CST,-6,,,,,,,,,,,
Oklahoma,OK,Kremlin,,,,,,,,73753,36.52852,-97.8498,America/Chicago,CST,-6,,,,,,,,,,,
Oklahoma,OK,Lacey,,,,,,,,,36.11615,-98.0862,America/Chicago,CST,-6,,,,,,,,,,,
Oklahoma,OK,Lahoma,,,,,,,,73754,36.38899,-98.0911,America/Chicago,CST,-6,,,,,,,,,,,
Oklahoma,OK,Lake Aluma,,,,,,,,,35.537,-97.4411,America/Chicago,CST,-6,,,,,,,,,,,
Oklahoma,OK,Lake Carl Blackwell,,,,,,,,,36.80448,-97.2828,America/Chicago,CST,-6,,,,,,,,,,,
Oklahoma,OK,Lake Chickasha,,,,,,,,,35.25906,-97.6777,America/Chicago,CST,-6,,,,,,,,,,,
Oklahoma,OK,Lake Ellsworth,,,,,,,,,0,0,,,,,,,,,,,,,,
Oklahoma,OK,Lake Lawtonka,,,,,,,,,34.32925,-97.6811,America/Chicago,CST,-6,,,,,,,,,,,
Oklahoma,OK,Lake Mcmurtry,,,,,,,,,34.32925,-97.6811,America/Chicago,CST,-6,,,,,,,,,,,
Oklahoma,OK,Lake Murray,,,,,,,,,0,0,,,,,,,,,,,,,,
Oklahoma,OK,Lake Of The Arbuckles,,,,,,,,,0,0,,,,,,,,,,,,,,
Oklahoma,OK,Lake Texoma,,,,,,,,,34.32925,-97.6811,America/Chicago,CST,-6,,,,,,,,,,,
Oklahoma,OK,Lake Thunderbird,,,,,,,,,34.32925,-97.6811,America/Chicago,CST,-6,,,,,,,,,,,
Oklahoma,OK,Lamar,,,,,,,,74850,35.09954,-96.1275,America/Chicago,CST,-6,,,,,,,,,,,
Oklahoma,OK,Lambert,,,,,,,,,36.68309,-98.4231,America/Chicago,CST,-6,,,,,,,,,,,
Oklahoma,OK,Lamont,,,,,,,,74643,36.69045,-97.5578,America/Chicago,CST,-6,,,,,,,,,,,
Oklahoma,OK,Lane,,,,,,,,74555,34.24771,-95.9358,America/Chicago,CST,-6,,,,,,,,,,,
Oklahoma,OK,Langley,,,,,,,,74350,36.46449,-95.0478,America/Chicago,CST,-6,,,,,,,,,,,
Oklahoma,OK,Langston,,,,,,,,73050,35.94192,-97.2557,America/Chicago,CST,-6,,,,,,,,,,,
Oklahoma,OK,Laverne,,,,,,,,73848,36.76479,-99.7658,America/Chicago,CST,-6,,,,,,,,,,,
Oklahoma,OK,Laverty,,,,,,,,,0,0,,,,,,,,,,,,,,
Oklahoma,OK,Lawton,,,,,,,,73501###73502###73506###73505###73507,34.55795,-98.291,America/Chicago,CST,-6,,,,,,,,,,,
Oklahoma,OK,Leach,,,,,,,,,0,0,,,,,,,,,,,,,,
Oklahoma,OK,Lebanon,,,,,,,,73440,33.98232,-96.9078,America/Chicago,CST,-6,,,,,,,,,,,
Oklahoma,OK,Leedey,,,,,,,,73654,35.86828,-99.3444,America/Chicago,CST,-6,,,,,,,,,,,
Oklahoma,OK,Lehigh,,,,,,,,74556,34.46926,-96.2164,America/Chicago,CST,-6,,,,,,,,,,,
Oklahoma,OK,Lenapah,,,,,,,,74042,36.85064,-95.6361,America/Chicago,CST,-6,,,,,,,,,,,
Oklahoma,OK,Leon,,,,,,,,73441,33.87927,-97.4292,America/Chicago,CST,-6,,,,,,,,,,,
Oklahoma,OK,Leonard,,,,,,,,74043,35.91828,-95.7988,America/Chicago,CST,-6,,,,,,,,,,,
Oklahoma,OK,Lequire,,,,,,,,74943,35.10454,-95.1075,America/Chicago,CST,-6,,,,,,,,,,,
Oklahoma,OK,Lewisville,,,,,,,,,35.1201,-95.2769,America/Chicago,CST,-6,,,,,,,,,,,
Oklahoma,OK,Lexington,,,,,,,,73051,35.05799,-97.27,America/Chicago,CST,-6,,,,,,,,,,,
Oklahoma,OK,Liberty,,,,,,,,,35.85871,-95.9775,America/Chicago,CST,-6,,,,,,,,,,,
Oklahoma,OK,Lima,,,,,,,,,35.17397,-96.5997,America/Chicago,CST,-6,,,,,,,,,,,
Oklahoma,OK,Lindsay,,,,,,,,73052,34.83648,-97.5167,America/Chicago,CST,-6,,,,,,,,,,,
Oklahoma,OK,Little,,,,,,,,,0,0,,,,,,,,,,,,,,
Oklahoma,OK,Little City,,,,,,,,,34.08621,-96.6161,America/Chicago,CST,-6,,,,,,,,,,,
Oklahoma,OK,Loco,,,,,,,,73442,34.32925,-97.6811,America/Chicago,CST,-6,,,,,,,,,,,
Oklahoma,OK,Locust Grove,,,,,,,,74352,36.19801,-95.1674,America/Chicago,CST,-6,,,,,,,,,,,
Oklahoma,OK,Lone Grove,,,,,,,,73443,34.14133,-97.322,America/Chicago,CST,-6,,,,,,,,,,,
Oklahoma,OK,Lone Wolf,,,,,,,,73655,34.98969,-99.2454,America/Chicago,CST,-6,,,,,,,,,,,
Oklahoma,OK,Longdale,,,,,,,,73755,36.13374,-98.5513,America/Chicago,CST,-6,,,,,,,,,,,
Oklahoma,OK,Lookeba,,,,,,,,73053,35.36283,-98.367,America/Chicago,CST,-6,,,,,,,,,,,
Oklahoma,OK,Lost City,,,,,,,,,0,0,,,,,,,,,,,,,,
Oklahoma,OK,Loveland,,,,,,,,73553,34.32664,-98.7221,America/Chicago,CST,-6,,,,,,,,,,,
Oklahoma,OK,Lovell,,,,,,,,,36.05699,-97.6353,America/Chicago,CST,-6,,,,,,,,,,,
Oklahoma,OK,Loyal,,,,,,,,73756,35.97115,-98.1209,America/Chicago,CST,-6,,,,,,,,,,,
Oklahoma,OK,Lucien,,,,,,,,73757,36.27284,-97.455,America/Chicago,CST,-6,,,,,,,,,,,
Oklahoma,OK,Luther,,,,,,,,73054,35.63209,-97.2122,America/Chicago,CST,-6,,,,,,,,,,,
Oklahoma,OK,Macomb,,,,,,,,74852,35.11644,-97.0114,America/Chicago,CST,-6,,,,,,,,,,,
Oklahoma,OK,Madge,,,,,,,,,0,0,,,,,,,,,,,,,,
Oklahoma,OK,Madill,,,,,,,,73446,34.09038,-96.7717,America/Chicago,CST,-6,,,,,,,,,,,
Oklahoma,OK,Manchester,,,,,,,,73758,36.99391,-98.0376,America/Chicago,CST,-6,,,,,,,,,,,
Oklahoma,OK,Mangum,,,,,,,,73554,34.91259,-99.4606,America/Chicago,CST,-6,,,,,,,,,,,
Oklahoma,OK,Manitou,,,,,,,,73555,34.50746,-98.9792,America/Chicago,CST,-6,,,,,,,,,,,
Oklahoma,OK,Mannford,,,,,,,,74044,36.07926,-96.3784,America/Chicago,CST,-6,,,,,,,,,,,
Oklahoma,OK,Mannsville,,,,,,,,73447,34.18342,-96.8787,America/Chicago,CST,-6,,,,,,,,,,,
Oklahoma,OK,Maramec,,,,,,,,74045,36.24201,-96.6803,America/Chicago,CST,-6,,,,,,,,,,,
Oklahoma,OK,Marble City,,,,,,,,74945,35.58037,-94.8211,America/Chicago,CST,-6,,,,,,,,,,,
Oklahoma,OK,Marietta,,,,,,,,73448,33.93527,-97.1119,America/Chicago,CST,-6,,,,,,,,,,,
Oklahoma,OK,Marland,,,,,,,,74644,36.54324,-97.124,America/Chicago,CST,-6,,,,,,,,,,,
Oklahoma,OK,Marlow,,,,,,,,,34.64054,-97.9089,America/Chicago,CST,-6,,,,,,,,,,,
Oklahoma,OK,Marshall,,,,,,,,73056,36.15416,-97.6261,America/Chicago,CST,-6,,,,,,,,,,,
Oklahoma,OK,Martha,,,,,,,,73556,34.72534,-99.387,America/Chicago,CST,-6,,,,,,,,,,,
Oklahoma,OK,Mason,,,,,,,,,35.56619,-96.3522,America/Chicago,CST,-6,,,,,,,,,,,
Oklahoma,OK,Maud,,,,,,,,74854,35.13036,-96.7759,America/Chicago,CST,-6,,,,,,,,,,,
Oklahoma,OK,May,,,,,,,,73851,36.61698,-99.7473,America/Chicago,CST,-6,,,,,,,,,,,
Oklahoma,OK,Maysville,,,,,,,,73057,34.81627,-97.4053,America/Chicago,CST,-6,,,,,,,,,,,
Oklahoma,OK,Mazie,,,,,,,,,36.2925,-95.2228,America/Chicago,CST,-6,,,,,,,,,,,
Oklahoma,OK,Mc Curtain,,,,,,,,,35.15159,-94.9663,America/Chicago,CST,-6,,,,,,,,,,,
Oklahoma,OK,Mc Key,,,,,,,,,33.95344,-95.6214,America/Chicago,CST,-6,,,,,,,,,,,
Oklahoma,OK,McAlester,,,,,,,,74501###74502,34.98577,-95.7908,America/Chicago,CST,-6,,,,,,,,,,,
Oklahoma,OK,Mcbride,,,,,,,,,35.97685,-95.145,America/Chicago,CST,-6,,,,,,,,,,,
Oklahoma,OK,Mccurtain,,,,,,,,74944,35.15159,-94.9663,America/Chicago,CST,-6,,,,,,,,,,,
Oklahoma,OK,Mcgee Creek Lake,,,,,,,,,34.32925,-97.6811,America/Chicago,CST,-6,,,,,,,,,,,
Oklahoma,OK,Mcknight,,,,,,,,,34.76617,-99.9123,America/Chicago,CST,-6,,,,,,,,,,,
Oklahoma,OK,Mcloud,,,,,,,,74851,35.4359,-97.0914,America/Chicago,CST,-6,,,,,,,,,,,
Oklahoma,OK,Mcqueen,,,,,,,,,0,0,,,,,,,,,,,,,,
Oklahoma,OK,Mead,,,,,,,,73449,33.99954,-96.5092,America/Chicago,CST,-6,,,,,,,,,,,
Oklahoma,OK,Medford,,,,,,,,73759,36.7394,-97.8899,America/Chicago,CST,-6,,,,,,,,,,,
Oklahoma,OK,Medicine Park,,,,,,,,73557,34.72924,-98.5026,America/Chicago,CST,-6,,,,,,,,,,,
Oklahoma,OK,Meeker,,,,,,,,74855,35.48611,-96.9076,America/Chicago,CST,-6,,,,,,,,,,,
Oklahoma,OK,Meers,,,,,,,,73558,34.63088,-98.4576,America/Chicago,CST,-6,,,,,,,,,,,
Oklahoma,OK,Meno,,,,,,,,73760,36.38614,-98.1778,America/Chicago,CST,-6,,,,,,,,,,,
Oklahoma,OK,Meridian,,,,,,,,73058,35.77555,-97.2266,America/Chicago,CST,-6,,,,,,,,,,,
Oklahoma,OK,Messer,,,,,,,,,34.08733,-95.4694,America/Chicago,CST,-6,,,,,,,,,,,
Oklahoma,OK,Miami,,,,,,,,74354###74355,36.8424,-94.8545,America/Chicago,CST,-6,,,,,,,,,,,
Oklahoma,OK,Middleberg,,,,,,,,,35.10618,-97.735,America/Chicago,CST,-6,,,,,,,,,,,
Oklahoma,OK,Midwest City,,,,,,,,,0,0,,,,,,,,,,,,,,
Oklahoma,OK,Milburn,,,,,,,,73450,34.24093,-96.5492,America/Chicago,CST,-6,,,,,,,,,,,
Oklahoma,OK,Milfay,,,,,,,,74046,35.75507,-96.5659,America/Chicago,CST,-6,,,,,,,,,,,
Oklahoma,OK,Mill Creek,,,,,,,,74856,34.40426,-96.8264,America/Chicago,CST,-6,,,,,,,,,,,
Oklahoma,OK,Millerton,,,,,,,,74750,33.98007,-95.0025,America/Chicago,CST,-6,,,,,,,,,,,
Oklahoma,OK,Milo,,,,,,,,,34.33259,-97.3395,America/Chicago,CST,-6,,,,,,,,,,,
Oklahoma,OK,Milton,,,,,,,,,35.13937,-94.9899,America/Chicago,CST,-6,,,,,,,,,,,
Oklahoma,OK,Minco,,,,,,,,73059,35.31278,-97.9504,America/Chicago,CST,-6,,,,,,,,,,,
Oklahoma,OK,Mocane,,,,,,,,,36.93237,-100.579,America/Chicago,CST,-6,,,,,,,,,,,
Oklahoma,OK,Moffett,,,,,,,,74946,35.38979,-94.4462,America/Chicago,CST,-6,,,,,,,,,,,
Oklahoma,OK,Moore,,,,,,,,,0,0,,,,,,,,,,,,,,
Oklahoma,OK,Mooreland,,,,,,,,73852,36.4604,-99.2026,America/Chicago,CST,-6,,,,,,,,,,,
Oklahoma,OK,Moorewood,,,,,,,,,35.64595,-99.4029,America/Chicago,CST,-6,,,,,,,,,,,
Oklahoma,OK,Morris,,,,,,,,74445,35.62429,-95.8416,America/Chicago,CST,-6,,,,,,,,,,,
Oklahoma,OK,Morrison,,,,,,,,73061,36.28804,-97.0298,America/Chicago,CST,-6,,,,,,,,,,,
Oklahoma,OK,Mounds,,,,,,,,74047,35.88959,-96.0887,America/Chicago,CST,-6,,,,,,,,,,,
Oklahoma,OK,Mountain Park,,,,,,,,73559,34.69694,-98.9489,America/Chicago,CST,-6,,,,,,,,,,,
Oklahoma,OK,Mountain View,,,,,,,,73062,35.08723,-98.8068,America/Chicago,CST,-6,,,,,,,,,,,
Oklahoma,OK,Moyers,,,,,,,,74557,34.32621,-95.6536,America/Chicago,CST,-6,,,,,,,,,,,
Oklahoma,OK,Muldrow,,,,,,,,74948,35.47013,-94.5397,America/Chicago,CST,-6,,,,,,,,,,,
Oklahoma,OK,Mulhall,,,,,,,,73063,36.06288,-97.4046,America/Chicago,CST,-6,,,,,,,,,,,
Oklahoma,OK,Murphy,,,,,,,,,36.14704,-95.2447,America/Chicago,CST,-6,,,,,,,,,,,
Oklahoma,OK,Muse,,,,,,,,74949,34.66081,-94.7538,America/Chicago,CST,-6,,,,,,,,,,,
Oklahoma,OK,Muskogee,,,,,,,,74402###74401###74403,35.70582,-95.5003,America/Chicago,CST,-6,,,,,,,,,,,
Oklahoma,OK,Mustang,,,,,,,,73064,35.39038,-97.7599,America/Chicago,CST,-6,,,,,,,,,,,
Oklahoma,OK,Mutual,,,,,,,,73853,36.23143,-99.1682,America/Chicago,CST,-6,,,,,,,,,,,
Oklahoma,OK,Narcissa,,,,,,,,,36.80118,-94.9269,America/Chicago,CST,-6,,,,,,,,,,,
Oklahoma,OK,Nardin,,,,,,,,74646,36.81819,-97.4301,America/Chicago,CST,-6,,,,,,,,,,,
Oklahoma,OK,Nash,,,,,,,,73761,36.66488,-98.0517,America/Chicago,CST,-6,,,,,,,,,,,
Oklahoma,OK,Nashoba,,,,,,,,74558,34.48205,-95.2152,America/Chicago,CST,-6,,,,,,,,,,,
Oklahoma,OK,Navina,,,,,,,,,35.79894,-97.5603,America/Chicago,CST,-6,,,,,,,,,,,
Oklahoma,OK,Nelagoney,,,,,,,,,36.62646,-96.2422,America/Chicago,CST,-6,,,,,,,,,,,
Oklahoma,OK,New Alluwe,,,,,,,,,36.61007,-95.4887,America/Chicago,CST,-6,,,,,,,,,,,
Oklahoma,OK,Newcastle,,,,,,,,73065,35.21969,-97.5743,America/Chicago,CST,-6,,,,,,,,,,,
Oklahoma,OK,Newkirk,,,,,,,,74647,36.84001,-97.0561,America/Chicago,CST,-6,,,,,,,,,,,
Oklahoma,OK,Nichols Hills,,,,,,,,,34.69403,-99.9124,America/Chicago,CST,-6,,,,,,,,,,,
Oklahoma,OK,Nicoma Park,,,,,,,,73066,35.50022,-97.3275,America/Chicago,CST,-6,,,,,,,,,,,
Oklahoma,OK,Nida,,,,,,,,,34.15103,-96.3989,America/Chicago,CST,-6,,,,,,,,,,,
Oklahoma,OK,Ninnekah,,,,,,,,73067,34.93291,-97.9392,America/Chicago,CST,-6,,,,,,,,,,,
Oklahoma,OK,Noble,,,,,,,,73068,35.15231,-97.2762,America/Chicago,CST,-6,,,,,,,,,,,
Oklahoma,OK,Norge,,,,,,,,,34.9884,-97.997,America/Chicago,CST,-6,,,,,,,,,,,
Oklahoma,OK,Norman,,,,,,,,73069###73070###73072###73019###73071###73026,35.20857,-97.4445,America/Chicago,CST,-6,,,,,,,,,,,
Oklahoma,OK,North Cleveland,,,,,,,,,36.26377,-96.4433,America/Chicago,CST,-6,,,,,,,,,,,
Oklahoma,OK,North Enid,,,,,,,,,36.43559,-97.8689,America/Chicago,CST,-6,,,,,,,,,,,
Oklahoma,OK,North Marshall,,,,,,,,,36.15416,-97.6261,America/Chicago,CST,-6,,,,,,,,,,,
Oklahoma,OK,North Tulsa,,,,,,,,,36.03915,-95.8687,America/Chicago,CST,-6,,,,,,,,,,,
Oklahoma,OK,Nowata,,,,,,,,74048,36.69908,-95.6316,America/Chicago,CST,-6,,,,,,,,,,,
Oklahoma,OK,Oakland,,,,,,,,,34.1001,-96.7939,America/Chicago,CST,-6,,,,,,,,,,,
Oklahoma,OK,Oaks,,,,,,,,74359,36.1662,-94.8547,America/Chicago,CST,-6,,,,,,,,,,,
Oklahoma,OK,Oakwood,,,,,,,,73658,35.93284,-98.7065,America/Chicago,CST,-6,,,,,,,,,,,
Oklahoma,OK,Ochelata,,,,,,,,74051,36.62472,-95.9517,America/Chicago,CST,-6,,,,,,,,,,,
Oklahoma,OK,Octavia,,,,,,,,,0,0,,,,,,,,,,,,,,
Oklahoma,OK,Oilton,,,,,,,,74052,36.0685,-96.5958,America/Chicago,CST,-6,,,,,,,,,,,
Oklahoma,OK,Okarche,,,,,,,,73762,35.73202,-97.9775,America/Chicago,CST,-6,,,,,,,,,,,
Oklahoma,OK,Okay,,,,,,,,74446,35.85065,-95.3183,America/Chicago,CST,-6,,,,,,,,,,,
Oklahoma,OK,Okeene,,,,,,,,73763,36.12291,-98.4291,America/Chicago,CST,-6,,,,,,,,,,,
Oklahoma,OK,Okemah,,,,,,,,74859,35.46268,-96.4303,America/Chicago,CST,-6,,,,,,,,,,,
Oklahoma,OK,Okesa,,,,,,,,,36.71286,-96.1347,America/Chicago,CST,-6,,,,,,,,,,,
Oklahoma,OK,Okfuskee,,,,,,,,,35.59537,-96.2283,America/Chicago,CST,-6,,,,,,,,,,,
Oklahoma,OK,Oklahoma City,,,,,,,,73167###73165###73164###73162###73160###73157###73159###73156###73169###73170###73172###73195###73194###73189###73190###73185###73184###73163###73179###73178###73173###73130###73196###73132###73119###73139###73117###73140###73116###73115###73114###73113###73112###73111###73110###73109###73141###73120###73121###73135###73131###73136###73129###73137###73128###73127###73126###73125###73124###73134###73123###73122###73108###73107###73144###73145###73146###73147###73148###73149###73150###73151###73152###73153###73154###73155###73143###73142###73106###73105###73118###73101###73102###73104###73103,35.49161,-97.5628,America/Chicago,CST,-6,,,,,,,,,,,
Oklahoma,OK,Okmulgee,,,,,,,,74447,35.61251,-95.9669,America/Chicago,CST,-6,,,,,,,,,,,
Oklahoma,OK,Oktaha,,,,,,,,74450,35.60461,-95.4636,America/Chicago,CST,-6,,,,,,,,,,,
Oklahoma,OK,Oleta,,,,,,,,,34.19955,-95.3438,America/Chicago,CST,-6,,,,,,,,,,,
Oklahoma,OK,Olney,,,,,,,,,34.47259,-96.3611,America/Chicago,CST,-6,,,,,,,,,,,
Oklahoma,OK,Olustee,,,,,,,,73560,34.54794,-99.422,America/Chicago,CST,-6,,,,,,,,,,,
Oklahoma,OK,Omega,,,,,,,,73764,35.87032,-98.1978,America/Chicago,CST,-6,,,,,,,,,,,
Oklahoma,OK,Onapa,,,,,,,,,35.49161,-97.5628,America/Chicago,CST,-6,,,,,,,,,,,
Oklahoma,OK,Oneta,,,,,,,,,36.0514,-95.8058,America/Chicago,CST,-6,,,,,,,,,,,
Oklahoma,OK,Oolagah-Talala,,,,,,,,,36.49626,-95.702,America/Chicago,CST,-6,,,,,,,,,,,
Oklahoma,OK,Oologah,,,,,,,,74053,36.44824,-95.7047,America/Chicago,CST,-6,,,,,,,,,,,
Oklahoma,OK,Optima,,,,,,,,,36.75836,-101.356,America/Chicago,CST,-6,,,,,,,,,,,
Oklahoma,OK,Ord,,,,,,,,,0,0,,,,,,,,,,,,,,
Oklahoma,OK,Orienta,,,,,,,,,36.36004,-98.474,America/Chicago,CST,-6,,,,,,,,,,,
Oklahoma,OK,Orion,,,,,,,,,36.21671,-98.7787,America/Chicago,CST,-6,,,,,,,,,,,
Oklahoma,OK,Orlando,,,,,,,,73073,36.14893,-97.3781,America/Chicago,CST,-6,,,,,,,,,,,
Oklahoma,OK,Osage,,,,,,,,74054,36.26531,-96.3413,America/Chicago,CST,-6,,,,,,,,,,,
Oklahoma,OK,Oscar,,,,,,,,73561,34.06966,-97.838,America/Chicago,CST,-6,,,,,,,,,,,
Oklahoma,OK,Ottawa,,,,,,,,,36.85674,-94.7877,America/Chicago,CST,-6,,,,,,,,,,,
Oklahoma,OK,Overbrook,,,,,,,,73453,34.06732,-97.1411,America/Chicago,CST,-6,,,,,,,,,,,
Oklahoma,OK,Owasso,,,,,,,,74055,36.26954,-95.8547,America/Chicago,CST,-6,,,,,,,,,,,
Oklahoma,OK,Paden,,,,,,,,74860,35.4648,-96.5807,America/Chicago,CST,-6,,,,,,,,,,,
Oklahoma,OK,Panama,,,,,,,,74951,35.15349,-94.6709,America/Chicago,CST,-6,,,,,,,,,,,
Oklahoma,OK,Panola,,,,,,,,74559,34.86946,-95.2211,America/Chicago,CST,-6,,,,,,,,,,,
Oklahoma,OK,Paoli,,,,,,,,73074,34.82771,-97.2622,America/Chicago,CST,-6,,,,,,,,,,,
Oklahoma,OK,Parkland,,,,,,,,,35.84006,-96.8422,America/Chicago,CST,-6,,,,,,,,,,,
Oklahoma,OK,Pauls Valley,,,,,,,,73075,34.7597,-97.3088,America/Chicago,CST,-6,,,,,,,,,,,
Oklahoma,OK,Pawhuska,,,,,,,,74056,36.62013,-96.3244,America/Chicago,CST,-6,,,,,,,,,,,
Oklahoma,OK,Pawnee,,,,,,,,74058,36.30698,-96.7062,America/Chicago,CST,-6,,,,,,,,,,,
Oklahoma,OK,Payne,,,,,,,,,36.30698,-96.7062,America/Chicago,CST,-6,,,,,,,,,,,
Oklahoma,OK,Pearsonia,,,,,,,,,36.80172,-96.4508,America/Chicago,CST,-6,,,,,,,,,,,
Oklahoma,OK,Peckham,,,,,,,,,36.88698,-97.1759,America/Chicago,CST,-6,,,,,,,,,,,
Oklahoma,OK,Peggs,,,,,,,,74452,36.08093,-95.0994,America/Chicago,CST,-6,,,,,,,,,,,
Oklahoma,OK,Pensacola,,,,,,,,,36.45509,-95.1305,America/Chicago,CST,-6,,,,,,,,,,,
Oklahoma,OK,Peoria,,,,,,,,,36.91534,-94.6699,America/Chicago,CST,-6,,,,,,,,,,,
Oklahoma,OK,Perkins,,,,,,,,74059,35.97394,-97.0336,America/Chicago,CST,-6,,,,,,,,,,,
Oklahoma,OK,Pernell,,,,,,,,,34.68087,-97.3004,America/Chicago,CST,-6,,,,,,,,,,,
Oklahoma,OK,Perry,,,,,,,,73077,36.31871,-97.2856,America/Chicago,CST,-6,,,,,,,,,,,
Oklahoma,OK,Pershing,,,,,,,,,36.55721,-96.143,America/Chicago,CST,-6,,,,,,,,,,,
Oklahoma,OK,Petersburg,,,,,,,,,33.9551,-97.5697,America/Chicago,CST,-6,,,,,,,,,,,
Oklahoma,OK,Pharoah,,,,,,,,,35.42037,-96.1231,America/Chicago,CST,-6,,,,,,,,,,,
Oklahoma,OK,Phillips,,,,,,,,,34.50593,-96.2197,America/Chicago,CST,-6,,,,,,,,,,,
Oklahoma,OK,Picher,,,,,,,,74360,36.98701,-94.8308,America/Chicago,CST,-6,,,,,,,,,,,
Oklahoma,OK,Pickens,,,,,,,,74752,34.06167,-94.8089,America/Chicago,CST,-6,,,,,,,,,,,
Oklahoma,OK,Piedmont,,,,,,,,73078,35.65302,-97.7539,America/Chicago,CST,-6,,,,,,,,,,,
Oklahoma,OK,Pierce,,,,,,,,,35.43482,-95.7164,America/Chicago,CST,-6,,,,,,,,,,,
Oklahoma,OK,Pink,,,,,,,,,35.26063,-97.1197,America/Chicago,CST,-6,,,,,,,,,,,
Oklahoma,OK,Pittsburg,,,,,,,,74560,34.71315,-95.85,America/Chicago,CST,-6,,,,,,,,,,,
Oklahoma,OK,Pocasset,,,,,,,,73079,35.19367,-97.9526,America/Chicago,CST,-6,,,,,,,,,,,
Oklahoma,OK,Pocola,,,,,,,,74902,35.23121,-94.478,America/Chicago,CST,-6,,,,,,,,,,,
Oklahoma,OK,Ponca City,,,,,,,,74604###74602###74601,36.73687,-97.1891,America/Chicago,CST,-6,,,,,,,,,,,
Oklahoma,OK,Pond Creek,,,,,,,,73766,36.66199,-97.8418,America/Chicago,CST,-6,,,,,,,,,,,
Oklahoma,OK,Pontotoc,,,,,,,,,34.4887,-96.6258,America/Chicago,CST,-6,,,,,,,,,,,
Oklahoma,OK,Pooleville,,,,,,,,,34.20329,-97.1155,America/Chicago,CST,-6,,,,,,,,,,,
Oklahoma,OK,Porter,,,,,,,,74454,35.86881,-95.5221,America/Chicago,CST,-6,,,,,,,,,,,
Oklahoma,OK,Porum,,,,,,,,74455,35.35621,-95.2655,America/Chicago,CST,-6,,,,,,,,,,,
Oklahoma,OK,Poteau,,,,,,,,74953,35.05371,-94.6236,America/Chicago,CST,-6,,,,,,,,,,,
Oklahoma,OK,Prague,,,,,,,,74864,35.48674,-96.685,America/Chicago,CST,-6,,,,,,,,,,,
Oklahoma,OK,Preston,,,,,,,,74456,35.71149,-95.9917,America/Chicago,CST,-6,,,,,,,,,,,
Oklahoma,OK,Proctor,,,,,,,,74457,35.9662,-94.7775,America/Chicago,CST,-6,,,,,,,,,,,
Oklahoma,OK,Pryor,,,,,,,,74361###74362,36.30728,-95.2717,America/Chicago,CST,-6,,,,,,,,,,,
Oklahoma,OK,Pryor Creek,,,,,,,,,36.30002,-95.3101,America/Chicago,CST,-6,,,,,,,,,,,
Oklahoma,OK,Pumpkin Center,,,,,,,,,35.68205,-95.7844,America/Chicago,CST,-6,,,,,,,,,,,
Oklahoma,OK,Purcell,,,,,,,,73080,35.00181,-97.3799,America/Chicago,CST,-6,,,,,,,,,,,
Oklahoma,OK,Putnam,,,,,,,,73659,35.85488,-98.9666,America/Chicago,CST,-6,,,,,,,,,,,
Oklahoma,OK,Pyramid Corners,,,,,,,,,0,0,,,,,,,,,,,,,,
Oklahoma,OK,Quapaw,,,,,,,,74363,36.94229,-94.7334,America/Chicago,CST,-6,,,,,,,,,,,
Oklahoma,OK,Quay,,,,,,,,,33.95344,-95.6214,America/Chicago,CST,-6,,,,,,,,,,,
Oklahoma,OK,Quinlan,,,,,,,,,36.45448,-99.0454,America/Chicago,CST,-6,,,,,,,,,,,
Oklahoma,OK,Quinton,,,,,,,,74561,35.12529,-95.3649,America/Chicago,CST,-6,,,,,,,,,,,
Oklahoma,OK,Raiford,,,,,,,,,35.26788,-95.7869,America/Chicago,CST,-6,,,,,,,,,,,
Oklahoma,OK,Ralston,,,,,,,,74650,36.50344,-96.7356,America/Chicago,CST,-6,,,,,,,,,,,
Oklahoma,OK,Ramona,,,,,,,,74061,36.53345,-95.9059,America/Chicago,CST,-6,,,,,,,,,,,
Oklahoma,OK,Randlett,,,,,,,,73562,34.28474,-98.4004,America/Chicago,CST,-6,,,,,,,,,,,
Oklahoma,OK,Ratliff City,,,,,,,,73481,34.43927,-97.522,America/Chicago,CST,-6,,,,,,,,,,,
Oklahoma,OK,Rattan,,,,,,,,74562,34.20038,-95.413,America/Chicago,CST,-6,,,,,,,,,,,
Oklahoma,OK,Ravia,,,,,,,,73455,34.24402,-96.7529,America/Chicago,CST,-6,,,,,,,,,,,
Oklahoma,OK,Reagan,,,,,,,,,0,0,,,,,,,,,,,,,,
Oklahoma,OK,Red Oak,,,,,,,,74563,34.95178,-95.0798,America/Chicago,CST,-6,,,,,,,,,,,
Oklahoma,OK,Red Rock,,,,,,,,74651,36.45537,-97.1874,America/Chicago,CST,-6,,,,,,,,,,,
Oklahoma,OK,Redbird,,,,,,,,74458,35.88566,-95.5889,America/Chicago,CST,-6,,,,,,,,,,,
Oklahoma,OK,Redden,,,,,,,,,34.50649,-95.8447,America/Chicago,CST,-6,,,,,,,,,,,
Oklahoma,OK,Renfrow,,,,,,,,,36.92558,-97.6559,America/Chicago,CST,-6,,,,,,,,,,,
Oklahoma,OK,Rentiesville,,,,,,,,74459,35.52142,-95.495,America/Chicago,CST,-6,,,,,,,,,,,
Oklahoma,OK,Retrop,,,,,,,,,35.19701,-99.4527,America/Chicago,CST,-6,,,,,,,,,,,
Oklahoma,OK,Reydon,,,,,,,,73660,35.65366,-99.919,America/Chicago,CST,-6,,,,,,,,,,,
Oklahoma,OK,Richland,,,,,,,,,0,0,,,,,,,,,,,,,,
Oklahoma,OK,Ringling,,,,,,,,73456,34.17843,-97.5925,America/Chicago,CST,-6,,,,,,,,,,,
Oklahoma,OK,Ringold,,,,,,,,74754,34.2151,-95.1252,America/Chicago,CST,-6,,,,,,,,,,,
Oklahoma,OK,Ringwood,,,,,,,,73768,36.37901,-98.2435,America/Chicago,CST,-6,,,,,,,,,,,
Oklahoma,OK,Ripley,,,,,,,,74062,36.01784,-96.9056,America/Chicago,CST,-6,,,,,,,,,,,
Oklahoma,OK,Rock Island,,,,,,,,,35.18232,-94.4738,America/Chicago,CST,-6,,,,,,,,,,,
Oklahoma,OK,Rocky,,,,,,,,73661,35.15544,-99.0598,America/Chicago,CST,-6,,,,,,,,,,,
Oklahoma,OK,Roff,,,,,,,,74865,34.62634,-96.8412,America/Chicago,CST,-6,,,,,,,,,,,
Oklahoma,OK,Roland,,,,,,,,74954,35.41616,-94.5227,America/Chicago,CST,-6,,,,,,,,,,,
Oklahoma,OK,Roll,,,,,,,,,35.77921,-99.7115,America/Chicago,CST,-6,,,,,,,,,,,
Oklahoma,OK,Roosevelt,,,,,,,,73564,34.8506,-99.0212,America/Chicago,CST,-6,,,,,,,,,,,
Oklahoma,OK,Rose,,,,,,,,74364,36.19632,-94.9485,America/Chicago,CST,-6,,,,,,,,,,,
Oklahoma,OK,Rosedale,,,,,,,,,34.91841,-97.1839,America/Chicago,CST,-6,,,,,,,,,,,
Oklahoma,OK,Rosston,,,,,,,,73855,36.81336,-99.934,America/Chicago,CST,-6,,,,,,,,,,,
Oklahoma,OK,Rubottom,,,,,,,,,33.94038,-97.457,America/Chicago,CST,-6,,,,,,,,,,,
Oklahoma,OK,Rufe,,,,,,,,74755,34.12372,-95.1441,America/Chicago,CST,-6,,,,,,,,,,,
Oklahoma,OK,Rush Springs,,,,,,,,73082,34.77554,-97.9545,America/Chicago,CST,-6,,,,,,,,,,,
Oklahoma,OK,Russett,,,,,,,,,34.1901,-96.805,America/Chicago,CST,-6,,,,,,,,,,,
Oklahoma,OK,Ryan,,,,,,,,73565,34.02191,-97.9549,America/Chicago,CST,-6,,,,,,,,,,,
Oklahoma,OK,Salina,,,,,,,,74365,36.29287,-95.1533,America/Chicago,CST,-6,,,,,,,,,,,
Oklahoma,OK,Sallisaw,,,,,,,,74955,35.45066,-94.7068,America/Chicago,CST,-6,,,,,,,,,,,
Oklahoma,OK,Sand Springs,,,,,,,,74063,36.11854,-96.1868,America/Chicago,CST,-6,,,,,,,,,,,
Oklahoma,OK,Sapulpa,,,,,,,,74067###74066,35.98264,-96.164,America/Chicago,CST,-6,,,,,,,,,,,
Oklahoma,OK,Sardis,,,,,,,,,34.66593,-95.4097,America/Chicago,CST,-6,,,,,,,,,,,
Oklahoma,OK,Sasakwa,,,,,,,,74867,34.9487,-96.5253,America/Chicago,CST,-6,,,,,,,,,,,
Oklahoma,OK,Savanna,,,,,,,,74565,34.83538,-95.838,America/Chicago,CST,-6,,,,,,,,,,,
Oklahoma,OK,Sawyer,,,,,,,,74756,34.01372,-95.3716,America/Chicago,CST,-6,,,,,,,,,,,
Oklahoma,OK,Sayre,,,,,,,,73662,35.23752,-99.7484,America/Chicago,CST,-6,,,,,,,,,,,
Oklahoma,OK,Schulter,,,,,,,,74460,35.51455,-95.9567,America/Chicago,CST,-6,,,,,,,,,,,
Oklahoma,OK,Scipio,,,,,,,,,35.05482,-95.9567,America/Chicago,CST,-6,,,,,,,,,,,
Oklahoma,OK,Scraper,,,,,,,,,36.08953,-94.8505,America/Chicago,CST,-6,,,,,,,,,,,
Oklahoma,OK,Scullin,,,,,,,,,34.5187,-96.8625,America/Chicago,CST,-6,,,,,,,,,,,
Oklahoma,OK,Scullyville,,,,,,,,,0,0,,,,,,,,,,,,,,
Oklahoma,OK,Seiling,,,,,,,,73663,36.10039,-98.9454,America/Chicago,CST,-6,,,,,,,,,,,
Oklahoma,OK,Selman,,,,,,,,,36.80198,-99.4909,America/Chicago,CST,-6,,,,,,,,,,,
Oklahoma,OK,Seminole,,,,,,,,74868###74818,35.16223,-96.6091,America/Chicago,CST,-6,,,,,,,,,,,
Oklahoma,OK,Sentinel,,,,,,,,73664,35.15783,-99.1754,America/Chicago,CST,-6,,,,,,,,,,,
Oklahoma,OK,Seward,,,,,,,,,35.79811,-97.4884,America/Chicago,CST,-6,,,,,,,,,,,
Oklahoma,OK,Shady Point,,,,,,,,74956,35.1301,-94.6586,America/Chicago,CST,-6,,,,,,,,,,,
Oklahoma,OK,Shamrock,,,,,,,,74068,35.9124,-96.578,America/Chicago,CST,-6,,,,,,,,,,,
Oklahoma,OK,Sharon,,,,,,,,73857,36.27581,-99.3378,America/Chicago,CST,-6,,,,,,,,,,,
Oklahoma,OK,Shattuck,,,,,,,,73858,36.27587,-99.8812,America/Chicago,CST,-6,,,,,,,,,,,
Oklahoma,OK,Shawnee,,,,,,,,74801###74804###74802,35.29584,-96.9601,America/Chicago,CST,-6,,,,,,,,,,,
Oklahoma,OK,Shidler,,,,,,,,74652,36.78194,-96.6607,America/Chicago,CST,-6,,,,,,,,,,,
Oklahoma,OK,Short,,,,,,,,,0,0,,,,,,,,,,,,,,
Oklahoma,OK,Sill,,,,,,,,,35.49161,-97.5628,America/Chicago,CST,-6,,,,,,,,,,,
Oklahoma,OK,Silo,,,,,,,,,34.04149,-96.4742,America/Chicago,CST,-6,,,,,,,,,,,
Oklahoma,OK,Silver City,,,,,,,,,36.09035,-96.4945,America/Chicago,CST,-6,,,,,,,,,,,
Oklahoma,OK,Skedee,,,,,,,,,36.3795,-96.705,America/Chicago,CST,-6,,,,,,,,,,,
Oklahoma,OK,Skiatook,,,,,,,,74070,36.41366,-96.1685,America/Chicago,CST,-6,,,,,,,,,,,
Oklahoma,OK,Slapout,,,,,,,,,36.61587,-100.109,America/Chicago,CST,-6,,,,,,,,,,,
Oklahoma,OK,Slaughterville,,,,,,,,,35.08729,-97.335,America/Chicago,CST,-6,,,,,,,,,,,
Oklahoma,OK,Slick,,,,,,,,74071,35.77703,-96.2661,America/Chicago,CST,-6,,,,,,,,,,,
Oklahoma,OK,Smithville,,,,,,,,74957,34.46677,-94.6438,America/Chicago,CST,-6,,,,,,,,,,,
Oklahoma,OK,Snow,,,,,,,,74567,34.4188,-95.3584,America/Chicago,CST,-6,,,,,,,,,,,
Oklahoma,OK,Snyder,,,,,,,,73566,34.67369,-98.9524,America/Chicago,CST,-6,,,,,,,,,,,
Oklahoma,OK,Sobol,,,,,,,,,34.16122,-95.2386,America/Chicago,CST,-6,,,,,,,,,,,
Oklahoma,OK,Sooner Lake,,,,,,,,,34.32925,-97.6811,America/Chicago,CST,-6,,,,,,,,,,,
Oklahoma,OK,Soper,,,,,,,,74759,34.03264,-95.6965,America/Chicago,CST,-6,,,,,,,,,,,
Oklahoma,OK,South Cherokee,,,,,,,,,36.66535,-98.3668,America/Chicago,CST,-6,,,,,,,,,,,
Oklahoma,OK,South Marshall,,,,,,,,,36.15416,-97.6261,America/Chicago,CST,-6,,,,,,,,,,,
Oklahoma,OK,South Tulsa,,,,,,,,,36.36125,-95.8369,America/Chicago,CST,-6,,,,,,,,,,,
Oklahoma,OK,Southard,,,,,,,,73770,36.05813,-98.5884,America/Chicago,CST,-6,,,,,,,,,,,
Oklahoma,OK,Southeast Comanche,,,,,,,,,34.39369,-97.9707,America/Chicago,CST,-6,,,,,,,,,,,
Oklahoma,OK,Southeast Osage,,,,,,,,,36.26531,-96.3413,America/Chicago,CST,-6,,,,,,,,,,,
Oklahoma,OK,Southwest Comanche,,,,,,,,,34.39369,-97.9707,America/Chicago,CST,-6,,,,,,,,,,,
Oklahoma,OK,Sparks,,,,,,,,74869,35.61039,-96.8146,America/Chicago,CST,-6,,,,,,,,,,,
Oklahoma,OK,Spaulding,,,,,,,,,35.01397,-96.44,America/Chicago,CST,-6,,,,,,,,,,,
Oklahoma,OK,Spavinaw,,,,,,,,74366,36.39626,-95.0497,America/Chicago,CST,-6,,,,,,,,,,,
Oklahoma,OK,Speer,,,,,,,,,34.11344,-95.5558,America/Chicago,CST,-6,,,,,,,,,,,
Oklahoma,OK,Spencer,,,,,,,,73084,35.49867,-97.3823,America/Chicago,CST,-6,,,,,,,,,,,
Oklahoma,OK,Sperry,,,,,,,,74073,36.29845,-95.9516,America/Chicago,CST,-6,,,,,,,,,,,
Oklahoma,OK,Spiro,,,,,,,,74959,35.26493,-94.5599,America/Chicago,CST,-6,,,,,,,,,,,
Oklahoma,OK,Springer,,,,,,,,73458,34.30453,-97.1344,America/Chicago,CST,-6,,,,,,,,,,,
Oklahoma,OK,St. Louis,,,,,,,,,35.18144,-96.883,America/Chicago,CST,-6,,,,,,,,,,,
Oklahoma,OK,Stafford,,,,,,,,,35.53672,-99.122,America/Chicago,CST,-6,,,,,,,,,,,
Oklahoma,OK,Stanley,,,,,,,,,34.5401,-95.4697,America/Chicago,CST,-6,,,,,,,,,,,
Oklahoma,OK,Stanley Draper Lake,,,,,,,,,34.32925,-97.6811,America/Chicago,CST,-6,,,,,,,,,,,
Oklahoma,OK,Stecker,,,,,,,,,34.95756,-98.3159,America/Chicago,CST,-6,,,,,,,,,,,
Oklahoma,OK,Stella,,,,,,,,,0,0,,,,,,,,,,,,,,
Oklahoma,OK,Sterling,,,,,,,,73567,34.74959,-98.1679,America/Chicago,CST,-6,,,,,,,,,,,
Oklahoma,OK,Stidham,,,,,,,,74461,35.34737,-95.6641,America/Chicago,CST,-6,,,,,,,,,,,
Oklahoma,OK,Stigler,,,,,,,,74462,35.26609,-95.0619,America/Chicago,CST,-6,,,,,,,,,,,
Oklahoma,OK,Stillwater,,,,,,,,74078###74076###74075###74074###74077,36.10152,-97.0691,America/Chicago,CST,-6,,,,,,,,,,,
Oklahoma,OK,Stilwell,,,,,,,,74960,35.81453,-94.6286,America/Chicago,CST,-6,,,,,,,,,,,
Oklahoma,OK,Stonebluff,,,,,,,,,35.88593,-95.7369,America/Chicago,CST,-6,,,,,,,,,,,
Oklahoma,OK,Stonewall,,,,,,,,74871,34.6511,-96.5274,America/Chicago,CST,-6,,,,,,,,,,,
Oklahoma,OK,Strang,,,,,,,,74367,36.41411,-95.0773,America/Chicago,CST,-6,,,,,,,,,,,
Oklahoma,OK,Stratford,,,,,,,,74872,34.72379,-96.963,America/Chicago,CST,-6,,,,,,,,,,,
Oklahoma,OK,Stringtown,,,,,,,,74569,34.45672,-96.0123,America/Chicago,CST,-6,,,,,,,,,,,
Oklahoma,OK,Strong City,,,,,,,,,35.67033,-99.5995,America/Chicago,CST,-6,,,,,,,,,,,
Oklahoma,OK,Stroud,,,,,,,,74079,35.70968,-96.7454,America/Chicago,CST,-6,,,,,,,,,,,
Oklahoma,OK,Stuart,,,,,,,,74570,34.903,-96.0995,America/Chicago,CST,-6,,,,,,,,,,,
Oklahoma,OK,Sturgis,,,,,,,,,0,0,,,,,,,,,,,,,,
Oklahoma,OK,Sugden,,,,,,,,,34.01991,-97.894,America/Chicago,CST,-6,,,,,,,,,,,
Oklahoma,OK,Sulphur,,,,,,,,73086,34.52084,-96.9962,America/Chicago,CST,-6,,,,,,,,,,,
Oklahoma,OK,Summerfield,,,,,,,,,34.89871,-94.8661,America/Chicago,CST,-6,,,,,,,,,,,
Oklahoma,OK,Summit,,,,,,,,,35.66593,-95.4228,America/Chicago,CST,-6,,,,,,,,,,,
Oklahoma,OK,Sweetwater,,,,,,,,73666,35.47298,-99.9202,America/Chicago,CST,-6,,,,,,,,,,,
Oklahoma,OK,Swink,,,,,,,,74761,34.01788,-95.2022,America/Chicago,CST,-6,,,,,,,,,,,
Oklahoma,OK,Tabler,,,,,,,,,35.04423,-97.8198,America/Chicago,CST,-6,,,,,,,,,,,
Oklahoma,OK,Taft,,,,,,,,74463,35.76365,-95.5445,America/Chicago,CST,-6,,,,,,,,,,,
Oklahoma,OK,Tahlequah,,,,,,,,74465###74464,35.9113,-94.9113,America/Chicago,CST,-6,,,,,,,,,,,
Oklahoma,OK,Talala,,,,,,,,74080,36.49626,-95.702,America/Chicago,CST,-6,,,,,,,,,,,
Oklahoma,OK,Talihina,,,,,,,,74571,34.74574,-95.044,America/Chicago,CST,-6,,,,,,,,,,,
Oklahoma,OK,Tallant,,,,,,,,,36.59758,-96.1906,America/Chicago,CST,-6,,,,,,,,,,,
Oklahoma,OK,Taloga,,,,,,,,73667,36.04077,-98.9616,America/Chicago,CST,-6,,,,,,,,,,,
Oklahoma,OK,Tamaha,,,,,,,,,35.39621,-94.9836,America/Chicago,CST,-6,,,,,,,,,,,
Oklahoma,OK,Tangier,,,,,,,,,0,0,,,,,,,,,,,,,,
Oklahoma,OK,Tatums,,,,,,,,73487,34.48434,-97.449,America/Chicago,CST,-6,,,,,,,,,,,
Oklahoma,OK,Taylor,,,,,,,,,34.1737,-98.3312,America/Chicago,CST,-6,,,,,,,,,,,
Oklahoma,OK,Tecumseh,,,,,,,,74873,35.18397,-96.9594,America/Chicago,CST,-6,,,,,,,,,,,
Oklahoma,OK,Temple,,,,,,,,73568,34.27147,-98.2603,America/Chicago,CST,-6,,,,,,,,,,,
Oklahoma,OK,Terlton,,,,,,,,74081,36.18802,-96.4918,America/Chicago,CST,-6,,,,,,,,,,,
Oklahoma,OK,Terral,,,,,,,,73569,33.89677,-97.9364,America/Chicago,CST,-6,,,,,,,,,,,
Oklahoma,OK,Texhoma,,,,,,,,73949,36.50751,-101.781,America/Chicago,CST,-6,,,,,,,,,,,
Oklahoma,OK,Texola,,,,,,,,73668,35.26946,-99.6801,America/Chicago,CST,-6,,,,,,,,,,,
Oklahoma,OK,Thackerville,,,,,,,,73459,33.79344,-97.1431,America/Chicago,CST,-6,,,,,,,,,,,
Oklahoma,OK,The Village,,,,,,,,,35.56089,-97.5514,America/Chicago,CST,-6,,,,,,,,,,,
Oklahoma,OK,Thomas,,,,,,,,73669,35.70989,-98.811,America/Chicago,CST,-6,,,,,,,,,,,
Oklahoma,OK,Tiawah,,,,,,,,,36.39096,-95.5878,America/Chicago,CST,-6,,,,,,,,,,,
Oklahoma,OK,Tinker Air Force Base,,,,,,,,,34.2626,-95.8666,America/Chicago,CST,-6,,,,,,,,,,,
Oklahoma,OK,Tipton,,,,,,,,73570,34.4881,-99.1585,America/Chicago,CST,-6,,,,,,,,,,,
Oklahoma,OK,Tishomingo,,,,,,,,73460,34.27586,-96.6552,America/Chicago,CST,-6,,,,,,,,,,,
Oklahoma,OK,Tom,,,,,,,,,33.73595,-94.573,America/Chicago,CST,-6,,,,,,,,,,,
Oklahoma,OK,Tom Steed Reservoir,,,,,,,,,0,0,,,,,,,,,,,,,,
Oklahoma,OK,Tonkawa,,,,,,,,74653,36.67837,-97.31,America/Chicago,CST,-6,,,,,,,,,,,
Oklahoma,OK,Tribbey,,,,,,,,,35.11535,-97.0534,America/Chicago,CST,-6,,,,,,,,,,,
Oklahoma,OK,Trousdale,,,,,,,,,0,0,,,,,,,,,,,,,,
Oklahoma,OK,Tryon,,,,,,,,74875,35.87594,-96.9623,America/Chicago,CST,-6,,,,,,,,,,,
Oklahoma,OK,Tullahassee,,,,,,,,,35.96357,-95.5139,America/Chicago,CST,-6,,,,,,,,,,,
Oklahoma,OK,Tulsa,,,,,,,,74133###74132###74131###74107###74105###74104###74102###74101###74134###74135###74136###74137###74146###74130###74129###74117###74116###74120###74115###74114###74121###74126###74127###74112###74106###74110###74108###74128###74141###74157###74186###74152###74182###74172###74153###74103###74155###74170###74169###74159###74158###74171###74150###74149###74145###74119###74147###74193###74192###74187###74156###74148,36.03915,-95.8687,America/Chicago,CST,-6,,,,,,,,,,,
Oklahoma,OK,Tupelo,,,,,,,,74572,34.60393,-96.4201,America/Chicago,CST,-6,,,,,,,,,,,
Oklahoma,OK,Turner Falls,,,,,,,,,0,0,,,,,,,,,,,,,,
Oklahoma,OK,Turpin,,,,,,,,73950,36.86637,-100.878,America/Chicago,CST,-6,,,,,,,,,,,
Oklahoma,OK,Tushka,,,,,,,,,34.32037,-96.1672,America/Chicago,CST,-6,,,,,,,,,,,
Oklahoma,OK,Tuskahoma,,,,,,,,74574,34.61788,-95.2766,America/Chicago,CST,-6,,,,,,,,,,,
Oklahoma,OK,Tuttle,,,,,,,,73089,35.29089,-97.8123,America/Chicago,CST,-6,,,,,,,,,,,
Oklahoma,OK,Twin Oaks,,,,,,,,74368,36.20536,-94.8513,America/Chicago,CST,-6,,,,,,,,,,,
Oklahoma,OK,Tyrone,,,,,,,,73951,36.97187,-101.074,America/Chicago,CST,-6,,,,,,,,,,,
Oklahoma,OK,Unger,,,,,,,,,34.02621,-95.7819,America/Chicago,CST,-6,,,,,,,,,,,
Oklahoma,OK,Union City,,,,,,,,73090,35.39257,-97.9444,America/Chicago,CST,-6,,,,,,,,,,,
Oklahoma,OK,Utica,,,,,,,,,33.90149,-96.2214,America/Chicago,CST,-6,,,,,,,,,,,
Oklahoma,OK,Valley Brook,,,,,,,,,35.40201,-97.4814,America/Chicago,CST,-6,,,,,,,,,,,
Oklahoma,OK,Valliant,,,,,,,,74764,34.00463,-95.0901,America/Chicago,CST,-6,,,,,,,,,,,
Oklahoma,OK,Vance Air Force Base,,,,,,,,,34.2626,-95.8666,America/Chicago,CST,-6,,,,,,,,,,,
Oklahoma,OK,Vanoss,,,,,,,,,34.76397,-96.872,America/Chicago,CST,-6,,,,,,,,,,,
Oklahoma,OK,Velma,,,,,,,,73491,34.45651,-97.6689,America/Chicago,CST,-6,,,,,,,,,,,
Oklahoma,OK,Vera,,,,,,,,74082,36.45012,-95.8814,America/Chicago,CST,-6,,,,,,,,,,,
Oklahoma,OK,Verden,,,,,,,,73092,35.082,-98.088,America/Chicago,CST,-6,,,,,,,,,,,
Oklahoma,OK,Verdigris,,,,,,,,,36.23482,-95.6911,America/Chicago,CST,-6,,,,,,,,,,,
Oklahoma,OK,Vernon,,,,,,,,,35.21565,-95.9258,America/Chicago,CST,-6,,,,,,,,,,,
Oklahoma,OK,Vian,,,,,,,,74962,35.4977,-94.9684,America/Chicago,CST,-6,,,,,,,,,,,
Oklahoma,OK,Vici,,,,,,,,73859,36.14951,-99.3019,America/Chicago,CST,-6,,,,,,,,,,,
Oklahoma,OK,Vinita,,,,,,,,74301,36.72365,-95.1976,America/Chicago,CST,-6,,,,,,,,,,,
Oklahoma,OK,Vinson,,,,,,,,73571,34.90061,-99.8598,America/Chicago,CST,-6,,,,,,,,,,,
Oklahoma,OK,Vivian,,,,,,,,,35.28982,-95.7164,America/Chicago,CST,-6,,,,,,,,,,,
Oklahoma,OK,Wade,,,,,,,,,33.88899,-96.0761,America/Chicago,CST,-6,,,,,,,,,,,
Oklahoma,OK,Wagoner,,,,,,,,74467###74477,35.94342,-95.415,America/Chicago,CST,-6,,,,,,,,,,,
Oklahoma,OK,Wainwright,,,,,,,,74468,35.6126,-95.5644,America/Chicago,CST,-6,,,,,,,,,,,
Oklahoma,OK,Wakita,,,,,,,,73771,36.88247,-97.9239,America/Chicago,CST,-6,,,,,,,,,,,
Oklahoma,OK,Walters,,,,,,,,73572,34.32154,-98.3193,America/Chicago,CST,-6,,,,,,,,,,,
Oklahoma,OK,Wanette,,,,,,,,74878,34.96266,-97.0315,America/Chicago,CST,-6,,,,,,,,,,,
Oklahoma,OK,Wann,,,,,,,,74083,36.91536,-95.8044,America/Chicago,CST,-6,,,,,,,,,,,
Oklahoma,OK,Wapanucka,,,,,,,,73461,34.37145,-96.4296,America/Chicago,CST,-6,,,,,,,,,,,
Oklahoma,OK,Wardville,,,,,,,,74576,34.65371,-96.0303,America/Chicago,CST,-6,,,,,,,,,,,
Oklahoma,OK,Warner,,,,,,,,74469,35.49426,-95.3055,America/Chicago,CST,-6,,,,,,,,,,,
Oklahoma,OK,Warr Acres,,,,,,,,,35.55291,-97.6358,America/Chicago,CST,-6,,,,,,,,,,,
Oklahoma,OK,Warren,,,,,,,,,34.78312,-99.2084,America/Chicago,CST,-6,,,,,,,,,,,
Oklahoma,OK,Warwick,,,,,,,,,35.6859,-97.0042,America/Chicago,CST,-6,,,,,,,,,,,
Oklahoma,OK,Washington,,,,,,,,73093,35.10506,-97.4683,America/Chicago,CST,-6,,,,,,,,,,,
Oklahoma,OK,Watonga,,,,,,,,73772,35.84477,-98.4131,America/Chicago,CST,-6,,,,,,,,,,,
Oklahoma,OK,Watova,,,,,,,,,36.61731,-95.6558,America/Chicago,CST,-6,,,,,,,,,,,
Oklahoma,OK,Watson,,,,,,,,74963,34.43733,-94.5574,America/Chicago,CST,-6,,,,,,,,,,,
Oklahoma,OK,Watts,,,,,,,,74964,36.10925,-94.5702,America/Chicago,CST,-6,,,,,,,,,,,
Oklahoma,OK,Waukomis,,,,,,,,73773,36.24197,-97.9118,America/Chicago,CST,-6,,,,,,,,,,,
Oklahoma,OK,Waurika,,,,,,,,73573,34.16831,-98.0007,America/Chicago,CST,-6,,,,,,,,,,,
Oklahoma,OK,Waurika Lake,,,,,,,,,34.16831,-98.0007,America/Chicago,CST,-6,,,,,,,,,,,
Oklahoma,OK,Wayne,,,,,,,,73095,34.9175,-97.316,America/Chicago,CST,-6,,,,,,,,,,,
Oklahoma,OK,Waynoka,,,,,,,,73860,36.6719,-98.9746,America/Chicago,CST,-6,,,,,,,,,,,
Oklahoma,OK,Weatherford,,,,,,,,73096,35.53823,-98.7032,America/Chicago,CST,-6,,,,,,,,,,,
Oklahoma,OK,Webb City,,,,,,,,,36.80698,-96.7086,America/Chicago,CST,-6,,,,,,,,,,,
Oklahoma,OK,Webbers Falls,,,,,,,,74470,35.51141,-95.1315,America/Chicago,CST,-6,,,,,,,,,,,
Oklahoma,OK,Welch,,,,,,,,74369,36.88573,-95.2157,America/Chicago,CST,-6,,,,,,,,,,,
Oklahoma,OK,Weleetka,,,,,,,,74880,35.34448,-96.0771,America/Chicago,CST,-6,,,,,,,,,,,
Oklahoma,OK,Wellston,,,,,,,,74881,35.63493,-97.0983,America/Chicago,CST,-6,,,,,,,,,,,
Oklahoma,OK,Welty,,,,,,,,,35.62452,-96.4053,America/Chicago,CST,-6,,,,,,,,,,,
Oklahoma,OK,West Siloam Spring,,,,,,,,,0,0,,,,,,,,,,,,,,
Oklahoma,OK,Westport,,,,,,,,,36.21897,-96.3247,America/Chicago,CST,-6,,,,,,,,,,,
Oklahoma,OK,Westville,,,,,,,,74965,35.99141,-94.5704,America/Chicago,CST,-6,,,,,,,,,,,
Oklahoma,OK,Wetumka,,,,,,,,74883,35.23743,-96.2486,America/Chicago,CST,-6,,,,,,,,,,,
Oklahoma,OK,Wewoka,,,,,,,,74884,35.14625,-96.628,America/Chicago,CST,-6,,,,,,,,,,,
Oklahoma,OK,Wheeless,,,,,,,,,36.71919,-102.894,America/Chicago,CST,-6,,,,,,,,,,,
Oklahoma,OK,White Oak,,,,,,,,,36.62036,-95.2641,America/Chicago,CST,-6,,,,,,,,,,,
Oklahoma,OK,Whitebead,,,,,,,,,34.76341,-97.302,America/Chicago,CST,-6,,,,,,,,,,,
Oklahoma,OK,Whitefield,,,,,,,,74472,35.2526,-95.2375,America/Chicago,CST,-6,,,,,,,,,,,
Oklahoma,OK,Whitesboro,,,,,,,,74577,34.6926,-94.8852,America/Chicago,CST,-6,,,,,,,,,,,
Oklahoma,OK,Wilburton,,,,,,,,74578,34.85522,-95.2877,America/Chicago,CST,-6,,,,,,,,,,,
Oklahoma,OK,Willis,,,,,,,,,33.88566,-96.8292,America/Chicago,CST,-6,,,,,,,,,,,
Oklahoma,OK,Willow,,,,,,,,73673,35.05144,-99.5095,America/Chicago,CST,-6,,,,,,,,,,,
Oklahoma,OK,Wilson,,,,,,,,73463,34.16204,-97.4259,America/Chicago,CST,-6,,,,,,,,,,,
Oklahoma,OK,Wister,,,,,,,,74966,34.96741,-94.7224,America/Chicago,CST,-6,,,,,,,,,,,
Oklahoma,OK,Wolco,,,,,,,,,36.53842,-96.0714,America/Chicago,CST,-6,,,,,,,,,,,
Oklahoma,OK,Woodville,,,,,,,,,0,0,,,,,,,,,,,,,,
Oklahoma,OK,Woodward,,,,,,,,73801###73802,36.43802,-99.443,America/Chicago,CST,-6,,,,,,,,,,,
Oklahoma,OK,Wright City,,,,,,,,74766,34.06179,-95.0057,America/Chicago,CST,-6,,,,,,,,,,,
Oklahoma,OK,Wyandotte,,,,,,,,74370,36.7934,-94.7252,America/Chicago,CST,-6,,,,,,,,,,,
Oklahoma,OK,Wynnewood,,,,,,,,73098,34.64542,-97.1623,America/Chicago,CST,-6,,,,,,,,,,,
Oklahoma,OK,Wynona,,,,,,,,74084,36.54642,-96.326,America/Chicago,CST,-6,,,,,,,,,,,
Oklahoma,OK,Yale,,,,,,,,74085,36.11423,-96.6992,America/Chicago,CST,-6,,,,,,,,,,,
Oklahoma,OK,Yanush,,,,,,,,,34.70982,-95.3139,America/Chicago,CST,-6,,,,,,,,,,,
Oklahoma,OK,Yeager,,,,,,,,,35.15759,-96.3395,America/Chicago,CST,-6,,,,,,,,,,,
Oklahoma,OK,Yukon,,,,,,,,73099###73085,35.48953,-97.75,America/Chicago,CST,-6,,,,,,,,,,,
Oklahoma,OK,Zena,,,,,,,,,36.49619,-94.8536,America/Chicago,CST,-6,,,,,,,,,,,
