Oregon,OR,Adair Village,,,,,,,,,0,0,,,,,,,,,,,,,,
Oregon,OR,Adams,,,,,,,,97810,45.72477,-118.491,America/Los_Angeles,PST,-8,,,,,,,,,,,
Oregon,OR,Adel,,,,,,,,97620,42.17739,-119.899,America/Los_Angeles,PST,-8,,,,,,,,,,,
Oregon,OR,Adrian,,,,,,,,97901,43.62145,-117.107,America/Boise,MST,-7,,,,,,,,,,,
Oregon,OR,Agate Beach,,,,,,,,,0,0,,,,,,,,,,,,,,
Oregon,OR,Agness,,,,,,,,97406,42.5565,-124.069,America/Los_Angeles,PST,-8,,,,,,,,,,,
Oregon,OR,Albany,,,,,,,,97322###97321,44.65345,-123.14,America/Los_Angeles,PST,-8,,,,,,,,,,,
Oregon,OR,Alkali Lake,,,,,,,,,0,0,,,,,,,,,,,,,,
Oregon,OR,Alma,,,,,,,,,0,0,,,,,,,,,,,,,,
Oregon,OR,Aloha,,,,,,,,,45.50389,-122.871,America/Los_Angeles,PST,-8,,,,,,,,,,,
Oregon,OR,Alsea,,,,,,,,97324,44.37711,-123.588,America/Los_Angeles,PST,-8,,,,,,,,,,,
Oregon,OR,Alston,,,,,,,,,0,0,,,,,,,,,,,,,,
Oregon,OR,Altamont,,,,,,,,,0,0,,,,,,,,,,,,,,
Oregon,OR,Amity,,,,,,,,97101,45.12145,-123.191,America/Los_Angeles,PST,-8,,,,,,,,,,,
Oregon,OR,Andrews,,,,,,,,,0,0,,,,,,,,,,,,,,
Oregon,OR,Antelope,,,,,,,,97001,44.91068,-120.723,America/Los_Angeles,PST,-8,,,,,,,,,,,
Oregon,OR,Apiary,,,,,,,,,0,0,,,,,,,,,,,,,,
Oregon,OR,Applegate,,,,,,,,,0,0,,,,,,,,,,,,,,
Oregon,OR,Arch Cape,,,,,,,,97102,45.81093,-123.963,America/Los_Angeles,PST,-8,,,,,,,,,,,
Oregon,OR,Arlington,,,,,,,,97812,45.56728,-120.275,America/Los_Angeles,PST,-8,,,,,,,,,,,
Oregon,OR,Ashland,,,,,,,,97520,42.1481,-122.537,America/Los_Angeles,PST,-8,,,,,,,,,,,
Oregon,OR,Astoria,,,,,,,,97103,46.14221,-123.796,America/Los_Angeles,PST,-8,,,,,,,,,,,
Oregon,OR,Athena,,,,,,,,97813,45.82394,-118.525,America/Los_Angeles,PST,-8,,,,,,,,,,,
Oregon,OR,Aumsville,,,,,,,,97325,44.84095,-122.871,America/Los_Angeles,PST,-8,,,,,,,,,,,
Oregon,OR,Aurora,,,,,,,,97002,45.22424,-122.82,America/Los_Angeles,PST,-8,,,,,,,,,,,
Oregon,OR,Azalea,,,,,,,,97410,42.83414,-123.132,America/Los_Angeles,PST,-8,,,,,,,,,,,
Oregon,OR,Badger Mountain,,,,,,,,,0,0,,,,,,,,,,,,,,
Oregon,OR,Bagby Hot Springs,,,,,,,,,0,0,,,,,,,,,,,,,,
Oregon,OR,Baker,,,,,,,,,0,0,,,,,,,,,,,,,,
Oregon,OR,Baker City,,,,,,,,97814,44.77487,-117.834,America/Los_Angeles,PST,-8,,,,,,,,,,,
Oregon,OR,Bandon,,,,,,,,97411,43.08882,-124.39,America/Los_Angeles,PST,-8,,,,,,,,,,,
Oregon,OR,Banks,,,,,,,,97106,45.61872,-123.114,America/Los_Angeles,PST,-8,,,,,,,,,,,
Oregon,OR,Barlow,,,,,,,,,0,0,,,,,,,,,,,,,,
Oregon,OR,Bay City,,,,,,,,97107,45.5226,-123.889,America/Los_Angeles,PST,-8,,,,,,,,,,,
Oregon,OR,Beatty,,,,,,,,97621,42.46484,-121.259,America/Los_Angeles,PST,-8,,,,,,,,,,,
Oregon,OR,Beaver,,,,,,,,97108,45.27862,-123.747,America/Los_Angeles,PST,-8,,,,,,,,,,,
Oregon,OR,Beaver Creek,,,,,,,,,45.27862,-123.747,America/Los_Angeles,PST,-8,,,,,,,,,,,
Oregon,OR,Beaverton,,,,,,,,97005###97006###97008###97007###97078###97077###97075###97076,45.49629,-122.8,America/Los_Angeles,PST,-8,,,,,,,,,,,
Oregon,OR,Belknap Springs,,,,,,,,,44.05847,-123.012,America/Los_Angeles,PST,-8,,,,,,,,,,,
Oregon,OR,Bend,,,,,,,,97701###97707###97709###97702###97708,44.08204,-121.227,America/Los_Angeles,PST,-8,,,,,,,,,,,
Oregon,OR,Bennett Pass,,,,,,,,,44.08204,-121.227,America/Los_Angeles,PST,-8,,,,,,,,,,,
Oregon,OR,Beulah,,,,,,,,,42.39954,-121.081,America/Los_Angeles,PST,-8,,,,,,,,,,,
Oregon,OR,Birkenfeld,,,,,,,,,0,0,,,,,,,,,,,,,,
Oregon,OR,Blachly,,,,,,,,97412,44.17426,-123.571,America/Los_Angeles,PST,-8,,,,,,,,,,,
Oregon,OR,Blaine,,,,,,,,,45.27733,-123.705,America/Los_Angeles,PST,-8,,,,,,,,,,,
Oregon,OR,Blodgett,,,,,,,,97326,44.63819,-123.538,America/Los_Angeles,PST,-8,,,,,,,,,,,
Oregon,OR,Blue River,,,,,,,,97413,44.17552,-122.122,America/Los_Angeles,PST,-8,,,,,,,,,,,
Oregon,OR,Bly,,,,,,,,97622,42.39954,-121.081,America/Los_Angeles,PST,-8,,,,,,,,,,,
Oregon,OR,Boardman,,,,,,,,97818,45.83986,-119.701,America/Los_Angeles,PST,-8,,,,,,,,,,,
Oregon,OR,Bonanza,,,,,,,,97623,42.19365,-121.33,America/Los_Angeles,PST,-8,,,,,,,,,,,
Oregon,OR,Bonneville,,,,,,,,,0,0,,,,,,,,,,,,,,
Oregon,OR,Boring,,,,,,,,97089###97009,45.41184,-122.376,America/Los_Angeles,PST,-8,,,,,,,,,,,
Oregon,OR,Breitenbush Springs,,,,,,,,,44.05847,-123.012,America/Los_Angeles,PST,-8,,,,,,,,,,,
Oregon,OR,Bridal Veil,,,,,,,,97010,45.58298,-122.101,America/Los_Angeles,PST,-8,,,,,,,,,,,
Oregon,OR,Brightwood,,,,,,,,97011,45.37623,-122.017,America/Los_Angeles,PST,-8,,,,,,,,,,,
Oregon,OR,Brogan,,,,,,,,97903,44.2486,-117.564,America/Boise,MST,-7,,,,,,,,,,,
Oregon,OR,Brookings,,,,,,,,97415,42.05,-124.283,America/Los_Angeles,PST,-8,,,,,,,,,,,
Oregon,OR,Brooks,,,,,,,,,0,0,,,,,,,,,,,,,,
Oregon,OR,Brownsville,,,,,,,,97327,44.3787,-122.942,America/Los_Angeles,PST,-8,,,,,,,,,,,
Oregon,OR,Buchanan,,,,,,,,,43.64238,-118.629,America/Los_Angeles,PST,-8,,,,,,,,,,,
Oregon,OR,Buell,,,,,,,,,45.01623,-123.418,America/Los_Angeles,PST,-8,,,,,,,,,,,
Oregon,OR,Buena Vista,,,,,,,,,0,0,,,,,,,,,,,,,,
Oregon,OR,Bull Run,,,,,,,,,43.97171,-120.623,,,,,,,,,,,,,,
Oregon,OR,Burns,,,,,,,,97720,43.55429,-118.874,America/Los_Angeles,PST,-8,,,,,,,,,,,
Oregon,OR,Burns Junction,,,,,,,,,43.55429,-118.874,America/Los_Angeles,PST,-8,,,,,,,,,,,
Oregon,OR,Burnt Woods,,,,,,,,,44.60373,-123.623,America/Los_Angeles,PST,-8,,,,,,,,,,,
Oregon,OR,Butte Falls,,,,,,,,97522,42.53081,-122.555,America/Los_Angeles,PST,-8,,,,,,,,,,,
Oregon,OR,Buxton,,,,,,,,97109,45.72856,-123.178,America/Los_Angeles,PST,-8,,,,,,,,,,,
Oregon,OR,Calapooia,,,,,,,,,0,0,,,,,,,,,,,,,,
Oregon,OR,Camas Valley,,,,,,,,97416,43.04053,-123.654,America/Los_Angeles,PST,-8,,,,,,,,,,,
Oregon,OR,Camp Rilea,,,,,,,,,43.54154,-119.504,America/Los_Angeles,PST,-8,,,,,,,,,,,
Oregon,OR,Canby,,,,,,,,97013,45.21429,-122.662,America/Los_Angeles,PST,-8,,,,,,,,,,,
Oregon,OR,Cannon Beach,,,,,,,,97110,45.89177,-123.962,America/Los_Angeles,PST,-8,,,,,,,,,,,
Oregon,OR,Canyon City,,,,,,,,97820,44.39115,-118.946,America/Los_Angeles,PST,-8,,,,,,,,,,,
Oregon,OR,Canyonville,,,,,,,,97417,42.92734,-123.281,America/Los_Angeles,PST,-8,,,,,,,,,,,
Oregon,OR,Cape Falcon,,,,,,,,,0,0,,,,,,,,,,,,,,
Oregon,OR,Cape Foulweather,,,,,,,,,43.97171,-120.623,,,,,,,,,,,,,,
Oregon,OR,Cape Lookout,,,,,,,,,46.16233,-123.147,America/Los_Angeles,PST,-8,,,,,,,,,,,
Oregon,OR,Cape Meares,,,,,,,,,0,0,,,,,,,,,,,,,,
Oregon,OR,Cape Perpetua,,,,,,,,,0,0,,,,,,,,,,,,,,
Oregon,OR,Carlton,,,,,,,,97111,45.28239,-123.219,America/Los_Angeles,PST,-8,,,,,,,,,,,
Oregon,OR,Cascade Head,,,,,,,,,44.41126,-122.385,America/Los_Angeles,PST,-8,,,,,,,,,,,
Oregon,OR,Cascade Locks,,,,,,,,97014,45.67102,-121.869,America/Los_Angeles,PST,-8,,,,,,,,,,,
Oregon,OR,Cascadia,,,,,,,,97329,44.41126,-122.385,America/Los_Angeles,PST,-8,,,,,,,,,,,
Oregon,OR,Cave Junction,,,,,,,,97523,42.16289,-123.648,America/Los_Angeles,PST,-8,,,,,,,,,,,
Oregon,OR,Cedar Hills,,,,,,,,,44.38584,-123.116,America/Los_Angeles,PST,-8,,,,,,,,,,,
Oregon,OR,Cedar Mill,,,,,,,,,45.52484,-122.811,America/Los_Angeles,PST,-8,,,,,,,,,,,
Oregon,OR,Central Point,,,,,,,,97502,42.41638,-122.917,America/Los_Angeles,PST,-8,,,,,,,,,,,
Oregon,OR,Charleston,,,,,,,,,43.34011,-124.33,America/Los_Angeles,PST,-8,,,,,,,,,,,
Oregon,OR,Chehalem Mountain,,,,,,,,,0,0,,,,,,,,,,,,,,
Oregon,OR,Chemult,,,,,,,,97731,43.21652,-121.783,America/Los_Angeles,PST,-8,,,,,,,,,,,
Oregon,OR,Chenoweth,,,,,,,,,45.62762,-121.243,America/Los_Angeles,PST,-8,,,,,,,,,,,
Oregon,OR,Cherry Grove,,,,,,,,,0,0,,,,,,,,,,,,,,
Oregon,OR,Cherryville,,,,,,,,,45.36706,-122.155,America/Los_Angeles,PST,-8,,,,,,,,,,,
Oregon,OR,Cheshire,,,,,,,,97419,44.18957,-123.286,America/Los_Angeles,PST,-8,,,,,,,,,,,
Oregon,OR,Chiloquin,,,,,,,,97624,42.57764,-121.866,America/Los_Angeles,PST,-8,,,,,,,,,,,
Oregon,OR,Chitwood,,,,,,,,,45.37873,-122.695,America/Los_Angeles,PST,-8,,,,,,,,,,,
Oregon,OR,City of The Dalles,,,,,,,,,45.55498,-121.187,America/Los_Angeles,PST,-8,,,,,,,,,,,
Oregon,OR,Clackamas,,,,,,,,97015,45.41504,-122.499,America/Los_Angeles,PST,-8,,,,,,,,,,,
Oregon,OR,Clatskanie,,,,,,,,97016,46.0665,-123.206,America/Los_Angeles,PST,-8,,,,,,,,,,,
Oregon,OR,Clatsop Spit,,,,,,,,,43.97171,-120.623,,,,,,,,,,,,,,
Oregon,OR,Cloverdale,,,,,,,,97112,45.21636,-123.876,America/Los_Angeles,PST,-8,,,,,,,,,,,
Oregon,OR,Coast Range,,,,,,,,,0,0,,,,,,,,,,,,,,
Oregon,OR,Coburg,,,,,,,,,0,0,,,,,,,,,,,,,,
Oregon,OR,Colton,,,,,,,,97017,45.1887,-122.398,America/Los_Angeles,PST,-8,,,,,,,,,,,
Oregon,OR,Columbia City,,,,,,,,97018,45.8923,-122.814,America/Los_Angeles,PST,-8,,,,,,,,,,,
Oregon,OR,Condon,,,,,,,,97823,45.2551,-120.141,America/Los_Angeles,PST,-8,,,,,,,,,,,
Oregon,OR,Coos Bay,,,,,,,,97420,43.21514,-124.198,America/Los_Angeles,PST,-8,,,,,,,,,,,
Oregon,OR,Coquille,,,,,,,,97423,43.17705,-124.188,America/Los_Angeles,PST,-8,,,,,,,,,,,
Oregon,OR,Corbett,,,,,,,,97019,45.51827,-122.229,America/Los_Angeles,PST,-8,,,,,,,,,,,
Oregon,OR,Cornelius,,,,,,,,97113,45.51984,-123.06,America/Los_Angeles,PST,-8,,,,,,,,,,,
Oregon,OR,Corvallis,,,,,,,,97333###97331###97330###97339,44.63993,-123.276,America/Los_Angeles,PST,-8,,,,,,,,,,,
Oregon,OR,Cottage Grove,,,,,,,,97424,43.72893,-123.049,America/Los_Angeles,PST,-8,,,,,,,,,,,
Oregon,OR,Cottage Grove Lake,,,,,,,,,43.72893,-123.049,America/Los_Angeles,PST,-8,,,,,,,,,,,
Oregon,OR,Cougar Reservoir,,,,,,,,,0,0,,,,,,,,,,,,,,
Oregon,OR,Cove,,,,,,,,97824,45.34188,-117.873,America/Los_Angeles,PST,-8,,,,,,,,,,,
Oregon,OR,Crabtree,,,,,,,,97335,44.63444,-122.893,America/Los_Angeles,PST,-8,,,,,,,,,,,
Oregon,OR,Crane,,,,,,,,97732,43.41516,-118.578,America/Los_Angeles,PST,-8,,,,,,,,,,,
Oregon,OR,Crater Lake,,,,,,,,97604,42.94374,-122.107,America/Los_Angeles,PST,-8,,,,,,,,,,,
Oregon,OR,Crawfordsville,,,,,,,,97336,44.3593,-122.851,America/Los_Angeles,PST,-8,,,,,,,,,,,
Oregon,OR,Crescent,,,,,,,,97733,43.44422,-121.711,America/Los_Angeles,PST,-8,,,,,,,,,,,
Oregon,OR,Crescent Lake,,,,,,,,,43.51799,-121.95,America/Los_Angeles,PST,-8,,,,,,,,,,,
Oregon,OR,Creswell,,,,,,,,97426,43.89598,-123.042,America/Los_Angeles,PST,-8,,,,,,,,,,,
Oregon,OR,Crow,,,,,,,,,44.06799,-123.08,America/Los_Angeles,PST,-8,,,,,,,,,,,
Oregon,OR,Crowley,,,,,,,,,44.97845,-123.208,America/Los_Angeles,PST,-8,,,,,,,,,,,
Oregon,OR,Culver,,,,,,,,97734,44.49911,-121.268,America/Los_Angeles,PST,-8,,,,,,,,,,,
Oregon,OR,Curtain,,,,,,,,,43.74756,-123.196,America/Los_Angeles,PST,-8,,,,,,,,,,,
Oregon,OR,Cushman,,,,,,,,,0,0,,,,,,,,,,,,,,
Oregon,OR,Dairy,,,,,,,,97625,42.23515,-121.521,America/Los_Angeles,PST,-8,,,,,,,,,,,
Oregon,OR,Dallas,,,,,,,,97338,44.92809,-123.337,America/Los_Angeles,PST,-8,,,,,,,,,,,
Oregon,OR,Damascus,,,,,,,,,45.41352,-122.537,America/Los_Angeles,PST,-8,,,,,,,,,,,
Oregon,OR,Dayton,,,,,,,,97114,45.18714,-123.078,America/Los_Angeles,PST,-8,,,,,,,,,,,
Oregon,OR,Dayville,,,,,,,,97825,44.46527,-119.533,America/Los_Angeles,PST,-8,,,,,,,,,,,
Oregon,OR,De Lake,,,,,,,,,44.96233,-124.016,America/Los_Angeles,PST,-8,,,,,,,,,,,
Oregon,OR,Deadwood,,,,,,,,97430,44.1462,-123.682,America/Los_Angeles,PST,-8,,,,,,,,,,,
Oregon,OR,Dee,,,,,,,,,45.58817,-121.627,America/Los_Angeles,PST,-8,,,,,,,,,,,
Oregon,OR,Delta Park,,,,,,,,,0,0,,,,,,,,,,,,,,
Oregon,OR,Denmark,,,,,,,,,0,0,,,,,,,,,,,,,,
Oregon,OR,Depoe Bay,,,,,,,,97341,44.83221,-124.05,America/Los_Angeles,PST,-8,,,,,,,,,,,
Oregon,OR,Deschutes River Woods,,,,,,,,,45.27123,-123.868,America/Los_Angeles,PST,-8,,,,,,,,,,,
Oregon,OR,Detroit,,,,,,,,97342,44.73401,-122.15,America/Los_Angeles,PST,-8,,,,,,,,,,,
Oregon,OR,Dexter,,,,,,,,97431,43.91596,-122.823,America/Los_Angeles,PST,-8,,,,,,,,,,,
Oregon,OR,Diamond,,,,,,,,97722,43.0121,-118.666,America/Los_Angeles,PST,-8,,,,,,,,,,,
Oregon,OR,Diamond Lake,,,,,,,,,43.1468,-121.792,America/Los_Angeles,PST,-8,,,,,,,,,,,
Oregon,OR,Dilley,,,,,,,,,45.49067,-123.123,America/Los_Angeles,PST,-8,,,,,,,,,,,
Oregon,OR,Disston,,,,,,,,,43.69818,-122.77,America/Los_Angeles,PST,-8,,,,,,,,,,,
Oregon,OR,Donald,,,,,,,,97020,45.21992,-122.841,America/Los_Angeles,PST,-8,,,,,,,,,,,
Oregon,OR,Dorena,,,,,,,,97434,43.73612,-122.895,America/Los_Angeles,PST,-8,,,,,,,,,,,
Oregon,OR,Dorena Reservoir,,,,,,,,,43.73612,-122.895,America/Los_Angeles,PST,-8,,,,,,,,,,,
Oregon,OR,Drain,,,,,,,,97435,43.71662,-123.335,America/Los_Angeles,PST,-8,,,,,,,,,,,
Oregon,OR,Drewsey,,,,,,,,97904,43.80655,-118.377,America/Los_Angeles,PST,-8,,,,,,,,,,,
Oregon,OR,Dufur,,,,,,,,97021,45.39128,-121.143,America/Los_Angeles,PST,-8,,,,,,,,,,,
Oregon,OR,Dundee,,,,,,,,97115,45.27237,-123.021,America/Los_Angeles,PST,-8,,,,,,,,,,,
Oregon,OR,Dunes City,,,,,,,,,0,0,,,,,,,,,,,,,,
Oregon,OR,Dunnean,,,,,,,,,0,0,,,,,,,,,,,,,,
Oregon,OR,Durham,,,,,,,,,45.40206,-122.753,America/Los_Angeles,PST,-8,,,,,,,,,,,
Oregon,OR,Durkee,,,,,,,,97905,44.49883,-117.413,America/Los_Angeles,PST,-8,,,,,,,,,,,
Oregon,OR,Eagle Creek,,,,,,,,97022,45.34608,-122.312,America/Los_Angeles,PST,-8,,,,,,,,,,,
Oregon,OR,Eagle Point,,,,,,,,97524,42.47802,-122.636,America/Los_Angeles,PST,-8,,,,,,,,,,,
Oregon,OR,Echo,,,,,,,,97826,45.69275,-119.199,America/Los_Angeles,PST,-8,,,,,,,,,,,
Oregon,OR,Eddyville,,,,,,,,97343,44.60424,-123.736,America/Los_Angeles,PST,-8,,,,,,,,,,,
Oregon,OR,Elgin,,,,,,,,97827,45.61266,-117.908,America/Los_Angeles,PST,-8,,,,,,,,,,,
Oregon,OR,Elk City,,,,,,,,,44.61956,-123.88,America/Los_Angeles,PST,-8,,,,,,,,,,,
Oregon,OR,Elkhorn,,,,,,,,,0,0,,,,,,,,,,,,,,
Oregon,OR,Elkton,,,,,,,,97436,43.63762,-123.568,America/Los_Angeles,PST,-8,,,,,,,,,,,
Oregon,OR,Elsie,,,,,,,,,45.86567,-123.595,America/Los_Angeles,PST,-8,,,,,,,,,,,
Oregon,OR,Enterprise,,,,,,,,97828,45.6482,-117.17,America/Los_Angeles,PST,-8,,,,,,,,,,,
Oregon,OR,Estacada,,,,,,,,97023,45.22674,-122.248,America/Los_Angeles,PST,-8,,,,,,,,,,,
Oregon,OR,Eugene,,,,,,,,97408###97440###97405###97402###97401###97403###97404,44.06799,-123.08,America/Los_Angeles,PST,-8,,,,,,,,,,,
Oregon,OR,Eugene Airport,,,,,,,,,44.06799,-123.08,America/Los_Angeles,PST,-8,,,,,,,,,,,
Oregon,OR,Fairview,,,,,,,,97024,45.54662,-122.442,America/Los_Angeles,PST,-8,,,,,,,,,,,
Oregon,OR,Fall Creek Reservoir,,,,,,,,,43.9823,-122.769,America/Los_Angeles,PST,-8,,,,,,,,,,,
Oregon,OR,Falls City,,,,,,,,97344,44.87098,-123.473,America/Los_Angeles,PST,-8,,,,,,,,,,,
Oregon,OR,Farmington,,,,,,,,,0,0,,,,,,,,,,,,,,
Oregon,OR,Fern Ridge Reservoir,,,,,,,,,0,0,,,,,,,,,,,,,,
Oregon,OR,Fields,,,,,,,,97710,42.17418,-118.471,America/Los_Angeles,PST,-8,,,,,,,,,,,
Oregon,OR,Florence,,,,,,,,97439,44.06472,-123.997,America/Los_Angeles,PST,-8,,,,,,,,,,,
Oregon,OR,Forest Grove,,,,,,,,97116,45.59805,-123.182,America/Los_Angeles,PST,-8,,,,,,,,,,,
Oregon,OR,Fort Rock,,,,,,,,97735,43.35652,-121.054,America/Los_Angeles,PST,-8,,,,,,,,,,,
Oregon,OR,Foss,,,,,,,,,0,0,,,,,,,,,,,,,,
Oregon,OR,Fossil,,,,,,,,97830,44.92858,-120.131,America/Los_Angeles,PST,-8,,,,,,,,,,,
Oregon,OR,Foster Reservoir,,,,,,,,,44.41157,-122.579,America/Los_Angeles,PST,-8,,,,,,,,,,,
Oregon,OR,Four Corners,,,,,,,,,42.38957,-122.885,America/Los_Angeles,PST,-8,,,,,,,,,,,
Oregon,OR,Frenchglen,,,,,,,,97736,42.82683,-118.915,America/Los_Angeles,PST,-8,,,,,,,,,,,
Oregon,OR,Gales Creek,,,,,,,,97117,45.6042,-123.27,America/Los_Angeles,PST,-8,,,,,,,,,,,
Oregon,OR,Galice,,,,,,,,,45.41845,-122.308,America/Los_Angeles,PST,-8,,,,,,,,,,,
Oregon,OR,Garden Home-Whitford,,,,,,,,,0,0,,,,,,,,,,,,,,
Oregon,OR,Garibaldi,,,,,,,,97118,45.56257,-123.9,America/Los_Angeles,PST,-8,,,,,,,,,,,
Oregon,OR,Gaston,,,,,,,,97119,45.46617,-123.15,America/Los_Angeles,PST,-8,,,,,,,,,,,
Oregon,OR,Gates,,,,,,,,97346,44.76258,-122.373,America/Los_Angeles,PST,-8,,,,,,,,,,,
Oregon,OR,Gearhart,,,,,,,,,46.02428,-123.911,America/Los_Angeles,PST,-8,,,,,,,,,,,
Oregon,OR,Gervais,,,,,,,,97026,45.12005,-122.935,America/Los_Angeles,PST,-8,,,,,,,,,,,
Oregon,OR,Gilchrist,,,,,,,,97737,43.47707,-121.685,America/Los_Angeles,PST,-8,,,,,,,,,,,
Oregon,OR,Gladstone,,,,,,,,97027,45.39044,-122.593,America/Los_Angeles,PST,-8,,,,,,,,,,,
Oregon,OR,Glendale,,,,,,,,97442,42.76148,-123.391,America/Los_Angeles,PST,-8,,,,,,,,,,,
Oregon,OR,Gleneden Beach,,,,,,,,97388,44.88122,-124.034,America/Los_Angeles,PST,-8,,,,,,,,,,,
Oregon,OR,Glenwood,,,,,,,,,45.58083,-123.166,America/Los_Angeles,PST,-8,,,,,,,,,,,
Oregon,OR,Goble,,,,,,,,,46.01595,-122.875,America/Los_Angeles,PST,-8,,,,,,,,,,,
Oregon,OR,Gold Beach,,,,,,,,97444,42.40733,-124.422,America/Los_Angeles,PST,-8,,,,,,,,,,,
Oregon,OR,Gold Hill,,,,,,,,97525,42.43179,-123.051,America/Los_Angeles,PST,-8,,,,,,,,,,,
Oregon,OR,Goshen,,,,,,,,,43.9954,-123.011,America/Los_Angeles,PST,-8,,,,,,,,,,,
Oregon,OR,Government Camp,,,,,,,,97028,45.29717,-121.739,America/Los_Angeles,PST,-8,,,,,,,,,,,
Oregon,OR,Government Island,,,,,,,,,45.34097,-118.045,America/Los_Angeles,PST,-8,,,,,,,,,,,
Oregon,OR,Grande Ronde,,,,,,,,,45.05376,-123.648,America/Los_Angeles,PST,-8,,,,,,,,,,,
Oregon,OR,Grande Ronde Indian Reservation,,,,,,,,,0,0,,,,,,,,,,,,,,
Oregon,OR,Granite,,,,,,,,,0,0,,,,,,,,,,,,,,
Oregon,OR,Grants Pass,,,,,,,,97528###97527###97526,42.53565,-123.338,America/Los_Angeles,PST,-8,,,,,,,,,,,
Oregon,OR,Grass Valley,,,,,,,,97029,45.30654,-120.797,America/Los_Angeles,PST,-8,,,,,,,,,,,
Oregon,OR,Green,,,,,,,,,43.25081,-123.242,America/Los_Angeles,PST,-8,,,,,,,,,,,
Oregon,OR,Green Peter Reservoir,,,,,,,,,0,0,,,,,,,,,,,,,,
Oregon,OR,Greenberry,,,,,,,,,44.64249,-123.256,America/Los_Angeles,PST,-8,,,,,,,,,,,
Oregon,OR,Greenhorn,,,,,,,,,44.70793,-118.491,America/Los_Angeles,PST,-8,,,,,,,,,,,
Oregon,OR,Greenleaf,,,,,,,,,44.11373,-123.667,America/Los_Angeles,PST,-8,,,,,,,,,,,
Oregon,OR,Gresham,,,,,,,,97080###97030,45.50812,-122.43,America/Los_Angeles,PST,-8,,,,,,,,,,,
Oregon,OR,Haines,,,,,,,,97833,44.94156,-117.988,America/Los_Angeles,PST,-8,,,,,,,,,,,
Oregon,OR,Halfway,,,,,,,,97834,44.95225,-117.124,America/Los_Angeles,PST,-8,,,,,,,,,,,
Oregon,OR,Halsey,,,,,,,,97348,44.38584,-123.116,America/Los_Angeles,PST,-8,,,,,,,,,,,
Oregon,OR,Hamlet,,,,,,,,,0,0,,,,,,,,,,,,,,
Oregon,OR,Hammond,,,,,,,,97121,46.2001,-123.952,America/Los_Angeles,PST,-8,,,,,,,,,,,
Oregon,OR,Hampton,,,,,,,,,43.67264,-120.234,America/Los_Angeles,PST,-8,,,,,,,,,,,
Oregon,OR,Happy Valley,,,,,,,,97086,45.44679,-122.53,America/Los_Angeles,PST,-8,,,,,,,,,,,
Oregon,OR,Harbor,,,,,,,,,42.05317,-124.268,America/Los_Angeles,PST,-8,,,,,,,,,,,
Oregon,OR,Harlan,,,,,,,,,44.57526,-123.751,America/Los_Angeles,PST,-8,,,,,,,,,,,
Oregon,OR,Harper,,,,,,,,97906,43.83026,-117.626,America/Boise,MST,-7,,,,,,,,,,,
Oregon,OR,Harrisburg,,,,,,,,97446,44.27368,-123.108,America/Los_Angeles,PST,-8,,,,,,,,,,,
Oregon,OR,Hayesville,,,,,,,,,44.98595,-122.983,America/Los_Angeles,PST,-8,,,,,,,,,,,
Oregon,OR,Hebo,,,,,,,,97122,45.1768,-123.846,America/Los_Angeles,PST,-8,,,,,,,,,,,
Oregon,OR,Heceta Beach,,,,,,,,,44.03346,-124.131,America/Los_Angeles,PST,-8,,,,,,,,,,,
Oregon,OR,Heceta Head,,,,,,,,,43.97171,-120.623,,,,,,,,,,,,,,
Oregon,OR,Helix,,,,,,,,97835,45.90985,-118.756,America/Los_Angeles,PST,-8,,,,,,,,,,,
Oregon,OR,Heppner,,,,,,,,97836,45.30133,-119.578,America/Los_Angeles,PST,-8,,,,,,,,,,,
Oregon,OR,Hermiston,,,,,,,,97838,45.84041,-119.289,America/Los_Angeles,PST,-8,,,,,,,,,,,
Oregon,OR,Hills Creek Reservoir,,,,,,,,,0,0,,,,,,,,,,,,,,
Oregon,OR,Hillsboro,,,,,,,,97123###97124,45.4584,-122.978,America/Los_Angeles,PST,-8,,,,,,,,,,,
Oregon,OR,Hines,,,,,,,,97738,43.55577,-119.082,America/Los_Angeles,PST,-8,,,,,,,,,,,
Oregon,OR,Holley,,,,,,,,,44.35429,-122.783,America/Los_Angeles,PST,-8,,,,,,,,,,,
Oregon,OR,Hood River,,,,,,,,97031,45.7054,-121.521,America/Los_Angeles,PST,-8,,,,,,,,,,,
Oregon,OR,Horton,,,,,,,,,44.21116,-123.279,America/Los_Angeles,PST,-8,,,,,,,,,,,
Oregon,OR,Hoskins,,,,,,,,,0,0,,,,,,,,,,,,,,
Oregon,OR,Howard Prairie,,,,,,,,,0,0,,,,,,,,,,,,,,
Oregon,OR,Hubbard,,,,,,,,97032,45.1969,-122.812,America/Los_Angeles,PST,-8,,,,,,,,,,,
Oregon,OR,Huntington,,,,,,,,97907,44.43275,-117.389,America/Los_Angeles,PST,-8,,,,,,,,,,,
Oregon,OR,Idanha,,,,,,,,97350,44.70013,-122.074,America/Los_Angeles,PST,-8,,,,,,,,,,,
Oregon,OR,Imbler,,,,,,,,97841,45.47492,-117.957,America/Los_Angeles,PST,-8,,,,,,,,,,,
Oregon,OR,Independence,,,,,,,,97351,44.85123,-123.187,America/Los_Angeles,PST,-8,,,,,,,,,,,
Oregon,OR,Ione,,,,,,,,97843,45.45653,-119.842,America/Los_Angeles,PST,-8,,,,,,,,,,,
Oregon,OR,Ironside,,,,,,,,97908,44.34106,-117.819,America/Boise,MST,-7,,,,,,,,,,,
Oregon,OR,Irrigon,,,,,,,,97844,45.89569,-119.491,America/Los_Angeles,PST,-8,,,,,,,,,,,
Oregon,OR,Island City,,,,,,,,,45.34097,-118.045,America/Los_Angeles,PST,-8,,,,,,,,,,,
Oregon,OR,Jacksonville,,,,,,,,97530,42.18133,-123.024,America/Los_Angeles,PST,-8,,,,,,,,,,,
Oregon,OR,Jamieson,,,,,,,,97909,44.21609,-117.481,America/Boise,MST,-7,,,,,,,,,,,
Oregon,OR,Jantzen Beach,,,,,,,,,0,0,,,,,,,,,,,,,,
Oregon,OR,Jasper,,,,,,,,,43.94424,-122.682,America/Los_Angeles,PST,-8,,,,,,,,,,,
Oregon,OR,Jefferson,,,,,,,,97352,44.76803,-123.004,America/Los_Angeles,PST,-8,,,,,,,,,,,
Oregon,OR,Jennings Lodge,,,,,,,,,45.39123,-122.613,America/Los_Angeles,PST,-8,,,,,,,,,,,
Oregon,OR,Jewell,,,,,,,,,45.93456,-123.504,America/Los_Angeles,PST,-8,,,,,,,,,,,
Oregon,OR,John Day,,,,,,,,97845,44.41599,-118.953,America/Los_Angeles,PST,-8,,,,,,,,,,,
Oregon,OR,Johnson City,,,,,,,,,45.40457,-122.579,America/Los_Angeles,PST,-8,,,,,,,,,,,
Oregon,OR,Jordan,,,,,,,,,0,0,,,,,,,,,,,,,,
Oregon,OR,Jordan Valley,,,,,,,,97910,42.95117,-117.469,America/Boise,MST,-7,,,,,,,,,,,
Oregon,OR,Joseph,,,,,,,,97846,45.40607,-117.073,America/Los_Angeles,PST,-8,,,,,,,,,,,
Oregon,OR,Junction City,,,,,,,,97448,44.19257,-123.274,America/Los_Angeles,PST,-8,,,,,,,,,,,
Oregon,OR,Juntura,,,,,,,,97911,43.82076,-118.037,America/Boise,MST,-7,,,,,,,,,,,
Oregon,OR,Keizer,,,,,,,,97307,44.98447,-122.457,America/Los_Angeles,PST,-8,,,,,,,,,,,
Oregon,OR,Keno,,,,,,,,97627,42.12653,-121.93,America/Los_Angeles,PST,-8,,,,,,,,,,,
Oregon,OR,Kerby,,,,,,,,97531,42.19428,-123.652,America/Los_Angeles,PST,-8,,,,,,,,,,,
Oregon,OR,Kernville,,,,,,,,,44.89928,-124.005,America/Los_Angeles,PST,-8,,,,,,,,,,,
Oregon,OR,King City,,,,,,,,,45.40262,-122.804,America/Los_Angeles,PST,-8,,,,,,,,,,,
Oregon,OR,Kings Valley,,,,,,,,,44.70679,-123.435,America/Los_Angeles,PST,-8,,,,,,,,,,,
Oregon,OR,Klamath Falls,,,,,,,,97602###97601###97603,42.29329,-121.817,America/Los_Angeles,PST,-8,,,,,,,,,,,
Oregon,OR,Klaskanine Summit,,,,,,,,,44.56382,-123.445,America/Los_Angeles,PST,-8,,,,,,,,,,,
Oregon,OR,Knappa,,,,,,,,,46.18511,-123.586,America/Los_Angeles,PST,-8,,,,,,,,,,,
Oregon,OR,La Grande,,,,,,,,97850,45.29535,-118.165,America/Los_Angeles,PST,-8,,,,,,,,,,,
Oregon,OR,La Pine,,,,,,,,97739,43.69219,-121.565,America/Los_Angeles,PST,-8,,,,,,,,,,,
Oregon,OR,Lacomb,,,,,,,,,44.58512,-122.743,America/Los_Angeles,PST,-8,,,,,,,,,,,
Oregon,OR,Lafayette,,,,,,,,97127,45.24428,-123.115,America/Los_Angeles,PST,-8,,,,,,,,,,,
Oregon,OR,Lake Oswego,,,,,,,,97035###97034,45.40837,-122.691,America/Los_Angeles,PST,-8,,,,,,,,,,,
Oregon,OR,Lakeside,,,,,,,,97449,43.58377,-124.123,America/Los_Angeles,PST,-8,,,,,,,,,,,
Oregon,OR,Lakeview,,,,,,,,97630,42.18076,-120.37,America/Los_Angeles,PST,-8,,,,,,,,,,,
Oregon,OR,Langlois,,,,,,,,97450,42.89313,-124.406,America/Los_Angeles,PST,-8,,,,,,,,,,,
Oregon,OR,Leaburg,,,,,,,,,0,0,,,,,,,,,,,,,,
Oregon,OR,Lebanon,,,,,,,,97355,44.52638,-122.827,America/Los_Angeles,PST,-8,,,,,,,,,,,
Oregon,OR,Lees Camp,,,,,,,,,0,0,,,,,,,,,,,,,,
Oregon,OR,Lewisburg,,,,,,,,,44.62901,-123.241,America/Los_Angeles,PST,-8,,,,,,,,,,,
Oregon,OR,Lexington,,,,,,,,97839,45.49382,-119.638,America/Los_Angeles,PST,-8,,,,,,,,,,,
Oregon,OR,Lincoln Beach,,,,,,,,,44.85039,-124.047,America/Los_Angeles,PST,-8,,,,,,,,,,,
Oregon,OR,Lincoln City,,,,,,,,97367,44.90889,-123.989,America/Los_Angeles,PST,-8,,,,,,,,,,,
Oregon,OR,Little Valley,,,,,,,,,0,0,,,,,,,,,,,,,,
Oregon,OR,Lloyd Center,,,,,,,,,0,0,,,,,,,,,,,,,,
Oregon,OR,Logsden,,,,,,,,97357,44.74317,-123.794,America/Los_Angeles,PST,-8,,,,,,,,,,,
Oregon,OR,Lolo Pass,,,,,,,,,0,0,,,,,,,,,,,,,,
Oregon,OR,Lonerock,,,,,,,,,45.08903,-119.883,America/Los_Angeles,PST,-8,,,,,,,,,,,
Oregon,OR,Long Creek,,,,,,,,97856,44.71369,-119.091,America/Los_Angeles,PST,-8,,,,,,,,,,,
Oregon,OR,Lookout Point Reservoir,,,,,,,,,0,0,,,,,,,,,,,,,,
Oregon,OR,Lorane,,,,,,,,97451,43.81772,-123.273,America/Los_Angeles,PST,-8,,,,,,,,,,,
Oregon,OR,Lorella,,,,,,,,,42.1371,-121.272,America/Los_Angeles,PST,-8,,,,,,,,,,,
Oregon,OR,Lost Lake,,,,,,,,,0,0,,,,,,,,,,,,,,
Oregon,OR,Lostine,,,,,,,,97857,45.46508,-117.457,America/Los_Angeles,PST,-8,,,,,,,,,,,
Oregon,OR,Lowell,,,,,,,,97452,43.88542,-122.694,America/Los_Angeles,PST,-8,,,,,,,,,,,
Oregon,OR,Lyons,,,,,,,,97358,44.74992,-122.595,America/Los_Angeles,PST,-8,,,,,,,,,,,
Oregon,OR,Madras,,,,,,,,97741,44.62616,-121.128,America/Los_Angeles,PST,-8,,,,,,,,,,,
Oregon,OR,Malheur City,,,,,,,,,43.97171,-120.623,,,,,,,,,,,,,,
Oregon,OR,Malin,,,,,,,,97632,42.01266,-121.409,America/Los_Angeles,PST,-8,,,,,,,,,,,
Oregon,OR,Manning,,,,,,,,97125,45.67111,-123.197,America/Los_Angeles,PST,-8,,,,,,,,,,,
Oregon,OR,Manzanita,,,,,,,,97130,45.71844,-123.935,America/Los_Angeles,PST,-8,,,,,,,,,,,
Oregon,OR,Mapleton,,,,,,,,97453,44.01009,-123.901,America/Los_Angeles,PST,-8,,,,,,,,,,,
Oregon,OR,Marcola,,,,,,,,97454,44.21273,-122.813,America/Los_Angeles,PST,-8,,,,,,,,,,,
Oregon,OR,Marion,,,,,,,,,44.98447,-122.457,America/Los_Angeles,PST,-8,,,,,,,,,,,
Oregon,OR,Marion Forks,,,,,,,,,44.63151,-121.864,America/Los_Angeles,PST,-8,,,,,,,,,,,
Oregon,OR,Marquam,,,,,,,,,45.09544,-122.559,America/Los_Angeles,PST,-8,,,,,,,,,,,
Oregon,OR,Maupin,,,,,,,,97037,45.17512,-121.081,America/Los_Angeles,PST,-8,,,,,,,,,,,
Oregon,OR,Mayger,,,,,,,,,46.16344,-123.108,America/Los_Angeles,PST,-8,,,,,,,,,,,
Oregon,OR,Mccredie Springs,,,,,,,,,43.74068,-122.387,America/Los_Angeles,PST,-8,,,,,,,,,,,
Oregon,OR,Mckenzie Bridge,,,,,,,,,44.17512,-122.164,America/Los_Angeles,PST,-8,,,,,,,,,,,
Oregon,OR,Mckenzie Pass,,,,,,,,,0,0,,,,,,,,,,,,,,
Oregon,OR,McMinnville,,,,,,,,97128,45.18744,-123.237,America/Los_Angeles,PST,-8,,,,,,,,,,,
Oregon,OR,Medford,,,,,,,,97501###97504,42.26597,-122.901,America/Los_Angeles,PST,-8,,,,,,,,,,,
Oregon,OR,Mehema,,,,,,,,,44.79027,-122.619,America/Los_Angeles,PST,-8,,,,,,,,,,,
Oregon,OR,Merlin,,,,,,,,97532,42.51734,-123.42,America/Los_Angeles,PST,-8,,,,,,,,,,,
Oregon,OR,Merrill,,,,,,,,97633,42.02515,-121.601,America/Los_Angeles,PST,-8,,,,,,,,,,,
Oregon,OR,Metolius,,,,,,,,,44.58651,-121.178,America/Los_Angeles,PST,-8,,,,,,,,,,,
Oregon,OR,Midland,,,,,,,,97634,42.1307,-121.82,America/Los_Angeles,PST,-8,,,,,,,,,,,
Oregon,OR,Mill City,,,,,,,,97360,44.75401,-122.478,America/Los_Angeles,PST,-8,,,,,,,,,,,
Oregon,OR,Millersburg,,,,,,,,,44.68096,-123.061,America/Los_Angeles,PST,-8,,,,,,,,,,,
Oregon,OR,Milton-Freewater,,,,,,,,,45.93263,-118.388,America/Los_Angeles,PST,-8,,,,,,,,,,,
Oregon,OR,Milwaukie,,,,,,,,,45.44623,-122.639,America/Los_Angeles,PST,-8,,,,,,,,,,,
Oregon,OR,Mission,,,,,,,,,0,0,,,,,,,,,,,,,,
Oregon,OR,Mist,,,,,,,,,45.99622,-123.257,America/Los_Angeles,PST,-8,,,,,,,,,,,
Oregon,OR,Mitchell,,,,,,,,97750,44.56652,-120.153,America/Los_Angeles,PST,-8,,,,,,,,,,,
Oregon,OR,Modoc Point,,,,,,,,,42.44486,-121.868,America/Los_Angeles,PST,-8,,,,,,,,,,,
Oregon,OR,Mohawk,,,,,,,,,0,0,,,,,,,,,,,,,,
Oregon,OR,Mohler,,,,,,,,,44.36012,-123.166,America/Los_Angeles,PST,-8,,,,,,,,,,,
Oregon,OR,Molalla,,,,,,,,97038,45.07841,-122.565,America/Los_Angeles,PST,-8,,,,,,,,,,,
Oregon,OR,Monitor,,,,,,,,,45.10151,-122.748,America/Los_Angeles,PST,-8,,,,,,,,,,,
Oregon,OR,Monmouth,,,,,,,,97361,44.80877,-123.326,America/Los_Angeles,PST,-8,,,,,,,,,,,
Oregon,OR,Monroe,,,,,,,,97456,44.34678,-123.326,America/Los_Angeles,PST,-8,,,,,,,,,,,
Oregon,OR,Monument,,,,,,,,97864,44.81889,-119.419,America/Los_Angeles,PST,-8,,,,,,,,,,,
Oregon,OR,Moro,,,,,,,,97039,45.50256,-120.684,America/Los_Angeles,PST,-8,,,,,,,,,,,
Oregon,OR,Mosier,,,,,,,,97040,45.65079,-121.379,America/Los_Angeles,PST,-8,,,,,,,,,,,
Oregon,OR,Mount Angel,,,,,,,,97362,45.0679,-122.8,America/Los_Angeles,PST,-8,,,,,,,,,,,
Oregon,OR,Mount Hood,,,,,,,,,45.49288,-121.598,America/Los_Angeles,PST,-8,,,,,,,,,,,
Oregon,OR,Mount Jefferson,,,,,,,,,44.76803,-123.004,America/Los_Angeles,PST,-8,,,,,,,,,,,
Oregon,OR,Mount Vernon,,,,,,,,97865,44.44699,-119.097,America/Los_Angeles,PST,-8,,,,,,,,,,,
Oregon,OR,Mt Tabor,,,,,,,,,0,0,,,,,,,,,,,,,,
Oregon,OR,Mulino,,,,,,,,97042,45.20144,-122.538,America/Los_Angeles,PST,-8,,,,,,,,,,,
Oregon,OR,Multnomah Falls,,,,,,,,,45.46956,-122.707,America/Los_Angeles,PST,-8,,,,,,,,,,,
Oregon,OR,Murphy,,,,,,,,97533,42.30801,-123.327,America/Los_Angeles,PST,-8,,,,,,,,,,,
Oregon,OR,Myrtle Creek,,,,,,,,97457,43.02012,-123.293,America/Los_Angeles,PST,-8,,,,,,,,,,,
Oregon,OR,Myrtle Point,,,,,,,,97458,43.02002,-124.136,America/Los_Angeles,PST,-8,,,,,,,,,,,
Oregon,OR,Narrows,,,,,,,,,0,0,,,,,,,,,,,,,,
Oregon,OR,Necanicum,,,,,,,,,0,0,,,,,,,,,,,,,,
Oregon,OR,Nehalem,,,,,,,,97131,45.65193,-123.854,America/Los_Angeles,PST,-8,,,,,,,,,,,
Oregon,OR,Nesika Beach,,,,,,,,,42.50622,-124.413,America/Los_Angeles,PST,-8,,,,,,,,,,,
Oregon,OR,Neskowin,,,,,,,,97149,45.09701,-123.943,America/Los_Angeles,PST,-8,,,,,,,,,,,
Oregon,OR,Netarts,,,,,,,,97143,45.43405,-123.946,America/Los_Angeles,PST,-8,,,,,,,,,,,
Oregon,OR,New Pine Creek,,,,,,,,97635,41.99405,-120.297,America/Los_Angeles,PST,-8,,,,,,,,,,,
Oregon,OR,New Princeton,,,,,,,,,42.52676,-118.445,America/Los_Angeles,PST,-8,,,,,,,,,,,
Oregon,OR,Newberg,,,,,,,,97132,45.32948,-122.981,America/Los_Angeles,PST,-8,,,,,,,,,,,
Oregon,OR,Newport,,,,,,,,97365,44.63678,-124.053,America/Los_Angeles,PST,-8,,,,,,,,,,,
Oregon,OR,Nimrod,,,,,,,,,0,0,,,,,,,,,,,,,,
Oregon,OR,North Albany,,,,,,,,,44.6529,-123.102,America/Los_Angeles,PST,-8,,,,,,,,,,,
Oregon,OR,North Bend,,,,,,,,97459,43.4065,-124.224,America/Los_Angeles,PST,-8,,,,,,,,,,,
Oregon,OR,North Plains,,,,,,,,97133,45.66857,-123.028,America/Los_Angeles,PST,-8,,,,,,,,,,,
Oregon,OR,North Powder,,,,,,,,97867,45.04398,-117.981,America/Los_Angeles,PST,-8,,,,,,,,,,,
Oregon,OR,North Siuslaw,,,,,,,,,0,0,,,,,,,,,,,,,,
Oregon,OR,Northeast Umatilla,,,,,,,,,45.91735,-119.343,America/Los_Angeles,PST,-8,,,,,,,,,,,
Oregon,OR,Northwest Clackamas,,,,,,,,,45.41504,-122.499,America/Los_Angeles,PST,-8,,,,,,,,,,,
Oregon,OR,Northwest Jackson,,,,,,,,,0,0,,,,,,,,,,,,,,
Oregon,OR,Northwest Josephine,,,,,,,,,0,0,,,,,,,,,,,,,,
Oregon,OR,Northwest Umatilla,,,,,,,,,45.91735,-119.343,America/Los_Angeles,PST,-8,,,,,,,,,,,
Oregon,OR,Noti,,,,,,,,97461,44.09917,-123.468,America/Los_Angeles,PST,-8,,,,,,,,,,,
Oregon,OR,Nyssa,,,,,,,,97913,43.62755,-117.208,America/Boise,MST,-7,,,,,,,,,,,
Oregon,OR,Oak Grove,,,,,,,,,45.66262,-121.589,America/Los_Angeles,PST,-8,,,,,,,,,,,
Oregon,OR,Oak Hills,,,,,,,,,0,0,,,,,,,,,,,,,,
Oregon,OR,Oakland,,,,,,,,97462,43.50323,-123.414,America/Los_Angeles,PST,-8,,,,,,,,,,,
Oregon,OR,Oakridge,,,,,,,,97463,43.73761,-122.438,America/Los_Angeles,PST,-8,,,,,,,,,,,
Oregon,OR,Oatfield,,,,,,,,,0,0,,,,,,,,,,,,,,
Oregon,OR,Obrien,,,,,,,,,42.08794,-123.689,America/Los_Angeles,PST,-8,,,,,,,,,,,
Oregon,OR,Oceanside,,,,,,,,97134,45.45758,-123.977,America/Los_Angeles,PST,-8,,,,,,,,,,,
Oregon,OR,Ochoco,,,,,,,,,0,0,,,,,,,,,,,,,,
Oregon,OR,Odell,,,,,,,,97044,45.64374,-121.537,America/Los_Angeles,PST,-8,,,,,,,,,,,
Oregon,OR,Olene,,,,,,,,,42.17181,-121.631,America/Los_Angeles,PST,-8,,,,,,,,,,,
Oregon,OR,Olney,,,,,,,,,46.10011,-123.758,America/Los_Angeles,PST,-8,,,,,,,,,,,
Oregon,OR,Ona,,,,,,,,,0,0,,,,,,,,,,,,,,
Oregon,OR,Ontario,,,,,,,,97914,44.09313,-117.08,America/Boise,MST,-7,,,,,,,,,,,
Oregon,OR,Ophir,,,,,,,,97464,42.73989,-124.511,America/Los_Angeles,PST,-8,,,,,,,,,,,
Oregon,OR,Oregon City,,,,,,,,97045,45.31789,-122.524,America/Los_Angeles,PST,-8,,,,,,,,,,,
Oregon,OR,Otis,,,,,,,,97368,45.00216,-123.906,America/Los_Angeles,PST,-8,,,,,,,,,,,
Oregon,OR,Otter Rock,,,,,,,,97369,44.75882,-124.063,America/Los_Angeles,PST,-8,,,,,,,,,,,
Oregon,OR,Owyhee,,,,,,,,,0,0,,,,,,,,,,,,,,
Oregon,OR,Oxbow Dam,,,,,,,,,44.97488,-116.863,America/Los_Angeles,PST,-8,,,,,,,,,,,
Oregon,OR,Pacific City,,,,,,,,97135,45.20498,-123.959,America/Los_Angeles,PST,-8,,,,,,,,,,,
Oregon,OR,Paisley,,,,,,,,97636,42.69376,-120.546,America/Los_Angeles,PST,-8,,,,,,,,,,,
Oregon,OR,Parkdale,,,,,,,,,45.51984,-121.597,America/Los_Angeles,PST,-8,,,,,,,,,,,
Oregon,OR,Parkrose,,,,,,,,,45.55776,-122.505,America/Los_Angeles,PST,-8,,,,,,,,,,,
Oregon,OR,Pendleton,,,,,,,,97801,45.67208,-118.789,America/Los_Angeles,PST,-8,,,,,,,,,,,
Oregon,OR,Peoria,,,,,,,,,44.44873,-123.207,America/Los_Angeles,PST,-8,,,,,,,,,,,
Oregon,OR,Perrydale,,,,,,,,,45.04262,-123.256,America/Los_Angeles,PST,-8,,,,,,,,,,,
Oregon,OR,Philomath,,,,,,,,97370,44.55514,-123.439,America/Los_Angeles,PST,-8,,,,,,,,,,,
Oregon,OR,Phoenix,,,,,,,,97535,42.26256,-122.815,America/Los_Angeles,PST,-8,,,,,,,,,,,
Oregon,OR,Pike,,,,,,,,,45.37622,-123.261,America/Los_Angeles,PST,-8,,,,,,,,,,,
Oregon,OR,Pilot Rock,,,,,,,,97868,45.42115,-118.86,America/Los_Angeles,PST,-8,,,,,,,,,,,
Oregon,OR,Pistol River,,,,,,,,,42.27706,-124.395,America/Los_Angeles,PST,-8,,,,,,,,,,,
Oregon,OR,Pittsburg,,,,,,,,,0,0,,,,,,,,,,,,,,
Oregon,OR,Pleasant Hill,,,,,,,,97455,43.96736,-122.915,America/Los_Angeles,PST,-8,,,,,,,,,,,
Oregon,OR,Pleasant Valley,,,,,,,,,45.36538,-123.804,America/Los_Angeles,PST,-8,,,,,,,,,,,
Oregon,OR,Port Orford,,,,,,,,97465,42.70316,-124.451,America/Los_Angeles,PST,-8,,,,,,,,,,,
Oregon,OR,Portland,,,,,,,,97232###97222###97221###97220###97233###97223###97225###97227###97228###97219###97224###97230###97254###97231###97229###97236###97291###97216###97296###97205###97204###97298###97286###97203###97213###97283###97215###97206###97214###97211###97210###97209###97212###97292###97293###97208###97207###97294###97282###97238###97217###97218###97253###97202###97268###97267###97266###97258###97256###97239###97201###97242###97281###97240###97269###97290###97280,45.50786,-122.691,America/Los_Angeles,PST,-8,,,,,,,,,,,
Oregon,OR,Portland Airport,,,,,,,,,45.50786,-122.691,America/Los_Angeles,PST,-8,,,,,,,,,,,
Oregon,OR,Powellhurst,,,,,,,,,45.50401,-122.538,America/Los_Angeles,PST,-8,,,,,,,,,,,
Oregon,OR,Powers,,,,,,,,97466,42.87998,-124.071,America/Los_Angeles,PST,-8,,,,,,,,,,,
Oregon,OR,Prairie City,,,,,,,,97869,44.45992,-118.704,America/Los_Angeles,PST,-8,,,,,,,,,,,
Oregon,OR,Prescott,,,,,,,,,46.049,-122.887,America/Los_Angeles,PST,-8,,,,,,,,,,,
Oregon,OR,Prineville,,,,,,,,97754,44.16805,-120.66,America/Los_Angeles,PST,-8,,,,,,,,,,,
Oregon,OR,Prospect,,,,,,,,97536,42.75096,-122.489,America/Los_Angeles,PST,-8,,,,,,,,,,,
Oregon,OR,Provolt,,,,,,,,,0,0,,,,,,,,,,,,,,
Oregon,OR,Quincy,,,,,,,,,46.14372,-123.16,America/Los_Angeles,PST,-8,,,,,,,,,,,
Oregon,OR,Rainier,,,,,,,,97048,46.03834,-122.973,America/Los_Angeles,PST,-8,,,,,,,,,,,
Oregon,OR,Raleigh Hills,,,,,,,,,45.48067,-122.762,America/Los_Angeles,PST,-8,,,,,,,,,,,
Oregon,OR,Redland,,,,,,,,,45.34346,-122.493,America/Los_Angeles,PST,-8,,,,,,,,,,,
Oregon,OR,Redmond,,,,,,,,97756,44.26886,-121.266,America/Los_Angeles,PST,-8,,,,,,,,,,,
Oregon,OR,Redwood,,,,,,,,,0,0,,,,,,,,,,,,,,
Oregon,OR,Reedsport,,,,,,,,97467,43.70234,-124.097,America/Los_Angeles,PST,-8,,,,,,,,,,,
Oregon,OR,Rhododendron,,,,,,,,97049,45.34654,-121.915,America/Los_Angeles,PST,-8,,,,,,,,,,,
Oregon,OR,Richland,,,,,,,,97870,44.79463,-117.23,America/Los_Angeles,PST,-8,,,,,,,,,,,
Oregon,OR,Rickreall,,,,,,,,97371,44.99102,-123.209,America/Los_Angeles,PST,-8,,,,,,,,,,,
Oregon,OR,Riddle,,,,,,,,97469,42.95095,-123.364,America/Los_Angeles,PST,-8,,,,,,,,,,,
Oregon,OR,Riley,,,,,,,,97758,43.54154,-119.504,America/Los_Angeles,PST,-8,,,,,,,,,,,
Oregon,OR,Riverside,,,,,,,,97917,43.50992,-118.099,America/Boise,MST,-7,,,,,,,,,,,
Oregon,OR,Rock Creek,,,,,,,,,45.57263,-120.297,America/Los_Angeles,PST,-8,,,,,,,,,,,
Oregon,OR,Rockaway Beach,,,,,,,,97136,45.63521,-123.913,America/Los_Angeles,PST,-8,,,,,,,,,,,
Oregon,OR,Rockcreek,,,,,,,,,45.57263,-120.297,America/Los_Angeles,PST,-8,,,,,,,,,,,
Oregon,OR,Rockwood,,,,,,,,,45.51901,-122.477,America/Los_Angeles,PST,-8,,,,,,,,,,,
Oregon,OR,Rocky Butte,,,,,,,,,0,0,,,,,,,,,,,,,,
Oregon,OR,Rogue River,,,,,,,,97537,42.43595,-123.172,America/Los_Angeles,PST,-8,,,,,,,,,,,
Oregon,OR,Rome,,,,,,,,,42.83905,-117.628,America/Boise,MST,-7,,,,,,,,,,,
Oregon,OR,Rooster Rock State Park,,,,,,,,,0,0,,,,,,,,,,,,,,
Oregon,OR,Rose Lodge,,,,,,,,,44.65998,-123.892,America/Los_Angeles,PST,-8,,,,,,,,,,,
Oregon,OR,Roseburg,,,,,,,,97470###97471,43.2165,-123.342,America/Los_Angeles,PST,-8,,,,,,,,,,,
Oregon,OR,Round Mountain,,,,,,,,,0,0,,,,,,,,,,,,,,
Oregon,OR,Ruch,,,,,,,,,42.23651,-123.042,America/Los_Angeles,PST,-8,,,,,,,,,,,
Oregon,OR,Rufus,,,,,,,,97050,45.69485,-120.736,America/Los_Angeles,PST,-8,,,,,,,,,,,
Oregon,OR,Saddle Mountain,,,,,,,,,0,0,,,,,,,,,,,,,,
Oregon,OR,Saginaw,,,,,,,,,43.86385,-122.999,America/Los_Angeles,PST,-8,,,,,,,,,,,
Oregon,OR,Salem,,,,,,,,97302###97303###97304###97306###97313###97301###97308###97309###97314###97312###97311###97310###97305###97317,44.94878,-123.004,America/Los_Angeles,PST,-8,,,,,,,,,,,
Oregon,OR,Salmonberry,,,,,,,,,0,0,,,,,,,,,,,,,,
Oregon,OR,Sandlake,,,,,,,,,45.30316,-123.923,America/Los_Angeles,PST,-8,,,,,,,,,,,
Oregon,OR,Sandy,,,,,,,,97055,45.38855,-122.173,America/Los_Angeles,PST,-8,,,,,,,,,,,
Oregon,OR,Santa Clara,,,,,,,,,44.10346,-123.131,America/Los_Angeles,PST,-8,,,,,,,,,,,
Oregon,OR,Santiam Junction,,,,,,,,,44.19257,-123.274,America/Los_Angeles,PST,-8,,,,,,,,,,,
Oregon,OR,Santiam Pass,,,,,,,,,43.97171,-120.623,,,,,,,,,,,,,,
Oregon,OR,Sauvie Island,,,,,,,,,45.34097,-118.045,America/Los_Angeles,PST,-8,,,,,,,,,,,
Oregon,OR,Scappoose,,,,,,,,97056,45.81158,-122.974,America/Los_Angeles,PST,-8,,,,,,,,,,,
Oregon,OR,Scholls,,,,,,,,,45.40817,-122.922,America/Los_Angeles,PST,-8,,,,,,,,,,,
Oregon,OR,Scio,,,,,,,,97374,44.68961,-122.749,America/Los_Angeles,PST,-8,,,,,,,,,,,
Oregon,OR,Scio-Lacomb,,,,,,,,,44.58512,-122.743,America/Los_Angeles,PST,-8,,,,,,,,,,,
Oregon,OR,Scotts Mills,,,,,,,,97375,44.9897,-122.619,America/Los_Angeles,PST,-8,,,,,,,,,,,
Oregon,OR,Scottsburg,,,,,,,,97473,43.67185,-123.826,America/Los_Angeles,PST,-8,,,,,,,,,,,
Oregon,OR,Seal Rock,,,,,,,,97376,44.4874,-123.957,America/Los_Angeles,PST,-8,,,,,,,,,,,
Oregon,OR,Seaside,,,,,,,,97138,45.99316,-123.923,America/Los_Angeles,PST,-8,,,,,,,,,,,
Oregon,OR,Sellwood,,,,,,,,,0,0,,,,,,,,,,,,,,
Oregon,OR,Selma,,,,,,,,97538,42.26544,-123.551,America/Los_Angeles,PST,-8,,,,,,,,,,,
Oregon,OR,Seneca,,,,,,,,97873,44.1346,-118.972,America/Los_Angeles,PST,-8,,,,,,,,,,,
Oregon,OR,Shady Cove,,,,,,,,97539,42.62122,-122.756,America/Los_Angeles,PST,-8,,,,,,,,,,,
Oregon,OR,Shaniko,,,,,,,,97057,45.00374,-120.752,America/Los_Angeles,PST,-8,,,,,,,,,,,
Oregon,OR,Shedd,,,,,,,,97377,44.43599,-123.106,America/Los_Angeles,PST,-8,,,,,,,,,,,
Oregon,OR,Sheridan,,,,,,,,97378,45.14595,-123.386,America/Los_Angeles,PST,-8,,,,,,,,,,,
Oregon,OR,Sherwood,,,,,,,,97140,45.37148,-122.875,America/Los_Angeles,PST,-8,,,,,,,,,,,
Oregon,OR,Shortys Corner,,,,,,,,,0,0,,,,,,,,,,,,,,
Oregon,OR,Siletz,,,,,,,,97380,44.72178,-123.92,America/Los_Angeles,PST,-8,,,,,,,,,,,
Oregon,OR,Siltcoos,,,,,,,,,43.77475,-124.157,America/Los_Angeles,PST,-8,,,,,,,,,,,
Oregon,OR,Silver Falls,,,,,,,,,0,0,,,,,,,,,,,,,,
Oregon,OR,Silver Lake,,,,,,,,97638,43.12792,-121.046,America/Los_Angeles,PST,-8,,,,,,,,,,,
Oregon,OR,Silverton,,,,,,,,97381,44.9545,-122.748,America/Los_Angeles,PST,-8,,,,,,,,,,,
Oregon,OR,Siskiyou Summit,,,,,,,,,44.56382,-123.445,America/Los_Angeles,PST,-8,,,,,,,,,,,
Oregon,OR,Sisters,,,,,,,,97759,44.31648,-121.509,America/Los_Angeles,PST,-8,,,,,,,,,,,
Oregon,OR,Sisters-Millican,,,,,,,,,43.88957,-121.444,America/Los_Angeles,PST,-8,,,,,,,,,,,
Oregon,OR,Sitkum,,,,,,,,,43.14817,-123.861,America/Los_Angeles,PST,-8,,,,,,,,,,,
Oregon,OR,Sixes,,,,,,,,97476,42.82011,-124.483,America/Los_Angeles,PST,-8,,,,,,,,,,,
Oregon,OR,Snow Peak,,,,,,,,,45.37622,-123.261,America/Los_Angeles,PST,-8,,,,,,,,,,,
Oregon,OR,Sodaville,,,,,,,,,44.48457,-122.872,America/Los_Angeles,PST,-8,,,,,,,,,,,
Oregon,OR,Somerset West-Rock Creek,,,,,,,,,45.57263,-120.297,America/Los_Angeles,PST,-8,,,,,,,,,,,
Oregon,OR,South Beach,,,,,,,,97366,44.57465,-124.043,America/Los_Angeles,PST,-8,,,,,,,,,,,
Oregon,OR,Southwest Jackson,,,,,,,,,0,0,,,,,,,,,,,,,,
Oregon,OR,Spitzenberg,,,,,,,,,0,0,,,,,,,,,,,,,,
Oregon,OR,Sprague River,,,,,,,,97639,42.45542,-121.504,America/Los_Angeles,PST,-8,,,,,,,,,,,
Oregon,OR,Spray,,,,,,,,97874,44.7801,-119.914,America/Los_Angeles,PST,-8,,,,,,,,,,,
Oregon,OR,Springfield,,,,,,,,97477###97478,44.05847,-123.012,America/Los_Angeles,PST,-8,,,,,,,,,,,
Oregon,OR,St. Helens,,,,,,,,,45.88779,-122.92,America/Los_Angeles,PST,-8,,,,,,,,,,,
Oregon,OR,St. Johns,,,,,,,,,45.59012,-122.755,America/Los_Angeles,PST,-8,,,,,,,,,,,
Oregon,OR,St. Paul,,,,,,,,,45.20826,-122.949,America/Los_Angeles,PST,-8,,,,,,,,,,,
Oregon,OR,Stanfield,,,,,,,,97875,45.80636,-119.176,America/Los_Angeles,PST,-8,,,,,,,,,,,
Oregon,OR,Stayton,,,,,,,,97383,44.80771,-122.727,America/Los_Angeles,PST,-8,,,,,,,,,,,
Oregon,OR,Steamboat,,,,,,,,,43.3454,-122.736,America/Los_Angeles,PST,-8,,,,,,,,,,,
Oregon,OR,Sublimity,,,,,,,,97385,44.88662,-122.74,America/Los_Angeles,PST,-8,,,,,,,,,,,
Oregon,OR,Summer Lake,,,,,,,,97640,42.94469,-120.795,America/Los_Angeles,PST,-8,,,,,,,,,,,
Oregon,OR,Summerville,,,,,,,,97876,45.48847,-118.003,America/Los_Angeles,PST,-8,,,,,,,,,,,
Oregon,OR,Summit,,,,,,,,,44.56382,-123.445,America/Los_Angeles,PST,-8,,,,,,,,,,,
Oregon,OR,Sumpter,,,,,,,,97877,44.74571,-118.202,America/Los_Angeles,PST,-8,,,,,,,,,,,
Oregon,OR,Sunny Valley,,,,,,,,,44.05233,-117.283,America/Boise,MST,-7,,,,,,,,,,,
Oregon,OR,Sunnyside,,,,,,,,,45.41352,-122.537,America/Los_Angeles,PST,-8,,,,,,,,,,,
Oregon,OR,Sunset Summit,,,,,,,,,44.56382,-123.445,America/Los_Angeles,PST,-8,,,,,,,,,,,
Oregon,OR,Sutherlin,,,,,,,,97479,43.39012,-123.313,America/Los_Angeles,PST,-8,,,,,,,,,,,
Oregon,OR,Svenson,,,,,,,,,46.17067,-123.659,America/Los_Angeles,PST,-8,,,,,,,,,,,
Oregon,OR,Swan Island,,,,,,,,,45.34097,-118.045,America/Los_Angeles,PST,-8,,,,,,,,,,,
Oregon,OR,Sweet Home,,,,,,,,97386,44.38026,-122.699,America/Los_Angeles,PST,-8,,,,,,,,,,,
Oregon,OR,Swisshome,,,,,,,,97480,44.0579,-123.799,America/Los_Angeles,PST,-8,,,,,,,,,,,
Oregon,OR,Sylvan,,,,,,,,,0,0,,,,,,,,,,,,,,
Oregon,OR,Table Rock,,,,,,,,,42.26597,-122.901,America/Los_Angeles,PST,-8,,,,,,,,,,,
Oregon,OR,Takilma,,,,,,,,,42.0515,-123.62,America/Los_Angeles,PST,-8,,,,,,,,,,,
Oregon,OR,Talent,,,,,,,,97540,42.22188,-122.77,America/Los_Angeles,PST,-8,,,,,,,,,,,
Oregon,OR,Tangent,,,,,,,,97389,44.53393,-123.082,America/Los_Angeles,PST,-8,,,,,,,,,,,
Oregon,OR,Tenmile,,,,,,,,97481,43.11405,-123.529,America/Los_Angeles,PST,-8,,,,,,,,,,,
Oregon,OR,Terrebonne,,,,,,,,97760,44.33949,-121.183,America/Los_Angeles,PST,-8,,,,,,,,,,,
Oregon,OR,The Dalles,,,,,,,,97058,45.55498,-121.187,America/Los_Angeles,PST,-8,,,,,,,,,,,
Oregon,OR,The Oregon Zoo,,,,,,,,,0,0,,,,,,,,,,,,,,
Oregon,OR,Three Lynx,,,,,,,,,0,0,,,,,,,,,,,,,,
Oregon,OR,Three Rivers,,,,,,,,,0,0,,,,,,,,,,,,,,
Oregon,OR,Tidewater,,,,,,,,97390,44.36178,-123.892,America/Los_Angeles,PST,-8,,,,,,,,,,,
Oregon,OR,Tiernan,,,,,,,,,0,0,,,,,,,,,,,,,,
Oregon,OR,Tigard,,,,,,,,,45.4055,-122.795,America/Los_Angeles,PST,-8,,,,,,,,,,,
Oregon,OR,Tillamook,,,,,,,,97141,45.46195,-123.741,America/Los_Angeles,PST,-8,,,,,,,,,,,
Oregon,OR,Tillamook Head,,,,,,,,,45.46195,-123.741,America/Los_Angeles,PST,-8,,,,,,,,,,,
Oregon,OR,Tiller,,,,,,,,97484,42.91767,-122.908,America/Los_Angeles,PST,-8,,,,,,,,,,,
Oregon,OR,Timber,,,,,,,,97144,45.74099,-123.299,America/Los_Angeles,PST,-8,,,,,,,,,,,
Oregon,OR,Timothy Lake,,,,,,,,,0,0,,,,,,,,,,,,,,
Oregon,OR,Toketee Falls,,,,,,,,,43.27568,-122.451,America/Los_Angeles,PST,-8,,,,,,,,,,,
Oregon,OR,Toledo,,,,,,,,97391,44.65719,-123.933,America/Los_Angeles,PST,-8,,,,,,,,,,,
Oregon,OR,Tombstone Summit,,,,,,,,,44.56382,-123.445,America/Los_Angeles,PST,-8,,,,,,,,,,,
Oregon,OR,Trail,,,,,,,,97541,42.69796,-122.769,America/Los_Angeles,PST,-8,,,,,,,,,,,
Oregon,OR,Trask,,,,,,,,,0,0,,,,,,,,,,,,,,
Oregon,OR,Triangle Lake,,,,,,,,,44.17068,-123.579,America/Los_Angeles,PST,-8,,,,,,,,,,,
Oregon,OR,Tri-City,,,,,,,,,42.98456,-123.312,America/Los_Angeles,PST,-8,,,,,,,,,,,
Oregon,OR,Troutdale,,,,,,,,97060,45.52501,-122.39,America/Los_Angeles,PST,-8,,,,,,,,,,,
Oregon,OR,Tualatin,,,,,,,,97062,45.36661,-122.784,America/Los_Angeles,PST,-8,,,,,,,,,,,
Oregon,OR,Tumalo,,,,,,,,,44.14984,-121.331,America/Los_Angeles,PST,-8,,,,,,,,,,,
Oregon,OR,Turner,,,,,,,,97392,44.7952,-122.942,America/Los_Angeles,PST,-8,,,,,,,,,,,
Oregon,OR,Ukiah,,,,,,,,97880,45.13403,-118.932,America/Los_Angeles,PST,-8,,,,,,,,,,,
Oregon,OR,Umatilla,,,,,,,,97882,45.91735,-119.343,America/Los_Angeles,PST,-8,,,,,,,,,,,
Oregon,OR,Umpqua,,,,,,,,97486,43.39378,-123.517,America/Los_Angeles,PST,-8,,,,,,,,,,,
Oregon,OR,Union,,,,,,,,97883,45.16206,-117.849,America/Los_Angeles,PST,-8,,,,,,,,,,,
Oregon,OR,Union Creek,,,,,,,,,42.90707,-122.446,America/Los_Angeles,PST,-8,,,,,,,,,,,
Oregon,OR,Unionvale,,,,,,,,,45.14317,-123.061,America/Los_Angeles,PST,-8,,,,,,,,,,,
Oregon,OR,Unity,,,,,,,,97884,44.45608,-118.195,America/Los_Angeles,PST,-8,,,,,,,,,,,
Oregon,OR,University Of Portland,,,,,,,,,45.50786,-122.691,America/Los_Angeles,PST,-8,,,,,,,,,,,
Oregon,OR,Upper Soda,,,,,,,,,44.40624,-122.283,America/Los_Angeles,PST,-8,,,,,,,,,,,
Oregon,OR,Vale,,,,,,,,97918,44.05233,-117.283,America/Boise,MST,-7,,,,,,,,,,,
Oregon,OR,Valley Falls,,,,,,,,,42.48405,-120.282,America/Los_Angeles,PST,-8,,,,,,,,,,,
Oregon,OR,Valsetz,,,,,,,,,44.83817,-123.655,America/Los_Angeles,PST,-8,,,,,,,,,,,
Oregon,OR,Van,,,,,,,,,0,0,,,,,,,,,,,,,,
Oregon,OR,Vaughn,,,,,,,,,0,0,,,,,,,,,,,,,,
Oregon,OR,Venator,,,,,,,,,43.39729,-118.443,America/Los_Angeles,PST,-8,,,,,,,,,,,
Oregon,OR,Veneta,,,,,,,,97487,44.00305,-123.367,America/Los_Angeles,PST,-8,,,,,,,,,,,
Oregon,OR,Vernonia,,,,,,,,97064,45.88825,-123.209,America/Los_Angeles,PST,-8,,,,,,,,,,,
Oregon,OR,Vida,,,,,,,,97488,44.14596,-122.57,America/Los_Angeles,PST,-8,,,,,,,,,,,
Oregon,OR,Viento State Park,,,,,,,,,0,0,,,,,,,,,,,,,,
Oregon,OR,Wagontire,,,,,,,,,43.58517,-118.888,America/Los_Angeles,PST,-8,,,,,,,,,,,
Oregon,OR,Waldo Lake,,,,,,,,,0,0,,,,,,,,,,,,,,
Oregon,OR,Waldport,,,,,,,,97394,44.39591,-123.98,America/Los_Angeles,PST,-8,,,,,,,,,,,
Oregon,OR,Walker,,,,,,,,,43.85401,-123.04,America/Los_Angeles,PST,-8,,,,,,,,,,,
Oregon,OR,Wallowa,,,,,,,,97885,45.65501,-117.511,America/Los_Angeles,PST,-8,,,,,,,,,,,
Oregon,OR,Walterville,,,,,,,,97489,44.12878,-122.638,America/Los_Angeles,PST,-8,,,,,,,,,,,
Oregon,OR,Walton,,,,,,,,97490,44.00025,-123.615,America/Los_Angeles,PST,-8,,,,,,,,,,,
Oregon,OR,Warm Springs,,,,,,,,97761,44.77111,-121.335,America/Los_Angeles,PST,-8,,,,,,,,,,,
Oregon,OR,Warren,,,,,,,,97053,45.82421,-122.875,America/Los_Angeles,PST,-8,,,,,,,,,,,
Oregon,OR,Warrenton,,,,,,,,97146,46.12527,-123.905,America/Los_Angeles,PST,-8,,,,,,,,,,,
Oregon,OR,Wasco,,,,,,,,97065,45.59179,-120.698,America/Los_Angeles,PST,-8,,,,,,,,,,,
Oregon,OR,Waterloo,,,,,,,,,44.49401,-122.825,America/Los_Angeles,PST,-8,,,,,,,,,,,
Oregon,OR,Welches,,,,,,,,97067,45.32731,-121.974,America/Los_Angeles,PST,-8,,,,,,,,,,,
Oregon,OR,West Haven-Sylvan,,,,,,,,,45.55103,-122.809,America/Los_Angeles,PST,-8,,,,,,,,,,,
Oregon,OR,West Linn,,,,,,,,97068,45.34362,-122.665,America/Los_Angeles,PST,-8,,,,,,,,,,,
Oregon,OR,West Salem,,,,,,,,,44.93901,-123.061,America/Los_Angeles,PST,-8,,,,,,,,,,,
Oregon,OR,West Slope,,,,,,,,,45.49873,-122.765,America/Los_Angeles,PST,-8,,,,,,,,,,,
Oregon,OR,Westfall,,,,,,,,97920,43.96685,-117.71,America/Boise,MST,-7,,,,,,,,,,,
Oregon,OR,Westfir,,,,,,,,97492,43.7575,-122.481,America/Los_Angeles,PST,-8,,,,,,,,,,,
Oregon,OR,Weston,,,,,,,,97886,45.78878,-118.3,America/Los_Angeles,PST,-8,,,,,,,,,,,
Oregon,OR,Westport,,,,,,,,,46.13261,-123.375,America/Los_Angeles,PST,-8,,,,,,,,,,,
Oregon,OR,Wheatland,,,,,,,,,45.03035,-123.024,America/Los_Angeles,PST,-8,,,,,,,,,,,
Oregon,OR,Wheeler,,,,,,,,97147,45.689,-123.881,America/Los_Angeles,PST,-8,,,,,,,,,,,
Oregon,OR,White City,,,,,,,,97503,42.53703,-122.884,America/Los_Angeles,PST,-8,,,,,,,,,,,
Oregon,OR,White River Snow Park,,,,,,,,,0,0,,,,,,,,,,,,,,
Oregon,OR,Whiteson,,,,,,,,,45.0902,-123.229,America/Los_Angeles,PST,-8,,,,,,,,,,,
Oregon,OR,Wilderville,,,,,,,,97543,42.38234,-123.467,America/Los_Angeles,PST,-8,,,,,,,,,,,
Oregon,OR,Willamette Pass,,,,,,,,,45.34429,-122.667,America/Los_Angeles,PST,-8,,,,,,,,,,,
Oregon,OR,Willamina,,,,,,,,97396,45.14501,-123.523,America/Los_Angeles,PST,-8,,,,,,,,,,,
Oregon,OR,Williams,,,,,,,,97544,42.21873,-123.274,America/Los_Angeles,PST,-8,,,,,,,,,,,
Oregon,OR,Wilshire Park,,,,,,,,,0,0,,,,,,,,,,,,,,
Oregon,OR,Wilson River Summit,,,,,,,,,44.56382,-123.445,America/Los_Angeles,PST,-8,,,,,,,,,,,
Oregon,OR,Wilsonville,,,,,,,,97070,45.30849,-122.786,America/Los_Angeles,PST,-8,,,,,,,,,,,
Oregon,OR,Winchester,,,,,,,,97495,43.28012,-123.354,America/Los_Angeles,PST,-8,,,,,,,,,,,
Oregon,OR,Winston,,,,,,,,97496,43.12234,-123.413,America/Los_Angeles,PST,-8,,,,,,,,,,,
Oregon,OR,Wolf Creek,,,,,,,,97497,42.65224,-123.425,America/Los_Angeles,PST,-8,,,,,,,,,,,
Oregon,OR,Wood Village,,,,,,,,,45.53429,-122.419,America/Los_Angeles,PST,-8,,,,,,,,,,,
Oregon,OR,Woodburn,,,,,,,,97071,45.14801,-122.876,America/Los_Angeles,PST,-8,,,,,,,,,,,
Oregon,OR,Worden,,,,,,,,,42.44279,-122.077,America/Los_Angeles,PST,-8,,,,,,,,,,,
Oregon,OR,Wren,,,,,,,,,44.58762,-123.428,America/Los_Angeles,PST,-8,,,,,,,,,,,
Oregon,OR,Wyeth,,,,,,,,,45.69067,-121.77,America/Los_Angeles,PST,-8,,,,,,,,,,,
Oregon,OR,Yachats,,,,,,,,97498,44.33389,-124.024,America/Los_Angeles,PST,-8,,,,,,,,,,,
Oregon,OR,Yamhill,,,,,,,,97148,45.35189,-123.235,America/Los_Angeles,PST,-8,,,,,,,,,,,
Oregon,OR,Yaquina Head,,,,,,,,,44.60206,-124.009,America/Los_Angeles,PST,-8,,,,,,,,,,,
Oregon,OR,Yoder,,,,,,,,,45.17663,-122.784,America/Los_Angeles,PST,-8,,,,,,,,,,,
Oregon,OR,Yoncalla,,,,,,,,97499,43.59845,-123.283,America/Los_Angeles,PST,-8,,,,,,,,,,,
Oregon,OR,Zigzag,,,,,,,,,45.34637,-121.862,America/Los_Angeles,PST,-8,,,,,,,,,,,
