South Carolina,SC,Abbeville,,,,,,,,29620,34.21571,-82.4463,America/New_York,EST,-5,,,,,,,,,,,
South Carolina,SC,Adams Run,,,,,,,,29426,32.77903,-80.3288,America/New_York,EST,-5,,,,,,,,,,,
South Carolina,SC,Adamsburg,,,,,,,,,34.79125,-81.5429,America/New_York,EST,-5,,,,,,,,,,,
South Carolina,SC,Aiken,,,,,,,,29808###29801###29805###29803###29804###29802,33.55443,-81.6959,America/New_York,EST,-5,,,,,,,,,,,
South Carolina,SC,Allendale,,,,,,,,29810,33.00793,-81.3084,America/New_York,EST,-5,,,,,,,,,,,
South Carolina,SC,Allsbrook,,,,,,,,,0,0,,,,,,,,,,,,,,
South Carolina,SC,Almeda,,,,,,,,,0,0,,,,,,,,,,,,,,
South Carolina,SC,Alvin,,,,,,,,,0,0,,,,,,,,,,,,,,
South Carolina,SC,Anderson,,,,,,,,29622###29621###29625###29626###29624###29623,34.5065,-82.6056,America/New_York,EST,-5,,,,,,,,,,,
South Carolina,SC,Andrews,,,,,,,,29510,33.45128,-79.5609,America/New_York,EST,-5,,,,,,,,,,,
South Carolina,SC,Antreville,,,,,,,,,0,0,,,,,,,,,,,,,,
South Carolina,SC,Appleton,,,,,,,,,0,0,,,,,,,,,,,,,,
South Carolina,SC,Ararat,,,,,,,,,0,0,,,,,,,,,,,,,,
South Carolina,SC,Arcadia Lakes,,,,,,,,,34.96179,-81.9853,America/New_York,EST,-5,,,,,,,,,,,
South Carolina,SC,Ashdale,,,,,,,,,0,0,,,,,,,,,,,,,,
South Carolina,SC,Ashepoo,,,,,,,,,0,0,,,,,,,,,,,,,,
South Carolina,SC,Ashton,,,,,,,,,0,0,,,,,,,,,,,,,,
South Carolina,SC,Atlantic Beach,,,,,,,,,0,0,,,,,,,,,,,,,,
South Carolina,SC,Averill,,,,,,,,,0,0,,,,,,,,,,,,,,
South Carolina,SC,Awendaw,,,,,,,,29429,33.00625,-79.6561,America/New_York,EST,-5,,,,,,,,,,,
South Carolina,SC,Aynor,,,,,,,,29511,33.93997,-79.041,America/New_York,EST,-5,,,,,,,,,,,
South Carolina,SC,Baldock,,,,,,,,,0,0,,,,,,,,,,,,,,
South Carolina,SC,Bamberg,,,,,,,,29003,33.20629,-80.9736,America/New_York,EST,-5,,,,,,,,,,,
South Carolina,SC,Barkerville,,,,,,,,,0,0,,,,,,,,,,,,,,
South Carolina,SC,Barnwell,,,,,,,,29812,33.24981,-81.3496,America/New_York,EST,-5,,,,,,,,,,,
South Carolina,SC,Barton,,,,,,,,,32.33493,-80.6843,America/New_York,EST,-5,,,,,,,,,,,
South Carolina,SC,Bashan,,,,,,,,,0,0,,,,,,,,,,,,,,
South Carolina,SC,Batesburg,,,,,,,,29006,33.90792,-81.5473,America/New_York,EST,-5,,,,,,,,,,,
South Carolina,SC,Battery Point,,,,,,,,,0,0,,,,,,,,,,,,,,
South Carolina,SC,Bayboro,,,,,,,,,34.00961,-79.0223,America/New_York,EST,-5,,,,,,,,,,,
South Carolina,SC,Bear Swamp,,,,,,,,,34.8854,-82.456,America/New_York,EST,-5,,,,,,,,,,,
South Carolina,SC,Beaufort,,,,,,,,29904###29905###29901###29903###29902###29906,32.42435,-80.5653,America/New_York,EST,-5,,,,,,,,,,,
South Carolina,SC,Beck Landing,,,,,,,,,0,0,,,,,,,,,,,,,,
South Carolina,SC,Beech Island,,,,,,,,29842,33.47075,-81.8639,America/New_York,EST,-5,,,,,,,,,,,
South Carolina,SC,Bells Crossroads,,,,,,,,,0,0,,,,,,,,,,,,,,
South Carolina,SC,Belton,,,,,,,,29627,34.49242,-82.5691,America/New_York,EST,-5,,,,,,,,,,,
South Carolina,SC,Belvedere,,,,,,,,,0,0,,,,,,,,,,,,,,
South Carolina,SC,Bennetts Point,,,,,,,,,0,0,,,,,,,,,,,,,,
South Carolina,SC,Bennettsville,,,,,,,,29512,34.59876,-79.7077,America/New_York,EST,-5,,,,,,,,,,,
South Carolina,SC,Berea,,,,,,,,,34.8854,-82.456,America/New_York,EST,-5,,,,,,,,,,,
South Carolina,SC,Bethera,,,,,,,,,33.21455,-79.8169,America/New_York,EST,-5,,,,,,,,,,,
South Carolina,SC,Bethune,,,,,,,,29009,34.41488,-80.3487,America/New_York,EST,-5,,,,,,,,,,,
South Carolina,SC,Beufordtown,,,,,,,,,0,0,,,,,,,,,,,,,,
South Carolina,SC,Bingham,,,,,,,,,0,0,,,,,,,,,,,,,,
South Carolina,SC,Bishopville,,,,,,,,29010,34.20732,-80.3066,America/New_York,EST,-5,,,,,,,,,,,
South Carolina,SC,Black Creek,,,,,,,,,0,0,,,,,,,,,,,,,,
South Carolina,SC,Blacksburg,,,,,,,,29702,35.10953,-81.4942,America/New_York,EST,-5,,,,,,,,,,,
South Carolina,SC,Blackstock,,,,,,,,29014,34.59628,-81.0832,America/New_York,EST,-5,,,,,,,,,,,
South Carolina,SC,Blackville,,,,,,,,29817,33.36382,-81.2975,America/New_York,EST,-5,,,,,,,,,,,
South Carolina,SC,Blake,,,,,,,,,0,0,,,,,,,,,,,,,,
South Carolina,SC,Blenheim,,,,,,,,29516,34.51715,-79.6442,America/New_York,EST,-5,,,,,,,,,,,
South Carolina,SC,Blountville,,,,,,,,,0,0,,,,,,,,,,,,,,
South Carolina,SC,Bluffton,,,,,,,,29910,32.21775,-80.8908,America/New_York,EST,-5,,,,,,,,,,,
South Carolina,SC,Blythewood,,,,,,,,29016,34.21432,-80.974,America/New_York,EST,-5,,,,,,,,,,,
South Carolina,SC,Boiling Springs Sc,,,,,,,,,0,0,,,,,,,,,,,,,,
South Carolina,SC,Bonneau,,,,,,,,29431,33.2703,-79.8736,America/New_York,EST,-5,,,,,,,,,,,
South Carolina,SC,Bonneau Beach,,,,,,,,,0,0,,,,,,,,,,,,,,
South Carolina,SC,Bowman,,,,,,,,29018,33.34186,-80.5655,America/New_York,EST,-5,,,,,,,,,,,
South Carolina,SC,Boyd,,,,,,,,,0,0,,,,,,,,,,,,,,
South Carolina,SC,Branchville,,,,,,,,29432,33.27229,-80.7925,America/New_York,EST,-5,,,,,,,,,,,
South Carolina,SC,Briarcliffe Acres,,,,,,,,,0,0,,,,,,,,,,,,,,
South Carolina,SC,Brighton,,,,,,,,,32.33493,-80.6843,America/New_York,EST,-5,,,,,,,,,,,
South Carolina,SC,Brookdale,,,,,,,,,0,0,,,,,,,,,,,,,,
South Carolina,SC,Brownsville,,,,,,,,,34.43745,-79.6346,America/New_York,EST,-5,,,,,,,,,,,
South Carolina,SC,Brunson,,,,,,,,29911,32.8857,-81.2064,America/New_York,EST,-5,,,,,,,,,,,
South Carolina,SC,Brushy Creek,,,,,,,,,0,0,,,,,,,,,,,,,,
South Carolina,SC,Buck Hall,,,,,,,,,0,0,,,,,,,,,,,,,,
South Carolina,SC,Bucksport,,,,,,,,,0,0,,,,,,,,,,,,,,
South Carolina,SC,Buffalo,,,,,,,,29321,34.721,-81.7339,America/New_York,EST,-5,,,,,,,,,,,
South Carolina,SC,Bullock Creek,,,,,,,,,0,0,,,,,,,,,,,,,,
South Carolina,SC,Burnettown,,,,,,,,,0,0,,,,,,,,,,,,,,
South Carolina,SC,Burton,,,,,,,,,32.33493,-80.6843,America/New_York,EST,-5,,,,,,,,,,,
South Carolina,SC,Byrd,,,,,,,,,0,0,,,,,,,,,,,,,,
South Carolina,SC,Cades,,,,,,,,29518,33.78655,-79.7826,America/New_York,EST,-5,,,,,,,,,,,
South Carolina,SC,Caesars Head,,,,,,,,,0,0,,,,,,,,,,,,,,
South Carolina,SC,Cainhoy,,,,,,,,,0,0,,,,,,,,,,,,,,
South Carolina,SC,Caldwell,,,,,,,,,0,0,,,,,,,,,,,,,,
South Carolina,SC,Calestown,,,,,,,,,0,0,,,,,,,,,,,,,,
South Carolina,SC,Calhoun Falls,,,,,,,,29628,34.09234,-82.5957,America/New_York,EST,-5,,,,,,,,,,,
South Carolina,SC,Calibogue Cay,,,,,,,,,0,0,,,,,,,,,,,,,,
South Carolina,SC,Callison,,,,,,,,,34.04423,-82.2274,America/New_York,EST,-5,,,,,,,,,,,
South Carolina,SC,Camden,,,,,,,,29020###29021,34.31348,-80.6125,America/New_York,EST,-5,,,,,,,,,,,
South Carolina,SC,Cameron,,,,,,,,29030,33.57032,-80.7081,America/New_York,EST,-5,,,,,,,,,,,
South Carolina,SC,Camp Branch,,,,,,,,,0,0,,,,,,,,,,,,,,
South Carolina,SC,Campobello,,,,,,,,29322,35.11567,-82.1501,America/New_York,EST,-5,,,,,,,,,,,
South Carolina,SC,Canaan,,,,,,,,,34.88445,-81.8436,America/New_York,EST,-5,,,,,,,,,,,
South Carolina,SC,Canady Landing,,,,,,,,,34.80012,-82.4243,America/New_York,EST,-5,,,,,,,,,,,
South Carolina,SC,Canadys,,,,,,,,29433,33.06138,-80.6312,America/New_York,EST,-5,,,,,,,,,,,
South Carolina,SC,Cane Savannah,,,,,,,,,33.87429,-80.354,America/New_York,EST,-5,,,,,,,,,,,
South Carolina,SC,Capwells Crossroads,,,,,,,,,0,0,,,,,,,,,,,,,,
South Carolina,SC,Carlisle,,,,,,,,29031,34.56705,-81.4814,America/New_York,EST,-5,,,,,,,,,,,
South Carolina,SC,Carnes Crossroad,,,,,,,,,34.16676,-78.9589,America/New_York,EST,-5,,,,,,,,,,,
South Carolina,SC,Cat Hole,,,,,,,,,0,0,,,,,,,,,,,,,,
South Carolina,SC,Catawba,,,,,,,,29704,34.8596,-80.9383,America/New_York,EST,-5,,,,,,,,,,,
South Carolina,SC,Cayce,,,,,,,,29033,33.96571,-81.074,America/New_York,EST,-5,,,,,,,,,,,
South Carolina,SC,Centerville,,,,,,,,,0,0,,,,,,,,,,,,,,
South Carolina,SC,Central,,,,,,,,29630,34.74465,-82.7973,America/New_York,EST,-5,,,,,,,,,,,
South Carolina,SC,Central Crossroads,,,,,,,,,0,0,,,,,,,,,,,,,,
South Carolina,SC,Chapin,,,,,,,,29036,34.13591,-81.3344,America/New_York,EST,-5,,,,,,,,,,,
South Carolina,SC,Chappells,,,,,,,,29037,34.22177,-81.8724,America/New_York,EST,-5,,,,,,,,,,,
South Carolina,SC,Charity,,,,,,,,,0,0,,,,,,,,,,,,,,
South Carolina,SC,Charleston,,,,,,,,29416###29412###29424###29423###29492###29415###29401###29419###29402###29422###29413###29414###29403###29406###29425###29409###29410###29407###29417,32.78033,-79.9408,America/New_York,EST,-5,,,,,,,,,,,
South Carolina,SC,Charleston Airport,,,,,,,,,0,0,,,,,,,,,,,,,,
South Carolina,SC,Chelsea,,,,,,,,,0,0,,,,,,,,,,,,,,
South Carolina,SC,Cheraw,,,,,,,,29520,34.69155,-79.9437,America/New_York,EST,-5,,,,,,,,,,,
South Carolina,SC,Cherryvale,,,,,,,,,0,0,,,,,,,,,,,,,,
South Carolina,SC,Chesnee,,,,,,,,29323,35.14845,-81.8609,America/New_York,EST,-5,,,,,,,,,,,
South Carolina,SC,Chester,,,,,,,,29706,34.69329,-81.168,America/New_York,EST,-5,,,,,,,,,,,
South Carolina,SC,Chesterfield,,,,,,,,29709,34.75556,-80.1295,America/New_York,EST,-5,,,,,,,,,,,
South Carolina,SC,Chicora,,,,,,,,,0,0,,,,,,,,,,,,,,
South Carolina,SC,Citadel Mall,,,,,,,,,0,0,,,,,,,,,,,,,,
South Carolina,SC,Clarks Hill,,,,,,,,29821,33.62306,-82.1327,America/New_York,EST,-5,,,,,,,,,,,
South Carolina,SC,Clearwater,,,,,,,,29822,33.49966,-81.8649,America/New_York,EST,-5,,,,,,,,,,,
South Carolina,SC,Clemson,,,,,,,,29632###29631###29634###29633,34.68157,-82.8158,America/New_York,EST,-5,,,,,,,,,,,
South Carolina,SC,Cleveland,,,,,,,,29635,35.07766,-82.6267,America/New_York,EST,-5,,,,,,,,,,,
South Carolina,SC,Clinton,,,,,,,,29325,34.43492,-81.8936,America/New_York,EST,-5,,,,,,,,,,,
South Carolina,SC,Clio,,,,,,,,29525,34.58425,-79.5879,America/New_York,EST,-5,,,,,,,,,,,
South Carolina,SC,Clover,,,,,,,,29710,35.11125,-81.2265,America/New_York,EST,-5,,,,,,,,,,,
South Carolina,SC,Clubhouse Crossroad,,,,,,,,,0,0,,,,,,,,,,,,,,
South Carolina,SC,Clyde,,,,,,,,,0,0,,,,,,,,,,,,,,
South Carolina,SC,Cokesbury,,,,,,,,,0,0,,,,,,,,,,,,,,
South Carolina,SC,College Park,,,,,,,,,0,0,,,,,,,,,,,,,,
South Carolina,SC,Colleton,,,,,,,,,34.48792,-81.419,America/New_York,EST,-5,,,,,,,,,,,
South Carolina,SC,Columbia,,,,,,,,29290###29221###29240###29206###29250###29292###29260###29204###29215###29202###29203###29214###29205###29212###29207###29208###29209###29210###29222###29220###29201###29223###29224###29230###29229###29219###29228###29211###29218###29227###29226###29217###29216###29225,33.98745,-81.0249,America/New_York,EST,-5,,,,,,,,,,,
South Carolina,SC,Comingtee,,,,,,,,,0,0,,,,,,,,,,,,,,
South Carolina,SC,Conway,,,,,,,,29528###29527###29526,33.86878,-78.9483,America/New_York,EST,-5,,,,,,,,,,,
South Carolina,SC,Cooke Crossroads,,,,,,,,,0,0,,,,,,,,,,,,,,
South Carolina,SC,Coosawhatchie,,,,,,,,,0,0,,,,,,,,,,,,,,
South Carolina,SC,Cope,,,,,,,,29038,33.3817,-80.9564,America/New_York,EST,-5,,,,,,,,,,,
South Carolina,SC,Cordesville,,,,,,,,29434,33.13621,-79.8826,America/New_York,EST,-5,,,,,,,,,,,
South Carolina,SC,Cordova,,,,,,,,29039,33.41732,-80.9175,America/New_York,EST,-5,,,,,,,,,,,
South Carolina,SC,Cornwell,,,,,,,,,34.60736,-81.1793,America/New_York,EST,-5,,,,,,,,,,,
South Carolina,SC,Coronaca,,,,,,,,,34.13605,-82.1485,America/New_York,EST,-5,,,,,,,,,,,
South Carolina,SC,Cosby,,,,,,,,,0,0,,,,,,,,,,,,,,
South Carolina,SC,Cote Bas Landing,,,,,,,,,0,0,,,,,,,,,,,,,,
South Carolina,SC,Cottageville,,,,,,,,29435,32.93684,-80.4809,America/New_York,EST,-5,,,,,,,,,,,
South Carolina,SC,Coward,,,,,,,,29530,33.98055,-79.7568,America/New_York,EST,-5,,,,,,,,,,,
South Carolina,SC,Cowpens,,,,,,,,29330,35.04921,-81.8313,America/New_York,EST,-5,,,,,,,,,,,
South Carolina,SC,Crocketville,,,,,,,,29913,32.9299,-81.1846,America/New_York,EST,-5,,,,,,,,,,,
South Carolina,SC,Cross,,,,,,,,29436,33.2989,-80.124,America/New_York,EST,-5,,,,,,,,,,,
South Carolina,SC,Cross Anchor,,,,,,,,29331,34.63832,-81.8567,America/New_York,EST,-5,,,,,,,,,,,
South Carolina,SC,Cross Cross Roads,,,,,,,,,33.2989,-80.124,America/New_York,EST,-5,,,,,,,,,,,
South Carolina,SC,Cross Hill,,,,,,,,29332,34.28145,-81.9772,America/New_York,EST,-5,,,,,,,,,,,
South Carolina,SC,Cross Keys,,,,,,,,,34.63208,-81.7768,America/New_York,EST,-5,,,,,,,,,,,
South Carolina,SC,Cummings,,,,,,,,,0,0,,,,,,,,,,,,,,
South Carolina,SC,Dacusville,,,,,,,,,34.9354,-82.5587,America/New_York,EST,-5,,,,,,,,,,,
South Carolina,SC,Dale,,,,,,,,29914,32.55265,-80.677,America/New_York,EST,-5,,,,,,,,,,,
South Carolina,SC,Dalzell,,,,,,,,29040,34.02511,-80.4782,America/New_York,EST,-5,,,,,,,,,,,
South Carolina,SC,Daniel Island,,,,,,,,,0,0,,,,,,,,,,,,,,
South Carolina,SC,Daniels,,,,,,,,,0,0,,,,,,,,,,,,,,
South Carolina,SC,Danwood,,,,,,,,,34.08544,-79.7651,America/New_York,EST,-5,,,,,,,,,,,
South Carolina,SC,Darlington,,,,,,,,29540###29532,34.31774,-79.9317,America/New_York,EST,-5,,,,,,,,,,,
South Carolina,SC,Daufuskie Island,,,,,,,,29915,32.11604,-80.8712,America/New_York,EST,-5,,,,,,,,,,,
South Carolina,SC,Davidson,,,,,,,,,0,0,,,,,,,,,,,,,,
South Carolina,SC,De Loach,,,,,,,,,0,0,,,,,,,,,,,,,,
South Carolina,SC,Deerfield,,,,,,,,,0,0,,,,,,,,,,,,,,
South Carolina,SC,Delemar Crossroads,,,,,,,,,0,0,,,,,,,,,,,,,,
South Carolina,SC,Denmark,,,,,,,,29042,33.23754,-81.1049,America/New_York,EST,-5,,,,,,,,,,,
South Carolina,SC,Dentsville,,,,,,,,,34.02915,-81.0025,America/New_York,EST,-5,,,,,,,,,,,
South Carolina,SC,Dewees Island,,,,,,,,,0,0,,,,,,,,,,,,,,
South Carolina,SC,Dillon,,,,,,,,29536,34.42219,-79.3414,America/New_York,EST,-5,,,,,,,,,,,
South Carolina,SC,Donalds,,,,,,,,29638,34.33036,-82.3367,America/New_York,EST,-5,,,,,,,,,,,
South Carolina,SC,Dorchester,,,,,,,,29437,33.14975,-80.4937,America/New_York,EST,-5,,,,,,,,,,,
South Carolina,SC,Dorchester Estates,,,,,,,,,33.05138,-80.1885,America/New_York,EST,-5,,,,,,,,,,,
South Carolina,SC,Dovesville,,,,,,,,,34.40238,-79.8951,America/New_York,EST,-5,,,,,,,,,,,
South Carolina,SC,Drawdy,,,,,,,,,0,0,,,,,,,,,,,,,,
South Carolina,SC,Driggerstown,,,,,,,,,0,0,,,,,,,,,,,,,,
South Carolina,SC,Due West,,,,,,,,29639,34.32676,-82.4308,America/New_York,EST,-5,,,,,,,,,,,
South Carolina,SC,Dukes,,,,,,,,,0,0,,,,,,,,,,,,,,
South Carolina,SC,Duncan,,,,,,,,29334,34.90555,-82.1244,America/New_York,EST,-5,,,,,,,,,,,
South Carolina,SC,Duncan Chapel,,,,,,,,,0,0,,,,,,,,,,,,,,
South Carolina,SC,Dutch Fork,,,,,,,,,34.28822,-79.2753,America/New_York,EST,-5,,,,,,,,,,,
South Carolina,SC,Dyson,,,,,,,,,0,0,,,,,,,,,,,,,,
South Carolina,SC,Eadytown,,,,,,,,,0,0,,,,,,,,,,,,,,
South Carolina,SC,Early Branch,,,,,,,,29916,32.74573,-80.9279,America/New_York,EST,-5,,,,,,,,,,,
South Carolina,SC,Easley,,,,,,,,29642###29641###29640,34.84397,-82.6438,America/New_York,EST,-5,,,,,,,,,,,
South Carolina,SC,East Sumter,,,,,,,,,33.91368,-80.3542,America/New_York,EST,-5,,,,,,,,,,,
South Carolina,SC,Eastover,,,,,,,,29044,33.87682,-80.6929,America/New_York,EST,-5,,,,,,,,,,,
South Carolina,SC,Ebenezer,,,,,,,,,34.17599,-79.8515,America/New_York,EST,-5,,,,,,,,,,,
South Carolina,SC,Edgefield,,,,,,,,29824,33.76781,-81.9875,America/New_York,EST,-5,,,,,,,,,,,
South Carolina,SC,Edgemoor,,,,,,,,29712,34.7782,-80.9961,America/New_York,EST,-5,,,,,,,,,,,
South Carolina,SC,Edisto,,,,,,,,,0,0,,,,,,,,,,,,,,
South Carolina,SC,Edisto Island,,,,,,,,29438,32.56019,-80.2798,America/New_York,EST,-5,,,,,,,,,,,
South Carolina,SC,Effingham,,,,,,,,29541,34.06327,-79.7335,America/New_York,EST,-5,,,,,,,,,,,
South Carolina,SC,Ehrhardt,,,,,,,,29081,33.08885,-81.014,America/New_York,EST,-5,,,,,,,,,,,
South Carolina,SC,Elgin,,,,,,,,29045,34.19522,-80.7986,America/New_York,EST,-5,,,,,,,,,,,
South Carolina,SC,Elko,,,,,,,,29826,33.38043,-81.3796,America/New_York,EST,-5,,,,,,,,,,,
South Carolina,SC,Elloree,,,,,,,,29047,33.49666,-80.5823,America/New_York,EST,-5,,,,,,,,,,,
South Carolina,SC,Ellwood,,,,,,,,,0,0,,,,,,,,,,,,,,
South Carolina,SC,Enoree,,,,,,,,29335,34.65652,-81.9651,America/New_York,EST,-5,,,,,,,,,,,
South Carolina,SC,Estill,,,,,,,,29918,32.80661,-81.1831,America/New_York,EST,-5,,,,,,,,,,,
South Carolina,SC,Eutawville,,,,,,,,29048,33.39461,-80.3473,America/New_York,EST,-5,,,,,,,,,,,
South Carolina,SC,Evergreen,,,,,,,,,34.06849,-79.679,America/New_York,EST,-5,,,,,,,,,,,
South Carolina,SC,Fair Play,,,,,,,,29643,34.54268,-83.0297,America/New_York,EST,-5,,,,,,,,,,,
South Carolina,SC,Fairfax,,,,,,,,29827,32.95989,-81.2492,America/New_York,EST,-5,,,,,,,,,,,
South Carolina,SC,Fairmont Mills,,,,,,,,,0,0,,,,,,,,,,,,,,
South Carolina,SC,Farewell Corner,,,,,,,,,0,0,,,,,,,,,,,,,,
South Carolina,SC,Fechtig,,,,,,,,,32.76906,-80.964,America/New_York,EST,-5,,,,,,,,,,,
South Carolina,SC,Fenwick,,,,,,,,,0,0,,,,,,,,,,,,,,
South Carolina,SC,Fingerville,,,,,,,,29338,35.13551,-82.0016,America/New_York,EST,-5,,,,,,,,,,,
South Carolina,SC,Five Forks,,,,,,,,,0,0,,,,,,,,,,,,,,
South Carolina,SC,Florence,,,,,,,,29505###29506###29501###29502###29503###29504,34.20593,-79.8263,America/New_York,EST,-5,,,,,,,,,,,
South Carolina,SC,Floyd,,,,,,,,,0,0,,,,,,,,,,,,,,
South Carolina,SC,Floydale,,,,,,,,,0,0,,,,,,,,,,,,,,
South Carolina,SC,Folly Beach,,,,,,,,29439,32.66304,-79.927,America/New_York,EST,-5,,,,,,,,,,,
South Carolina,SC,Folly Field,,,,,,,,,32.20215,-80.6904,America/New_York,EST,-5,,,,,,,,,,,
South Carolina,SC,Forest Acres,,,,,,,,,34.02642,-80.959,America/New_York,EST,-5,,,,,,,,,,,
South Carolina,SC,Forest Beach,,,,,,,,,32.1466,-80.7437,America/New_York,EST,-5,,,,,,,,,,,
South Carolina,SC,Forestbrook,,,,,,,,,32.1466,-80.7437,America/New_York,EST,-5,,,,,,,,,,,
South Carolina,SC,Fork,,,,,,,,29543,34.28822,-79.2753,America/New_York,EST,-5,,,,,,,,,,,
South Carolina,SC,Fork Shoals,,,,,,,,,34.66848,-82.1901,America/New_York,EST,-5,,,,,,,,,,,
South Carolina,SC,Fort Jackson,,,,,,,,,33.32542,-81.7879,America/New_York,EST,-5,,,,,,,,,,,
South Carolina,SC,Fort Lawn,,,,,,,,29714,34.70209,-80.8948,America/New_York,EST,-5,,,,,,,,,,,
South Carolina,SC,Fort Mill,,,,,,,,29716###29707###29715###29708,35.05024,-80.9908,America/New_York,EST,-5,,,,,,,,,,,
South Carolina,SC,Fort Moultrie,,,,,,,,,0,0,,,,,,,,,,,,,,
South Carolina,SC,Fountain Inn,,,,,,,,29644,34.65781,-82.2441,America/New_York,EST,-5,,,,,,,,,,,
South Carolina,SC,Fripp Island,,,,,,,,,32.94631,-80.948,America/New_York,EST,-5,,,,,,,,,,,
South Carolina,SC,Frogmore,,,,,,,,,0,0,,,,,,,,,,,,,,
South Carolina,SC,Furman,,,,,,,,29921,32.68156,-81.1882,America/New_York,EST,-5,,,,,,,,,,,
South Carolina,SC,Gaffney,,,,,,,,29340###29341###29342,35.00549,-81.6338,America/New_York,EST,-5,,,,,,,,,,,
South Carolina,SC,Galivants Ferry,,,,,,,,29544,34.05628,-79.2464,America/New_York,EST,-5,,,,,,,,,,,
South Carolina,SC,Gantt,,,,,,,,,34.80012,-82.4243,America/New_York,EST,-5,,,,,,,,,,,
South Carolina,SC,Garden City,,,,,,,,,33.59295,-79.0086,America/New_York,EST,-5,,,,,,,,,,,
South Carolina,SC,Gardens Corner,,,,,,,,,32.60074,-80.7612,America/New_York,EST,-5,,,,,,,,,,,
South Carolina,SC,Garnett,,,,,,,,29922,32.60629,-81.2454,America/New_York,EST,-5,,,,,,,,,,,
South Carolina,SC,Gaston,,,,,,,,29053,33.81531,-81.1042,America/New_York,EST,-5,,,,,,,,,,,
South Carolina,SC,Georgetown,,,,,,,,29440###29442,33.43933,-79.3675,America/New_York,EST,-5,,,,,,,,,,,
South Carolina,SC,Germantown,,,,,,,,,0,0,,,,,,,,,,,,,,
South Carolina,SC,Gettysville,,,,,,,,,0,0,,,,,,,,,,,,,,
South Carolina,SC,Giant,,,,,,,,,0,0,,,,,,,,,,,,,,
South Carolina,SC,Gifford,,,,,,,,29923,32.85961,-81.239,America/New_York,EST,-5,,,,,,,,,,,
South Carolina,SC,Gilbert,,,,,,,,29054,33.92542,-81.4101,America/New_York,EST,-5,,,,,,,,,,,
South Carolina,SC,Gillisonville,,,,,,,,,32.61101,-81.0037,America/New_York,EST,-5,,,,,,,,,,,
South Carolina,SC,Gilmania,,,,,,,,,0,0,,,,,,,,,,,,,,
South Carolina,SC,Givhans,,,,,,,,,33.01156,-80.3376,America/New_York,EST,-5,,,,,,,,,,,
South Carolina,SC,Gloverville,,,,,,,,29828,33.51824,-81.8277,America/New_York,EST,-5,,,,,,,,,,,
South Carolina,SC,Goose Creek,,,,,,,,29445,33.05797,-80.0101,America/New_York,EST,-5,,,,,,,,,,,
South Carolina,SC,Govan,,,,,,,,,35.00549,-81.6338,America/New_York,EST,-5,,,,,,,,,,,
South Carolina,SC,Gowensville,,,,,,,,,35.11484,-82.2251,America/New_York,EST,-5,,,,,,,,,,,
South Carolina,SC,Grahamville,,,,,,,,,33.82156,-78.9109,America/New_York,EST,-5,,,,,,,,,,,
South Carolina,SC,Gramling,,,,,,,,29348,34.88824,-81.969,America/New_York,EST,-5,,,,,,,,,,,
South Carolina,SC,Gray Court,,,,,,,,29645,34.59531,-82.1147,America/New_York,EST,-5,,,,,,,,,,,
South Carolina,SC,Grays,,,,,,,,,32.67379,-81.0204,America/New_York,EST,-5,,,,,,,,,,,
South Carolina,SC,Great Falls,,,,,,,,29055,34.61246,-80.9408,America/New_York,EST,-5,,,,,,,,,,,
South Carolina,SC,Greeleyville,,,,,,,,29056,33.581,-79.989,America/New_York,EST,-5,,,,,,,,,,,
South Carolina,SC,Green Pond,,,,,,,,29446,32.65644,-80.5661,America/New_York,EST,-5,,,,,,,,,,,
South Carolina,SC,Green Sea,,,,,,,,29545,34.16676,-78.9589,America/New_York,EST,-5,,,,,,,,,,,
South Carolina,SC,Greenville,,,,,,,,29603###29608###29607###29604###29602###29617###29616###29615###29605###29614###29613###29612###29609###29611###29601###29606###29610,34.84857,-82.4029,America/New_York,EST,-5,,,,,,,,,,,
South Carolina,SC,Greenwood,,,,,,,,29648###29649###29646###29647,34.11421,-82.1283,America/New_York,EST,-5,,,,,,,,,,,
South Carolina,SC,Greer,,,,,,,,29651###29650###29652,34.89825,-82.2579,America/New_York,EST,-5,,,,,,,,,,,
South Carolina,SC,Greggs Landing,,,,,,,,,34.03124,-82.0415,America/New_York,EST,-5,,,,,,,,,,,
South Carolina,SC,Gresham,,,,,,,,29546,33.95241,-79.3604,America/New_York,EST,-5,,,,,,,,,,,
South Carolina,SC,Groomville,,,,,,,,,0,0,,,,,,,,,,,,,,
South Carolina,SC,Grove Hall,,,,,,,,,0,0,,,,,,,,,,,,,,
South Carolina,SC,Grover,,,,,,,,29447,33.08632,-80.6228,America/New_York,EST,-5,,,,,,,,,,,
South Carolina,SC,Hagan,,,,,,,,,0,0,,,,,,,,,,,,,,
South Carolina,SC,Halfway Creek,,,,,,,,,0,0,,,,,,,,,,,,,,
South Carolina,SC,Hampton,,,,,,,,29924,32.88233,-81.1324,America/New_York,EST,-5,,,,,,,,,,,
South Carolina,SC,Hanahan,,,,,,,,,32.93266,-80.0028,America/New_York,EST,-5,,,,,,,,,,,
South Carolina,SC,Harbortown,,,,,,,,,0,0,,,,,,,,,,,,,,
South Carolina,SC,Hardeeville,,,,,,,,29927,32.24404,-81.0748,America/New_York,EST,-5,,,,,,,,,,,
South Carolina,SC,Harleyville,,,,,,,,29448,33.2393,-80.4534,America/New_York,EST,-5,,,,,,,,,,,
South Carolina,SC,Hartsville,,,,,,,,29551###29550,34.34511,-80.074,America/New_York,EST,-5,,,,,,,,,,,
South Carolina,SC,Heath Springs,,,,,,,,29058,34.5888,-80.7185,America/New_York,EST,-5,,,,,,,,,,,
South Carolina,SC,Hebron,,,,,,,,,0,0,,,,,,,,,,,,,,
South Carolina,SC,Hemingway,,,,,,,,29554,33.73207,-79.4309,America/New_York,EST,-5,,,,,,,,,,,
South Carolina,SC,Hendersonville,,,,,,,,,32.90676,-80.6728,America/New_York,EST,-5,,,,,,,,,,,
South Carolina,SC,Hickory Grove,,,,,,,,29717,34.96334,-81.4334,America/New_York,EST,-5,,,,,,,,,,,
South Carolina,SC,Hickory Tavern,,,,,,,,,34.52123,-82.1887,America/New_York,EST,-5,,,,,,,,,,,
South Carolina,SC,Highland,,,,,,,,,32.91767,-80.0184,America/New_York,EST,-5,,,,,,,,,,,
South Carolina,SC,Hilda,,,,,,,,29813,33.29167,-81.4827,America/New_York,EST,-5,,,,,,,,,,,
South Carolina,SC,Hilton Head Island,,,,,,,,29928###29926###29938###29925,32.21319,-80.7997,America/New_York,EST,-5,,,,,,,,,,,
South Carolina,SC,Hiotts,,,,,,,,,0,0,,,,,,,,,,,,,,
South Carolina,SC,Hobcaw Point,,,,,,,,,0,0,,,,,,,,,,,,,,
South Carolina,SC,Hodges,,,,,,,,29695###29653,34.2742,-82.2139,America/New_York,EST,-5,,,,,,,,,,,
South Carolina,SC,Holly Hill,,,,,,,,29059,33.34946,-80.4389,America/New_York,EST,-5,,,,,,,,,,,
South Carolina,SC,Hollywood,,,,,,,,29449,32.71049,-80.2744,America/New_York,EST,-5,,,,,,,,,,,
South Carolina,SC,Homeland Park,,,,,,,,,34.47066,-82.6707,America/New_York,EST,-5,,,,,,,,,,,
South Carolina,SC,Honea Path,,,,,,,,29654,34.4465,-82.3915,America/New_York,EST,-5,,,,,,,,,,,
South Carolina,SC,Hopkins,,,,,,,,29061,33.92036,-80.823,America/New_York,EST,-5,,,,,,,,,,,
South Carolina,SC,Horrell Hill,,,,,,,,,0,0,,,,,,,,,,,,,,
South Carolina,SC,Hudsontown,,,,,,,,,0,0,,,,,,,,,,,,,,
South Carolina,SC,Huger,,,,,,,,29450,33.04393,-79.7841,America/New_York,EST,-5,,,,,,,,,,,
South Carolina,SC,Hunting Island,,,,,,,,,0,0,,,,,,,,,,,,,,
South Carolina,SC,Huskum Corner Crosroads,,,,,,,,,0,0,,,,,,,,,,,,,,
South Carolina,SC,Hussertown,,,,,,,,,0,0,,,,,,,,,,,,,,
South Carolina,SC,Inman,,,,,,,,29349,35.07537,-82.0296,America/New_York,EST,-5,,,,,,,,,,,
South Carolina,SC,Irmo,,,,,,,,29063,34.08598,-81.1832,America/New_York,EST,-5,,,,,,,,,,,
South Carolina,SC,Irwin,,,,,,,,,34.69376,-80.8223,America/New_York,EST,-5,,,,,,,,,,,
South Carolina,SC,Islandton,,,,,,,,29929,32.94631,-80.948,America/New_York,EST,-5,,,,,,,,,,,
South Carolina,SC,Iva,,,,,,,,29655,34.3065,-82.6637,America/New_York,EST,-5,,,,,,,,,,,
South Carolina,SC,Jackson,,,,,,,,29831,33.32542,-81.7879,America/New_York,EST,-5,,,,,,,,,,,
South Carolina,SC,Jacksonboro,,,,,,,,29452,32.73045,-80.4609,America/New_York,EST,-5,,,,,,,,,,,
South Carolina,SC,James Island,,,,,,,,,0,0,,,,,,,,,,,,,,
South Carolina,SC,Jamestown,,,,,,,,29453,33.286,-79.6926,America/New_York,EST,-5,,,,,,,,,,,
South Carolina,SC,Jasper,,,,,,,,,0,0,,,,,,,,,,,,,,
South Carolina,SC,Jedburg,,,,,,,,,33.05573,-80.2384,America/New_York,EST,-5,,,,,,,,,,,
South Carolina,SC,Jefferson,,,,,,,,29718,34.71154,-80.3929,America/New_York,EST,-5,,,,,,,,,,,
South Carolina,SC,Jennys,,,,,,,,,33.02627,-81.1137,America/New_York,EST,-5,,,,,,,,,,,
South Carolina,SC,Joanna,,,,,,,,29351,34.41536,-81.8042,America/New_York,EST,-5,,,,,,,,,,,
South Carolina,SC,Johns Island,,,,,,,,29457###29455,32.62472,-80.0406,America/New_York,EST,-5,,,,,,,,,,,
South Carolina,SC,Johnsonville,,,,,,,,29555,33.88686,-79.4897,America/New_York,EST,-5,,,,,,,,,,,
South Carolina,SC,Johnston,,,,,,,,29832,33.78318,-81.8184,America/New_York,EST,-5,,,,,,,,,,,
South Carolina,SC,Jonesville,,,,,,,,29353###29395,34.81248,-81.6431,America/New_York,EST,-5,,,,,,,,,,,
South Carolina,SC,Judge Town,,,,,,,,,0,0,,,,,,,,,,,,,,
South Carolina,SC,Kershaw,,,,,,,,29067,34.60042,-80.542,America/New_York,EST,-5,,,,,,,,,,,
South Carolina,SC,Kiawah Island,,,,,,,,,32.79893,-79.9978,America/New_York,EST,-5,,,,,,,,,,,
South Carolina,SC,Kings Mountain State Park,,,,,,,,,34.09071,-80.9662,America/New_York,EST,-5,,,,,,,,,,,
South Carolina,SC,Kingstree,,,,,,,,29556,33.66387,-79.8378,America/New_York,EST,-5,,,,,,,,,,,
South Carolina,SC,Kline,,,,,,,,,33.12599,-81.3426,America/New_York,EST,-5,,,,,,,,,,,
South Carolina,SC,Knightsville,,,,,,,,,33.01156,-80.2379,America/New_York,EST,-5,,,,,,,,,,,
South Carolina,SC,Knowles,,,,,,,,,0,0,,,,,,,,,,,,,,
South Carolina,SC,Kress,,,,,,,,,33.2989,-80.124,America/New_York,EST,-5,,,,,,,,,,,
South Carolina,SC,Ladson,,,,,,,,29456,33.01317,-80.1072,America/New_York,EST,-5,,,,,,,,,,,
South Carolina,SC,Lake City,,,,,,,,29560,33.871,-79.7554,America/New_York,EST,-5,,,,,,,,,,,
South Carolina,SC,Lake Murray Of Richland,,,,,,,,,34.76408,-83.0883,America/New_York,EST,-5,,,,,,,,,,,
South Carolina,SC,Lake View,,,,,,,,29563,34.35012,-79.2407,America/New_York,EST,-5,,,,,,,,,,,
South Carolina,SC,Lake Wylie,,,,,,,,,35.10848,-81.0429,America/New_York,EST,-5,,,,,,,,,,,
South Carolina,SC,Lakewood,,,,,,,,,0,0,,,,,,,,,,,,,,
South Carolina,SC,Lamar,,,,,,,,29069,34.16877,-80.0626,America/New_York,EST,-5,,,,,,,,,,,
South Carolina,SC,Lambert,,,,,,,,,0,0,,,,,,,,,,,,,,
South Carolina,SC,Lambs,,,,,,,,,32.85625,-79.982,America/New_York,EST,-5,,,,,,,,,,,
South Carolina,SC,Lancaster,,,,,,,,29720###29721###29722,34.71792,-80.6839,America/New_York,EST,-5,,,,,,,,,,,
South Carolina,SC,Lancaster Mill,,,,,,,,,34.70931,-80.7948,America/New_York,EST,-5,,,,,,,,,,,
South Carolina,SC,Landrum,,,,,,,,29356,35.17511,-82.1893,America/New_York,EST,-5,,,,,,,,,,,
South Carolina,SC,Lands End,,,,,,,,,32.29187,-80.6415,America/New_York,EST,-5,,,,,,,,,,,
South Carolina,SC,Lane,,,,,,,,29564,33.52155,-79.8787,America/New_York,EST,-5,,,,,,,,,,,
South Carolina,SC,Latta,,,,,,,,29565,34.38434,-79.4781,America/New_York,EST,-5,,,,,,,,,,,
South Carolina,SC,Laurel Bay,,,,,,,,,32.45744,-80.7179,America/New_York,EST,-5,,,,,,,,,,,
South Carolina,SC,Laurens,,,,,,,,29360,34.52888,-82.0551,America/New_York,EST,-5,,,,,,,,,,,
South Carolina,SC,Lawton,,,,,,,,,0,0,,,,,,,,,,,,,,
South Carolina,SC,Leeds,,,,,,,,,34.62958,-81.3962,America/New_York,EST,-5,,,,,,,,,,,
South Carolina,SC,Leesville,,,,,,,,29070,33.89543,-81.4239,America/New_York,EST,-5,,,,,,,,,,,
South Carolina,SC,Legareville,,,,,,,,,32.6549,-80.0529,America/New_York,EST,-5,,,,,,,,,,,
South Carolina,SC,Lena,,,,,,,,,32.7535,-81.2151,America/New_York,EST,-5,,,,,,,,,,,
South Carolina,SC,Levy,,,,,,,,,0,0,,,,,,,,,,,,,,
South Carolina,SC,Lexington,,,,,,,,29072###29071###29073,33.92518,-81.2483,America/New_York,EST,-5,,,,,,,,,,,
South Carolina,SC,Liberty,,,,,,,,29657,34.7837,-82.7094,America/New_York,EST,-5,,,,,,,,,,,
South Carolina,SC,Limehouse,,,,,,,,,32.2127,-81.0707,America/New_York,EST,-5,,,,,,,,,,,
South Carolina,SC,Limerick,,,,,,,,,0,0,,,,,,,,,,,,,,
South Carolina,SC,Lincolnville,,,,,,,,,33.05138,-80.1885,America/New_York,EST,-5,,,,,,,,,,,
South Carolina,SC,Litchfield Beach,,,,,,,,,33.46684,-79.0998,America/New_York,EST,-5,,,,,,,,,,,
South Carolina,SC,Little Mountain,,,,,,,,29075,34.19351,-81.3967,America/New_York,EST,-5,,,,,,,,,,,
South Carolina,SC,Little River,,,,,,,,29566,33.87853,-78.6394,America/New_York,EST,-5,,,,,,,,,,,
South Carolina,SC,Little Rock,,,,,,,,29567,34.55893,-79.4296,America/New_York,EST,-5,,,,,,,,,,,
South Carolina,SC,Livingston,,,,,,,,,33.55349,-81.1187,America/New_York,EST,-5,,,,,,,,,,,
South Carolina,SC,Lobeco,,,,,,,,29931,32.53843,-80.7026,America/New_York,EST,-5,,,,,,,,,,,
South Carolina,SC,Lockhart,,,,,,,,29364,34.78652,-81.462,America/New_York,EST,-5,,,,,,,,,,,
South Carolina,SC,Lodge,,,,,,,,29082,33.06794,-80.9537,America/New_York,EST,-5,,,,,,,,,,,
South Carolina,SC,Long Creek,,,,,,,,29658,34.76344,-83.2776,America/New_York,EST,-5,,,,,,,,,,,
South Carolina,SC,Longs,,,,,,,,29568,33.93851,-78.7331,America/New_York,EST,-5,,,,,,,,,,,
South Carolina,SC,Loris,,,,,,,,29569,33.97739,-78.9181,America/New_York,EST,-5,,,,,,,,,,,
South Carolina,SC,Lotts Crossroads,,,,,,,,,34.62958,-81.3962,America/New_York,EST,-5,,,,,,,,,,,
South Carolina,SC,Lowndesville,,,,,,,,29659,34.21261,-82.6496,America/New_York,EST,-5,,,,,,,,,,,
South Carolina,SC,Lowrys,,,,,,,,,34.80403,-81.2393,America/New_York,EST,-5,,,,,,,,,,,
South Carolina,SC,Lugoff,,,,,,,,29078,34.26027,-80.7313,America/New_York,EST,-5,,,,,,,,,,,
South Carolina,SC,Luray,,,,,,,,29932,32.81378,-81.2398,America/New_York,EST,-5,,,,,,,,,,,
South Carolina,SC,Lydia,,,,,,,,29079,34.28904,-80.1123,America/New_York,EST,-5,,,,,,,,,,,
South Carolina,SC,Lyman,,,,,,,,29365,34.94817,-82.1273,America/New_York,EST,-5,,,,,,,,,,,
South Carolina,SC,Lynchburg,,,,,,,,29080,34.04934,-80.0434,America/New_York,EST,-5,,,,,,,,,,,
South Carolina,SC,Macbeth,,,,,,,,,33.27322,-79.8816,America/New_York,EST,-5,,,,,,,,,,,
South Carolina,SC,Macedonia,,,,,,,,,34.00178,-81.2724,America/New_York,EST,-5,,,,,,,,,,,
South Carolina,SC,Manning,,,,,,,,29102,33.61841,-80.2116,America/New_York,EST,-5,,,,,,,,,,,
South Carolina,SC,Marietta,,,,,,,,29661,35.02095,-82.5015,America/New_York,EST,-5,,,,,,,,,,,
South Carolina,SC,Marion,,,,,,,,29571,34.16414,-79.3639,America/New_York,EST,-5,,,,,,,,,,,
South Carolina,SC,Martin,,,,,,,,29836,33.06904,-81.4765,America/New_York,EST,-5,,,,,,,,,,,
South Carolina,SC,Maryville,,,,,,,,,33.34267,-79.2967,America/New_York,EST,-5,,,,,,,,,,,
South Carolina,SC,Mauldin,,,,,,,,29662,34.77873,-82.3101,America/New_York,EST,-5,,,,,,,,,,,
South Carolina,SC,Mayesville,,,,,,,,29104,33.95017,-80.2173,America/New_York,EST,-5,,,,,,,,,,,
South Carolina,SC,Mayo,,,,,,,,29368,35.08401,-81.8598,America/New_York,EST,-5,,,,,,,,,,,
South Carolina,SC,Mcbee,,,,,,,,,34.47024,-80.2568,America/New_York,EST,-5,,,,,,,,,,,
South Carolina,SC,Mcclellanville,,,,,,,,,33.11938,-79.5074,America/New_York,EST,-5,,,,,,,,,,,
South Carolina,SC,Mccoll,,,,,,,,,34.68673,-79.5559,America/New_York,EST,-5,,,,,,,,,,,
South Carolina,SC,Mcconnells,,,,,,,,,34.85986,-81.2274,America/New_York,EST,-5,,,,,,,,,,,
South Carolina,SC,Mccormick,,,,,,,,,33.89324,-82.2609,America/New_York,EST,-5,,,,,,,,,,,
South Carolina,SC,Mcphersonville,,,,,,,,,32.71846,-80.9671,America/New_York,EST,-5,,,,,,,,,,,
South Carolina,SC,Meggett,,,,,,,,,32.71796,-80.239,America/New_York,EST,-5,,,,,,,,,,,
South Carolina,SC,Mepkin,,,,,,,,,0,0,,,,,,,,,,,,,,
South Carolina,SC,Midland Park,,,,,,,,,0,0,,,,,,,,,,,,,,
South Carolina,SC,Milbury,,,,,,,,,0,0,,,,,,,,,,,,,,
South Carolina,SC,Miley,,,,,,,,29933,32.78877,-81.1269,America/New_York,EST,-5,,,,,,,,,,,
South Carolina,SC,Millett,,,,,,,,,33.08126,-81.5357,America/New_York,EST,-5,,,,,,,,,,,
South Carolina,SC,Millwood,,,,,,,,,33.59933,-79.7442,America/New_York,EST,-5,,,,,,,,,,,
South Carolina,SC,Minturn,,,,,,,,,34.48826,-79.4769,America/New_York,EST,-5,,,,,,,,,,,
South Carolina,SC,Mitchellville,,,,,,,,,32.46186,-80.9921,America/New_York,EST,-5,,,,,,,,,,,
South Carolina,SC,Modoc,,,,,,,,29838,33.70523,-82.2187,America/New_York,EST,-5,,,,,,,,,,,
South Carolina,SC,Monarch Mills,,,,,,,,,0,0,,,,,,,,,,,,,,
South Carolina,SC,Moncks Corner,,,,,,,,29461,33.19712,-80.0233,America/New_York,EST,-5,,,,,,,,,,,
South Carolina,SC,Monetta,,,,,,,,29105,33.85014,-81.6096,America/New_York,EST,-5,,,,,,,,,,,
South Carolina,SC,Mont Clare,,,,,,,,,34.3954,-82.1882,America/New_York,EST,-5,,,,,,,,,,,
South Carolina,SC,Moore,,,,,,,,29369,34.83346,-81.9921,America/New_York,EST,-5,,,,,,,,,,,
South Carolina,SC,Moorefield,,,,,,,,,0,0,,,,,,,,,,,,,,
South Carolina,SC,Moreland,,,,,,,,,0,0,,,,,,,,,,,,,,
South Carolina,SC,Morgan,,,,,,,,,0,0,,,,,,,,,,,,,,
South Carolina,SC,Moselle,,,,,,,,,32.966,-81.0126,America/New_York,EST,-5,,,,,,,,,,,
South Carolina,SC,Mount Carmel,,,,,,,,29840,34.01859,-82.5043,America/New_York,EST,-5,,,,,,,,,,,
South Carolina,SC,Mount Croghan,,,,,,,,29727,34.76988,-80.2278,America/New_York,EST,-5,,,,,,,,,,,
South Carolina,SC,Mount Holly,,,,,,,,,33.03434,-80.0345,America/New_York,EST,-5,,,,,,,,,,,
South Carolina,SC,Mount Pleasant,,,,,,,,29466###29465###29464,32.84727,-79.8206,America/New_York,EST,-5,,,,,,,,,,,
South Carolina,SC,Mount Zion,,,,,,,,,34.25988,-79.3178,America/New_York,EST,-5,,,,,,,,,,,
South Carolina,SC,Mountain Rest,,,,,,,,29664,34.85656,-83.1913,America/New_York,EST,-5,,,,,,,,,,,
South Carolina,SC,Mulberry,,,,,,,,,0,0,,,,,,,,,,,,,,
South Carolina,SC,Mullins,,,,,,,,29574,34.15926,-79.2732,America/New_York,EST,-5,,,,,,,,,,,
South Carolina,SC,Murad,,,,,,,,,35.02095,-82.5015,America/New_York,EST,-5,,,,,,,,,,,
South Carolina,SC,Murphys Estates,,,,,,,,,0,0,,,,,,,,,,,,,,
South Carolina,SC,Murraysville,,,,,,,,,33.18128,-80.1015,America/New_York,EST,-5,,,,,,,,,,,
South Carolina,SC,Murrells Inlet,,,,,,,,29576,33.52964,-79.0482,America/New_York,EST,-5,,,,,,,,,,,
South Carolina,SC,Myrtle Beach,,,,,,,,29572###29578###29588###29577###29575###29587###29579,33.77156,-78.7847,America/New_York,EST,-5,,,,,,,,,,,
South Carolina,SC,Myrtle Island,,,,,,,,,32.21187,-80.8648,America/New_York,EST,-5,,,,,,,,,,,
South Carolina,SC,Neeses,,,,,,,,29107,33.52563,-81.1213,America/New_York,EST,-5,,,,,,,,,,,
South Carolina,SC,Nesmith,,,,,,,,29580,33.65906,-79.5134,America/New_York,EST,-5,,,,,,,,,,,
South Carolina,SC,Nevadum,,,,,,,,,0,0,,,,,,,,,,,,,,
South Carolina,SC,New Ellenton,,,,,,,,29809,33.41303,-81.69,America/New_York,EST,-5,,,,,,,,,,,
South Carolina,SC,New Hope,,,,,,,,,34.01766,-79.7509,America/New_York,EST,-5,,,,,,,,,,,
South Carolina,SC,Newberry,,,,,,,,29108,34.31003,-81.6086,America/New_York,EST,-5,,,,,,,,,,,
South Carolina,SC,Newland,,,,,,,,,0,0,,,,,,,,,,,,,,
South Carolina,SC,Neyles,,,,,,,,,0,0,,,,,,,,,,,,,,
South Carolina,SC,Nichols,,,,,,,,29581,34.23378,-79.1487,America/New_York,EST,-5,,,,,,,,,,,
South Carolina,SC,Nine Times,,,,,,,,,34.91511,-82.844,America/New_York,EST,-5,,,,,,,,,,,
South Carolina,SC,Ninety Six,,,,,,,,29666,0,0,,,,,,,,,,,,,,
South Carolina,SC,Nixville,,,,,,,,,32.74295,-81.152,America/New_York,EST,-5,,,,,,,,,,,
South Carolina,SC,Norman Landing,,,,,,,,,0,0,,,,,,,,,,,,,,
South Carolina,SC,Norris,,,,,,,,29667,34.76011,-82.7538,America/New_York,EST,-5,,,,,,,,,,,
South Carolina,SC,North,,,,,,,,29112,33.61571,-81.102,America/New_York,EST,-5,,,,,,,,,,,
South Carolina,SC,North Augusta,,,,,,,,29860###29861###29841,33.52641,-81.9393,America/New_York,EST,-5,,,,,,,,,,,
South Carolina,SC,North Charleston,,,,,,,,29405###29418###29420,32.85302,-79.9913,America/New_York,EST,-5,,,,,,,,,,,
South Carolina,SC,North Hartsville,,,,,,,,,34.39377,-80.0695,America/New_York,EST,-5,,,,,,,,,,,
South Carolina,SC,North Myrtle Beach,,,,,,,,29597###29598###29582,33.83853,-78.6606,America/New_York,EST,-5,,,,,,,,,,,
South Carolina,SC,Northwoods Mall,,,,,,,,,0,0,,,,,,,,,,,,,,
South Carolina,SC,Norway,,,,,,,,29113,33.45182,-81.1254,America/New_York,EST,-5,,,,,,,,,,,
South Carolina,SC,Oak Grove,,,,,,,,,34.00178,-81.2724,America/New_York,EST,-5,,,,,,,,,,,
South Carolina,SC,Oakatee,,,,,,,,,32.33684,-80.8478,America/New_York,EST,-5,,,,,,,,,,,
South Carolina,SC,Oakbrook,,,,,,,,,0,0,,,,,,,,,,,,,,
South Carolina,SC,Oakland,,,,,,,,,32.71265,-79.9479,America/New_York,EST,-5,,,,,,,,,,,
South Carolina,SC,Oakley,,,,,,,,,33.12406,-80.019,America/New_York,EST,-5,,,,,,,,,,,
South Carolina,SC,Oakway,,,,,,,,,34.60121,-83.0257,America/New_York,EST,-5,,,,,,,,,,,
South Carolina,SC,Oatland,,,,,,,,,33.49517,-79.3473,America/New_York,EST,-5,,,,,,,,,,,
South Carolina,SC,Oats,,,,,,,,,34.25349,-80.0776,America/New_York,EST,-5,,,,,,,,,,,
South Carolina,SC,Okatie,,,,,,,,29909,32.33684,-80.8478,America/New_York,EST,-5,,,,,,,,,,,
South Carolina,SC,Olanta,,,,,,,,29114,33.93781,-79.9037,America/New_York,EST,-5,,,,,,,,,,,
South Carolina,SC,Olar,,,,,,,,29843,33.17843,-81.1827,America/New_York,EST,-5,,,,,,,,,,,
South Carolina,SC,Old Cordesville,,,,,,,,,33.13621,-79.8826,America/New_York,EST,-5,,,,,,,,,,,
South Carolina,SC,Old House,,,,,,,,,32.45963,-80.8965,America/New_York,EST,-5,,,,,,,,,,,
South Carolina,SC,Old Saint George,,,,,,,,,33.186,-80.5757,America/New_York,EST,-5,,,,,,,,,,,
South Carolina,SC,Ora,,,,,,,,,34.49863,-82.0506,America/New_York,EST,-5,,,,,,,,,,,
South Carolina,SC,Orangeburg,,,,,,,,29118###29117###29115###29116,33.49094,-80.8218,America/New_York,EST,-5,,,,,,,,,,,
South Carolina,SC,Orchard Hill,,,,,,,,,0,0,,,,,,,,,,,,,,
South Carolina,SC,Oswego,,,,,,,,,33.87429,-80.354,America/New_York,EST,-5,,,,,,,,,,,
South Carolina,SC,Otranto,,,,,,,,,32.85625,-79.982,America/New_York,EST,-5,,,,,,,,,,,
South Carolina,SC,Pacolet,,,,,,,,29372,34.8895,-81.774,America/New_York,EST,-5,,,,,,,,,,,
South Carolina,SC,Pacolet Mills,,,,,,,,29373,34.92263,-81.7426,America/New_York,EST,-5,,,,,,,,,,,
South Carolina,SC,Padgetts,,,,,,,,,0,0,,,,,,,,,,,,,,
South Carolina,SC,Pageland,,,,,,,,29728,34.76888,-80.3751,America/New_York,EST,-5,,,,,,,,,,,
South Carolina,SC,Palmerville,,,,,,,,,0,0,,,,,,,,,,,,,,
South Carolina,SC,Pamplico,,,,,,,,29583,33.97244,-79.5992,America/New_York,EST,-5,,,,,,,,,,,
South Carolina,SC,Paris Mountain State Park,,,,,,,,,34.09071,-80.9662,America/New_York,EST,-5,,,,,,,,,,,
South Carolina,SC,Parker,,,,,,,,,0,0,,,,,,,,,,,,,,
South Carolina,SC,Parkers Ferry,,,,,,,,,32.76018,-80.3962,America/New_York,EST,-5,,,,,,,,,,,
South Carolina,SC,Parkers Ferry Land,,,,,,,,,32.76018,-80.3962,America/New_York,EST,-5,,,,,,,,,,,
South Carolina,SC,Parksville,,,,,,,,29844,33.78544,-82.2111,America/New_York,EST,-5,,,,,,,,,,,
South Carolina,SC,Parris Island,,,,,,,,,32.35159,-80.6822,America/New_York,EST,-5,,,,,,,,,,,
South Carolina,SC,Patrick,,,,,,,,29584,34.5746,-80.0459,America/New_York,EST,-5,,,,,,,,,,,
South Carolina,SC,Pauline,,,,,,,,29374,34.83318,-81.8723,America/New_York,EST,-5,,,,,,,,,,,
South Carolina,SC,Pawley'S Island,,,,,,,,,32.94631,-80.948,America/New_York,EST,-5,,,,,,,,,,,
South Carolina,SC,Paxville,,,,,,,,,33.73877,-80.3573,America/New_York,EST,-5,,,,,,,,,,,
South Carolina,SC,Peak,,,,,,,,29122,34.23862,-81.3271,America/New_York,EST,-5,,,,,,,,,,,
South Carolina,SC,Pelion,,,,,,,,29123,33.76654,-81.2475,America/New_York,EST,-5,,,,,,,,,,,
South Carolina,SC,Pelzer,,,,,,,,29669,34.6568,-82.5353,America/New_York,EST,-5,,,,,,,,,,,
South Carolina,SC,Pendleton,,,,,,,,29670,34.65177,-82.7838,America/New_York,EST,-5,,,,,,,,,,,
South Carolina,SC,Perry,,,,,,,,,33.64478,-81.3125,America/New_York,EST,-5,,,,,,,,,,,
South Carolina,SC,Pickens,,,,,,,,29671,34.87378,-82.7125,America/New_York,EST,-5,,,,,,,,,,,
South Carolina,SC,Piedmont,,,,,,,,29673,34.72209,-82.3925,America/New_York,EST,-5,,,,,,,,,,,
South Carolina,SC,Pimlico,,,,,,,,,33.09739,-79.9604,America/New_York,EST,-5,,,,,,,,,,,
South Carolina,SC,Pine Ridge,,,,,,,,,33.99753,-81.0974,America/New_York,EST,-5,,,,,,,,,,,
South Carolina,SC,Pineland,,,,,,,,29934,32.60018,-81.1596,America/New_York,EST,-5,,,,,,,,,,,
South Carolina,SC,Pineville,,,,,,,,29468,33.41175,-80.0712,America/New_York,EST,-5,,,,,,,,,,,
South Carolina,SC,Pinewood,,,,,,,,29125,33.75608,-80.4579,America/New_York,EST,-5,,,,,,,,,,,
South Carolina,SC,Pinopolis,,,,,,,,29469,33.24524,-80.0987,America/New_York,EST,-5,,,,,,,,,,,
South Carolina,SC,Plantersville,,,,,,,,,33.55545,-79.2153,America/New_York,EST,-5,,,,,,,,,,,
South Carolina,SC,Plum Branch,,,,,,,,29845,33.84874,-82.2599,America/New_York,EST,-5,,,,,,,,,,,
South Carolina,SC,Pocotaligo,,,,,,,,,32.70092,-80.9311,America/New_York,EST,-5,,,,,,,,,,,
South Carolina,SC,Pomaria,,,,,,,,29126,34.32302,-81.4121,America/New_York,EST,-5,,,,,,,,,,,
South Carolina,SC,Pontiac,,,,,,,,,34.12848,-80.8548,America/New_York,EST,-5,,,,,,,,,,,
South Carolina,SC,Poppenheim Crossing,,,,,,,,,0,0,,,,,,,,,,,,,,
South Carolina,SC,Port Royal,,,,,,,,29935,32.38743,-80.6844,America/New_York,EST,-5,,,,,,,,,,,
South Carolina,SC,Possum Corner,,,,,,,,,0,0,,,,,,,,,,,,,,
South Carolina,SC,Powdersville,,,,,,,,,0,0,,,,,,,,,,,,,,
South Carolina,SC,Pregnall,,,,,,,,,33.15628,-80.4645,America/New_York,EST,-5,,,,,,,,,,,
South Carolina,SC,Princeton,,,,,,,,,34.49706,-82.2871,America/New_York,EST,-5,,,,,,,,,,,
South Carolina,SC,Pringletown,,,,,,,,,0,0,,,,,,,,,,,,,,
South Carolina,SC,Prioleau,,,,,,,,,0,0,,,,,,,,,,,,,,
South Carolina,SC,Pritchardville,,,,,,,,,32.23798,-80.9643,America/New_York,EST,-5,,,,,,,,,,,
South Carolina,SC,Privateer,,,,,,,,,33.87429,-80.354,America/New_York,EST,-5,,,,,,,,,,,
South Carolina,SC,Prosperity,,,,,,,,29127,34.18806,-81.5529,America/New_York,EST,-5,,,,,,,,,,,
South Carolina,SC,Pumpkintown,,,,,,,,,0,0,,,,,,,,,,,,,,
South Carolina,SC,Purysburgh,,,,,,,,,32.29742,-81.1193,America/New_York,EST,-5,,,,,,,,,,,
South Carolina,SC,Quinby,,,,,,,,,34.20593,-79.8263,America/New_York,EST,-5,,,,,,,,,,,
South Carolina,SC,Rains,,,,,,,,29589,34.10527,-79.3221,America/New_York,EST,-5,,,,,,,,,,,
South Carolina,SC,Rantowles,,,,,,,,,32.70037,-80.2871,America/New_York,EST,-5,,,,,,,,,,,
South Carolina,SC,Ravenel,,,,,,,,29470,32.78777,-80.2248,America/New_York,EST,-5,,,,,,,,,,,
South Carolina,SC,Red Bank,,,,,,,,,34.00178,-81.2724,America/New_York,EST,-5,,,,,,,,,,,
South Carolina,SC,Red Bank Landing,,,,,,,,,0,0,,,,,,,,,,,,,,
South Carolina,SC,Red Hill,,,,,,,,,34.16904,-80.4112,America/New_York,EST,-5,,,,,,,,,,,
South Carolina,SC,Red Top,,,,,,,,,32.80268,-80.1226,America/New_York,EST,-5,,,,,,,,,,,
South Carolina,SC,Reevesville,,,,,,,,29471,33.1726,-80.6607,America/New_York,EST,-5,,,,,,,,,,,
South Carolina,SC,Reidville,,,,,,,,29375,34.8613,-82.1138,America/New_York,EST,-5,,,,,,,,,,,
South Carolina,SC,Rembert,,,,,,,,29128,34.0598,-80.5131,America/New_York,EST,-5,,,,,,,,,,,
South Carolina,SC,Remleys Point,,,,,,,,,0,0,,,,,,,,,,,,,,
South Carolina,SC,Rhodes Crossroads,,,,,,,,,0,0,,,,,,,,,,,,,,
South Carolina,SC,Ricetown,,,,,,,,,0,0,,,,,,,,,,,,,,
South Carolina,SC,Richburg,,,,,,,,29729,34.69249,-81.0039,America/New_York,EST,-5,,,,,,,,,,,
South Carolina,SC,Richmond,,,,,,,,,34.92206,-82.4635,America/New_York,EST,-5,,,,,,,,,,,
South Carolina,SC,Ridge Spring,,,,,,,,29129,33.8442,-81.6551,America/New_York,EST,-5,,,,,,,,,,,
South Carolina,SC,Ridgeland,,,,,,,,29936,32.48683,-80.9257,America/New_York,EST,-5,,,,,,,,,,,
South Carolina,SC,Ridgeville,,,,,,,,29472,33.03257,-80.3746,America/New_York,EST,-5,,,,,,,,,,,
South Carolina,SC,Ridgeway,,,,,,,,29130,34.30688,-80.9268,America/New_York,EST,-5,,,,,,,,,,,
South Carolina,SC,Ritter,,,,,,,,,32.78962,-80.6304,America/New_York,EST,-5,,,,,,,,,,,
South Carolina,SC,Robertville,,,,,,,,,32.58657,-81.1984,America/New_York,EST,-5,,,,,,,,,,,
South Carolina,SC,Rock Hill,,,,,,,,29731###29734###29732###29733###29730,34.90911,-81.0524,America/New_York,EST,-5,,,,,,,,,,,
South Carolina,SC,Rockville,,,,,,,,,0,0,,,,,,,,,,,,,,
South Carolina,SC,Rocky Bottom,,,,,,,,,35.04595,-82.8024,America/New_York,EST,-5,,,,,,,,,,,
South Carolina,SC,Roebuck,,,,,,,,29376,34.8295,-81.9472,America/New_York,EST,-5,,,,,,,,,,,
South Carolina,SC,Rosinville,,,,,,,,,33.25461,-80.5276,America/New_York,EST,-5,,,,,,,,,,,
South Carolina,SC,Round O,,,,,,,,29474,32.93712,-80.5409,America/New_York,EST,-5,,,,,,,,,,,
South Carolina,SC,Rouse,,,,,,,,,0,0,,,,,,,,,,,,,,
South Carolina,SC,Rowesville,,,,,,,,29133,33.36988,-80.837,America/New_York,EST,-5,,,,,,,,,,,
South Carolina,SC,Ruby,,,,,,,,29741,34.72126,-80.1896,America/New_York,EST,-5,,,,,,,,,,,
South Carolina,SC,Ruffin,,,,,,,,29475,32.899,-80.8194,America/New_York,EST,-5,,,,,,,,,,,
South Carolina,SC,Russellville,,,,,,,,29476,33.1642,-79.9042,America/New_York,EST,-5,,,,,,,,,,,
South Carolina,SC,Sadlers Creek State Park,,,,,,,,,34.09071,-80.9662,America/New_York,EST,-5,,,,,,,,,,,
South Carolina,SC,Saint Andrews,,,,,,,,,32.78184,-79.9851,America/New_York,EST,-5,,,,,,,,,,,
South Carolina,SC,Saint George,,,,,,,,29477,33.186,-80.5757,America/New_York,EST,-5,,,,,,,,,,,
South Carolina,SC,Saint Johns,,,,,,,,,33.47516,-80.4865,America/New_York,EST,-5,,,,,,,,,,,
South Carolina,SC,Saint Stephen,,,,,,,,29479,33.33618,-79.9236,America/New_York,EST,-5,,,,,,,,,,,
South Carolina,SC,Salem,,,,,,,,29676,34.86688,-82.9766,America/New_York,EST,-5,,,,,,,,,,,
South Carolina,SC,Salkehatchie,,,,,,,,,32.70629,-80.8132,America/New_York,EST,-5,,,,,,,,,,,
South Carolina,SC,Salley,,,,,,,,29137,33.60572,-81.3658,America/New_York,EST,-5,,,,,,,,,,,
South Carolina,SC,Saluda,,,,,,,,29138,34.03135,-81.7737,America/New_York,EST,-5,,,,,,,,,,,
South Carolina,SC,Sampit,,,,,,,,,33.36406,-79.4587,America/New_York,EST,-5,,,,,,,,,,,
South Carolina,SC,Sandridge,,,,,,,,,0,0,,,,,,,,,,,,,,
South Carolina,SC,Sandy Springs,,,,,,,,29677,34.59755,-82.7568,America/New_York,EST,-5,,,,,,,,,,,
South Carolina,SC,Sangaree,,,,,,,,,0,0,,,,,,,,,,,,,,
South Carolina,SC,Sans Souci,,,,,,,,,34.8779,-82.424,America/New_York,EST,-5,,,,,,,,,,,
South Carolina,SC,Santee,,,,,,,,29142,33.47516,-80.4865,America/New_York,EST,-5,,,,,,,,,,,
South Carolina,SC,Saratt,,,,,,,,,0,0,,,,,,,,,,,,,,
South Carolina,SC,Savannah River Site,,,,,,,,,0,0,,,,,,,,,,,,,,
South Carolina,SC,Scotia,,,,,,,,29939,32.67862,-81.2455,America/New_York,EST,-5,,,,,,,,,,,
South Carolina,SC,Scott,,,,,,,,,0,0,,,,,,,,,,,,,,
South Carolina,SC,Scranton,,,,,,,,29591,33.93728,-79.7699,America/New_York,EST,-5,,,,,,,,,,,
South Carolina,SC,Sea Pines,,,,,,,,,32.13354,-80.7948,America/New_York,EST,-5,,,,,,,,,,,
South Carolina,SC,Seabrook Island,,,,,,,,,32.57713,-80.1707,America/New_York,EST,-5,,,,,,,,,,,
South Carolina,SC,Secessionville,,,,,,,,,0,0,,,,,,,,,,,,,,
South Carolina,SC,Sedalia,,,,,,,,,34.60402,-81.7245,America/New_York,EST,-5,,,,,,,,,,,
South Carolina,SC,Seigling,,,,,,,,,33.04432,-81.3151,America/New_York,EST,-5,,,,,,,,,,,
South Carolina,SC,Sellers,,,,,,,,29592,34.25801,-79.4783,America/New_York,EST,-5,,,,,,,,,,,
South Carolina,SC,Seneca,,,,,,,,29672###29679###29678,34.77398,-82.9457,America/New_York,EST,-5,,,,,,,,,,,
South Carolina,SC,Seven Oaks,,,,,,,,,0,0,,,,,,,,,,,,,,
South Carolina,SC,Shadowmoss,,,,,,,,,0,0,,,,,,,,,,,,,,
South Carolina,SC,Sharon,,,,,,,,29742,34.93279,-81.3385,America/New_York,EST,-5,,,,,,,,,,,
South Carolina,SC,Shaw-Horatio,,,,,,,,,34.02126,-80.5659,America/New_York,EST,-5,,,,,,,,,,,
South Carolina,SC,Sheldon,,,,,,,,29941,32.55031,-80.8067,America/New_York,EST,-5,,,,,,,,,,,
South Carolina,SC,Shiloh,,,,,,,,,33.94016,-80.0409,America/New_York,EST,-5,,,,,,,,,,,
South Carolina,SC,Shirley,,,,,,,,,32.66017,-81.3162,America/New_York,EST,-5,,,,,,,,,,,
South Carolina,SC,Shulerville,,,,,,,,,33.18739,-79.632,America/New_York,EST,-5,,,,,,,,,,,
South Carolina,SC,Sidney,,,,,,,,,0,0,,,,,,,,,,,,,,
South Carolina,SC,Silverstreet,,,,,,,,29145,34.21791,-81.7154,America/New_York,EST,-5,,,,,,,,,,,
South Carolina,SC,Simmonsville,,,,,,,,,33.38111,-79.3298,America/New_York,EST,-5,,,,,,,,,,,
South Carolina,SC,Simpson Crossing,,,,,,,,,34.30848,-81.0454,America/New_York,EST,-5,,,,,,,,,,,
South Carolina,SC,Simpsonville,,,,,,,,29680###29681,34.6962,-82.2893,America/New_York,EST,-5,,,,,,,,,,,
South Carolina,SC,Six Mile,,,,,,,,29682,34.83719,-82.8256,America/New_York,EST,-5,,,,,,,,,,,
South Carolina,SC,Slandsville,,,,,,,,,32.98045,-80.2415,America/New_York,EST,-5,,,,,,,,,,,
South Carolina,SC,Smith,,,,,,,,,34.82125,-81.1154,America/New_York,EST,-5,,,,,,,,,,,
South Carolina,SC,Smithboro,,,,,,,,,34.27044,-79.3034,America/New_York,EST,-5,,,,,,,,,,,
South Carolina,SC,Smoaks,,,,,,,,29481,33.09806,-80.6825,America/New_York,EST,-5,,,,,,,,,,,
South Carolina,SC,Smyly,,,,,,,,,0,0,,,,,,,,,,,,,,
South Carolina,SC,Smyrna,,,,,,,,29743,35.02516,-81.4073,America/New_York,EST,-5,,,,,,,,,,,
South Carolina,SC,Snelling,,,,,,,,,33.23987,-81.4559,America/New_York,EST,-5,,,,,,,,,,,
South Carolina,SC,Snowden,,,,,,,,,32.84156,-79.8465,America/New_York,EST,-5,,,,,,,,,,,
South Carolina,SC,Socastee,,,,,,,,,33.69878,-78.9029,America/New_York,EST,-5,,,,,,,,,,,
South Carolina,SC,Society Hill,,,,,,,,29593,34.44202,-79.8805,America/New_York,EST,-5,,,,,,,,,,,
South Carolina,SC,South Congaree,,,,,,,,,33.99753,-81.0974,America/New_York,EST,-5,,,,,,,,,,,
South Carolina,SC,South Of The Border,,,,,,,,,0,0,,,,,,,,,,,,,,
South Carolina,SC,South Santee,,,,,,,,,33.47516,-80.4865,America/New_York,EST,-5,,,,,,,,,,,
South Carolina,SC,South Sumter,,,,,,,,,33.91368,-80.3542,America/New_York,EST,-5,,,,,,,,,,,
South Carolina,SC,South Windermere,,,,,,,,,0,0,,,,,,,,,,,,,,
South Carolina,SC,Spartanburg,,,,,,,,29302###29305###29303###29304###29306###29307###29319###29301###29316,34.93403,-82.0107,America/New_York,EST,-5,,,,,,,,,,,
South Carolina,SC,Spring Hill,,,,,,,,,34.15154,-80.4384,America/New_York,EST,-5,,,,,,,,,,,
South Carolina,SC,Springdale,,,,,,,,,34.68931,-80.7862,America/New_York,EST,-5,,,,,,,,,,,
South Carolina,SC,Springfield,,,,,,,,29146,33.5171,-81.2698,America/New_York,EST,-5,,,,,,,,,,,
South Carolina,SC,Springtown,,,,,,,,,33.5171,-81.2698,America/New_York,EST,-5,,,,,,,,,,,
South Carolina,SC,St. Andrews,,,,,,,,,32.78184,-79.9851,America/New_York,EST,-5,,,,,,,,,,,
South Carolina,SC,St. Helena,,,,,,,,,32.39686,-80.5762,America/New_York,EST,-5,,,,,,,,,,,
South Carolina,SC,St. Matthews,,,,,,,,,33.69673,-80.8678,America/New_York,EST,-5,,,,,,,,,,,
South Carolina,SC,Stafford,,,,,,,,,0,0,,,,,,,,,,,,,,
South Carolina,SC,Stallsville,,,,,,,,,33.05138,-80.1885,America/New_York,EST,-5,,,,,,,,,,,
South Carolina,SC,Starr,,,,,,,,29684,34.40913,-82.6602,America/New_York,EST,-5,,,,,,,,,,,
South Carolina,SC,Stateburg,,,,,,,,,33.87429,-80.354,America/New_York,EST,-5,,,,,,,,,,,
South Carolina,SC,Stevens Creek,,,,,,,,,0,0,,,,,,,,,,,,,,
South Carolina,SC,Stiles Point,,,,,,,,,0,0,,,,,,,,,,,,,,
South Carolina,SC,Stokes,,,,,,,,,32.95933,-80.7257,America/New_York,EST,-5,,,,,,,,,,,
South Carolina,SC,Stono,,,,,,,,,0,0,,,,,,,,,,,,,,
South Carolina,SC,Stony Landing,,,,,,,,,0,0,,,,,,,,,,,,,,
South Carolina,SC,Strawberry,,,,,,,,,33.09156,-80.0306,America/New_York,EST,-5,,,,,,,,,,,
South Carolina,SC,Stuckey,,,,,,,,,33.73183,-79.5126,America/New_York,EST,-5,,,,,,,,,,,
South Carolina,SC,Sugar Hill,,,,,,,,,0,0,,,,,,,,,,,,,,
South Carolina,SC,Sullivans Island,,,,,,,,29482,32.76634,-79.8395,America/New_York,EST,-5,,,,,,,,,,,
South Carolina,SC,Summerton,,,,,,,,29148,33.55156,-80.3228,America/New_York,EST,-5,,,,,,,,,,,
South Carolina,SC,Summerville,,,,,,,,29483###29485###29484,33.05138,-80.1885,America/New_York,EST,-5,,,,,,,,,,,
South Carolina,SC,Summit,,,,,,,,,33.92487,-81.422,America/New_York,EST,-5,,,,,,,,,,,
South Carolina,SC,Sumter,,,,,,,,29150###29151###29153###29154,33.91368,-80.3542,America/New_York,EST,-5,,,,,,,,,,,
South Carolina,SC,Surfside Beach,,,,,,,,,33.606,-78.9731,America/New_York,EST,-5,,,,,,,,,,,
South Carolina,SC,Swansea,,,,,,,,29160,33.72901,-81.103,America/New_York,EST,-5,,,,,,,,,,,
South Carolina,SC,Switzerland,,,,,,,,,32.42769,-81.0087,America/New_York,EST,-5,,,,,,,,,,,
South Carolina,SC,Sycamore,,,,,,,,29846,33.0241,-81.2258,America/New_York,EST,-5,,,,,,,,,,,
South Carolina,SC,Tarboro,,,,,,,,,0,0,,,,,,,,,,,,,,
South Carolina,SC,Tarry Town,,,,,,,,,34.96847,-81.9064,America/New_York,EST,-5,,,,,,,,,,,
South Carolina,SC,Tatum,,,,,,,,29594,34.64051,-79.5869,America/New_York,EST,-5,,,,,,,,,,,
South Carolina,SC,Taylors,,,,,,,,29687,34.91569,-82.3119,America/New_York,EST,-5,,,,,,,,,,,
South Carolina,SC,Tega Cay,,,,,,,,,35.00984,-80.9287,America/New_York,EST,-5,,,,,,,,,,,
South Carolina,SC,Texas,,,,,,,,,0,0,,,,,,,,,,,,,,
South Carolina,SC,Thayer,,,,,,,,,0,0,,,,,,,,,,,,,,
South Carolina,SC,Thicketty,,,,,,,,,0,0,,,,,,,,,,,,,,
South Carolina,SC,Thomas Corner,,,,,,,,,0,0,,,,,,,,,,,,,,
South Carolina,SC,Tigerville,,,,,,,,29688,35.04768,-82.353,America/New_York,EST,-5,,,,,,,,,,,
South Carolina,SC,Tillman,,,,,,,,29943,32.4791,-81.1908,America/New_York,EST,-5,,,,,,,,,,,
South Carolina,SC,Timmonsville,,,,,,,,29161,34.0626,-79.9338,America/New_York,EST,-5,,,,,,,,,,,
South Carolina,SC,Townville,,,,,,,,29689,34.53359,-82.8922,America/New_York,EST,-5,,,,,,,,,,,
South Carolina,SC,Travelers Rest,,,,,,,,29690,35.07163,-82.3742,America/New_York,EST,-5,,,,,,,,,,,
South Carolina,SC,Trenton,,,,,,,,29847,33.6983,-81.8642,America/New_York,EST,-5,,,,,,,,,,,
South Carolina,SC,Trio,,,,,,,,,0,0,,,,,,,,,,,,,,
South Carolina,SC,Troy,,,,,,,,29848,33.98762,-82.2979,America/New_York,EST,-5,,,,,,,,,,,
South Carolina,SC,Turbeville,,,,,,,,29162,33.88424,-80.0226,America/New_York,EST,-5,,,,,,,,,,,
South Carolina,SC,Ulmer,,,,,,,,29849,33.09885,-81.2068,America/New_York,EST,-5,,,,,,,,,,,
South Carolina,SC,Union,,,,,,,,29379,34.70046,-81.6477,America/New_York,EST,-5,,,,,,,,,,,
South Carolina,SC,Valentine,,,,,,,,,0,0,,,,,,,,,,,,,,
South Carolina,SC,Van Wyck,,,,,,,,29744,34.97387,-80.8518,America/New_York,EST,-5,,,,,,,,,,,
South Carolina,SC,Vance,,,,,,,,29163,33.41788,-80.4348,America/New_York,EST,-5,,,,,,,,,,,
South Carolina,SC,Varnville,,,,,,,,29944,32.79722,-81.0798,America/New_York,EST,-5,,,,,,,,,,,
South Carolina,SC,Verdery,,,,,,,,,34.10929,-82.2493,America/New_York,EST,-5,,,,,,,,,,,
South Carolina,SC,Waccamaw,,,,,,,,,0,0,,,,,,,,,,,,,,
South Carolina,SC,Wadboo,,,,,,,,,0,0,,,,,,,,,,,,,,
South Carolina,SC,Wade Hampton,,,,,,,,,34.81173,-82.3314,America/New_York,EST,-5,,,,,,,,,,,
South Carolina,SC,Wadmalaw Island,,,,,,,,29487,32.65909,-80.1674,America/New_York,EST,-5,,,,,,,,,,,
South Carolina,SC,Wagener,,,,,,,,29164,33.65502,-81.4163,America/New_York,EST,-5,,,,,,,,,,,
South Carolina,SC,Walhalla,,,,,,,,29691,34.84568,-83.0672,America/New_York,EST,-5,,,,,,,,,,,
South Carolina,SC,Wallace,,,,,,,,29596,34.73232,-79.8297,America/New_York,EST,-5,,,,,,,,,,,
South Carolina,SC,Walling Grove,,,,,,,,,0,0,,,,,,,,,,,,,,
South Carolina,SC,Walterboro,,,,,,,,29488,32.9252,-80.7032,America/New_York,EST,-5,,,,,,,,,,,
South Carolina,SC,Wampee,,,,,,,,,33.86045,-78.7342,America/New_York,EST,-5,,,,,,,,,,,
South Carolina,SC,Wando,,,,,,,,,32.93351,-79.8317,America/New_York,EST,-5,,,,,,,,,,,
South Carolina,SC,Wappoola,,,,,,,,,0,0,,,,,,,,,,,,,,
South Carolina,SC,Ward,,,,,,,,29166,33.85792,-81.7298,America/New_York,EST,-5,,,,,,,,,,,
South Carolina,SC,Ware Shoals,,,,,,,,29692,34.38858,-82.2488,America/New_York,EST,-5,,,,,,,,,,,
South Carolina,SC,Waterloo,,,,,,,,29384,34.33576,-82.0955,America/New_York,EST,-5,,,,,,,,,,,
South Carolina,SC,Wedgewood,,,,,,,,,0,0,,,,,,,,,,,,,,
South Carolina,SC,Welcome,,,,,,,,,34.82651,-82.439,America/New_York,EST,-5,,,,,,,,,,,
South Carolina,SC,Wellford,,,,,,,,29385,34.97296,-82.1014,America/New_York,EST,-5,,,,,,,,,,,
South Carolina,SC,West Ashley,,,,,,,,,0,0,,,,,,,,,,,,,,
South Carolina,SC,West Columbia,,,,,,,,29171###29170###29169###29172,33.99753,-81.0974,America/New_York,EST,-5,,,,,,,,,,,
South Carolina,SC,Westminster,,,,,,,,29693,34.69649,-83.1535,America/New_York,EST,-5,,,,,,,,,,,
South Carolina,SC,Westoe,,,,,,,,,0,0,,,,,,,,,,,,,,
South Carolina,SC,White Hall,,,,,,,,,32.72185,-80.6904,America/New_York,EST,-5,,,,,,,,,,,
South Carolina,SC,Whitehall Terrace,,,,,,,,,32.8167,-79.8582,America/New_York,EST,-5,,,,,,,,,,,
South Carolina,SC,Whitesville,,,,,,,,,33.14739,-80.0615,America/New_York,EST,-5,,,,,,,,,,,
South Carolina,SC,Whitmire,,,,,,,,29178,34.45438,-81.5632,America/New_York,EST,-5,,,,,,,,,,,
South Carolina,SC,Wiggins,,,,,,,,,0,0,,,,,,,,,,,,,,
South Carolina,SC,Wild Dunes,,,,,,,,,0,0,,,,,,,,,,,,,,
South Carolina,SC,Wilder,,,,,,,,,33.27322,-79.8816,America/New_York,EST,-5,,,,,,,,,,,
South Carolina,SC,Wilkinson Heights,,,,,,,,,34.9718,-81.5329,America/New_York,EST,-5,,,,,,,,,,,
South Carolina,SC,Williams,,,,,,,,29493,33.0327,-80.8445,America/New_York,EST,-5,,,,,,,,,,,
South Carolina,SC,Williamston,,,,,,,,29697,34.61845,-82.4779,America/New_York,EST,-5,,,,,,,,,,,
South Carolina,SC,Willington,,,,,,,,,33.97207,-82.4668,America/New_York,EST,-5,,,,,,,,,,,
South Carolina,SC,Williston,,,,,,,,29853,33.40265,-81.4201,America/New_York,EST,-5,,,,,,,,,,,
South Carolina,SC,Wilsons Landing,,,,,,,,,0,0,,,,,,,,,,,,,,
South Carolina,SC,Windsor,,,,,,,,29856,33.4801,-81.5494,America/New_York,EST,-5,,,,,,,,,,,
South Carolina,SC,Winnsboro,,,,,,,,29180,34.38734,-81.0829,America/New_York,EST,-5,,,,,,,,,,,
South Carolina,SC,Winnsboro Mills,,,,,,,,,34.36181,-81.0854,America/New_York,EST,-5,,,,,,,,,,,
South Carolina,SC,Woodfield,,,,,,,,,34.02642,-80.959,America/New_York,EST,-5,,,,,,,,,,,
South Carolina,SC,Woodfields,,,,,,,,,34.78984,-82.3862,America/New_York,EST,-5,,,,,,,,,,,
South Carolina,SC,Woodford,,,,,,,,,33.66738,-81.1093,America/New_York,EST,-5,,,,,,,,,,,
South Carolina,SC,Woodland,,,,,,,,,0,0,,,,,,,,,,,,,,
South Carolina,SC,Woodland Landing,,,,,,,,,0,0,,,,,,,,,,,,,,
South Carolina,SC,Woodruff,,,,,,,,29388,34.73957,-82.0371,America/New_York,EST,-5,,,,,,,,,,,
South Carolina,SC,Woodville,,,,,,,,,34.65012,-82.3887,America/New_York,EST,-5,,,,,,,,,,,
South Carolina,SC,Yauhannah,,,,,,,,,33.63211,-79.1884,America/New_York,EST,-5,,,,,,,,,,,
South Carolina,SC,Yemassee,,,,,,,,29945,32.69232,-80.8873,America/New_York,EST,-5,,,,,,,,,,,
South Carolina,SC,Yonges Island,,,,,,,,,32.69351,-80.2307,America/New_York,EST,-5,,,,,,,,,,,
South Carolina,SC,York,,,,,,,,29745,34.99181,-81.2086,America/New_York,EST,-5,,,,,,,,,,,
