South Dakota,SD,Aberdeen,,,,,,,,57401###57402,45.47617,-98.4104,America/Chicago,CST,-6,,,,,,,,,,,
South Dakota,SD,Agar,,,,,,,,57520,44.83832,-100.075,America/Chicago,CST,-6,,,,,,,,,,,
South Dakota,SD,Akaska,,,,,,,,57420,45.33249,-100.121,America/Chicago,CST,-6,,,,,,,,,,,
South Dakota,SD,Albee,,,,,,,,,0,0,,,,,,,,,,,,,,
South Dakota,SD,Alcester,,,,,,,,57001,42.9317,-96.6243,America/Chicago,CST,-6,,,,,,,,,,,
South Dakota,SD,Alexandria,,,,,,,,57311,43.66844,-97.7563,America/Chicago,CST,-6,,,,,,,,,,,
South Dakota,SD,Allen,,,,,,,,57714,43.28108,-101.929,America/Denver,MST,-7,,,,,,,,,,,
South Dakota,SD,Alpena,,,,,,,,57312,44.12281,-98.4122,America/Chicago,CST,-6,,,,,,,,,,,
South Dakota,SD,Altamont,,,,,,,,,0,0,,,,,,,,,,,,,,
South Dakota,SD,Ames,,,,,,,,,0,0,,,,,,,,,,,,,,
South Dakota,SD,Amherst,,,,,,,,57421,45.75853,-97.9274,America/Chicago,CST,-6,,,,,,,,,,,
South Dakota,SD,Andover,,,,,,,,57422,45.41023,-97.9026,America/Chicago,CST,-6,,,,,,,,,,,
South Dakota,SD,Angostura Reservoir,,,,,,,,,0,0,,,,,,,,,,,,,,
South Dakota,SD,Ardmore,,,,,,,,,43.01941,-103.656,America/Denver,MST,-7,,,,,,,,,,,
South Dakota,SD,Argyle,,,,,,,,,0,0,,,,,,,,,,,,,,
South Dakota,SD,Arlington,,,,,,,,57212,44.36826,-97.2461,America/Chicago,CST,-6,,,,,,,,,,,
South Dakota,SD,Armour,,,,,,,,57313,43.34104,-98.399,America/Chicago,CST,-6,,,,,,,,,,,
South Dakota,SD,Artas,,,,,,,,,0,0,,,,,,,,,,,,,,
South Dakota,SD,Artesian,,,,,,,,57314,44.02096,-98.0114,America/Chicago,CST,-6,,,,,,,,,,,
South Dakota,SD,Ashton,,,,,,,,57424,45.04649,-98.3973,America/Chicago,CST,-6,,,,,,,,,,,
South Dakota,SD,Astoria,,,,,,,,57213,44.5583,-96.5473,America/Chicago,CST,-6,,,,,,,,,,,
South Dakota,SD,Athol,,,,,,,,,45.00886,-98.5965,America/Chicago,CST,-6,,,,,,,,,,,
South Dakota,SD,Aurora,,,,,,,,57002,44.3042,-96.668,America/Chicago,CST,-6,,,,,,,,,,,
South Dakota,SD,Avon,,,,,,,,57315,43.005,-98.0598,America/Chicago,CST,-6,,,,,,,,,,,
South Dakota,SD,Badger,,,,,,,,57214,44.48438,-97.2092,America/Chicago,CST,-6,,,,,,,,,,,
South Dakota,SD,Baltic,,,,,,,,57003,43.76136,-96.7403,America/Chicago,CST,-6,,,,,,,,,,,
South Dakota,SD,Bancroft,,,,,,,,,44.48803,-97.7501,America/Chicago,CST,-6,,,,,,,,,,,
South Dakota,SD,Barnard,,,,,,,,57426,45.73247,-98.4965,America/Chicago,CST,-6,,,,,,,,,,,
South Dakota,SD,Batesland,,,,,,,,57716,43.12944,-102.102,America/Denver,MST,-7,,,,,,,,,,,
South Dakota,SD,Bath,,,,,,,,57427,45.4683,-98.3237,America/Chicago,CST,-6,,,,,,,,,,,
South Dakota,SD,Bear Butte State Park,,,,,,,,,0,0,,,,,,,,,,,,,,
South Dakota,SD,Belle Fourche,,,,,,,,57717,44.93037,-103.873,America/Denver,MST,-7,,,,,,,,,,,
South Dakota,SD,Belle Fourche Reservoir,,,,,,,,,0,0,,,,,,,,,,,,,,
South Dakota,SD,Belvidere,,,,,,,,57521,43.83194,-101.272,America/Denver,MST,-7,,,,,,,,,,,
South Dakota,SD,Beresford,,,,,,,,57004,43.08054,-96.7737,America/Chicago,CST,-6,,,,,,,,,,,
South Dakota,SD,Big Stone City,,,,,,,,57216,45.29163,-96.4628,America/Chicago,CST,-6,,,,,,,,,,,
South Dakota,SD,Billsburg,,,,,,,,,0,0,,,,,,,,,,,,,,
South Dakota,SD,Bison,,,,,,,,57620,45.40975,-102.513,America/Denver,MST,-7,,,,,,,,,,,
South Dakota,SD,Black Hawk,,,,,,,,57718,44.18322,-103.326,America/Denver,MST,-7,,,,,,,,,,,
South Dakota,SD,Black Horse,,,,,,,,,0,0,,,,,,,,,,,,,,
South Dakota,SD,Blue Bell,,,,,,,,,0,0,,,,,,,,,,,,,,
South Dakota,SD,Blunt,,,,,,,,57522,44.43719,-99.927,America/Chicago,CST,-6,,,,,,,,,,,
South Dakota,SD,Bonesteel,,,,,,,,57317,43.24883,-99.0164,America/Chicago,CST,-6,,,,,,,,,,,
South Dakota,SD,Bowdle,,,,,,,,57428,45.46938,-99.5957,America/Chicago,CST,-6,,,,,,,,,,,
South Dakota,SD,Box Elder,,,,,,,,57719,44.11249,-103.068,America/Denver,MST,-7,,,,,,,,,,,
South Dakota,SD,Bradley,,,,,,,,57217,45.09052,-97.6437,America/Chicago,CST,-6,,,,,,,,,,,
South Dakota,SD,Brandon,,,,,,,,57005,43.5947,-96.572,America/Chicago,CST,-6,,,,,,,,,,,
South Dakota,SD,Brandt,,,,,,,,57218,44.66358,-96.6242,America/Chicago,CST,-6,,,,,,,,,,,
South Dakota,SD,Brentford,,,,,,,,57429,45.16345,-98.3193,America/Chicago,CST,-6,,,,,,,,,,,
South Dakota,SD,Brentwood Colony,,,,,,,,,0,0,,,,,,,,,,,,,,
South Dakota,SD,Bridger,,,,,,,,,0,0,,,,,,,,,,,,,,
South Dakota,SD,Bridgewater,,,,,,,,57319,43.55026,-97.4691,America/Chicago,CST,-6,,,,,,,,,,,
South Dakota,SD,Bristol,,,,,,,,57219,45.34468,-97.7484,America/Chicago,CST,-6,,,,,,,,,,,
South Dakota,SD,Britton,,,,,,,,57430,45.7617,-97.7296,America/Chicago,CST,-6,,,,,,,,,,,
South Dakota,SD,Broadland,,,,,,,,,0,0,,,,,,,,,,,,,,
South Dakota,SD,Brookings,,,,,,,,57007###57006,44.35509,-96.7621,America/Chicago,CST,-6,,,,,,,,,,,
South Dakota,SD,Brownsville,,,,,,,,,0,0,,,,,,,,,,,,,,
South Dakota,SD,Bruce,,,,,,,,57220,44.45674,-96.893,America/Chicago,CST,-6,,,,,,,,,,,
South Dakota,SD,Bryant,,,,,,,,57221,44.59009,-97.4668,America/Chicago,CST,-6,,,,,,,,,,,
South Dakota,SD,Buffalo,,,,,,,,57720,45.57665,-103.912,America/Denver,MST,-7,,,,,,,,,,,
South Dakota,SD,Buffalo Gap,,,,,,,,57722,43.49165,-103.313,America/Denver,MST,-7,,,,,,,,,,,
South Dakota,SD,Bullhead,,,,,,,,57621,45.76936,-101.081,America/Denver,MST,-7,,,,,,,,,,,
South Dakota,SD,Bunker,,,,,,,,,0,0,,,,,,,,,,,,,,
South Dakota,SD,Burdette,,,,,,,,,0,0,,,,,,,,,,,,,,
South Dakota,SD,Burke,,,,,,,,57523,43.18255,-99.2937,America/Chicago,CST,-6,,,,,,,,,,,
South Dakota,SD,Burkmere,,,,,,,,,0,0,,,,,,,,,,,,,,
South Dakota,SD,Bushnell,,,,,,,,,0,0,,,,,,,,,,,,,,
South Dakota,SD,Butler,,,,,,,,,45.25885,-97.7123,America/Chicago,CST,-6,,,,,,,,,,,
South Dakota,SD,Cactus Flat,,,,,,,,,44.10196,-102.029,America/Denver,MST,-7,,,,,,,,,,,
South Dakota,SD,Camp Crook,,,,,,,,57724,45.55027,-103.975,America/Denver,MST,-7,,,,,,,,,,,
South Dakota,SD,Canistota,,,,,,,,57012,43.57289,-97.2484,America/Chicago,CST,-6,,,,,,,,,,,
South Dakota,SD,Canning,,,,,,,,,0,0,,,,,,,,,,,,,,
South Dakota,SD,Canova,,,,,,,,57321,43.89212,-97.5401,America/Chicago,CST,-6,,,,,,,,,,,
South Dakota,SD,Canton,,,,,,,,57013,43.29831,-96.7072,America/Chicago,CST,-6,,,,,,,,,,,
South Dakota,SD,Capa,,,,,,,,,44.10888,-100.978,America/Chicago,CST,-6,,,,,,,,,,,
South Dakota,SD,Caputa,,,,,,,,57725,43.94806,-102.793,America/Denver,MST,-7,,,,,,,,,,,
South Dakota,SD,Carpenter,,,,,,,,57322,44.63747,-97.9168,America/Chicago,CST,-6,,,,,,,,,,,
South Dakota,SD,Carter,,,,,,,,,43.38212,-99.8823,America/Chicago,CST,-6,,,,,,,,,,,
South Dakota,SD,Carthage,,,,,,,,57323,44.13818,-97.7207,America/Chicago,CST,-6,,,,,,,,,,,
South Dakota,SD,Castle Rock,,,,,,,,,0,0,,,,,,,,,,,,,,
South Dakota,SD,Castlewood,,,,,,,,57223,44.72274,-97.0301,America/Chicago,CST,-6,,,,,,,,,,,
South Dakota,SD,Cavour,,,,,,,,57324,44.32531,-98.014,America/Chicago,CST,-6,,,,,,,,,,,
South Dakota,SD,Cedar Butte,,,,,,,,,0,0,,,,,,,,,,,,,,
South Dakota,SD,Cedar Creek Rec Area,,,,,,,,,0,0,,,,,,,,,,,,,,
South Dakota,SD,Cedar Pass,,,,,,,,,0,0,,,,,,,,,,,,,,
South Dakota,SD,Center Lake,,,,,,,,,43.69665,-103.606,America/Denver,MST,-7,,,,,,,,,,,
South Dakota,SD,Centerville,,,,,,,,57014,43.11943,-96.9614,America/Chicago,CST,-6,,,,,,,,,,,
South Dakota,SD,Central City,,,,,,,,,44.36582,-103.772,America/Denver,MST,-7,,,,,,,,,,,
South Dakota,SD,Chamberlain,,,,,,,,57326###57325,43.75236,-99.3019,America/Chicago,CST,-6,,,,,,,,,,,
South Dakota,SD,Chance,,,,,,,,,45.37726,-102.54,America/Denver,MST,-7,,,,,,,,,,,
South Dakota,SD,Chancellor,,,,,,,,57015,43.40823,-96.9839,America/Chicago,CST,-6,,,,,,,,,,,
South Dakota,SD,Chantler Creek Recreation Area,,,,,,,,,0,0,,,,,,,,,,,,,,
South Dakota,SD,Chelsea,,,,,,,,,0,0,,,,,,,,,,,,,,
South Dakota,SD,Cherry Creek,,,,,,,,57622,44.60554,-101.5,America/Denver,MST,-7,,,,,,,,,,,
South Dakota,SD,Chester,,,,,,,,57016,43.89551,-96.928,America/Chicago,CST,-6,,,,,,,,,,,
South Dakota,SD,Cheyenne Crossing,,,,,,,,,44.2961,-103.869,America/Denver,MST,-7,,,,,,,,,,,
South Dakota,SD,Claire City,,,,,,,,57224,45.85718,-97.1037,America/Chicago,CST,-6,,,,,,,,,,,
South Dakota,SD,Claremont,,,,,,,,57432,45.68287,-98.0519,America/Chicago,CST,-6,,,,,,,,,,,
South Dakota,SD,Clark,,,,,,,,57225,44.89198,-97.833,America/Chicago,CST,-6,,,,,,,,,,,
South Dakota,SD,Clark Colony,,,,,,,,,44.3336,-103.641,America/Denver,MST,-7,,,,,,,,,,,
South Dakota,SD,Clayton,,,,,,,,,43.79019,-96.9078,America/Chicago,CST,-6,,,,,,,,,,,
South Dakota,SD,Clear Lake,,,,,,,,57226,44.76125,-96.6907,America/Chicago,CST,-6,,,,,,,,,,,
South Dakota,SD,Clearfield,,,,,,,,,0,0,,,,,,,,,,,,,,
South Dakota,SD,Cold Brook Reservoir,,,,,,,,,0,0,,,,,,,,,,,,,,
South Dakota,SD,Collis,,,,,,,,,0,0,,,,,,,,,,,,,,
South Dakota,SD,Colman,,,,,,,,57017,43.98478,-96.8142,America/Chicago,CST,-6,,,,,,,,,,,
South Dakota,SD,Colome,,,,,,,,57528,43.26008,-99.7165,America/Chicago,CST,-6,,,,,,,,,,,
South Dakota,SD,Colton,,,,,,,,57018,43.79019,-96.9078,America/Chicago,CST,-6,,,,,,,,,,,
South Dakota,SD,Columbia,,,,,,,,57433,45.61302,-98.3126,America/Chicago,CST,-6,,,,,,,,,,,
South Dakota,SD,Conde,,,,,,,,57434,45.13932,-98.1534,America/Chicago,CST,-6,,,,,,,,,,,
South Dakota,SD,Corona,,,,,,,,57227,45.33385,-96.7631,America/Chicago,CST,-6,,,,,,,,,,,
South Dakota,SD,Corsica,,,,,,,,57328,43.42031,-98.4399,America/Chicago,CST,-6,,,,,,,,,,,
South Dakota,SD,Cottonwood,,,,,,,,,43.96693,-101.906,America/Denver,MST,-7,,,,,,,,,,,
South Dakota,SD,Cottonwood Springs Dam,,,,,,,,,42.88167,-97.9262,America/Chicago,CST,-6,,,,,,,,,,,
South Dakota,SD,Counselor Creek Recreation Area,,,,,,,,,0,0,,,,,,,,,,,,,,
South Dakota,SD,Cow Creek Rec Area,,,,,,,,,0,0,,,,,,,,,,,,,,
South Dakota,SD,Crandall,,,,,,,,,45.15524,-97.9556,America/Chicago,CST,-6,,,,,,,,,,,
South Dakota,SD,Cravens Corner,,,,,,,,,0,0,,,,,,,,,,,,,,
South Dakota,SD,Crazy Horse Memorial,,,,,,,,,0,0,,,,,,,,,,,,,,
South Dakota,SD,Creighton,,,,,,,,,44.31241,-102.15,America/Denver,MST,-7,,,,,,,,,,,
South Dakota,SD,Cresbard,,,,,,,,57435,45.13625,-98.9154,America/Chicago,CST,-6,,,,,,,,,,,
South Dakota,SD,Crocker,,,,,,,,,45.10524,-97.7848,America/Chicago,CST,-6,,,,,,,,,,,
South Dakota,SD,Crooks,,,,,,,,57020,43.66689,-96.8221,America/Chicago,CST,-6,,,,,,,,,,,
South Dakota,SD,Custer,,,,,,,,57730,43.6573,-103.426,America/Denver,MST,-7,,,,,,,,,,,
South Dakota,SD,Custer Park Game Lodge,,,,,,,,,0,0,,,,,,,,,,,,,,
South Dakota,SD,Dallas,,,,,,,,57529,43.23571,-99.5159,America/Chicago,CST,-6,,,,,,,,,,,
South Dakota,SD,Danforth,,,,,,,,,0,0,,,,,,,,,,,,,,
South Dakota,SD,Dante,,,,,,,,57329,42.98471,-98.1752,America/Chicago,CST,-6,,,,,,,,,,,
South Dakota,SD,Date,,,,,,,,,0,0,,,,,,,,,,,,,,
South Dakota,SD,Davis,,,,,,,,57021,43.2725,-96.9835,America/Chicago,CST,-6,,,,,,,,,,,
South Dakota,SD,De Smet,,,,,,,,57231,44.36948,-97.542,America/Chicago,CST,-6,,,,,,,,,,,
South Dakota,SD,Deadwood,,,,,,,,57732,44.36485,-103.736,America/Denver,MST,-7,,,,,,,,,,,
South Dakota,SD,Deerfield,,,,,,,,,0,0,,,,,,,,,,,,,,
South Dakota,SD,Deerfield Colony,,,,,,,,,0,0,,,,,,,,,,,,,,
South Dakota,SD,Deerfield Reservoir,,,,,,,,,0,0,,,,,,,,,,,,,,
South Dakota,SD,Dell Rapids,,,,,,,,57022,43.80359,-96.6998,America/Chicago,CST,-6,,,,,,,,,,,
South Dakota,SD,Delmont,,,,,,,,57330,43.29061,-98.1784,America/Chicago,CST,-6,,,,,,,,,,,
South Dakota,SD,Devoe,,,,,,,,,0,0,,,,,,,,,,,,,,
South Dakota,SD,Dewey,,,,,,,,,0,0,,,,,,,,,,,,,,
South Dakota,SD,Dimock,,,,,,,,57331,43.47044,-97.9994,America/Chicago,CST,-6,,,,,,,,,,,
South Dakota,SD,Dixon,,,,,,,,,43.38333,-99.4732,America/Chicago,CST,-6,,,,,,,,,,,
South Dakota,SD,Doland,,,,,,,,57436,44.84652,-98.1024,America/Chicago,CST,-6,,,,,,,,,,,
South Dakota,SD,Dolton,,,,,,,,,43.49082,-97.3856,America/Chicago,CST,-6,,,,,,,,,,,
South Dakota,SD,Draper,,,,,,,,57531,43.9261,-100.54,America/Chicago,CST,-6,,,,,,,,,,,
South Dakota,SD,Dupree,,,,,,,,57623,45.05046,-101.607,America/Denver,MST,-7,,,,,,,,,,,
South Dakota,SD,Eagle Butte,,,,,,,,57625,45.00161,-101.233,America/Denver,MST,-7,,,,,,,,,,,
South Dakota,SD,Eden,,,,,,,,57232,45.63105,-97.4006,America/Chicago,CST,-6,,,,,,,,,,,
South Dakota,SD,Edgemont,,,,,,,,57735,43.29455,-103.83,America/Denver,MST,-7,,,,,,,,,,,
South Dakota,SD,Egan,,,,,,,,57024,43.99843,-96.648,America/Chicago,CST,-6,,,,,,,,,,,
South Dakota,SD,Elk Point,,,,,,,,57025,42.76399,-96.6767,America/Chicago,CST,-6,,,,,,,,,,,
South Dakota,SD,Elkton,,,,,,,,57026,44.28968,-96.5402,America/Chicago,CST,-6,,,,,,,,,,,
South Dakota,SD,Ellsworth Afb,,,,,,,,57706,44.15098,-103.095,America/Denver,MST,-7,,,,,,,,,,,
South Dakota,SD,Elm Springs,,,,,,,,,44.34878,-102.524,America/Denver,MST,-7,,,,,,,,,,,
South Dakota,SD,Emery,,,,,,,,57332,43.58645,-97.6554,America/Chicago,CST,-6,,,,,,,,,,,
South Dakota,SD,Enning,,,,,,,,57737,44.58981,-102.787,America/Denver,MST,-7,,,,,,,,,,,
South Dakota,SD,Erwin,,,,,,,,57233,44.48747,-97.4451,America/Chicago,CST,-6,,,,,,,,,,,
South Dakota,SD,Estelline,,,,,,,,57234,44.57469,-96.9023,America/Chicago,CST,-6,,,,,,,,,,,
South Dakota,SD,Ethan,,,,,,,,57334,43.54776,-97.9881,America/Chicago,CST,-6,,,,,,,,,,,
South Dakota,SD,Eureka,,,,,,,,57437,45.77074,-99.3308,America/Chicago,CST,-6,,,,,,,,,,,
South Dakota,SD,Fairburn,,,,,,,,57738,43.68593,-103.208,America/Denver,MST,-7,,,,,,,,,,,
South Dakota,SD,Fairfax,,,,,,,,57335,43.0275,-98.8884,America/Chicago,CST,-6,,,,,,,,,,,
South Dakota,SD,Fairpoint,,,,,,,,,44.42566,-103.233,America/Denver,MST,-7,,,,,,,,,,,
South Dakota,SD,Fairview,,,,,,,,57027,43.19704,-96.5135,America/Chicago,CST,-6,,,,,,,,,,,
South Dakota,SD,Faith,,,,,,,,57626,45.02453,-102.027,America/Denver,MST,-7,,,,,,,,,,,
South Dakota,SD,Farmer,,,,,,,,,43.72387,-97.6884,America/Chicago,CST,-6,,,,,,,,,,,
South Dakota,SD,Farmingdale,,,,,,,,,43.95916,-102.884,America/Denver,MST,-7,,,,,,,,,,,
South Dakota,SD,Faulkton,,,,,,,,57438,45.0855,-99.1954,America/Chicago,CST,-6,,,,,,,,,,,
South Dakota,SD,Fedora,,,,,,,,57337,44.00887,-97.7909,America/Chicago,CST,-6,,,,,,,,,,,
South Dakota,SD,Ferney,,,,,,,,57439,45.32904,-98.0837,America/Chicago,CST,-6,,,,,,,,,,,
South Dakota,SD,Firesteel,,,,,,,,,45.09869,-100.879,America/Denver,MST,-7,,,,,,,,,,,
South Dakota,SD,Flandreau,,,,,,,,57028,43.984,-96.6162,America/Chicago,CST,-6,,,,,,,,,,,
South Dakota,SD,Florence,,,,,,,,57235,45.01548,-97.306,America/Chicago,CST,-6,,,,,,,,,,,
South Dakota,SD,Folsom,,,,,,,,,0,0,,,,,,,,,,,,,,
South Dakota,SD,Fordham Colony,,,,,,,,,0,0,,,,,,,,,,,,,,
South Dakota,SD,Forestburg,,,,,,,,,44.02221,-98.1081,America/Chicago,CST,-6,,,,,,,,,,,
South Dakota,SD,Fort Pierre,,,,,,,,57532,44.34333,-100.635,America/Chicago,CST,-6,,,,,,,,,,,
South Dakota,SD,Fort Sisseton Station,,,,,,,,,45.66468,-97.0498,America/Chicago,CST,-6,,,,,,,,,,,
South Dakota,SD,Fort Thompson,,,,,,,,57339,44.05275,-99.4079,America/Chicago,CST,-6,,,,,,,,,,,
South Dakota,SD,Frankfort,,,,,,,,57440,44.87037,-98.2259,America/Chicago,CST,-6,,,,,,,,,,,
South Dakota,SD,Frederick,,,,,,,,57441,45.83247,-98.5062,America/Chicago,CST,-6,,,,,,,,,,,
South Dakota,SD,Freeman,,,,,,,,57029,43.32138,-97.5479,America/Chicago,CST,-6,,,,,,,,,,,
South Dakota,SD,Fruitdale,,,,,,,,,44.66913,-103.697,America/Denver,MST,-7,,,,,,,,,,,
South Dakota,SD,Fulton,,,,,,,,57340,43.76294,-97.869,America/Chicago,CST,-6,,,,,,,,,,,
South Dakota,SD,Galena,,,,,,,,,44.3336,-103.641,America/Denver,MST,-7,,,,,,,,,,,
South Dakota,SD,Gann Valley,,,,,,,,57341,44.06487,-99.2515,America/Chicago,CST,-6,,,,,,,,,,,
South Dakota,SD,Garden City,,,,,,,,57236,44.9583,-97.5815,America/Chicago,CST,-6,,,,,,,,,,,
South Dakota,SD,Garretson,,,,,,,,57030,43.74764,-96.5964,America/Chicago,CST,-6,,,,,,,,,,,
South Dakota,SD,Gary,,,,,,,,57237,44.7923,-96.4593,America/Chicago,CST,-6,,,,,,,,,,,
South Dakota,SD,Gayville,,,,,,,,57031,42.88614,-97.2099,America/Chicago,CST,-6,,,,,,,,,,,
South Dakota,SD,Geddes,,,,,,,,57342,43.25126,-98.7364,America/Chicago,CST,-6,,,,,,,,,,,
South Dakota,SD,Gettysburg,,,,,,,,57442,45.03359,-100.035,America/Chicago,CST,-6,,,,,,,,,,,
South Dakota,SD,Glad Valley,,,,,,,,,44.99205,-101.569,America/Denver,MST,-7,,,,,,,,,,,
South Dakota,SD,Glendale Colony,,,,,,,,,44.79942,-98.2876,America/Chicago,CST,-6,,,,,,,,,,,
South Dakota,SD,Glenham,,,,,,,,57631,45.50429,-100.312,America/Chicago,CST,-6,,,,,,,,,,,
South Dakota,SD,Goodwin,,,,,,,,57238,44.87913,-96.8487,America/Chicago,CST,-6,,,,,,,,,,,
South Dakota,SD,Gorman,,,,,,,,,44.92693,-100.075,America/Chicago,CST,-6,,,,,,,,,,,
South Dakota,SD,Green Grass,,,,,,,,,45.17109,-101.246,America/Denver,MST,-7,,,,,,,,,,,
South Dakota,SD,Greenway,,,,,,,,,45.9097,-99.711,America/Chicago,CST,-6,,,,,,,,,,,
South Dakota,SD,Gregory,,,,,,,,57533,43.21365,-99.3622,America/Chicago,CST,-6,,,,,,,,,,,
South Dakota,SD,Grenville,,,,,,,,57239,45.4669,-97.3937,America/Chicago,CST,-6,,,,,,,,,,,
South Dakota,SD,Grey Goose,,,,,,,,,0,0,,,,,,,,,,,,,,
South Dakota,SD,Grindstone,,,,,,,,,0,0,,,,,,,,,,,,,,
South Dakota,SD,Groton,,,,,,,,57445,45.44746,-98.0987,America/Chicago,CST,-6,,,,,,,,,,,
South Dakota,SD,Gustave,,,,,,,,,45.64537,-104.024,America/Denver,MST,-7,,,,,,,,,,,
South Dakota,SD,Hamill,,,,,,,,57534,43.59386,-99.6905,America/Chicago,CST,-6,,,,,,,,,,,
South Dakota,SD,Harding,,,,,,,,,45.39833,-103.833,America/Denver,MST,-7,,,,,,,,,,,
South Dakota,SD,Harney Peak,,,,,,,,,44.39887,-98.1801,America/Chicago,CST,-6,,,,,,,,,,,
South Dakota,SD,Harrington,,,,,,,,,0,0,,,,,,,,,,,,,,
South Dakota,SD,Harrisburg,,,,,,,,57032,43.42526,-96.6597,America/Chicago,CST,-6,,,,,,,,,,,
South Dakota,SD,Harrison,,,,,,,,57344,43.43113,-98.5267,America/Chicago,CST,-6,,,,,,,,,,,
South Dakota,SD,Harrold,,,,,,,,57536,44.33393,-99.7672,America/Chicago,CST,-6,,,,,,,,,,,
South Dakota,SD,Hartford,,,,,,,,57033,43.62303,-96.9426,America/Chicago,CST,-6,,,,,,,,,,,
South Dakota,SD,Hayes,,,,,,,,57537,44.37026,-101.022,America/Denver,MST,-7,,,,,,,,,,,
South Dakota,SD,Hayti,,,,,,,,57241,44.65734,-97.205,America/Chicago,CST,-6,,,,,,,,,,,
South Dakota,SD,Hayward,,,,,,,,,43.78264,-103.046,America/Denver,MST,-7,,,,,,,,,,,
South Dakota,SD,Hazel,,,,,,,,57242,44.75914,-97.3816,America/Chicago,CST,-6,,,,,,,,,,,
South Dakota,SD,Hecla,,,,,,,,57446,45.84943,-98.1579,America/Chicago,CST,-6,,,,,,,,,,,
South Dakota,SD,Henry,,,,,,,,57243,44.92926,-97.392,America/Chicago,CST,-6,,,,,,,,,,,
South Dakota,SD,Hereford,,,,,,,,,44.38721,-102.895,America/Denver,MST,-7,,,,,,,,,,,
South Dakota,SD,Hermosa,,,,,,,,57744,43.83853,-103.191,America/Denver,MST,-7,,,,,,,,,,,
South Dakota,SD,Herreid,,,,,,,,57632,45.83373,-100.02,America/Chicago,CST,-6,,,,,,,,,,,
South Dakota,SD,Herrick,,,,,,,,57538,43.11488,-99.1959,America/Chicago,CST,-6,,,,,,,,,,,
South Dakota,SD,Hetland,,,,,,,,,44.42541,-97.2899,America/Chicago,CST,-6,,,,,,,,,,,
South Dakota,SD,Hidden Timber,,,,,,,,,43.2421,-100.612,America/Chicago,CST,-6,,,,,,,,,,,
South Dakota,SD,Highmore,,,,,,,,57345,44.57465,-99.4864,America/Chicago,CST,-6,,,,,,,,,,,
South Dakota,SD,Hill City,,,,,,,,57745,44.0082,-103.651,America/Denver,MST,-7,,,,,,,,,,,
South Dakota,SD,Hillcrest Colony,,,,,,,,,0,0,,,,,,,,,,,,,,
South Dakota,SD,Hillhead,,,,,,,,,0,0,,,,,,,,,,,,,,
South Dakota,SD,Hillside Colony,,,,,,,,,44.73886,-98.0459,America/Chicago,CST,-6,,,,,,,,,,,
South Dakota,SD,Hillsview,,,,,,,,,45.6647,-99.5585,America/Chicago,CST,-6,,,,,,,,,,,
South Dakota,SD,Hisega,,,,,,,,,0,0,,,,,,,,,,,,,,
South Dakota,SD,Hisle,,,,,,,,,44.75914,-97.3816,America/Chicago,CST,-6,,,,,,,,,,,
South Dakota,SD,Hitchcock,,,,,,,,57348,44.5674,-98.4064,America/Chicago,CST,-6,,,,,,,,,,,
South Dakota,SD,Holabird,,,,,,,,57540,44.49056,-99.5893,America/Chicago,CST,-6,,,,,,,,,,,
South Dakota,SD,Hoover,,,,,,,,,45.11249,-103.267,America/Denver,MST,-7,,,,,,,,,,,
South Dakota,SD,Hosmer,,,,,,,,57448,45.55258,-99.4617,America/Chicago,CST,-6,,,,,,,,,,,
South Dakota,SD,Hot Springs,,,,,,,,57747,43.31419,-103.528,America/Denver,MST,-7,,,,,,,,,,,
South Dakota,SD,Houghton,,,,,,,,57449,45.76302,-98.2104,America/Chicago,CST,-6,,,,,,,,,,,
South Dakota,SD,Hoven,,,,,,,,57450,45.24127,-99.7773,America/Chicago,CST,-6,,,,,,,,,,,
South Dakota,SD,Howard,,,,,,,,57349,44.0371,-97.5603,America/Chicago,CST,-6,,,,,,,,,,,
South Dakota,SD,Howes,,,,,,,,57748,44.61943,-102.052,America/Denver,MST,-7,,,,,,,,,,,
South Dakota,SD,Hudson,,,,,,,,57034,43.13026,-96.4542,America/Chicago,CST,-6,,,,,,,,,,,
South Dakota,SD,Humboldt,,,,,,,,57035,43.64526,-97.074,America/Chicago,CST,-6,,,,,,,,,,,
South Dakota,SD,Hurley,,,,,,,,57036,43.27894,-97.1417,America/Chicago,CST,-6,,,,,,,,,,,
South Dakota,SD,Huron,,,,,,,,57350###57399,44.39887,-98.1801,America/Chicago,CST,-6,,,,,,,,,,,
South Dakota,SD,Ideal,,,,,,,,57541,43.54333,-99.9215,America/Chicago,CST,-6,,,,,,,,,,,
South Dakota,SD,Indian Creek Rec Area,,,,,,,,,0,0,,,,,,,,,,,,,,
South Dakota,SD,Indian Memorial Rec Area,,,,,,,,,0,0,,,,,,,,,,,,,,
South Dakota,SD,Interior,,,,,,,,57750,43.72694,-101.984,America/Denver,MST,-7,,,,,,,,,,,
South Dakota,SD,Iona,,,,,,,,,43.85862,-99.8243,America/Chicago,CST,-6,,,,,,,,,,,
South Dakota,SD,Ipswich,,,,,,,,57451,45.44442,-99.0293,America/Chicago,CST,-6,,,,,,,,,,,
South Dakota,SD,Irene,,,,,,,,57037,43.06833,-97.1305,America/Chicago,CST,-6,,,,,,,,,,,
South Dakota,SD,Iron Lightning,,,,,,,,,45.1797,-101.846,America/Denver,MST,-7,,,,,,,,,,,
South Dakota,SD,Iroquois,,,,,,,,57353,44.36692,-97.8509,America/Chicago,CST,-6,,,,,,,,,,,
South Dakota,SD,Isabel,,,,,,,,57633,45.39621,-101.439,America/Denver,MST,-7,,,,,,,,,,,
South Dakota,SD,Java,,,,,,,,57452,45.4492,-99.822,America/Chicago,CST,-6,,,,,,,,,,,
South Dakota,SD,Jefferson,,,,,,,,57038,42.58011,-96.5763,America/Chicago,CST,-6,,,,,,,,,,,
South Dakota,SD,Jewel Cave,,,,,,,,,0,0,,,,,,,,,,,,,,
South Dakota,SD,Joe Creek Rec Area,,,,,,,,,0,0,,,,,,,,,,,,,,
South Dakota,SD,Johnson Siding,,,,,,,,,44.08471,-103.438,America/Denver,MST,-7,,,,,,,,,,,
South Dakota,SD,Kadoka,,,,,,,,57543,43.82418,-101.39,America/Denver,MST,-7,,,,,,,,,,,
South Dakota,SD,Keldron,,,,,,,,57634,45.93195,-101.81,America/Denver,MST,-7,,,,,,,,,,,
South Dakota,SD,Kenel,,,,,,,,,0,0,,,,,,,,,,,,,,
South Dakota,SD,Kennebec,,,,,,,,57544,43.85862,-99.8243,America/Chicago,CST,-6,,,,,,,,,,,
South Dakota,SD,Keyapaha,,,,,,,,,43.10945,-100.138,America/Chicago,CST,-6,,,,,,,,,,,
South Dakota,SD,Keystone,,,,,,,,57751,43.88476,-103.399,America/Denver,MST,-7,,,,,,,,,,,
South Dakota,SD,Kidder,,,,,,,,,45.88301,-97.7134,America/Chicago,CST,-6,,,,,,,,,,,
South Dakota,SD,Kimball,,,,,,,,57355,43.74448,-98.9538,America/Chicago,CST,-6,,,,,,,,,,,
South Dakota,SD,Kirley,,,,,,,,,44.52359,-101.312,America/Denver,MST,-7,,,,,,,,,,,
South Dakota,SD,Klein Ranch,,,,,,,,,0,0,,,,,,,,,,,,,,
South Dakota,SD,Kranzburg,,,,,,,,57245,44.89225,-96.9174,America/Chicago,CST,-6,,,,,,,,,,,
South Dakota,SD,Kyle,,,,,,,,57752,43.42543,-102.164,America/Denver,MST,-7,,,,,,,,,,,
South Dakota,SD,La Bolt,,,,,,,,,45.11541,-96.6706,America/Chicago,CST,-6,,,,,,,,,,,
South Dakota,SD,Lacreek Wildlife Refuge,,,,,,,,,0,0,,,,,,,,,,,,,,
South Dakota,SD,Ladner,,,,,,,,,45.82722,-103.728,America/Denver,MST,-7,,,,,,,,,,,
South Dakota,SD,Lake Andes,,,,,,,,57356,43.14757,-98.5275,America/Chicago,CST,-6,,,,,,,,,,,
South Dakota,SD,Lake City,,,,,,,,57247,45.7179,-97.4707,America/Chicago,CST,-6,,,,,,,,,,,
South Dakota,SD,Lake Cochrane Rec Area,,,,,,,,,0,0,,,,,,,,,,,,,,
South Dakota,SD,Lake Norden,,,,,,,,57248,44.58823,-97.1429,America/Chicago,CST,-6,,,,,,,,,,,
South Dakota,SD,Lake Preston,,,,,,,,57249,44.36916,-97.3828,America/Chicago,CST,-6,,,,,,,,,,,
South Dakota,SD,Lakeview,,,,,,,,,0,0,,,,,,,,,,,,,,
South Dakota,SD,Lane,,,,,,,,57358,44.06963,-98.4252,America/Chicago,CST,-6,,,,,,,,,,,
South Dakota,SD,Langford,,,,,,,,57454,45.60245,-97.8304,America/Chicago,CST,-6,,,,,,,,,,,
South Dakota,SD,Lantry,,,,,,,,57636,45.03183,-101.437,America/Denver,MST,-7,,,,,,,,,,,
South Dakota,SD,Laplant,,,,,,,,,45.14471,-100.652,America/Denver,MST,-7,,,,,,,,,,,
South Dakota,SD,Lead,,,,,,,,57754,44.35221,-103.765,America/Denver,MST,-7,,,,,,,,,,,
South Dakota,SD,Lebanon,,,,,,,,57455,45.0697,-99.7698,America/Chicago,CST,-6,,,,,,,,,,,
South Dakota,SD,Lees Corner,,,,,,,,,44.49554,-100.701,America/Denver,MST,-7,,,,,,,,,,,
South Dakota,SD,Lemmon,,,,,,,,57638,45.73222,-102.411,America/Denver,MST,-7,,,,,,,,,,,
South Dakota,SD,Lennox,,,,,,,,57039,43.2981,-96.856,America/Chicago,CST,-6,,,,,,,,,,,
South Dakota,SD,Leola,,,,,,,,57456,45.77344,-98.9833,America/Chicago,CST,-6,,,,,,,,,,,
South Dakota,SD,Lesterville,,,,,,,,57040,43.06062,-97.5689,America/Chicago,CST,-6,,,,,,,,,,,
South Dakota,SD,Letcher,,,,,,,,57359,43.95347,-98.1512,America/Chicago,CST,-6,,,,,,,,,,,
South Dakota,SD,Lily,,,,,,,,,45.18135,-97.6834,America/Chicago,CST,-6,,,,,,,,,,,
South Dakota,SD,Little Eagle,,,,,,,,57639,45.68321,-100.797,America/Denver,MST,-7,,,,,,,,,,,
South Dakota,SD,Little Moreau Rec Area,,,,,,,,,0,0,,,,,,,,,,,,,,
South Dakota,SD,Littleburg,,,,,,,,,0,0,,,,,,,,,,,,,,
South Dakota,SD,Lodgepole,,,,,,,,57640,45.70378,-102.663,America/Denver,MST,-7,,,,,,,,,,,
South Dakota,SD,Long Lake,,,,,,,,,45.88233,-99.1698,America/Chicago,CST,-6,,,,,,,,,,,
South Dakota,SD,Long Lake Colony,,,,,,,,,45.60664,-98.8195,America/Chicago,CST,-6,,,,,,,,,,,
South Dakota,SD,Long Valley,,,,,,,,57547,43.46166,-101.495,America/Denver,MST,-7,,,,,,,,,,,
South Dakota,SD,Loomis,,,,,,,,,43.79387,-98.1045,America/Chicago,CST,-6,,,,,,,,,,,
South Dakota,SD,Lower Brule,,,,,,,,57548,44.07417,-99.5838,America/Chicago,CST,-6,,,,,,,,,,,
South Dakota,SD,Lowry,,,,,,,,,0,0,,,,,,,,,,,,,,
South Dakota,SD,Loyalton,,,,,,,,,45.28636,-99.2796,America/Chicago,CST,-6,,,,,,,,,,,
South Dakota,SD,Ludlow,,,,,,,,57755,45.83445,-103.377,America/Denver,MST,-7,,,,,,,,,,,
South Dakota,SD,Lyman,,,,,,,,,43.8811,-99.7396,America/Chicago,CST,-6,,,,,,,,,,,
South Dakota,SD,Madison,,,,,,,,57042,44.05422,-97.0913,America/Chicago,CST,-6,,,,,,,,,,,
South Dakota,SD,Mahto,,,,,,,,,45.7084,-101.155,America/Denver,MST,-7,,,,,,,,,,,
South Dakota,SD,Manderson,,,,,,,,57756,43.23526,-102.471,America/Denver,MST,-7,,,,,,,,,,,
South Dakota,SD,Mansfield,,,,,,,,57460,45.24303,-98.5629,America/Chicago,CST,-6,,,,,,,,,,,
South Dakota,SD,Marcus,,,,,,,,,44.65805,-102.273,America/Denver,MST,-7,,,,,,,,,,,
South Dakota,SD,Marion,,,,,,,,57043,43.29236,-97.2783,America/Chicago,CST,-6,,,,,,,,,,,
South Dakota,SD,Martin,,,,,,,,57551,43.17216,-101.734,America/Denver,MST,-7,,,,,,,,,,,
South Dakota,SD,Marty,,,,,,,,57361,42.99649,-98.4302,America/Chicago,CST,-6,,,,,,,,,,,
South Dakota,SD,Marvin,,,,,,,,57251,45.2743,-96.9422,America/Chicago,CST,-6,,,,,,,,,,,
South Dakota,SD,Maurine,,,,,,,,,45.02304,-102.593,America/Denver,MST,-7,,,,,,,,,,,
South Dakota,SD,Maverick Junction,,,,,,,,,0,0,,,,,,,,,,,,,,
South Dakota,SD,Mayfield,,,,,,,,,43.08249,-97.3187,America/Chicago,CST,-6,,,,,,,,,,,
South Dakota,SD,Mayfield Colony,,,,,,,,,44.3336,-103.641,America/Denver,MST,-7,,,,,,,,,,,
South Dakota,SD,Mcintosh,,,,,,,,,0,0,,,,,,,,,,,,,,
South Dakota,SD,Mclaughlin,,,,,,,,,45.87634,-100.891,America/Denver,MST,-7,,,,,,,,,,,
South Dakota,SD,Meadow,,,,,,,,57644,45.45322,-102.281,America/Denver,MST,-7,,,,,,,,,,,
South Dakota,SD,Meckling,,,,,,,,,42.84098,-97.092,America/Chicago,CST,-6,,,,,,,,,,,
South Dakota,SD,Mellette,,,,,,,,57461,45.15583,-98.4267,America/Chicago,CST,-6,,,,,,,,,,,
South Dakota,SD,Menno,,,,,,,,57045,43.24883,-97.5387,America/Chicago,CST,-6,,,,,,,,,,,
South Dakota,SD,Midland,,,,,,,,57552,44.07165,-101.155,America/Denver,MST,-7,,,,,,,,,,,
South Dakota,SD,Milbank,,,,,,,,57252,45.17162,-96.6292,America/Chicago,CST,-6,,,,,,,,,,,
South Dakota,SD,Milesville,,,,,,,,57553,44.37073,-101.527,America/Denver,MST,-7,,,,,,,,,,,
South Dakota,SD,Millboro,,,,,,,,,43.07306,-99.969,America/Chicago,CST,-6,,,,,,,,,,,
South Dakota,SD,Miller,,,,,,,,57362,44.48098,-99.0628,America/Chicago,CST,-6,,,,,,,,,,,
South Dakota,SD,Miller Dale Colony,,,,,,,,,44.39999,-99.1129,America/Chicago,CST,-6,,,,,,,,,,,
South Dakota,SD,Mina,,,,,,,,,45.40402,-98.8069,America/Chicago,CST,-6,,,,,,,,,,,
South Dakota,SD,Minuteman Missile Site,,,,,,,,,0,0,,,,,,,,,,,,,,
South Dakota,SD,Miranda,,,,,,,,,44.97192,-98.9643,America/Chicago,CST,-6,,,,,,,,,,,
South Dakota,SD,Mission,,,,,,,,57555,43.30457,-100.662,America/Chicago,CST,-6,,,,,,,,,,,
South Dakota,SD,Mission Hill,,,,,,,,57046,42.92333,-97.2789,America/Chicago,CST,-6,,,,,,,,,,,
South Dakota,SD,Mission Ridge,,,,,,,,,44.47584,-100.53,America/Chicago,CST,-6,,,,,,,,,,,
South Dakota,SD,Mitchell,,,,,,,,57301,43.69591,-98.0864,America/Chicago,CST,-6,,,,,,,,,,,
South Dakota,SD,Mobridge,,,,,,,,57601,45.53333,-100.433,America/Chicago,CST,-6,,,,,,,,,,,
South Dakota,SD,Monroe,,,,,,,,57047,43.48637,-97.2151,America/Chicago,CST,-6,,,,,,,,,,,
South Dakota,SD,Montrose,,,,,,,,57048,43.69685,-97.1859,America/Chicago,CST,-6,,,,,,,,,,,
South Dakota,SD,Moon,,,,,,,,,43.24883,-97.5387,America/Chicago,CST,-6,,,,,,,,,,,
South Dakota,SD,Moritz,,,,,,,,,0,0,,,,,,,,,,,,,,
South Dakota,SD,Morristown,,,,,,,,57645,45.93862,-101.723,America/Denver,MST,-7,,,,,,,,,,,
South Dakota,SD,Mosher,,,,,,,,,43.28935,-100.09,America/Chicago,CST,-6,,,,,,,,,,,
South Dakota,SD,Mound City,,,,,,,,57646,45.71546,-100.048,America/Chicago,CST,-6,,,,,,,,,,,
South Dakota,SD,Mount Rushmore,,,,,,,,,0,0,,,,,,,,,,,,,,
South Dakota,SD,Mount Vernon,,,,,,,,57363,43.71054,-98.2604,America/Chicago,CST,-6,,,,,,,,,,,
South Dakota,SD,Mud Butte,,,,,,,,57758,45.00471,-102.878,America/Denver,MST,-7,,,,,,,,,,,
South Dakota,SD,Murdo,,,,,,,,57559,43.87999,-100.757,America/Chicago,CST,-6,,,,,,,,,,,
South Dakota,SD,Mystic,,,,,,,,,44.07693,-103.642,America/Denver,MST,-7,,,,,,,,,,,
South Dakota,SD,Naples,,,,,,,,,0,0,,,,,,,,,,,,,,
South Dakota,SD,Nemo,,,,,,,,57759,44.19415,-103.505,America/Denver,MST,-7,,,,,,,,,,,
South Dakota,SD,New Effington,,,,,,,,57255,45.85635,-96.9204,America/Chicago,CST,-6,,,,,,,,,,,
South Dakota,SD,New Underwood,,,,,,,,57761,44.05669,-102.799,America/Denver,MST,-7,,,,,,,,,,,
South Dakota,SD,Newell,,,,,,,,57760,44.71522,-103.418,America/Denver,MST,-7,,,,,,,,,,,
South Dakota,SD,Nisland,,,,,,,,57762,44.67353,-103.556,America/Denver,MST,-7,,,,,,,,,,,
South Dakota,SD,Norbeck,,,,,,,,,45.18414,-99.2126,America/Chicago,CST,-6,,,,,,,,,,,
South Dakota,SD,Norris,,,,,,,,57560,43.47333,-101.196,America/Chicago,CST,-6,,,,,,,,,,,
South Dakota,SD,North Sioux City,,,,,,,,57049,0,0,,,,,,,,,,,,,,
South Dakota,SD,Northville,,,,,,,,57465,45.12599,-98.6258,America/Chicago,CST,-6,,,,,,,,,,,
South Dakota,SD,Nunda,,,,,,,,57050,44.16219,-97.019,America/Chicago,CST,-6,,,,,,,,,,,
South Dakota,SD,Oacoma,,,,,,,,57365,43.7975,-99.3947,America/Chicago,CST,-6,,,,,,,,,,,
South Dakota,SD,Oahe Mission Rec Area,,,,,,,,,0,0,,,,,,,,,,,,,,
South Dakota,SD,Oelrichs,,,,,,,,57763,43.18096,-103.244,America/Denver,MST,-7,,,,,,,,,,,
South Dakota,SD,Oglala,,,,,,,,57764,43.18479,-102.727,America/Denver,MST,-7,,,,,,,,,,,
South Dakota,SD,Okaton,,,,,,,,57562,43.86208,-100.905,America/Chicago,CST,-6,,,,,,,,,,,
South Dakota,SD,Okobojo Creek Rec Area,,,,,,,,,0,0,,,,,,,,,,,,,,
South Dakota,SD,Okreek,,,,,,,,57563,43.36222,-100.386,America/Chicago,CST,-6,,,,,,,,,,,
South Dakota,SD,Oldham,,,,,,,,57051,44.24594,-97.3203,America/Chicago,CST,-6,,,,,,,,,,,
South Dakota,SD,Olivet,,,,,,,,57052,43.28418,-97.7182,America/Chicago,CST,-6,,,,,,,,,,,
South Dakota,SD,Onaka,,,,,,,,57466,45.18007,-99.4643,America/Chicago,CST,-6,,,,,,,,,,,
South Dakota,SD,O'Neil Pass,,,,,,,,,0,0,,,,,,,,,,,,,,
South Dakota,SD,Onida,,,,,,,,57564,44.72287,-99.9795,America/Chicago,CST,-6,,,,,,,,,,,
South Dakota,SD,Opal,,,,,,,,,44.58981,-102.787,America/Denver,MST,-7,,,,,,,,,,,
South Dakota,SD,Oral,,,,,,,,57766,43.40498,-103.269,America/Denver,MST,-7,,,,,,,,,,,
South Dakota,SD,Orient,,,,,,,,57467,44.91178,-99.0732,America/Chicago,CST,-6,,,,,,,,,,,
South Dakota,SD,Orland,,,,,,,,,43.89164,-97.1892,America/Chicago,CST,-6,,,,,,,,,,,
South Dakota,SD,Ortley,,,,,,,,57256,45.33218,-97.1956,America/Chicago,CST,-6,,,,,,,,,,,
South Dakota,SD,Ottumwa,,,,,,,,,44.2336,-101.347,America/Denver,MST,-7,,,,,,,,,,,
South Dakota,SD,Overlook Rec Area,,,,,,,,,0,0,,,,,,,,,,,,,,
South Dakota,SD,Owanka,,,,,,,,57767,44.02221,-102.587,America/Denver,MST,-7,,,,,,,,,,,
South Dakota,SD,Pactola Reservoir,,,,,,,,,0,0,,,,,,,,,,,,,,
South Dakota,SD,Parade,,,,,,,,,45.09869,-100.879,America/Denver,MST,-7,,,,,,,,,,,
South Dakota,SD,Parker,,,,,,,,57053,43.3996,-97.1342,America/Chicago,CST,-6,,,,,,,,,,,
South Dakota,SD,Parkston,,,,,,,,57366,43.38385,-97.9156,America/Chicago,CST,-6,,,,,,,,,,,
South Dakota,SD,Parmelee,,,,,,,,57566,43.32413,-101.041,America/Chicago,CST,-6,,,,,,,,,,,
South Dakota,SD,Peever,,,,,,,,57257,45.54215,-96.9517,America/Chicago,CST,-6,,,,,,,,,,,
South Dakota,SD,Pembrook Colony,,,,,,,,,0,0,,,,,,,,,,,,,,
South Dakota,SD,Philip,,,,,,,,57567,44.04606,-101.631,America/Denver,MST,-7,,,,,,,,,,,
South Dakota,SD,Pickerel Lake Station,,,,,,,,,0,0,,,,,,,,,,,,,,
South Dakota,SD,Pickstown,,,,,,,,57367,43.06731,-98.523,America/Chicago,CST,-6,,,,,,,,,,,
South Dakota,SD,Piedmont,,,,,,,,57769,44.22052,-103.272,America/Denver,MST,-7,,,,,,,,,,,
South Dakota,SD,Pierpont,,,,,,,,57468,45.49551,-97.8312,America/Chicago,CST,-6,,,,,,,,,,,
South Dakota,SD,Pierre,,,,,,,,57501,44.33407,-100.094,America/Chicago,CST,-6,,,,,,,,,,,
South Dakota,SD,Pine Ridge,,,,,,,,57770,43.02432,-102.535,America/Denver,MST,-7,,,,,,,,,,,
South Dakota,SD,Pinnacles Ranger Station,,,,,,,,,0,0,,,,,,,,,,,,,,
South Dakota,SD,Plainview,,,,,,,,,44.60221,-102.162,America/Denver,MST,-7,,,,,,,,,,,
South Dakota,SD,Plainview Colony,,,,,,,,,45.4374,-98.9566,America/Chicago,CST,-6,,,,,,,,,,,
South Dakota,SD,Plankinton,,,,,,,,57368,43.74675,-98.5185,America/Chicago,CST,-6,,,,,,,,,,,
South Dakota,SD,Platte,,,,,,,,57369,43.38694,-98.8445,America/Chicago,CST,-6,,,,,,,,,,,
South Dakota,SD,Pollock,,,,,,,,57648,45.84443,-100.283,America/Chicago,CST,-6,,,,,,,,,,,
South Dakota,SD,Polo,,,,,,,,,44.77942,-99.1096,America/Chicago,CST,-6,,,,,,,,,,,
South Dakota,SD,Porcupine,,,,,,,,57772,43.26915,-102.335,America/Denver,MST,-7,,,,,,,,,,,
South Dakota,SD,Potato Creek,,,,,,,,,43.53444,-101.99,America/Denver,MST,-7,,,,,,,,,,,
South Dakota,SD,Prairie City,,,,,,,,57649,45.44074,-102.704,America/Denver,MST,-7,,,,,,,,,,,
South Dakota,SD,Presho,,,,,,,,57568,43.90837,-100.047,America/Chicago,CST,-6,,,,,,,,,,,
South Dakota,SD,Pringle,,,,,,,,57773,43.60859,-103.594,America/Denver,MST,-7,,,,,,,,,,,
South Dakota,SD,Promise,,,,,,,,,45.45786,-100.541,America/Denver,MST,-7,,,,,,,,,,,
South Dakota,SD,Provo,,,,,,,,,43.23966,-103.528,America/Denver,MST,-7,,,,,,,,,,,
South Dakota,SD,Pukwana,,,,,,,,57370,43.77654,-99.1869,America/Chicago,CST,-6,,,,,,,,,,,
South Dakota,SD,Putney,,,,,,,,,45.56024,-98.1754,America/Chicago,CST,-6,,,,,,,,,,,
South Dakota,SD,Quinn,,,,,,,,57775,43.98804,-102.126,America/Denver,MST,-7,,,,,,,,,,,
South Dakota,SD,Ralph,,,,,,,,57650,45.77667,-103.066,America/Denver,MST,-7,,,,,,,,,,,
South Dakota,SD,Ramona,,,,,,,,57054,44.1186,-97.2152,America/Chicago,CST,-6,,,,,,,,,,,
South Dakota,SD,Rapid City,,,,,,,,57701###57702###57709###57703,44.14587,-103.207,America/Denver,MST,-7,,,,,,,,,,,
South Dakota,SD,Rapid City Airport,,,,,,,,,0,0,,,,,,,,,,,,,,
South Dakota,SD,Rapid Valley,,,,,,,,,44.62026,-103.402,America/Denver,MST,-7,,,,,,,,,,,
South Dakota,SD,Rauville,,,,,,,,,44.97969,-97.1059,America/Chicago,CST,-6,,,,,,,,,,,
South Dakota,SD,Ravinia,,,,,,,,,43.13637,-98.4272,America/Chicago,CST,-6,,,,,,,,,,,
South Dakota,SD,Raymond,,,,,,,,57258,44.91076,-97.9393,America/Chicago,CST,-6,,,,,,,,,,,
South Dakota,SD,Red Elm,,,,,,,,,45.05526,-101.784,America/Denver,MST,-7,,,,,,,,,,,
South Dakota,SD,Red Owl,,,,,,,,,44.69101,-102.587,America/Denver,MST,-7,,,,,,,,,,,
South Dakota,SD,Red Scaffold,,,,,,,,,44.59104,-102.045,America/Denver,MST,-7,,,,,,,,,,,
South Dakota,SD,Red Shirt,,,,,,,,,43.66749,-102.899,America/Denver,MST,-7,,,,,,,,,,,
South Dakota,SD,Redfield,,,,,,,,57469,44.87581,-98.5187,America/Chicago,CST,-6,,,,,,,,,,,
South Dakota,SD,Redig,,,,,,,,57776,45.2711,-103.548,America/Denver,MST,-7,,,,,,,,,,,
South Dakota,SD,Ree Heights,,,,,,,,57371,44.42283,-99.2186,America/Chicago,CST,-6,,,,,,,,,,,
South Dakota,SD,Reliance,,,,,,,,57569,43.87888,-99.6032,America/Chicago,CST,-6,,,,,,,,,,,
South Dakota,SD,Reva,,,,,,,,57651,45.54527,-103.084,America/Denver,MST,-7,,,,,,,,,,,
South Dakota,SD,Revillo,,,,,,,,57259,45.08052,-96.5557,America/Chicago,CST,-6,,,,,,,,,,,
South Dakota,SD,Richmond Lake Rec Area,,,,,,,,,0,0,,,,,,,,,,,,,,
South Dakota,SD,Ridgeview,,,,,,,,57652,45.08498,-100.8,America/Denver,MST,-7,,,,,,,,,,,
South Dakota,SD,Rochford,,,,,,,,,44.11761,-103.761,America/Denver,MST,-7,,,,,,,,,,,
South Dakota,SD,Rockerville,,,,,,,,,44.14587,-103.207,America/Denver,MST,-7,,,,,,,,,,,
South Dakota,SD,Rockham,,,,,,,,57470,44.90386,-98.8248,America/Chicago,CST,-6,,,,,,,,,,,
South Dakota,SD,Rockyford,,,,,,,,,43.49721,-102.502,America/Denver,MST,-7,,,,,,,,,,,
South Dakota,SD,Roscoe,,,,,,,,57471,45.41929,-99.3466,America/Chicago,CST,-6,,,,,,,,,,,
South Dakota,SD,Rosebud,,,,,,,,57570,43.23987,-100.823,America/Chicago,CST,-6,,,,,,,,,,,
South Dakota,SD,Rosholt,,,,,,,,57260,45.86663,-96.7315,America/Chicago,CST,-6,,,,,,,,,,,
South Dakota,SD,Roslyn,,,,,,,,57261,45.49523,-97.4909,America/Chicago,CST,-6,,,,,,,,,,,
South Dakota,SD,Rosseau,,,,,,,,,44.31637,-100.072,America/Chicago,CST,-6,,,,,,,,,,,
South Dakota,SD,Roswell,,,,,,,,,44.0072,-97.6959,America/Chicago,CST,-6,,,,,,,,,,,
South Dakota,SD,Roubaix Lake,,,,,,,,,0,0,,,,,,,,,,,,,,
South Dakota,SD,Rowena,,,,,,,,,43.52156,-96.5587,America/Chicago,CST,-6,,,,,,,,,,,
South Dakota,SD,Roy Lake State Park,,,,,,,,,0,0,,,,,,,,,,,,,,
South Dakota,SD,Rudebusch Corner,,,,,,,,,0,0,,,,,,,,,,,,,,
South Dakota,SD,Rumford,,,,,,,,,43.12664,-103.698,America/Denver,MST,-7,,,,,,,,,,,
South Dakota,SD,Saint Francis,,,,,,,,57572,43.14445,-100.905,America/Chicago,CST,-6,,,,,,,,,,,
South Dakota,SD,Saint Lawrence,,,,,,,,57373,44.4955,-98.8696,America/Chicago,CST,-6,,,,,,,,,,,
South Dakota,SD,Saint Onge,,,,,,,,57779,44.54731,-103.723,America/Denver,MST,-7,,,,,,,,,,,
South Dakota,SD,Salem,,,,,,,,57058,43.72415,-97.389,America/Chicago,CST,-6,,,,,,,,,,,
South Dakota,SD,Sanator,,,,,,,,,43.69665,-103.606,America/Denver,MST,-7,,,,,,,,,,,
South Dakota,SD,Sandy Shore State Park,,,,,,,,,0,0,,,,,,,,,,,,,,
South Dakota,SD,Sansarc,,,,,,,,,44.50665,-101.035,America/Denver,MST,-7,,,,,,,,,,,
South Dakota,SD,Scenic,,,,,,,,57780,43.77971,-102.555,America/Denver,MST,-7,,,,,,,,,,,
South Dakota,SD,Scotland,,,,,,,,57059,43.14972,-97.7176,America/Chicago,CST,-6,,,,,,,,,,,
South Dakota,SD,Selby,,,,,,,,57472,45.43463,-100.098,America/Chicago,CST,-6,,,,,,,,,,,
South Dakota,SD,Seneca,,,,,,,,57473,45.06164,-99.5121,America/Chicago,CST,-6,,,,,,,,,,,
South Dakota,SD,Shadehill,,,,,,,,,45.6808,-102.293,America/Denver,MST,-7,,,,,,,,,,,
South Dakota,SD,Shadehill Reservoir,,,,,,,,,0,0,,,,,,,,,,,,,,
South Dakota,SD,Shambo Ranch,,,,,,,,,0,0,,,,,,,,,,,,,,
South Dakota,SD,Sharps Corner,,,,,,,,,0,0,,,,,,,,,,,,,,
South Dakota,SD,Shelby,,,,,,,,,43.94805,-99.1873,America/Chicago,CST,-6,,,,,,,,,,,
South Dakota,SD,Sheridan Lake,,,,,,,,,0,0,,,,,,,,,,,,,,
South Dakota,SD,Sherman,,,,,,,,,43.75914,-96.4762,America/Chicago,CST,-6,,,,,,,,,,,
South Dakota,SD,Silver City,,,,,,,,,44.08443,-103.564,America/Denver,MST,-7,,,,,,,,,,,
South Dakota,SD,Sinai,,,,,,,,57061,44.24441,-97.0409,America/Chicago,CST,-6,,,,,,,,,,,
South Dakota,SD,Sioux Falls,,,,,,,,57197###57108###57109###57107###57198###57110###57117###57118###57186###57103###57106###57193###57101###57104###57105,43.54636,-96.6906,America/Chicago,CST,-6,,,,,,,,,,,
South Dakota,SD,Sisseton,,,,,,,,57262,45.66468,-97.0498,America/Chicago,CST,-6,,,,,,,,,,,
South Dakota,SD,Slim Butte,,,,,,,,,43.07887,-103.159,America/Denver,MST,-7,,,,,,,,,,,
South Dakota,SD,Smithwick,,,,,,,,57782,43.30137,-103.218,America/Denver,MST,-7,,,,,,,,,,,
South Dakota,SD,Sorum,,,,,,,,,45.44971,-102.929,America/Denver,MST,-7,,,,,,,,,,,
South Dakota,SD,South Eagle Butte,,,,,,,,,45.00161,-101.233,America/Denver,MST,-7,,,,,,,,,,,
South Dakota,SD,South Shore,,,,,,,,57263,45.10075,-97.0364,America/Chicago,CST,-6,,,,,,,,,,,
South Dakota,SD,Spearfish,,,,,,,,57783###57799,44.46714,-103.772,America/Denver,MST,-7,,,,,,,,,,,
South Dakota,SD,Spencer,,,,,,,,57374,43.72357,-97.5814,America/Chicago,CST,-6,,,,,,,,,,,
South Dakota,SD,Spink Colony,,,,,,,,,44.74664,-98.292,America/Chicago,CST,-6,,,,,,,,,,,
South Dakota,SD,Spottswood,,,,,,,,,0,0,,,,,,,,,,,,,,
South Dakota,SD,Spring Creek,,,,,,,,,43.11751,-101.023,America/Chicago,CST,-6,,,,,,,,,,,
South Dakota,SD,Spring Creek Colony,,,,,,,,,45.90914,-98.8787,America/Chicago,CST,-6,,,,,,,,,,,
South Dakota,SD,Spring Creek Rec Area,,,,,,,,,43.11751,-101.023,America/Chicago,CST,-6,,,,,,,,,,,
South Dakota,SD,Springfield,,,,,,,,57062,42.88167,-97.9262,America/Chicago,CST,-6,,,,,,,,,,,
South Dakota,SD,Stephan,,,,,,,,57346,44.24804,-99.4532,America/Chicago,CST,-6,,,,,,,,,,,
South Dakota,SD,Stickney,,,,,,,,57375,43.57163,-98.4984,America/Chicago,CST,-6,,,,,,,,,,,
South Dakota,SD,Stockade Lake,,,,,,,,,0,0,,,,,,,,,,,,,,
South Dakota,SD,Stockholm,,,,,,,,57264,45.10669,-96.8023,America/Chicago,CST,-6,,,,,,,,,,,
South Dakota,SD,Stone Bridge,,,,,,,,,44.60219,-97.0598,America/Chicago,CST,-6,,,,,,,,,,,
South Dakota,SD,Stoneville,,,,,,,,,0,0,,,,,,,,,,,,,,
South Dakota,SD,Strandburg,,,,,,,,57265,45.02158,-96.7408,America/Chicago,CST,-6,,,,,,,,,,,
South Dakota,SD,Stratford,,,,,,,,57474,45.30669,-98.2584,America/Chicago,CST,-6,,,,,,,,,,,
South Dakota,SD,Sturgis,,,,,,,,57785,44.36917,-103.362,America/Denver,MST,-7,,,,,,,,,,,
South Dakota,SD,Summit,,,,,,,,57266,45.30204,-97.0365,America/Chicago,CST,-6,,,,,,,,,,,
South Dakota,SD,Sutton Bay Rec Area,,,,,,,,,0,0,,,,,,,,,,,,,,
South Dakota,SD,Swan Creek Rec Area,,,,,,,,,0,0,,,,,,,,,,,,,,
South Dakota,SD,Swett,,,,,,,,,43.17194,-101.952,America/Denver,MST,-7,,,,,,,,,,,
South Dakota,SD,Sylvan Lake,,,,,,,,,0,0,,,,,,,,,,,,,,
South Dakota,SD,Tabor,,,,,,,,57063,42.94752,-97.7142,America/Chicago,CST,-6,,,,,,,,,,,
South Dakota,SD,Tailwaters Rec Area,,,,,,,,,0,0,,,,,,,,,,,,,,
South Dakota,SD,Tea,,,,,,,,57064,43.44637,-96.8359,America/Chicago,CST,-6,,,,,,,,,,,
South Dakota,SD,Terry Peak,,,,,,,,,45.03747,-96.8653,America/Chicago,CST,-6,,,,,,,,,,,
South Dakota,SD,Thomas,,,,,,,,,44.7608,-97.2095,America/Chicago,CST,-6,,,,,,,,,,,
South Dakota,SD,Thunder Butte,,,,,,,,,45.21276,-101.67,America/Denver,MST,-7,,,,,,,,,,,
South Dakota,SD,Thunder Hawk,,,,,,,,,45.93833,-101.975,America/Denver,MST,-7,,,,,,,,,,,
South Dakota,SD,Tilford,,,,,,,,,44.30026,-103.43,America/Denver,MST,-7,,,,,,,,,,,
South Dakota,SD,Timber Lake,,,,,,,,57656,45.42703,-101.075,America/Denver,MST,-7,,,,,,,,,,,
South Dakota,SD,Tolstoy,,,,,,,,57475,45.22375,-99.6946,America/Chicago,CST,-6,,,,,,,,,,,
South Dakota,SD,Toronto,,,,,,,,57268,44.56742,-96.5944,America/Chicago,CST,-6,,,,,,,,,,,
South Dakota,SD,Trail City,,,,,,,,57657,45.47249,-100.725,America/Denver,MST,-7,,,,,,,,,,,
South Dakota,SD,Trent,,,,,,,,57065,43.90762,-96.6533,America/Chicago,CST,-6,,,,,,,,,,,
South Dakota,SD,Tripp,,,,,,,,57376,43.24846,-97.9235,America/Chicago,CST,-6,,,,,,,,,,,
South Dakota,SD,Troy,,,,,,,,,45.03747,-96.8653,America/Chicago,CST,-6,,,,,,,,,,,
South Dakota,SD,Tulare,,,,,,,,57476,44.73803,-98.5098,America/Chicago,CST,-6,,,,,,,,,,,
South Dakota,SD,Tunerville,,,,,,,,,44.89024,-96.6812,America/Chicago,CST,-6,,,,,,,,,,,
South Dakota,SD,Turton,,,,,,,,57477,45.04547,-98.1829,America/Chicago,CST,-6,,,,,,,,,,,
South Dakota,SD,Tuthill,,,,,,,,57574,43.15583,-101.494,America/Denver,MST,-7,,,,,,,,,,,
South Dakota,SD,Twin Brooks,,,,,,,,57269,45.23088,-96.8237,America/Chicago,CST,-6,,,,,,,,,,,
South Dakota,SD,Tyndall,,,,,,,,57066,42.98853,-97.8733,America/Chicago,CST,-6,,,,,,,,,,,
South Dakota,SD,Union Center,,,,,,,,57787,44.65392,-102.725,America/Denver,MST,-7,,,,,,,,,,,
South Dakota,SD,Usta,,,,,,,,,45.22026,-102.163,America/Denver,MST,-7,,,,,,,,,,,
South Dakota,SD,Utica,,,,,,,,57067,43.01638,-97.3694,America/Chicago,CST,-6,,,,,,,,,,,
South Dakota,SD,Vale,,,,,,,,57788,44.62026,-103.402,America/Denver,MST,-7,,,,,,,,,,,
South Dakota,SD,Valley Springs,,,,,,,,57068,43.5944,-96.5285,America/Chicago,CST,-6,,,,,,,,,,,
South Dakota,SD,Van Metre,,,,,,,,,44.15943,-100.794,America/Chicago,CST,-6,,,,,,,,,,,
South Dakota,SD,Vayland,,,,,,,,,44.49359,-98.799,America/Chicago,CST,-6,,,,,,,,,,,
South Dakota,SD,Veblen,,,,,,,,57270,45.84946,-97.3766,America/Chicago,CST,-6,,,,,,,,,,,
South Dakota,SD,Verdon,,,,,,,,,45.24385,-98.0976,America/Chicago,CST,-6,,,,,,,,,,,
South Dakota,SD,Vermillion,,,,,,,,57069,42.85412,-96.9733,America/Chicago,CST,-6,,,,,,,,,,,
South Dakota,SD,Vetal,,,,,,,,,43.21444,-101.377,America/Denver,MST,-7,,,,,,,,,,,
South Dakota,SD,Viborg,,,,,,,,57070,43.18838,-97.1804,America/Chicago,CST,-6,,,,,,,,,,,
South Dakota,SD,Victor,,,,,,,,,45.86885,-96.8329,America/Chicago,CST,-6,,,,,,,,,,,
South Dakota,SD,Vienna,,,,,,,,57271,44.70302,-97.5015,America/Chicago,CST,-6,,,,,,,,,,,
South Dakota,SD,Vilas,,,,,,,,,44.01053,-97.5973,America/Chicago,CST,-6,,,,,,,,,,,
South Dakota,SD,Virgil,,,,,,,,57379,44.29082,-98.4243,America/Chicago,CST,-6,,,,,,,,,,,
South Dakota,SD,Vivian,,,,,,,,57576,43.92724,-100.301,America/Chicago,CST,-6,,,,,,,,,,,
South Dakota,SD,Volga,,,,,,,,57071,44.32358,-96.9265,America/Chicago,CST,-6,,,,,,,,,,,
South Dakota,SD,Volin,,,,,,,,57072,43.00204,-97.2398,America/Chicago,CST,-6,,,,,,,,,,,
South Dakota,SD,Wagner,,,,,,,,57380,43.03473,-98.3155,America/Chicago,CST,-6,,,,,,,,,,,
South Dakota,SD,Wakonda,,,,,,,,57073,42.99651,-97.0587,America/Chicago,CST,-6,,,,,,,,,,,
South Dakota,SD,Wakpala,,,,,,,,57658,45.65545,-100.538,America/Denver,MST,-7,,,,,,,,,,,
South Dakota,SD,Walker,,,,,,,,57659,45.7084,-101.155,America/Denver,MST,-7,,,,,,,,,,,
South Dakota,SD,Wall,,,,,,,,57790,44.01377,-102.238,America/Denver,MST,-7,,,,,,,,,,,
South Dakota,SD,Wall Lake,,,,,,,,,44.65982,-97.5732,America/Chicago,CST,-6,,,,,,,,,,,
South Dakota,SD,Wallace,,,,,,,,57272,45.09361,-97.4531,America/Chicago,CST,-6,,,,,,,,,,,
South Dakota,SD,Wanblee,,,,,,,,57577,43.57065,-101.663,America/Denver,MST,-7,,,,,,,,,,,
South Dakota,SD,Ward,,,,,,,,,44.02219,-96.671,America/Chicago,CST,-6,,,,,,,,,,,
South Dakota,SD,Warner,,,,,,,,57479,45.32923,-98.4749,America/Chicago,CST,-6,,,,,,,,,,,
South Dakota,SD,Wasta,,,,,,,,57791,44.0686,-102.446,America/Denver,MST,-7,,,,,,,,,,,
South Dakota,SD,Watauga,,,,,,,,57660,45.92278,-101.543,America/Denver,MST,-7,,,,,,,,,,,
South Dakota,SD,Watertown,,,,,,,,57201,44.95564,-97.178,America/Chicago,CST,-6,,,,,,,,,,,
South Dakota,SD,Waubay,,,,,,,,57273,45.33257,-97.3072,America/Chicago,CST,-6,,,,,,,,,,,
South Dakota,SD,Waubay Wildlife Rec Area,,,,,,,,,45.33257,-97.3072,America/Chicago,CST,-6,,,,,,,,,,,
South Dakota,SD,Waverly,,,,,,,,,44.97763,-97.1884,America/Chicago,CST,-6,,,,,,,,,,,
South Dakota,SD,Webster,,,,,,,,57274,45.31506,-97.5254,America/Chicago,CST,-6,,,,,,,,,,,
South Dakota,SD,Wendte,,,,,,,,,0,0,,,,,,,,,,,,,,
South Dakota,SD,Wentworth,,,,,,,,57075,43.99698,-96.9671,America/Chicago,CST,-6,,,,,,,,,,,
South Dakota,SD,Wessington,,,,,,,,57381,44.41544,-98.6425,America/Chicago,CST,-6,,,,,,,,,,,
South Dakota,SD,Wessington Springs,,,,,,,,57382,44.06642,-98.6751,America/Chicago,CST,-6,,,,,,,,,,,
South Dakota,SD,West Bend Rec Area,,,,,,,,,0,0,,,,,,,,,,,,,,
South Dakota,SD,West Shore Rec Area,,,,,,,,,0,0,,,,,,,,,,,,,,
South Dakota,SD,Westover,,,,,,,,,43.5972,-100.786,America/Chicago,CST,-6,,,,,,,,,,,
South Dakota,SD,Westport,,,,,,,,57481,45.67053,-98.5802,America/Chicago,CST,-6,,,,,,,,,,,
South Dakota,SD,Wetonka,,,,,,,,,45.62526,-98.7679,America/Chicago,CST,-6,,,,,,,,,,,
South Dakota,SD,Wewela,,,,,,,,,43.38212,-99.8823,America/Chicago,CST,-6,,,,,,,,,,,
South Dakota,SD,White,,,,,,,,57276,44.4056,-96.5998,America/Chicago,CST,-6,,,,,,,,,,,
South Dakota,SD,White Butte,,,,,,,,,45.94056,-102.362,America/Denver,MST,-7,,,,,,,,,,,
South Dakota,SD,White Horse,,,,,,,,,45.27054,-100.887,America/Denver,MST,-7,,,,,,,,,,,
South Dakota,SD,White Lake,,,,,,,,57383,43.71496,-98.6449,America/Chicago,CST,-6,,,,,,,,,,,
South Dakota,SD,White Owl,,,,,,,,57792,44.59221,-102.431,America/Denver,MST,-7,,,,,,,,,,,
South Dakota,SD,White River,,,,,,,,57579,43.56612,-100.746,America/Chicago,CST,-6,,,,,,,,,,,
South Dakota,SD,White Rock,,,,,,,,,45.91663,-96.5717,America/Chicago,CST,-6,,,,,,,,,,,
South Dakota,SD,Whitewood,,,,,,,,57793,44.46498,-103.644,America/Denver,MST,-7,,,,,,,,,,,
South Dakota,SD,Whitlocks Bay Rec Area,,,,,,,,,0,0,,,,,,,,,,,,,,
South Dakota,SD,Wicksville,,,,,,,,,44.0961,-102.589,America/Denver,MST,-7,,,,,,,,,,,
South Dakota,SD,Willow Lake,,,,,,,,57278,44.65982,-97.5732,America/Chicago,CST,-6,,,,,,,,,,,
South Dakota,SD,Wilmot,,,,,,,,57279,45.39857,-96.8323,America/Chicago,CST,-6,,,,,,,,,,,
South Dakota,SD,Wind Cave Visitors Center,,,,,,,,,0,0,,,,,,,,,,,,,,
South Dakota,SD,Winfred,,,,,,,,57076,43.9972,-97.3623,America/Chicago,CST,-6,,,,,,,,,,,
South Dakota,SD,Winner,,,,,,,,57580,43.33176,-99.8033,America/Chicago,CST,-6,,,,,,,,,,,
South Dakota,SD,Witten,,,,,,,,57584,43.43944,-100.08,America/Chicago,CST,-6,,,,,,,,,,,
South Dakota,SD,Wolsey,,,,,,,,57384,44.44945,-98.4879,America/Chicago,CST,-6,,,,,,,,,,,
South Dakota,SD,Wood,,,,,,,,57585,43.49694,-100.477,America/Chicago,CST,-6,,,,,,,,,,,
South Dakota,SD,Woonsocket,,,,,,,,57385,44.04271,-98.2314,America/Chicago,CST,-6,,,,,,,,,,,
South Dakota,SD,Worthing,,,,,,,,57077,43.2866,-96.7768,America/Chicago,CST,-6,,,,,,,,,,,
South Dakota,SD,Wounded Knee,,,,,,,,57794,43.14357,-102.368,America/Denver,MST,-7,,,,,,,,,,,
South Dakota,SD,Yale,,,,,,,,57386,44.52253,-98.0401,America/Chicago,CST,-6,,,,,,,,,,,
South Dakota,SD,Yankton,,,,,,,,57078,42.94396,-97.3769,America/Chicago,CST,-6,,,,,,,,,,,
South Dakota,SD,Zell,,,,,,,,,44.89692,-98.7284,America/Chicago,CST,-6,,,,,,,,,,,
South Dakota,SD,Zeona,,,,,,,,,45.19332,-102.912,America/Denver,MST,-7,,,,,,,,,,,
