Utah,UT,Abraham,,,,,,,,,0,0,,,,,,,,,,,,,,
Utah,UT,Adamsville,,,,,,,,,0,0,,,,,,,,,,,,,,
Utah,UT,Alpine,,,,,,,,84004,40.45913,-111.773,America/Denver,MST,-7,,,,,,,,,,,
Utah,UT,Alta,,,,,,,,,0,0,,,,,,,,,,,,,,
Utah,UT,Altamont,,,,,,,,84001,40.3594,-110.286,America/Denver,MST,-7,,,,,,,,,,,
Utah,UT,Alton,,,,,,,,84710,37.43864,-112.482,America/Denver,MST,-7,,,,,,,,,,,
Utah,UT,Altonah,,,,,,,,84002,40.45205,-110.307,America/Denver,MST,-7,,,,,,,,,,,
Utah,UT,Amalga,,,,,,,,,0,0,,,,,,,,,,,,,,
Utah,UT,American Fork,,,,,,,,84003,40.3958,-111.803,America/Denver,MST,-7,,,,,,,,,,,
Utah,UT,Aneth,,,,,,,,84510,37.74895,-110.227,America/Denver,MST,-7,,,,,,,,,,,
Utah,UT,Angle,,,,,,,,,0,0,,,,,,,,,,,,,,
Utah,UT,Annabella,,,,,,,,84711,38.71685,-112.066,America/Denver,MST,-7,,,,,,,,,,,
Utah,UT,Antelope Island State Park,,,,,,,,,0,0,,,,,,,,,,,,,,
Utah,UT,Antimony,,,,,,,,84712,38.11693,-112,America/Denver,MST,-7,,,,,,,,,,,
Utah,UT,Arcadia,,,,,,,,,0,0,,,,,,,,,,,,,,
Utah,UT,Arches National Park,,,,,,,,,0,0,,,,,,,,,,,,,,
Utah,UT,Aurora,,,,,,,,84620,38.92219,-111.934,America/Denver,MST,-7,,,,,,,,,,,
Utah,UT,Avon,,,,,,,,,0,0,,,,,,,,,,,,,,
Utah,UT,Axtell,,,,,,,,84621,39.05524,-111.822,America/Denver,MST,-7,,,,,,,,,,,
Utah,UT,Ballard,,,,,,,,,0,0,,,,,,,,,,,,,,
Utah,UT,Bear River,,,,,,,,,41.60927,-112.124,America/Denver,MST,-7,,,,,,,,,,,
Utah,UT,Beaver,,,,,,,,84713,38.27691,-112.641,America/Denver,MST,-7,,,,,,,,,,,
Utah,UT,Beaver Mtn,,,,,,,,,38.27691,-112.641,America/Denver,MST,-7,,,,,,,,,,,
Utah,UT,Bicknell,,,,,,,,84715,38.32783,-111.526,America/Denver,MST,-7,,,,,,,,,,,
Utah,UT,Big Water,,,,,,,,,0,0,,,,,,,,,,,,,,
Utah,UT,Bingham,,,,,,,,,0,0,,,,,,,,,,,,,,
Utah,UT,Birdseye,,,,,,,,,0,0,,,,,,,,,,,,,,
Utah,UT,Black Rock,,,,,,,,,0,0,,,,,,,,,,,,,,
Utah,UT,Blanding,,,,,,,,84511,37.56694,-109.441,America/Denver,MST,-7,,,,,,,,,,,
Utah,UT,Bloomington,,,,,,,,,0,0,,,,,,,,,,,,,,
Utah,UT,Bluff,,,,,,,,84512,37.29134,-109.57,America/Denver,MST,-7,,,,,,,,,,,
Utah,UT,Bluffdale,,,,,,,,,0,0,,,,,,,,,,,,,,
Utah,UT,Bonneville Salt Flats,,,,,,,,,0,0,,,,,,,,,,,,,,
Utah,UT,Bothwell,,,,,,,,,0,0,,,,,,,,,,,,,,
Utah,UT,Boulder,,,,,,,,84716,37.94439,-111.442,America/Denver,MST,-7,,,,,,,,,,,
Utah,UT,Bountiful,,,,,,,,84010###84011,40.87404,-111.871,America/Denver,MST,-7,,,,,,,,,,,
Utah,UT,Brian Head,,,,,,,,84719,37.73552,-112.839,America/Denver,MST,-7,,,,,,,,,,,
Utah,UT,Bridgeland,,,,,,,,,40.16302,-110.234,America/Denver,MST,-7,,,,,,,,,,,
Utah,UT,Brigham City,,,,,,,,84302,41.53792,-112.062,America/Denver,MST,-7,,,,,,,,,,,
Utah,UT,Brighton,,,,,,,,,0,0,,,,,,,,,,,,,,
Utah,UT,Bryce Canyon National Park,,,,,,,,,0,0,,,,,,,,,,,,,,
Utah,UT,Bullfrog,,,,,,,,,0,0,,,,,,,,,,,,,,
Utah,UT,Burrville,,,,,,,,,0,0,,,,,,,,,,,,,,
Utah,UT,Caineville,,,,,,,,,0,0,,,,,,,,,,,,,,
Utah,UT,Callao,,,,,,,,,0,0,,,,,,,,,,,,,,
Utah,UT,Cannonville,,,,,,,,84718,37.56693,-112.054,America/Denver,MST,-7,,,,,,,,,,,
Utah,UT,Canyon Rim,,,,,,,,,0,0,,,,,,,,,,,,,,
Utah,UT,Canyonlands National Park,,,,,,,,,0,0,,,,,,,,,,,,,,
Utah,UT,Capitol Reef National Park,,,,,,,,,0,0,,,,,,,,,,,,,,
Utah,UT,Castle Dale,,,,,,,,84513,39.21219,-111.02,America/Denver,MST,-7,,,,,,,,,,,
Utah,UT,Castle Gate,,,,,,,,,0,0,,,,,,,,,,,,,,
Utah,UT,Castle Rock,,,,,,,,,0,0,,,,,,,,,,,,,,
Utah,UT,Castle Valley,,,,,,,,,0,0,,,,,,,,,,,,,,
Utah,UT,Causey Reservoir,,,,,,,,,0,0,,,,,,,,,,,,,,
Utah,UT,Cedar City,,,,,,,,84721###84720,37.59001,-113.188,America/Denver,MST,-7,,,,,,,,,,,
Utah,UT,Cedar Hills,,,,,,,,,0,0,,,,,,,,,,,,,,
Utah,UT,Cedarview,,,,,,,,,40.36023,-110.043,America/Denver,MST,-7,,,,,,,,,,,
Utah,UT,Centerfield,,,,,,,,84622,39.10989,-111.823,America/Denver,MST,-7,,,,,,,,,,,
Utah,UT,Centerville,,,,,,,,84014,40.92955,-111.89,America/Denver,MST,-7,,,,,,,,,,,
Utah,UT,Charleston,,,,,,,,,40.46635,-111.47,America/Denver,MST,-7,,,,,,,,,,,
Utah,UT,Circleville,,,,,,,,84723,38.18271,-112.233,America/Denver,MST,-7,,,,,,,,,,,
Utah,UT,Cisco,,,,,,,,84515,38.97509,-109.129,America/Denver,MST,-7,,,,,,,,,,,
Utah,UT,Clarkston,,,,,,,,84305,41.9202,-112.05,America/Denver,MST,-7,,,,,,,,,,,
Utah,UT,Clawson,,,,,,,,84516,39.11976,-111.101,America/Denver,MST,-7,,,,,,,,,,,
Utah,UT,Clear Creek,,,,,,,,,39.6458,-111.152,America/Denver,MST,-7,,,,,,,,,,,
Utah,UT,Clearfield,,,,,,,,84016###84015###84089,41.12037,-112.061,America/Denver,MST,-7,,,,,,,,,,,
Utah,UT,Cleveland,,,,,,,,84518,39.38887,-110.877,America/Denver,MST,-7,,,,,,,,,,,
Utah,UT,Clinton,,,,,,,,,41.13967,-112.05,America/Denver,MST,-7,,,,,,,,,,,
Utah,UT,Clive,,,,,,,,,0,0,,,,,,,,,,,,,,
Utah,UT,Coal City,,,,,,,,,0,0,,,,,,,,,,,,,,
Utah,UT,Coalville,,,,,,,,84017,40.84052,-111.323,America/Denver,MST,-7,,,,,,,,,,,
Utah,UT,College Ward,,,,,,,,,0,0,,,,,,,,,,,,,,
Utah,UT,Collinston,,,,,,,,84306,41.78127,-112.067,America/Denver,MST,-7,,,,,,,,,,,
Utah,UT,Colton,,,,,,,,,0,0,,,,,,,,,,,,,,
Utah,UT,Copperton,,,,,,,,,40.56467,-112.097,America/Denver,MST,-7,,,,,,,,,,,
Utah,UT,Coral Pink Sand Dunes,,,,,,,,,40.57711,-111.889,America/Denver,MST,-7,,,,,,,,,,,
Utah,UT,Corinne,,,,,,,,84307,41.55104,-112.11,America/Denver,MST,-7,,,,,,,,,,,
Utah,UT,Cornish,,,,,,,,84308,41.94425,-111.973,America/Denver,MST,-7,,,,,,,,,,,
Utah,UT,Cottonwood Heights,,,,,,,,,40.61165,-111.715,America/Denver,MST,-7,,,,,,,,,,,
Utah,UT,Cottonwood West,,,,,,,,,40.64691,-111.85,America/Denver,MST,-7,,,,,,,,,,,
Utah,UT,Cove Fort,,,,,,,,,0,0,,,,,,,,,,,,,,
Utah,UT,Croydon,,,,,,,,84018,41.09046,-111.487,America/Denver,MST,-7,,,,,,,,,,,
Utah,UT,Curlew Junction,,,,,,,,,38.24386,-112.224,America/Denver,MST,-7,,,,,,,,,,,
Utah,UT,Dangling Rope Marina,,,,,,,,,39.51079,-111.56,America/Denver,MST,-7,,,,,,,,,,,
Utah,UT,Dead Horse Point State Park,,,,,,,,,0,0,,,,,,,,,,,,,,
Utah,UT,Deer Creek State Park,,,,,,,,,0,0,,,,,,,,,,,,,,
Utah,UT,Delle,,,,,,,,,40.53078,-112.298,America/Denver,MST,-7,,,,,,,,,,,
Utah,UT,Delta,,,,,,,,84624,39.24706,-112.527,America/Denver,MST,-7,,,,,,,,,,,
Utah,UT,Desert Range Exp Station,,,,,,,,,0,0,,,,,,,,,,,,,,
Utah,UT,Deweyville,,,,,,,,84309,41.71364,-112.097,America/Denver,MST,-7,,,,,,,,,,,
Utah,UT,Draper,,,,,,,,84020,40.50615,-111.87,America/Denver,MST,-7,,,,,,,,,,,
Utah,UT,Duchesne,,,,,,,,84021,40.19382,-110.313,America/Denver,MST,-7,,,,,,,,,,,
Utah,UT,Dugway,,,,,,,,84022,40.27081,-112.69,America/Denver,MST,-7,,,,,,,,,,,
Utah,UT,East Carbon,,,,,,,,84520,39.5318,-110.404,America/Denver,MST,-7,,,,,,,,,,,
Utah,UT,East Layton,,,,,,,,,41.08889,-111.926,America/Denver,MST,-7,,,,,,,,,,,
Utah,UT,East Millcreek,,,,,,,,,0,0,,,,,,,,,,,,,,
Utah,UT,Eastland,,,,,,,,,0,0,,,,,,,,,,,,,,
Utah,UT,Echo,,,,,,,,84024,40.98917,-111.451,America/Denver,MST,-7,,,,,,,,,,,
Utah,UT,Echo Reservoir,,,,,,,,,40.98917,-111.451,America/Denver,MST,-7,,,,,,,,,,,
Utah,UT,Eden,,,,,,,,84310,41.33934,-111.738,America/Denver,MST,-7,,,,,,,,,,,
Utah,UT,Elberta,,,,,,,,84626,39.97389,-111.955,America/Denver,MST,-7,,,,,,,,,,,
Utah,UT,Elgin,,,,,,,,,0,0,,,,,,,,,,,,,,
Utah,UT,Elmo,,,,,,,,84521,39.40326,-110.81,America/Denver,MST,-7,,,,,,,,,,,
Utah,UT,Elsinore,,,,,,,,84724,38.68275,-112.148,America/Denver,MST,-7,,,,,,,,,,,
Utah,UT,Elwood,,,,,,,,,41.69049,-112.141,America/Denver,MST,-7,,,,,,,,,,,
Utah,UT,Emery,,,,,,,,84522,38.9226,-111.251,America/Denver,MST,-7,,,,,,,,,,,
Utah,UT,Emigration,,,,,,,,,0,0,,,,,,,,,,,,,,
Utah,UT,Emory,,,,,,,,,41.00766,-111.447,America/Denver,MST,-7,,,,,,,,,,,
Utah,UT,Enoch,,,,,,,,,37.59001,-113.188,America/Denver,MST,-7,,,,,,,,,,,
Utah,UT,Enterprise,,,,,,,,84725,37.57974,-113.689,America/Denver,MST,-7,,,,,,,,,,,
Utah,UT,Ephraim,,,,,,,,84627,39.37312,-111.625,America/Denver,MST,-7,,,,,,,,,,,
Utah,UT,Erda,,,,,,,,,0,0,,,,,,,,,,,,,,
Utah,UT,Escalante,,,,,,,,84726,37.76776,-111.596,America/Denver,MST,-7,,,,,,,,,,,
Utah,UT,Etna,,,,,,,,,41.33934,-111.738,America/Denver,MST,-7,,,,,,,,,,,
Utah,UT,Eureka,,,,,,,,84628,39.95412,-112.12,America/Denver,MST,-7,,,,,,,,,,,
Utah,UT,Fairfield,,,,,,,,,40.26217,-112.093,America/Denver,MST,-7,,,,,,,,,,,
Utah,UT,Fairview,,,,,,,,84629,39.69784,-111.431,America/Denver,MST,-7,,,,,,,,,,,
Utah,UT,Farmington,,,,,,,,84025,40.96907,-111.907,America/Denver,MST,-7,,,,,,,,,,,
Utah,UT,Farr West,,,,,,,,,0,0,,,,,,,,,,,,,,
Utah,UT,Faust,,,,,,,,,0,0,,,,,,,,,,,,,,
Utah,UT,Ferron,,,,,,,,84523,39.14373,-111.119,America/Denver,MST,-7,,,,,,,,,,,
Utah,UT,Fielding,,,,,,,,84311,41.81465,-112.116,America/Denver,MST,-7,,,,,,,,,,,
Utah,UT,Fillmore,,,,,,,,84631,38.96052,-112.336,America/Denver,MST,-7,,,,,,,,,,,
Utah,UT,Fish Lake,,,,,,,,,0,0,,,,,,,,,,,,,,
Utah,UT,Fish Springs Wildlife Refuge,,,,,,,,,0,0,,,,,,,,,,,,,,
Utah,UT,Flowell,,,,,,,,,38.97913,-112.429,America/Denver,MST,-7,,,,,,,,,,,
Utah,UT,Fort Duchesne,,,,,,,,84026,40.29052,-109.847,America/Denver,MST,-7,,,,,,,,,,,
Utah,UT,Fountain Green,,,,,,,,84632,39.62996,-111.635,America/Denver,MST,-7,,,,,,,,,,,
Utah,UT,Francis,,,,,,,,,0,0,,,,,,,,,,,,,,
Utah,UT,Fremont,,,,,,,,,0,0,,,,,,,,,,,,,,
Utah,UT,Fremont Junction,,,,,,,,,38.24386,-112.224,America/Denver,MST,-7,,,,,,,,,,,
Utah,UT,Fruit Heights,,,,,,,,,38.28554,-111.247,America/Denver,MST,-7,,,,,,,,,,,
Utah,UT,Fruita,,,,,,,,,38.28554,-111.247,America/Denver,MST,-7,,,,,,,,,,,
Utah,UT,Fruitland,,,,,,,,84027,40.21273,-110.84,America/Denver,MST,-7,,,,,,,,,,,
Utah,UT,Fry Canyon,,,,,,,,,0,0,,,,,,,,,,,,,,
Utah,UT,Gandy,,,,,,,,,0,0,,,,,,,,,,,,,,
Utah,UT,Garden City,,,,,,,,84028,41.90782,-111.38,America/Denver,MST,-7,,,,,,,,,,,
Utah,UT,Garland,,,,,,,,84312,41.7984,-112.14,America/Denver,MST,-7,,,,,,,,,,,
Utah,UT,Garrison,,,,,,,,84728,38.93439,-114.033,America/Denver,MST,-7,,,,,,,,,,,
Utah,UT,Genola,,,,,,,,,0,0,,,,,,,,,,,,,,
Utah,UT,Glendale,,,,,,,,84729,37.31142,-112.602,America/Denver,MST,-7,,,,,,,,,,,
Utah,UT,Glenwood,,,,,,,,84730,38.73631,-112.019,America/Denver,MST,-7,,,,,,,,,,,
Utah,UT,Goblin Valley,,,,,,,,,0,0,,,,,,,,,,,,,,
Utah,UT,Goldstrike,,,,,,,,,0,0,,,,,,,,,,,,,,
Utah,UT,Goshen,,,,,,,,84633,39.95301,-111.901,America/Denver,MST,-7,,,,,,,,,,,
Utah,UT,Goulding,,,,,,,,,0,0,,,,,,,,,,,,,,
Utah,UT,Grantsville,,,,,,,,84029,40.59994,-112.464,America/Denver,MST,-7,,,,,,,,,,,
Utah,UT,Green River,,,,,,,,84525,39.02008,-110.214,America/Denver,MST,-7,,,,,,,,,,,
Utah,UT,Greenwich,,,,,,,,84732,38.43109,-111.923,America/Denver,MST,-7,,,,,,,,,,,
Utah,UT,Greenwood,,,,,,,,,0,0,,,,,,,,,,,,,,
Utah,UT,Grouse Creek,,,,,,,,84313,41.70936,-113.883,America/Denver,MST,-7,,,,,,,,,,,
Utah,UT,Gunlock,,,,,,,,84733,37.2877,-113.761,America/Denver,MST,-7,,,,,,,,,,,
Utah,UT,Gunnison,,,,,,,,84634,39.13632,-111.846,America/Denver,MST,-7,,,,,,,,,,,
Utah,UT,Gunnison Island,,,,,,,,,39.13632,-111.846,America/Denver,MST,-7,,,,,,,,,,,
Utah,UT,Hailstone,,,,,,,,,40.60829,-111.41,America/Denver,MST,-7,,,,,,,,,,,
Utah,UT,Hamilton Fort,,,,,,,,,0,0,,,,,,,,,,,,,,
Utah,UT,Hamlin Valley,,,,,,,,,0,0,,,,,,,,,,,,,,
Utah,UT,Hanksville,,,,,,,,84734,38.28691,-110.688,America/Denver,MST,-7,,,,,,,,,,,
Utah,UT,Hanna,,,,,,,,84031,40.4289,-110.808,America/Denver,MST,-7,,,,,,,,,,,
Utah,UT,Harrisville,,,,,,,,,41.28133,-111.988,America/Denver,MST,-7,,,,,,,,,,,
Utah,UT,Hat Island,,,,,,,,,0,0,,,,,,,,,,,,,,
Utah,UT,Hatch,,,,,,,,84735,37.6497,-112.434,America/Denver,MST,-7,,,,,,,,,,,
Utah,UT,Hatton,,,,,,,,,0,0,,,,,,,,,,,,,,
Utah,UT,Heber,,,,,,,,,40.50318,-111.408,America/Denver,MST,-7,,,,,,,,,,,
Utah,UT,Heber City,,,,,,,,84032,40.51768,-111.349,America/Denver,MST,-7,,,,,,,,,,,
Utah,UT,Helper,,,,,,,,84526,39.68413,-110.855,America/Denver,MST,-7,,,,,,,,,,,
Utah,UT,Henefer,,,,,,,,84033,41.01864,-111.501,America/Denver,MST,-7,,,,,,,,,,,
Utah,UT,Henrieville,,,,,,,,84736,37.56276,-111.994,America/Denver,MST,-7,,,,,,,,,,,
Utah,UT,Herriman,,,,,,,,84096,40.51411,-112.033,America/Denver,MST,-7,,,,,,,,,,,
Utah,UT,Hiawatha,,,,,,,,,39.64078,-110.561,America/Denver,MST,-7,,,,,,,,,,,
Utah,UT,Highland,,,,,,,,,40.47156,-111.681,America/Denver,MST,-7,,,,,,,,,,,
Utah,UT,Hildale,,,,,,,,84784,37.00436,-112.978,America/Denver,MST,-7,,,,,,,,,,,
Utah,UT,Hill Air Force Base,,,,,,,,,0,0,,,,,,,,,,,,,,
Utah,UT,Hillsdale,,,,,,,,,0,0,,,,,,,,,,,,,,
Utah,UT,Hinckley,,,,,,,,84635,39.32496,-112.671,America/Denver,MST,-7,,,,,,,,,,,
Utah,UT,Hite Marina,,,,,,,,,37.51979,-110.379,America/Denver,MST,-7,,,,,,,,,,,
Utah,UT,Holden,,,,,,,,84636,39.09637,-112.283,America/Denver,MST,-7,,,,,,,,,,,
Utah,UT,Holladay,,,,,,,,,40.66884,-111.825,America/Denver,MST,-7,,,,,,,,,,,
Utah,UT,Honeyville,,,,,,,,84314,41.65198,-112.105,America/Denver,MST,-7,,,,,,,,,,,
Utah,UT,Hooper,,,,,,,,84315,41.18234,-112.103,America/Denver,MST,-7,,,,,,,,,,,
Utah,UT,Hovenweep National Monument,,,,,,,,,37.13972,-110.207,America/Denver,MST,-7,,,,,,,,,,,
Utah,UT,Howell,,,,,,,,84316,41.77328,-112.397,America/Denver,MST,-7,,,,,,,,,,,
Utah,UT,Hoytsville,,,,,,,,,40.87439,-111.38,America/Denver,MST,-7,,,,,,,,,,,
Utah,UT,Huntington,,,,,,,,84528,39.28316,-110.962,America/Denver,MST,-7,,,,,,,,,,,
Utah,UT,Huntsville,,,,,,,,84317,41.26604,-111.716,America/Denver,MST,-7,,,,,,,,,,,
Utah,UT,Hurricane,,,,,,,,84737,37.14537,-113.367,America/Denver,MST,-7,,,,,,,,,,,
Utah,UT,Hyde Park,,,,,,,,84318,41.80003,-111.812,America/Denver,MST,-7,,,,,,,,,,,
Utah,UT,Hyrum,,,,,,,,84319,41.6341,-111.852,America/Denver,MST,-7,,,,,,,,,,,
Utah,UT,Ibapah,,,,,,,,84034,40.0366,-113.985,America/Denver,MST,-7,,,,,,,,,,,
Utah,UT,Indian Peak Management Range,,,,,,,,,0,0,,,,,,,,,,,,,,
Utah,UT,Indianola,,,,,,,,,39.80302,-111.489,America/Denver,MST,-7,,,,,,,,,,,
Utah,UT,Ivins,,,,,,,,84738,37.16859,-113.679,America/Denver,MST,-7,,,,,,,,,,,
Utah,UT,Jericho,,,,,,,,,0,0,,,,,,,,,,,,,,
Utah,UT,Jordanelle Reservoir,,,,,,,,,0,0,,,,,,,,,,,,,,
Utah,UT,Joseph,,,,,,,,84739,38.62636,-112.217,America/Denver,MST,-7,,,,,,,,,,,
Utah,UT,Junction,,,,,,,,84740,38.24386,-112.224,America/Denver,MST,-7,,,,,,,,,,,
Utah,UT,Kamas,,,,,,,,84036,40.66793,-111.312,America/Denver,MST,-7,,,,,,,,,,,
Utah,UT,Kanab,,,,,,,,84741,37.04749,-112.526,America/Denver,MST,-7,,,,,,,,,,,
Utah,UT,Kanarraville,,,,,,,,84742,37.54011,-113.208,America/Denver,MST,-7,,,,,,,,,,,
Utah,UT,Kanosh,,,,,,,,84637,38.83182,-112.456,America/Denver,MST,-7,,,,,,,,,,,
Utah,UT,Kaysville,,,,,,,,84037,41.03522,-111.939,America/Denver,MST,-7,,,,,,,,,,,
Utah,UT,Kearns,,,,,,,,,40.65995,-111.996,America/Denver,MST,-7,,,,,,,,,,,
Utah,UT,Kenilworth,,,,,,,,84529,39.68842,-110.807,America/Denver,MST,-7,,,,,,,,,,,
Utah,UT,Kimball Junction,,,,,,,,,38.24386,-112.224,America/Denver,MST,-7,,,,,,,,,,,
Utah,UT,Kings Canyon,,,,,,,,,0,0,,,,,,,,,,,,,,
Utah,UT,Kings Peak,,,,,,,,,0,0,,,,,,,,,,,,,,
Utah,UT,Kingston,,,,,,,,84743,38.20831,-112.188,America/Denver,MST,-7,,,,,,,,,,,
Utah,UT,Knolls,,,,,,,,,0,0,,,,,,,,,,,,,,
Utah,UT,Kodachrome Basin State Park,,,,,,,,,0,0,,,,,,,,,,,,,,
Utah,UT,Kolob Canyon,,,,,,,,,0,0,,,,,,,,,,,,,,
Utah,UT,Koosharem,,,,,,,,84744,38.51026,-111.881,America/Denver,MST,-7,,,,,,,,,,,
Utah,UT,La Sal,,,,,,,,84530,38.30243,-109.264,America/Denver,MST,-7,,,,,,,,,,,
Utah,UT,La Sal Junction,,,,,,,,,38.24386,-112.224,America/Denver,MST,-7,,,,,,,,,,,
Utah,UT,La Verkin,,,,,,,,84745,37.20109,-113.27,America/Denver,MST,-7,,,,,,,,,,,
Utah,UT,Lake Point,,,,,,,,,40.68078,-112.263,America/Denver,MST,-7,,,,,,,,,,,
Utah,UT,Lakeside,,,,,,,,,0,0,,,,,,,,,,,,,,
Utah,UT,Laketown,,,,,,,,84038,41.82549,-111.322,America/Denver,MST,-7,,,,,,,,,,,
Utah,UT,Lakota,,,,,,,,,0,0,,,,,,,,,,,,,,
Utah,UT,Layton,,,,,,,,84041###84040,41.08889,-111.926,America/Denver,MST,-7,,,,,,,,,,,
Utah,UT,Leamington,,,,,,,,84638,39.53025,-112.295,America/Denver,MST,-7,,,,,,,,,,,
Utah,UT,Leeds,,,,,,,,84746,37.23859,-113.359,America/Denver,MST,-7,,,,,,,,,,,
Utah,UT,Lehi,,,,,,,,84043,40.39162,-111.851,America/Denver,MST,-7,,,,,,,,,,,
Utah,UT,Levan,,,,,,,,84639,39.52152,-111.944,America/Denver,MST,-7,,,,,,,,,,,
Utah,UT,Lewiston,,,,,,,,84320,41.97576,-111.856,America/Denver,MST,-7,,,,,,,,,,,
Utah,UT,Liberty,,,,,,,,,41.33355,-111.864,America/Denver,MST,-7,,,,,,,,,,,
Utah,UT,Lindon,,,,,,,,84042,40.34025,-111.72,America/Denver,MST,-7,,,,,,,,,,,
Utah,UT,Little Cottonwood Creek Valley,,,,,,,,,0,0,,,,,,,,,,,,,,
Utah,UT,Little Sahara State Park,,,,,,,,,0,0,,,,,,,,,,,,,,
Utah,UT,Loa,,,,,,,,84747,38.44147,-111.596,America/Denver,MST,-7,,,,,,,,,,,
Utah,UT,Lockerby,,,,,,,,,0,0,,,,,,,,,,,,,,
Utah,UT,Locomotive Springs,,,,,,,,,40.18072,-111.563,America/Denver,MST,-7,,,,,,,,,,,
Utah,UT,Lofgreen,,,,,,,,,0,0,,,,,,,,,,,,,,
Utah,UT,Logan,,,,,,,,84321###84323###84341###84322,41.71772,-111.836,America/Denver,MST,-7,,,,,,,,,,,
Utah,UT,Long Valley Junction,,,,,,,,,37.48804,-112.511,America/Denver,MST,-7,,,,,,,,,,,
Utah,UT,Lucin,,,,,,,,,0,0,,,,,,,,,,,,,,
Utah,UT,Lund,,,,,,,,,37.59001,-113.188,America/Denver,MST,-7,,,,,,,,,,,
Utah,UT,Lyman,,,,,,,,84749,38.39692,-111.59,America/Denver,MST,-7,,,,,,,,,,,
Utah,UT,Lynn,,,,,,,,,41.8727,-113.745,America/Denver,MST,-7,,,,,,,,,,,
Utah,UT,Lynndyl,,,,,,,,84640,39.49425,-112.398,America/Denver,MST,-7,,,,,,,,,,,
Utah,UT,Maeser,,,,,,,,,40.47718,-109.587,America/Denver,MST,-7,,,,,,,,,,,
Utah,UT,Magna,,,,,,,,84044,40.6994,-112.089,America/Denver,MST,-7,,,,,,,,,,,
Utah,UT,Manderfield,,,,,,,,,38.35942,-112.639,America/Denver,MST,-7,,,,,,,,,,,
Utah,UT,Manila,,,,,,,,84046,40.99004,-109.705,America/Denver,MST,-7,,,,,,,,,,,
Utah,UT,Manti,,,,,,,,84642,39.2683,-111.637,America/Denver,MST,-7,,,,,,,,,,,
Utah,UT,Mantua Reservoir,,,,,,,,,41.49284,-111.942,America/Denver,MST,-7,,,,,,,,,,,
Utah,UT,Mapleton,,,,,,,,84664,40.12517,-111.58,America/Denver,MST,-7,,,,,,,,,,,
Utah,UT,Marion,,,,,,,,,40.67745,-111.281,America/Denver,MST,-7,,,,,,,,,,,
Utah,UT,Marysvale,,,,,,,,84750,38.43491,-112.207,America/Denver,MST,-7,,,,,,,,,,,
Utah,UT,Mayfield,,,,,,,,84643,39.11544,-111.691,America/Denver,MST,-7,,,,,,,,,,,
Utah,UT,Mc Cornick,,,,,,,,,0,0,,,,,,,,,,,,,,
Utah,UT,Meadow,,,,,,,,84644,39.06433,-113.032,America/Denver,MST,-7,,,,,,,,,,,
Utah,UT,Meadowville,,,,,,,,,41.8441,-111.399,America/Denver,MST,-7,,,,,,,,,,,
Utah,UT,Mendon,,,,,,,,84325,41.7247,-111.99,America/Denver,MST,-7,,,,,,,,,,,
Utah,UT,Mexican Hat,,,,,,,,84531,37.17309,-109.873,America/Denver,MST,-7,,,,,,,,,,,
Utah,UT,Midvale,,,,,,,,84047,40.61106,-111.9,America/Denver,MST,-7,,,,,,,,,,,
Utah,UT,Midway,,,,,,,,84049,40.48938,-111.485,America/Denver,MST,-7,,,,,,,,,,,
Utah,UT,Milburn,,,,,,,,,39.70413,-111.425,America/Denver,MST,-7,,,,,,,,,,,
Utah,UT,Milford,,,,,,,,84751,38.39691,-113.011,America/Denver,MST,-7,,,,,,,,,,,
Utah,UT,Millcreek,,,,,,,,,0,0,,,,,,,,,,,,,,
Utah,UT,Mills,,,,,,,,,39.48273,-112.028,America/Denver,MST,-7,,,,,,,,,,,
Utah,UT,Millville,,,,,,,,84326,41.67591,-111.818,America/Denver,MST,-7,,,,,,,,,,,
Utah,UT,Minersville,,,,,,,,84752,38.21487,-112.923,America/Denver,MST,-7,,,,,,,,,,,
Utah,UT,Moab,,,,,,,,84532,38.5804,-109.54,America/Denver,MST,-7,,,,,,,,,,,
Utah,UT,Modena,,,,,,,,84753,37.79886,-113.924,America/Denver,MST,-7,,,,,,,,,,,
Utah,UT,Molen,,,,,,,,,39.08831,-111.074,America/Denver,MST,-7,,,,,,,,,,,
Utah,UT,Mona,,,,,,,,84645,39.84811,-111.85,America/Denver,MST,-7,,,,,,,,,,,
Utah,UT,Monroe,,,,,,,,84754,38.65785,-112.126,America/Denver,MST,-7,,,,,,,,,,,
Utah,UT,Montezuma Creek,,,,,,,,84534,37.25391,-109.106,America/Denver,MST,-7,,,,,,,,,,,
Utah,UT,Monticello,,,,,,,,84535,38.09975,-109.259,America/Denver,MST,-7,,,,,,,,,,,
Utah,UT,Moon Lake,,,,,,,,,0,0,,,,,,,,,,,,,,
Utah,UT,Moore,,,,,,,,,39.09368,-111.198,America/Denver,MST,-7,,,,,,,,,,,
Utah,UT,Morgan,,,,,,,,84050,41.06888,-111.703,America/Denver,MST,-7,,,,,,,,,,,
Utah,UT,Moroni,,,,,,,,84646,39.51079,-111.56,America/Denver,MST,-7,,,,,,,,,,,
Utah,UT,Motoqua,,,,,,,,,0,0,,,,,,,,,,,,,,
Utah,UT,Mount Olympus,,,,,,,,,40.66103,-111.835,America/Denver,MST,-7,,,,,,,,,,,
Utah,UT,Mount Pleasant,,,,,,,,84647,39.54691,-111.455,America/Denver,MST,-7,,,,,,,,,,,
Utah,UT,Mountain Green,,,,,,,,,41.143,-111.792,America/Denver,MST,-7,,,,,,,,,,,
Utah,UT,Mountain Home,,,,,,,,84051,40.39912,-110.388,America/Denver,MST,-7,,,,,,,,,,,
Utah,UT,Mt Carmel,,,,,,,,,0,0,,,,,,,,,,,,,,
Utah,UT,Mt Timpanogos,,,,,,,,,39.33499,-111.656,,,,,,,,,,,,,,
Utah,UT,Murray,,,,,,,,,40.66689,-111.888,America/Denver,MST,-7,,,,,,,,,,,
Utah,UT,Myton,,,,,,,,84052,40.20007,-110.049,America/Denver,MST,-7,,,,,,,,,,,
Utah,UT,Naples,,,,,,,,,40.42691,-109.499,America/Denver,MST,-7,,,,,,,,,,,
Utah,UT,Navajo Mountain Trading Post,,,,,,,,,0,0,,,,,,,,,,,,,,
Utah,UT,Neola,,,,,,,,84053,40.43939,-110.04,America/Denver,MST,-7,,,,,,,,,,,
Utah,UT,Nephi,,,,,,,,84648,39.75786,-111.842,America/Denver,MST,-7,,,,,,,,,,,
Utah,UT,New Harmony,,,,,,,,84757,37.45505,-113.268,America/Denver,MST,-7,,,,,,,,,,,
Utah,UT,Newcastle,,,,,,,,84756,37.6924,-113.627,America/Denver,MST,-7,,,,,,,,,,,
Utah,UT,Newton,,,,,,,,84327,41.8627,-111.991,America/Denver,MST,-7,,,,,,,,,,,
Utah,UT,Nibley,,,,,,,,,41.67438,-111.833,America/Denver,MST,-7,,,,,,,,,,,
Utah,UT,Nordic Valley,,,,,,,,,0,0,,,,,,,,,,,,,,
Utah,UT,North Davis,,,,,,,,,0,0,,,,,,,,,,,,,,
Utah,UT,North Logan,,,,,,,,,41.71772,-111.836,America/Denver,MST,-7,,,,,,,,,,,
Utah,UT,North Ogden,,,,,,,,,41.26947,-112.118,America/Denver,MST,-7,,,,,,,,,,,
Utah,UT,North Salt Lake,,,,,,,,84054,40.8446,-111.919,America/Denver,MST,-7,,,,,,,,,,,
Utah,UT,Oak City,,,,,,,,84649,39.3729,-112.329,America/Denver,MST,-7,,,,,,,,,,,
Utah,UT,Oakley,,,,,,,,84055,40.72431,-111.246,America/Denver,MST,-7,,,,,,,,,,,
Utah,UT,Ogden,,,,,,,,84403###84414###84404###84402###84244###84415###84405###84408###84412###84407###84409###84201###84401,41.24426,-112.008,America/Denver,MST,-7,,,,,,,,,,,
Utah,UT,Ogden Valley,,,,,,,,,41.24426,-112.008,America/Denver,MST,-7,,,,,,,,,,,
Utah,UT,Oljeto,,,,,,,,,36.67578,-110.228,America/Denver,MST,-7,,,,,,,,,,,
Utah,UT,Oquirrh,,,,,,,,,0,0,,,,,,,,,,,,,,
Utah,UT,Orangeville,,,,,,,,84537,39.23016,-111.052,America/Denver,MST,-7,,,,,,,,,,,
Utah,UT,Orderville,,,,,,,,84758,37.27582,-112.638,America/Denver,MST,-7,,,,,,,,,,,
Utah,UT,Orem,,,,,,,,84097###84058###84057###84059,40.31135,-111.725,America/Denver,MST,-7,,,,,,,,,,,
Utah,UT,Panguitch,,,,,,,,84759,37.82276,-112.436,America/Denver,MST,-7,,,,,,,,,,,
Utah,UT,Paradise,,,,,,,,84328,41.54853,-111.811,America/Denver,MST,-7,,,,,,,,,,,
Utah,UT,Paragonah,,,,,,,,84760,37.88601,-112.792,America/Denver,MST,-7,,,,,,,,,,,
Utah,UT,Park City,,,,,,,,84098###84060###84068,40.65253,-111.502,America/Denver,MST,-7,,,,,,,,,,,
Utah,UT,Park Valley,,,,,,,,84329,41.80823,-113.523,America/Denver,MST,-7,,,,,,,,,,,
Utah,UT,Parleys Summit,,,,,,,,,37.80109,-112.936,America/Denver,MST,-7,,,,,,,,,,,
Utah,UT,Parowan,,,,,,,,84761,37.82341,-112.849,America/Denver,MST,-7,,,,,,,,,,,
Utah,UT,Partoun,,,,,,,,,0,0,,,,,,,,,,,,,,
Utah,UT,Payson,,,,,,,,84651,40.03291,-111.724,America/Denver,MST,-7,,,,,,,,,,,
Utah,UT,Penrose,,,,,,,,,41.65076,-112.302,America/Denver,MST,-7,,,,,,,,,,,
Utah,UT,Peoa,,,,,,,,84061,40.74338,-111.351,America/Denver,MST,-7,,,,,,,,,,,
Utah,UT,Perry,,,,,,,,,41.46494,-112.032,America/Denver,MST,-7,,,,,,,,,,,
Utah,UT,Peterson,,,,,,,,,41.118,-111.768,America/Denver,MST,-7,,,,,,,,,,,
Utah,UT,Pickelville,,,,,,,,,41.91244,-111.388,America/Denver,MST,-7,,,,,,,,,,,
Utah,UT,Pine Valley,,,,,,,,84781,37.40609,-113.537,America/Denver,MST,-7,,,,,,,,,,,
Utah,UT,Pineview Reservoir,,,,,,,,,0,0,,,,,,,,,,,,,,
Utah,UT,Pinto,,,,,,,,,0,0,,,,,,,,,,,,,,
Utah,UT,Pintura,,,,,,,,,37.59001,-113.188,America/Denver,MST,-7,,,,,,,,,,,
Utah,UT,Plain City,,,,,,,,,41.298,-112.086,America/Denver,MST,-7,,,,,,,,,,,
Utah,UT,Pleasant Grove,,,,,,,,84062,40.38639,-111.733,America/Denver,MST,-7,,,,,,,,,,,
Utah,UT,Pleasant View,,,,,,,,,41.26947,-112.118,America/Denver,MST,-7,,,,,,,,,,,
Utah,UT,Plymouth,,,,,,,,84330,41.88306,-112.139,America/Denver,MST,-7,,,,,,,,,,,
Utah,UT,Portage,,,,,,,,84331,41.97548,-112.207,America/Denver,MST,-7,,,,,,,,,,,
Utah,UT,Portersville,,,,,,,,,0,0,,,,,,,,,,,,,,
Utah,UT,Powder Mountain,,,,,,,,,41.7247,-111.99,America/Denver,MST,-7,,,,,,,,,,,
Utah,UT,Price,,,,,,,,84501,39.56788,-110.651,America/Denver,MST,-7,,,,,,,,,,,
Utah,UT,Promontory,,,,,,,,,41.61854,-112.548,America/Denver,MST,-7,,,,,,,,,,,
Utah,UT,Providence,,,,,,,,84332,41.70632,-111.817,America/Denver,MST,-7,,,,,,,,,,,
Utah,UT,Provo,,,,,,,,84604###84603###84606###84605###84602###84601,40.23505,-111.696,America/Denver,MST,-7,,,,,,,,,,,
Utah,UT,Randlett,,,,,,,,84063,39.84959,-109.681,America/Denver,MST,-7,,,,,,,,,,,
Utah,UT,Randolph,,,,,,,,84064,41.6909,-111.185,America/Denver,MST,-7,,,,,,,,,,,
Utah,UT,Red Mesa,,,,,,,,,0,0,,,,,,,,,,,,,,
Utah,UT,Redmond,,,,,,,,84652,39.00607,-111.862,America/Denver,MST,-7,,,,,,,,,,,
Utah,UT,Richfield,,,,,,,,84701,38.73877,-112.074,America/Denver,MST,-7,,,,,,,,,,,
Utah,UT,Richmond,,,,,,,,84333,41.88306,-111.798,America/Denver,MST,-7,,,,,,,,,,,
Utah,UT,Richville,,,,,,,,,41.00883,-111.69,America/Denver,MST,-7,,,,,,,,,,,
Utah,UT,River Heights,,,,,,,,,41.7216,-111.821,America/Denver,MST,-7,,,,,,,,,,,
Utah,UT,Riverdale,,,,,,,,,41.17689,-112.004,America/Denver,MST,-7,,,,,,,,,,,
Utah,UT,Riverton,,,,,,,,84065,40.52189,-111.939,America/Denver,MST,-7,,,,,,,,,,,
Utah,UT,Rockport Res,,,,,,,,,0,0,,,,,,,,,,,,,,
Utah,UT,Rockville,,,,,,,,84763,37.16014,-113.043,America/Denver,MST,-7,,,,,,,,,,,
Utah,UT,Roosevelt,,,,,,,,84066,40.26654,-110.107,America/Denver,MST,-7,,,,,,,,,,,
Utah,UT,Rosette,,,,,,,,,41.81853,-113.413,America/Denver,MST,-7,,,,,,,,,,,
Utah,UT,Roy,,,,,,,,84067,41.17874,-112.053,America/Denver,MST,-7,,,,,,,,,,,
Utah,UT,Rubys Inn,,,,,,,,,0,0,,,,,,,,,,,,,,
Utah,UT,Rush Valley,,,,,,,,84069,40.35663,-112.466,America/Denver,MST,-7,,,,,,,,,,,
Utah,UT,Salem,,,,,,,,84653,40.01127,-111.6,America/Denver,MST,-7,,,,,,,,,,,
Utah,UT,Salina,,,,,,,,84654,38.95774,-111.86,America/Denver,MST,-7,,,,,,,,,,,
Utah,UT,Salt Lake City,,,,,,,,84101###84119###84120###84121###84122###84123###84124###84117###84125###84126###84127###84128###84130###84131###84118###84116###84102###84103###84104###84105###84106###84107###84108###84109###84110###84111###84112###84113###84114###84115###84132###84133###84184###84158###84152###84199###84190###84189###84157###84165###84170###84180###84171###84151###84150###84147###84143###84148###84141###84145###84139###84138###84136###84134,40.7561,-111.901,America/Denver,MST,-7,,,,,,,,,,,
Utah,UT,Sandy,,,,,,,,84091###84070###84092###84093###84090###84094,40.57711,-111.889,America/Denver,MST,-7,,,,,,,,,,,
Utah,UT,Santa Clara,,,,,,,,84765,37.13304,-113.654,America/Denver,MST,-7,,,,,,,,,,,
Utah,UT,Santaquin,,,,,,,,84655,39.97551,-111.785,America/Denver,MST,-7,,,,,,,,,,,
Utah,UT,Saratoga Springs,,,,,,,,84045,40.34912,-111.905,America/Denver,MST,-7,,,,,,,,,,,
Utah,UT,Scipio,,,,,,,,84656,39.24951,-112.106,America/Denver,MST,-7,,,,,,,,,,,
Utah,UT,Scofield Reservoir,,,,,,,,,39.72413,-111.161,America/Denver,MST,-7,,,,,,,,,,,
Utah,UT,Sevier,,,,,,,,84766,38.57852,-112.311,America/Denver,MST,-7,,,,,,,,,,,
Utah,UT,Sigurd,,,,,,,,84657,38.84823,-111.974,America/Denver,MST,-7,,,,,,,,,,,
Utah,UT,Slaterville,,,,,,,,,41.26411,-112.033,America/Denver,MST,-7,,,,,,,,,,,
Utah,UT,Smithfield,,,,,,,,84335,41.8018,-111.91,America/Denver,MST,-7,,,,,,,,,,,
Utah,UT,Snow Canyon State Park,,,,,,,,,0,0,,,,,,,,,,,,,,
Utah,UT,Snowbasin,,,,,,,,,0,0,,,,,,,,,,,,,,
Utah,UT,Snowbird,,,,,,,,,0,0,,,,,,,,,,,,,,
Utah,UT,Snowville,,,,,,,,84336,41.96596,-112.727,America/Denver,MST,-7,,,,,,,,,,,
Utah,UT,Snyderville,,,,,,,,,40.65253,-111.502,America/Denver,MST,-7,,,,,,,,,,,
Utah,UT,Soldier Summit,,,,,,,,,40.22654,-111.697,America/Denver,MST,-7,,,,,,,,,,,
Utah,UT,South Davis,,,,,,,,,0,0,,,,,,,,,,,,,,
Utah,UT,South Jordan,,,,,,,,84095,40.5541,-111.954,America/Denver,MST,-7,,,,,,,,,,,
Utah,UT,South Ogden,,,,,,,,,41.19189,-111.971,America/Denver,MST,-7,,,,,,,,,,,
Utah,UT,South Salt Lake,,,,,,,,,40.71884,-111.888,America/Denver,MST,-7,,,,,,,,,,,
Utah,UT,South Weber,,,,,,,,,41.19454,-111.906,America/Denver,MST,-7,,,,,,,,,,,
Utah,UT,Spanish Fork,,,,,,,,84660,40.06995,-111.649,America/Denver,MST,-7,,,,,,,,,,,
Utah,UT,Spring City,,,,,,,,84662,39.46708,-111.466,America/Denver,MST,-7,,,,,,,,,,,
Utah,UT,Springdale,,,,,,,,84767,37.18625,-113.014,America/Denver,MST,-7,,,,,,,,,,,
Utah,UT,Springville,,,,,,,,84663,40.18072,-111.563,America/Denver,MST,-7,,,,,,,,,,,
Utah,UT,St George,,,,,,,,,37.18568,-113.61,America/Denver,MST,-7,,,,,,,,,,,
Utah,UT,St. George,,,,,,,,,37.18568,-113.61,America/Denver,MST,-7,,,,,,,,,,,
Utah,UT,Standrod,,,,,,,,,41.99381,-113.419,America/Denver,MST,-7,,,,,,,,,,,
Utah,UT,Stansbury Park,,,,,,,,,40.63772,-112.296,America/Denver,MST,-7,,,,,,,,,,,
Utah,UT,Sterling,,,,,,,,84665,39.19357,-111.692,America/Denver,MST,-7,,,,,,,,,,,
Utah,UT,Stockton,,,,,,,,84071,40.44146,-112.356,America/Denver,MST,-7,,,,,,,,,,,
Utah,UT,Stoddard,,,,,,,,,41.06689,-111.711,America/Denver,MST,-7,,,,,,,,,,,
Utah,UT,Strawberry Reservoir,,,,,,,,,0,0,,,,,,,,,,,,,,
Utah,UT,Sugarhouse,,,,,,,,,40.70676,-111.856,America/Denver,MST,-7,,,,,,,,,,,
Utah,UT,Sugarville,,,,,,,,,39.46523,-112.649,America/Denver,MST,-7,,,,,,,,,,,
Utah,UT,Summit,,,,,,,,84772,37.80109,-112.936,America/Denver,MST,-7,,,,,,,,,,,
Utah,UT,Summit Park,,,,,,,,,37.80109,-112.936,America/Denver,MST,-7,,,,,,,,,,,
Utah,UT,Summit Point,,,,,,,,,37.80109,-112.936,America/Denver,MST,-7,,,,,,,,,,,
Utah,UT,Sundance,,,,,,,,,0,0,,,,,,,,,,,,,,
Utah,UT,Sunnyside,,,,,,,,84539,39.55136,-110.388,America/Denver,MST,-7,,,,,,,,,,,
Utah,UT,Sunset,,,,,,,,,41.13633,-112.031,America/Denver,MST,-7,,,,,,,,,,,
Utah,UT,Sutherland,,,,,,,,,39.38884,-112.634,America/Denver,MST,-7,,,,,,,,,,,
Utah,UT,Syracuse,,,,,,,,84075,41.09629,-112.079,America/Denver,MST,-7,,,,,,,,,,,
Utah,UT,Tabiona,,,,,,,,84072,40.35444,-110.71,America/Denver,MST,-7,,,,,,,,,,,
Utah,UT,Talmage,,,,,,,,84073,40.32073,-110.436,America/Denver,MST,-7,,,,,,,,,,,
Utah,UT,Taylorsville,,,,,,,,,40.65353,-112.013,America/Denver,MST,-7,,,,,,,,,,,
Utah,UT,Teasdale,,,,,,,,84773,38.27276,-111.464,America/Denver,MST,-7,,,,,,,,,,,
Utah,UT,Thatcher,,,,,,,,,41.69382,-112.294,America/Denver,MST,-7,,,,,,,,,,,
Utah,UT,Ticaboo,,,,,,,,,0,0,,,,,,,,,,,,,,
Utah,UT,Tintic Junction,,,,,,,,,38.24386,-112.224,America/Denver,MST,-7,,,,,,,,,,,
Utah,UT,Tooele,,,,,,,,84074,40.53078,-112.298,America/Denver,MST,-7,,,,,,,,,,,
Utah,UT,Toquerville,,,,,,,,84774,37.25332,-113.285,America/Denver,MST,-7,,,,,,,,,,,
Utah,UT,Torrey,,,,,,,,84775,38.29685,-111.414,America/Denver,MST,-7,,,,,,,,,,,
Utah,UT,Tremonton,,,,,,,,84337,41.68849,-112.255,America/Denver,MST,-7,,,,,,,,,,,
Utah,UT,Trenton,,,,,,,,84338,41.92405,-111.926,America/Denver,MST,-7,,,,,,,,,,,
Utah,UT,Trial Lk,,,,,,,,,0,0,,,,,,,,,,,,,,
Utah,UT,Tropic,,,,,,,,84776,37.62615,-112.084,America/Denver,MST,-7,,,,,,,,,,,
Utah,UT,Trout Creek,,,,,,,,,39.68939,-113.829,America/Denver,MST,-7,,,,,,,,,,,
Utah,UT,Ucolo,,,,,,,,,37.65845,-109.03,America/Denver,MST,-7,,,,,,,,,,,
Utah,UT,Uintah,,,,,,,,,41.19454,-111.906,America/Denver,MST,-7,,,,,,,,,,,
Utah,UT,University Of Utah,,,,,,,,,0,0,,,,,,,,,,,,,,
Utah,UT,Upalco,,,,,,,,,40.27801,-110.218,America/Denver,MST,-7,,,,,,,,,,,
Utah,UT,Utahn,,,,,,,,,0,0,,,,,,,,,,,,,,
Utah,UT,Vernal,,,,,,,,84078###84079,40.63044,-109.483,America/Denver,MST,-7,,,,,,,,,,,
Utah,UT,Vernon,,,,,,,,84080,40.08691,-112.455,America/Denver,MST,-7,,,,,,,,,,,
Utah,UT,Veyo,,,,,,,,84782,37.35996,-113.621,America/Denver,MST,-7,,,,,,,,,,,
Utah,UT,Virgin,,,,,,,,84779,37.2022,-113.185,America/Denver,MST,-7,,,,,,,,,,,
Utah,UT,Wahsatch,,,,,,,,,41.01567,-110.645,America/Denver,MST,-7,,,,,,,,,,,
Utah,UT,Wallsburg,,,,,,,,84082,40.41055,-111.394,America/Denver,MST,-7,,,,,,,,,,,
Utah,UT,Wanship,,,,,,,,,40.81189,-111.407,America/Denver,MST,-7,,,,,,,,,,,
Utah,UT,Warren,,,,,,,,,41.28355,-112.122,America/Denver,MST,-7,,,,,,,,,,,
Utah,UT,Washakie,,,,,,,,,0,0,,,,,,,,,,,,,,
Utah,UT,Washington,,,,,,,,84780,37.13054,-113.508,America/Denver,MST,-7,,,,,,,,,,,
Utah,UT,Washington Terrace,,,,,,,,,41.17272,-111.977,America/Denver,MST,-7,,,,,,,,,,,
Utah,UT,Wattis,,,,,,,,,0,0,,,,,,,,,,,,,,
Utah,UT,Wellington,,,,,,,,84542,39.54247,-110.735,America/Denver,MST,-7,,,,,,,,,,,
Utah,UT,Wellsville,,,,,,,,84339,41.63783,-111.918,America/Denver,MST,-7,,,,,,,,,,,
Utah,UT,Wendover,,,,,,,,84083,40.73715,-114.038,America/Denver,MST,-7,,,,,,,,,,,
Utah,UT,West Haven,,,,,,,,,41.203,-112.051,America/Denver,MST,-7,,,,,,,,,,,
Utah,UT,West Jordan,,,,,,,,84084###84081###84088,40.62289,-111.965,America/Denver,MST,-7,,,,,,,,,,,
Utah,UT,West Point,,,,,,,,,41.11828,-112.084,America/Denver,MST,-7,,,,,,,,,,,
Utah,UT,West Valley City,,,,,,,,,40.69161,-112.001,America/Denver,MST,-7,,,,,,,,,,,
Utah,UT,West Warren,,,,,,,,,41.25022,-112.152,America/Denver,MST,-7,,,,,,,,,,,
Utah,UT,West Weber,,,,,,,,,41.21232,-112.033,America/Denver,MST,-7,,,,,,,,,,,
Utah,UT,White City,,,,,,,,,40.57711,-111.889,America/Denver,MST,-7,,,,,,,,,,,
Utah,UT,Whiterocks,,,,,,,,84085,40.47215,-109.941,America/Denver,MST,-7,,,,,,,,,,,
Utah,UT,Willard,,,,,,,,84340,41.40911,-112.036,America/Denver,MST,-7,,,,,,,,,,,
Utah,UT,Wilson,,,,,,,,,41.22911,-112.025,America/Denver,MST,-7,,,,,,,,,,,
Utah,UT,Woodland,,,,,,,,,40.58134,-111.227,America/Denver,MST,-7,,,,,,,,,,,
Utah,UT,Woodruff,,,,,,,,84086,41.46758,-111.184,America/Denver,MST,-7,,,,,,,,,,,
Utah,UT,Woods Cross,,,,,,,,84087,40.88903,-111.927,America/Denver,MST,-7,,,,,,,,,,,
Utah,UT,Woods Reservoir,,,,,,,,,0,0,,,,,,,,,,,,,,
Utah,UT,Woodside,,,,,,,,,39.54639,-110.758,America/Denver,MST,-7,,,,,,,,,,,
Utah,UT,Yost,,,,,,,,,41.96075,-113.542,America/Denver,MST,-7,,,,,,,,,,,
Utah,UT,Yuba Lake State Park,,,,,,,,,0,0,,,,,,,,,,,,,,
Utah,UT,Zion National Park,,,,,,,,,0,0,,,,,,,,,,,,,,
