Vermont,VT,Addison,,,,,,,,,0,0,,,,,,,,,,,,,,
Vermont,VT,Ainsworth State Park,,,,,,,,,0,0,,,,,,,,,,,,,,
Vermont,VT,Albany,,,,,,,,5820,44.74168,-72.3646,America/New_York,EST,-5,,,,,,,,,,,
Vermont,VT,Albany Center,,,,,,,,,44.74168,-72.3646,America/New_York,EST,-5,,,,,,,,,,,
Vermont,VT,Alburgh,,,,,,,,,0,0,,,,,,,,,,,,,,
Vermont,VT,Alburgh Center,,,,,,,,,0,0,,,,,,,,,,,,,,
Vermont,VT,Alburgh Dunes State Park,,,,,,,,,0,0,,,,,,,,,,,,,,
Vermont,VT,Alburgh Springs,,,,,,,,,43.28904,-72.4759,America/New_York,EST,-5,,,,,,,,,,,
Vermont,VT,Allis State Park,,,,,,,,,0,0,,,,,,,,,,,,,,
Vermont,VT,Amsden,,,,,,,,,0,0,,,,,,,,,,,,,,
Vermont,VT,Andover,,,,,,,,,0,0,,,,,,,,,,,,,,
Vermont,VT,Arlington,,,,,,,,5250,43.06913,-73.1475,America/New_York,EST,-5,,,,,,,,,,,
Vermont,VT,Ascutney,,,,,,,,5030,43.41067,-72.4298,America/New_York,EST,-5,,,,,,,,,,,
Vermont,VT,Ascutney State Park,,,,,,,,,0,0,,,,,,,,,,,,,,
Vermont,VT,Averill,,,,,,,,5901,44.9397,-71.6601,America/New_York,EST,-5,,,,,,,,,,,
Vermont,VT,Bakersfield,,,,,,,,5441,44.78199,-72.8029,America/New_York,EST,-5,,,,,,,,,,,
Vermont,VT,Baltimore,,,,,,,,,43.36035,-72.5731,America/New_York,EST,-5,,,,,,,,,,,
Vermont,VT,Barnard,,,,,,,,5031,43.72868,-72.619,America/New_York,EST,-5,,,,,,,,,,,
Vermont,VT,Barnet,,,,,,,,5821,44.31368,-72.1188,America/New_York,EST,-5,,,,,,,,,,,
Vermont,VT,Barre,,,,,,,,5641,44.19701,-72.5021,America/New_York,EST,-5,,,,,,,,,,,
Vermont,VT,Barton,,,,,,,,5822,44.73663,-72.1991,America/New_York,EST,-5,,,,,,,,,,,
Vermont,VT,Basin Harbor,,,,,,,,,0,0,,,,,,,,,,,,,,
Vermont,VT,Beebe Plains,,,,,,,,,0,0,,,,,,,,,,,,,,
Vermont,VT,Bellows Falls,,,,,,,,5101,43.13341,-72.444,America/New_York,EST,-5,,,,,,,,,,,
Vermont,VT,Belmont,,,,,,,,5730,43.42098,-72.8285,America/New_York,EST,-5,,,,,,,,,,,
Vermont,VT,Belvidere Center,,,,,,,,5442,44.72484,-72.7016,America/New_York,EST,-5,,,,,,,,,,,
Vermont,VT,Belvidere Junction,,,,,,,,,0,0,,,,,,,,,,,,,,
Vermont,VT,Bennington,,,,,,,,5201,42.8746,-73.1851,America/New_York,EST,-5,,,,,,,,,,,
Vermont,VT,Benson,,,,,,,,5731,43.68768,-73.2919,America/New_York,EST,-5,,,,,,,,,,,
Vermont,VT,Berkshire,,,,,,,,,0,0,,,,,,,,,,,,,,
Vermont,VT,Bethel,,,,,,,,5032,43.8334,-72.634,America/New_York,EST,-5,,,,,,,,,,,
Vermont,VT,Bolton,,,,,,,,,0,0,,,,,,,,,,,,,,
Vermont,VT,Boltonville,,,,,,,,,0,0,,,,,,,,,,,,,,
Vermont,VT,Bomoseen,,,,,,,,5732,43.64372,-73.2094,America/New_York,EST,-5,,,,,,,,,,,
Vermont,VT,Bomoseen State Park,,,,,,,,,0,0,,,,,,,,,,,,,,
Vermont,VT,Bradford,,,,,,,,5033,44.00469,-72.1585,America/New_York,EST,-5,,,,,,,,,,,
Vermont,VT,Bradford Center,,,,,,,,,44.00469,-72.1585,America/New_York,EST,-5,,,,,,,,,,,
Vermont,VT,Branbury State Park,,,,,,,,,0,0,,,,,,,,,,,,,,
Vermont,VT,Brandon,,,,,,,,5733,43.80103,-73.0843,America/New_York,EST,-5,,,,,,,,,,,
Vermont,VT,Brattleboro,,,,,,,,5304###5303###5302###5301,42.88428,-72.7608,America/New_York,EST,-5,,,,,,,,,,,
Vermont,VT,Bread Loaf,,,,,,,,,43.98949,-73.1785,America/New_York,EST,-5,,,,,,,,,,,
Vermont,VT,Bridgewater,,,,,,,,5034,43.59253,-72.6216,America/New_York,EST,-5,,,,,,,,,,,
Vermont,VT,Bridgewater Center,,,,,,,,,43.59253,-72.6216,America/New_York,EST,-5,,,,,,,,,,,
Vermont,VT,Bridgewater Corners,,,,,,,,5035,43.5998,-72.6752,America/New_York,EST,-5,,,,,,,,,,,
Vermont,VT,Bridport,,,,,,,,5734,43.98251,-73.3315,America/New_York,EST,-5,,,,,,,,,,,
Vermont,VT,Brighton State Park,,,,,,,,,0,0,,,,,,,,,,,,,,
Vermont,VT,Bristol,,,,,,,,5443,44.15781,-73.0718,America/New_York,EST,-5,,,,,,,,,,,
Vermont,VT,Brookfield,,,,,,,,5036,44.01778,-72.5774,America/New_York,EST,-5,,,,,,,,,,,
Vermont,VT,Brooksville,,,,,,,,,43.98949,-73.1785,America/New_York,EST,-5,,,,,,,,,,,
Vermont,VT,Brownington,,,,,,,,,0,0,,,,,,,,,,,,,,
Vermont,VT,Brownington Center,,,,,,,,,0,0,,,,,,,,,,,,,,
Vermont,VT,Brownsville,,,,,,,,5037,43.46718,-72.4883,America/New_York,EST,-5,,,,,,,,,,,
Vermont,VT,Brunswick Springs,,,,,,,,,43.28904,-72.4759,America/New_York,EST,-5,,,,,,,,,,,
Vermont,VT,Burke Hollow,,,,,,,,,0,0,,,,,,,,,,,,,,
Vermont,VT,Burlington,,,,,,,,5408###5401###5406###5405###5402,44.47662,-73.21,America/New_York,EST,-5,,,,,,,,,,,
Vermont,VT,Burton Island State Park,,,,,,,,,0,0,,,,,,,,,,,,,,
Vermont,VT,Button Bay State Park,,,,,,,,,0,0,,,,,,,,,,,,,,
Vermont,VT,Cadys Falls,,,,,,,,,0,0,,,,,,,,,,,,,,
Vermont,VT,Cambridge,,,,,,,,5444,44.62218,-72.8812,America/New_York,EST,-5,,,,,,,,,,,
Vermont,VT,Cambridge Junction,,,,,,,,,44.62218,-72.8812,America/New_York,EST,-5,,,,,,,,,,,
Vermont,VT,Camels Hump State Park,,,,,,,,,0,0,,,,,,,,,,,,,,
Vermont,VT,Camp Plymouth,,,,,,,,,43.52629,-72.7248,America/New_York,EST,-5,,,,,,,,,,,
Vermont,VT,Canaan,,,,,,,,5903,44.93079,-71.5978,America/New_York,EST,-5,,,,,,,,,,,
Vermont,VT,Castleton,,,,,,,,5735,43.63686,-73.1266,America/New_York,EST,-5,,,,,,,,,,,
Vermont,VT,Cavendish,,,,,,,,5142,43.40214,-72.5839,America/New_York,EST,-5,,,,,,,,,,,
Vermont,VT,Center Rutland,,,,,,,,5736,43.59411,-73.0083,America/New_York,EST,-5,,,,,,,,,,,
Vermont,VT,Charlotte,,,,,,,,5445,44.31658,-73.226,America/New_York,EST,-5,,,,,,,,,,,
Vermont,VT,Chelsea,,,,,,,,5038,43.99421,-72.4572,America/New_York,EST,-5,,,,,,,,,,,
Vermont,VT,Chester,,,,,,,,5143,43.29832,-72.6672,America/New_York,EST,-5,,,,,,,,,,,
Vermont,VT,Chimney Corner,,,,,,,,,0,0,,,,,,,,,,,,,,
Vermont,VT,Chimney Point,,,,,,,,,44.03617,-73.4182,America/New_York,EST,-5,,,,,,,,,,,
Vermont,VT,Chipmans Point,,,,,,,,,0,0,,,,,,,,,,,,,,
Vermont,VT,Chippenhook,,,,,,,,,0,0,,,,,,,,,,,,,,
Vermont,VT,Chittenden,,,,,,,,5737,43.71322,-72.9252,America/New_York,EST,-5,,,,,,,,,,,
Vermont,VT,Clarendon,,,,,,,,,43.51618,-72.9698,America/New_York,EST,-5,,,,,,,,,,,
Vermont,VT,Clarendon Springs,,,,,,,,,43.54785,-73.0223,America/New_York,EST,-5,,,,,,,,,,,
Vermont,VT,Colchester,,,,,,,,5449###5446###5439,44.49518,-73.1651,America/New_York,EST,-5,,,,,,,,,,,
Vermont,VT,Colchester Point,,,,,,,,,44.49518,-73.1651,America/New_York,EST,-5,,,,,,,,,,,
Vermont,VT,Concord,,,,,,,,5824,44.42895,-71.8901,America/New_York,EST,-5,,,,,,,,,,,
Vermont,VT,Concord Corner,,,,,,,,,44.40145,-71.8615,America/New_York,EST,-5,,,,,,,,,,,
Vermont,VT,Coolidge State Park,,,,,,,,,0,0,,,,,,,,,,,,,,
Vermont,VT,Corinth,,,,,,,,5039,44.03324,-72.2936,America/New_York,EST,-5,,,,,,,,,,,
Vermont,VT,Corinth Corners,,,,,,,,,44.01007,-72.349,America/New_York,EST,-5,,,,,,,,,,,
Vermont,VT,Cornwall,,,,,,,,,43.96089,-73.2104,America/New_York,EST,-5,,,,,,,,,,,
Vermont,VT,Coventry,,,,,,,,5825,44.8656,-72.2648,America/New_York,EST,-5,,,,,,,,,,,
Vermont,VT,Craftsbury,,,,,,,,5826,44.64166,-72.3889,America/New_York,EST,-5,,,,,,,,,,,
Vermont,VT,Craftsbury Common,,,,,,,,5827,44.67879,-72.3594,America/New_York,EST,-5,,,,,,,,,,,
Vermont,VT,Crystal Lake State Park,,,,,,,,,0,0,,,,,,,,,,,,,,
Vermont,VT,Cuttingsville,,,,,,,,5738,43.52671,-72.8692,America/New_York,EST,-5,,,,,,,,,,,
Vermont,VT,D A R State Park,,,,,,,,,0,0,,,,,,,,,,,,,,
Vermont,VT,Danby,,,,,,,,5739,43.34792,-73.028,America/New_York,EST,-5,,,,,,,,,,,
Vermont,VT,Danby Four Corners,,,,,,,,,0,0,,,,,,,,,,,,,,
Vermont,VT,Danville,,,,,,,,5828,44.43731,-72.1235,America/New_York,EST,-5,,,,,,,,,,,
Vermont,VT,Derby Center,,,,,,,,,44.94783,-72.1329,America/New_York,EST,-5,,,,,,,,,,,
Vermont,VT,Derby Line,,,,,,,,5830,45.00505,-72.099,America/New_York,EST,-5,,,,,,,,,,,
Vermont,VT,Dorset,,,,,,,,5251,43.2548,-73.0987,America/New_York,EST,-5,,,,,,,,,,,
Vermont,VT,Downers,,,,,,,,,43.40035,-72.5143,America/New_York,EST,-5,,,,,,,,,,,
Vermont,VT,East Albany,,,,,,,,,44.73116,-72.3162,America/New_York,EST,-5,,,,,,,,,,,
Vermont,VT,East Alburgh,,,,,,,,,44.9731,-73.2296,America/New_York,EST,-5,,,,,,,,,,,
Vermont,VT,East Barnard,,,,,,,,,43.72868,-72.619,America/New_York,EST,-5,,,,,,,,,,,
Vermont,VT,East Barnet,,,,,,,,,44.31368,-72.1188,America/New_York,EST,-5,,,,,,,,,,,
Vermont,VT,East Berkshire,,,,,,,,5447,44.93245,-72.7019,America/New_York,EST,-5,,,,,,,,,,,
Vermont,VT,East Bethel,,,,,,,,,43.80157,-72.6577,America/New_York,EST,-5,,,,,,,,,,,
Vermont,VT,East Braintree,,,,,,,,,44.15764,-72.4533,America/New_York,EST,-5,,,,,,,,,,,
Vermont,VT,East Brighton,,,,,,,,,44.73663,-72.1991,America/New_York,EST,-5,,,,,,,,,,,
Vermont,VT,East Brookfield,,,,,,,,,44.01778,-72.5774,America/New_York,EST,-5,,,,,,,,,,,
Vermont,VT,East Brownington,,,,,,,,,0,0,,,,,,,,,,,,,,
Vermont,VT,East Burke,,,,,,,,5832,44.58796,-71.9102,America/New_York,EST,-5,,,,,,,,,,,
Vermont,VT,East Charleston,,,,,,,,5833,44.8381,-71.9895,America/New_York,EST,-5,,,,,,,,,,,
Vermont,VT,East Charlotte,,,,,,,,,44.31978,-73.1887,America/New_York,EST,-5,,,,,,,,,,,
Vermont,VT,East Concord,,,,,,,,,44.42895,-71.8901,America/New_York,EST,-5,,,,,,,,,,,
Vermont,VT,East Corinth,,,,,,,,5076###5040,44.07792,-72.211,America/New_York,EST,-5,,,,,,,,,,,
Vermont,VT,East Craftsbury,,,,,,,,,44.64255,-72.3432,America/New_York,EST,-5,,,,,,,,,,,
Vermont,VT,East Enosburg,,,,,,,,,44.8631,-72.7362,America/New_York,EST,-5,,,,,,,,,,,
Vermont,VT,East Fairfield,,,,,,,,5448,44.74119,-72.8827,America/New_York,EST,-5,,,,,,,,,,,
Vermont,VT,East Fletcher,,,,,,,,,44.71311,-72.8379,America/New_York,EST,-5,,,,,,,,,,,
Vermont,VT,East Franklin,,,,,,,,,44.96038,-72.9133,America/New_York,EST,-5,,,,,,,,,,,
Vermont,VT,East Georgia,,,,,,,,,0,0,,,,,,,,,,,,,,
Vermont,VT,East Hardwick,,,,,,,,5836,44.52172,-72.3087,America/New_York,EST,-5,,,,,,,,,,,
Vermont,VT,East Haven,,,,,,,,5837,44.6674,-71.8135,America/New_York,EST,-5,,,,,,,,,,,
Vermont,VT,East Hubbardton,,,,,,,,,43.69312,-73.1382,America/New_York,EST,-5,,,,,,,,,,,
Vermont,VT,East Lyndon,,,,,,,,,44.49756,-71.9505,America/New_York,EST,-5,,,,,,,,,,,
Vermont,VT,East Middlebury,,,,,,,,5740,43.97175,-73.1053,America/New_York,EST,-5,,,,,,,,,,,
Vermont,VT,East Orange,,,,,,,,,44.18884,-72.4722,America/New_York,EST,-5,,,,,,,,,,,
Vermont,VT,East Pittsford,,,,,,,,,43.72182,-72.9995,America/New_York,EST,-5,,,,,,,,,,,
Vermont,VT,East Randolph,,,,,,,,5041,43.95555,-72.5389,America/New_York,EST,-5,,,,,,,,,,,
Vermont,VT,East Richford,,,,,,,,,44.95267,-72.6544,America/New_York,EST,-5,,,,,,,,,,,
Vermont,VT,East Ryegate,,,,,,,,5042,44.20506,-72.0612,America/New_York,EST,-5,,,,,,,,,,,
Vermont,VT,East St. Johnsbury,,,,,,,,,44.46849,-71.9301,America/New_York,EST,-5,,,,,,,,,,,
Vermont,VT,East Wallingford,,,,,,,,5742,43.44609,-72.9209,America/New_York,EST,-5,,,,,,,,,,,
Vermont,VT,Eden,,,,,,,,5652,44.71862,-72.5782,America/New_York,EST,-5,,,,,,,,,,,
Vermont,VT,Elmore,,,,,,,,,0,0,,,,,,,,,,,,,,
Vermont,VT,Elmore State Park,,,,,,,,,0,0,,,,,,,,,,,,,,
Vermont,VT,Ely,,,,,,,,,0,0,,,,,,,,,,,,,,
Vermont,VT,Enosburg Falls,,,,,,,,5450,44.90204,-72.7824,America/New_York,EST,-5,,,,,,,,,,,
Vermont,VT,Essex,,,,,,,,5451,44.50835,-73.0503,America/New_York,EST,-5,,,,,,,,,,,
Vermont,VT,Essex Junction,,,,,,,,5452###5453,44.48556,-73.0253,America/New_York,EST,-5,,,,,,,,,,,
Vermont,VT,Evansville,,,,,,,,,44.8031,-72.1304,America/New_York,EST,-5,,,,,,,,,,,
Vermont,VT,Fair Haven,,,,,,,,5743,43.59278,-73.2694,America/New_York,EST,-5,,,,,,,,,,,
Vermont,VT,Fairfax,,,,,,,,5454,44.66533,-73.0088,America/New_York,EST,-5,,,,,,,,,,,
Vermont,VT,Fairfield,,,,,,,,5455,44.81616,-72.9697,America/New_York,EST,-5,,,,,,,,,,,
Vermont,VT,Fairlee,,,,,,,,5045,43.92868,-72.1966,America/New_York,EST,-5,,,,,,,,,,,
Vermont,VT,Ferdinand,,,,,,,,,0,0,,,,,,,,,,,,,,
Vermont,VT,Ferrisburg,,,,,,,,5456,44.21089,-73.2566,America/New_York,EST,-5,,,,,,,,,,,
Vermont,VT,Fletcher,,,,,,,,,44.68338,-72.9137,America/New_York,EST,-5,,,,,,,,,,,
Vermont,VT,Florence,,,,,,,,5744,43.69401,-73.0805,America/New_York,EST,-5,,,,,,,,,,,
Vermont,VT,Forest Dale,,,,,,,,5745,43.59204,-72.8181,America/New_York,EST,-5,,,,,,,,,,,
Vermont,VT,Franklin,,,,,,,,5457,44.96038,-72.9133,America/New_York,EST,-5,,,,,,,,,,,
Vermont,VT,Gallup Mills,,,,,,,,,0,0,,,,,,,,,,,,,,
Vermont,VT,Garfield,,,,,,,,,44.53267,-72.6202,America/New_York,EST,-5,,,,,,,,,,,
Vermont,VT,Gassetts,,,,,,,,,43.32452,-72.6068,America/New_York,EST,-5,,,,,,,,,,,
Vermont,VT,Georgia Center,,,,,,,,,0,0,,,,,,,,,,,,,,
Vermont,VT,Georgia Plains,,,,,,,,,0,0,,,,,,,,,,,,,,
Vermont,VT,Gifford Woods State Park,,,,,,,,,0,0,,,,,,,,,,,,,,
Vermont,VT,Gilman,,,,,,,,5904,44.41622,-71.7065,America/New_York,EST,-5,,,,,,,,,,,
Vermont,VT,Glover,,,,,,,,5839,44.67953,-72.2219,America/New_York,EST,-5,,,,,,,,,,,
Vermont,VT,Gordon Landing,,,,,,,,,0,0,,,,,,,,,,,,,,
Vermont,VT,Goshen,,,,,,,,,43.84951,-73.0221,America/New_York,EST,-5,,,,,,,,,,,
Vermont,VT,Granby,,,,,,,,5840,44.68077,-71.7194,America/New_York,EST,-5,,,,,,,,,,,
Vermont,VT,Grand Isle,,,,,,,,5458,44.72339,-73.3032,America/New_York,EST,-5,,,,,,,,,,,
Vermont,VT,Grand Isle State Park,,,,,,,,,0,0,,,,,,,,,,,,,,
Vermont,VT,Granville,,,,,,,,5747,44.0032,-72.8171,America/New_York,EST,-5,,,,,,,,,,,
Vermont,VT,Green River Reservoir,,,,,,,,,42.77592,-72.6681,America/New_York,EST,-5,,,,,,,,,,,
Vermont,VT,Greensboro,,,,,,,,5841,44.60033,-72.2866,America/New_York,EST,-5,,,,,,,,,,,
Vermont,VT,Groton,,,,,,,,5046,44.21034,-72.1954,America/New_York,EST,-5,,,,,,,,,,,
Vermont,VT,Guilford Center,,,,,,,,,42.79231,-72.6248,America/New_York,EST,-5,,,,,,,,,,,
Vermont,VT,Half Moon State Park,,,,,,,,,0,0,,,,,,,,,,,,,,
Vermont,VT,Hancock,,,,,,,,5748,43.90786,-72.89,America/New_York,EST,-5,,,,,,,,,,,
Vermont,VT,Hanksville,,,,,,,,,0,0,,,,,,,,,,,,,,
Vermont,VT,Hardwick,,,,,,,,5843,44.50478,-72.3682,America/New_York,EST,-5,,,,,,,,,,,
Vermont,VT,Hartford,,,,,,,,5047,43.6721,-72.3555,America/New_York,EST,-5,,,,,,,,,,,
Vermont,VT,Hartland,,,,,,,,5048,43.57338,-72.4027,America/New_York,EST,-5,,,,,,,,,,,
Vermont,VT,Highgate Falls,,,,,,,,,44.92754,-73.0499,America/New_York,EST,-5,,,,,,,,,,,
Vermont,VT,Highgate Springs,,,,,,,,5460,44.97477,-73.1052,America/New_York,EST,-5,,,,,,,,,,,
Vermont,VT,Hinesburg,,,,,,,,5461,44.32922,-73.1107,America/New_York,EST,-5,,,,,,,,,,,
Vermont,VT,Holland,,,,,,,,,44.96699,-72.0023,America/New_York,EST,-5,,,,,,,,,,,
Vermont,VT,Hortonia,,,,,,,,,0,0,,,,,,,,,,,,,,
Vermont,VT,Hubbardton,,,,,,,,,43.70729,-73.1843,America/New_York,EST,-5,,,,,,,,,,,
Vermont,VT,Huntington,,,,,,,,5462,44.31809,-73.0062,America/New_York,EST,-5,,,,,,,,,,,
Vermont,VT,Hyde Park,,,,,,,,5655,44.59394,-72.6165,America/New_York,EST,-5,,,,,,,,,,,
Vermont,VT,Ira,,,,,,,,,43.53451,-73.0621,America/New_York,EST,-5,,,,,,,,,,,
Vermont,VT,Irasburg,,,,,,,,5845,44.78318,-72.3011,America/New_York,EST,-5,,,,,,,,,,,
Vermont,VT,Island Pond,,,,,,,,5846,44.83254,-71.8411,America/New_York,EST,-5,,,,,,,,,,,
Vermont,VT,Isle La Motte,,,,,,,,5463,44.87809,-73.3386,America/New_York,EST,-5,,,,,,,,,,,
Vermont,VT,Jacksonville,,,,,,,,5342,42.79536,-72.8178,America/New_York,EST,-5,,,,,,,,,,,
Vermont,VT,Jay,,,,,,,,,0,0,,,,,,,,,,,,,,
Vermont,VT,Jeffersonville,,,,,,,,5464,44.63879,-72.822,America/New_York,EST,-5,,,,,,,,,,,
Vermont,VT,Jericho,,,,,,,,5465,44.459,-72.9552,America/New_York,EST,-5,,,,,,,,,,,
Vermont,VT,Johnson,,,,,,,,5656,44.6426,-72.7359,America/New_York,EST,-5,,,,,,,,,,,
Vermont,VT,Jonesville,,,,,,,,5466,44.3625,-73.0198,America/New_York,EST,-5,,,,,,,,,,,
Vermont,VT,Kill Kare State Park,,,,,,,,,0,0,,,,,,,,,,,,,,
Vermont,VT,Killington,,,,,,,,5751,43.65695,-72.7827,America/New_York,EST,-5,,,,,,,,,,,
Vermont,VT,Kingsland Bay State Park,,,,,,,,,0,0,,,,,,,,,,,,,,
Vermont,VT,Knight Island State Park,,,,,,,,,0,0,,,,,,,,,,,,,,
Vermont,VT,Knight Point State Park,,,,,,,,,0,0,,,,,,,,,,,,,,
Vermont,VT,Lake Carmi State Park,,,,,,,,,0,0,,,,,,,,,,,,,,
Vermont,VT,Lake St. Catherine,,,,,,,,,0,0,,,,,,,,,,,,,,
Vermont,VT,Leicester,,,,,,,,,43.86673,-73.1079,America/New_York,EST,-5,,,,,,,,,,,
Vermont,VT,Londonderry,,,,,,,,5148,43.2281,-72.788,America/New_York,EST,-5,,,,,,,,,,,
Vermont,VT,Lowell,,,,,,,,5847,44.78893,-72.4395,America/New_York,EST,-5,,,,,,,,,,,
Vermont,VT,Lower Waterford,,,,,,,,5848,44.3821,-71.9195,America/New_York,EST,-5,,,,,,,,,,,
Vermont,VT,Ludlow,,,,,,,,5149,43.37674,-72.7069,America/New_York,EST,-5,,,,,,,,,,,
Vermont,VT,Lunenburg,,,,,,,,5906,44.46311,-71.682,America/New_York,EST,-5,,,,,,,,,,,
Vermont,VT,Lyndonville,,,,,,,,5851,44.5351,-72.0566,America/New_York,EST,-5,,,,,,,,,,,
Vermont,VT,Maidstone,,,,,,,,,44.64866,-71.572,America/New_York,EST,-5,,,,,,,,,,,
Vermont,VT,Maidstone State Park,,,,,,,,,0,0,,,,,,,,,,,,,,
Vermont,VT,Malletts Bay,,,,,,,,,0,0,,,,,,,,,,,,,,
Vermont,VT,Manchester,,,,,,,,5254,43.16369,-73.0723,America/New_York,EST,-5,,,,,,,,,,,
Vermont,VT,Manchester Center,,,,,,,,5255,43.16929,-73.0474,America/New_York,EST,-5,,,,,,,,,,,
Vermont,VT,Mendon,,,,,,,,,43.65146,-72.9271,America/New_York,EST,-5,,,,,,,,,,,
Vermont,VT,Middlebury,,,,,,,,5753,43.99194,-73.1716,America/New_York,EST,-5,,,,,,,,,,,
Vermont,VT,Middletown Springs,,,,,,,,5757,43.48563,-73.1182,America/New_York,EST,-5,,,,,,,,,,,
Vermont,VT,Milton,,,,,,,,5468,44.64342,-73.1217,America/New_York,EST,-5,,,,,,,,,,,
Vermont,VT,Monkton,,,,,,,,5469,44.24038,-73.1347,America/New_York,EST,-5,,,,,,,,,,,
Vermont,VT,Montgomery,,,,,,,,5470,44.82486,-72.8958,America/New_York,EST,-5,,,,,,,,,,,
Vermont,VT,Montgomery Center,,,,,,,,5471,44.84824,-72.6198,America/New_York,EST,-5,,,,,,,,,,,
Vermont,VT,Montpelier,,,,,,,,5602###5601###5603###5609###5620###5633###5604,44.19906,-72.5596,America/New_York,EST,-5,,,,,,,,,,,
Vermont,VT,Morgan Center,,,,,,,,,44.90921,-71.979,America/New_York,EST,-5,,,,,,,,,,,
Vermont,VT,Morrisville,,,,,,,,5661,44.56018,-72.6153,America/New_York,EST,-5,,,,,,,,,,,
Vermont,VT,Moscow,,,,,,,,5662,44.442,-72.7188,America/New_York,EST,-5,,,,,,,,,,,
Vermont,VT,Mt. Holly,,,,,,,,,0,0,,,,,,,,,,,,,,
Vermont,VT,Mt. Philo State Park,,,,,,,,,0,0,,,,,,,,,,,,,,
Vermont,VT,Mt. Tabor,,,,,,,,,0,0,,,,,,,,,,,,,,
Vermont,VT,New Haven,,,,,,,,5472,44.14951,-73.1972,America/New_York,EST,-5,,,,,,,,,,,
Vermont,VT,New Haven Mills,,,,,,,,,44.13944,-73.0399,America/New_York,EST,-5,,,,,,,,,,,
Vermont,VT,Newark,,,,,,,,,0,0,,,,,,,,,,,,,,
Vermont,VT,Newbury,,,,,,,,5051,44.06828,-72.1187,America/New_York,EST,-5,,,,,,,,,,,
Vermont,VT,Newfane,,,,,,,,5345,43.01314,-72.6787,America/New_York,EST,-5,,,,,,,,,,,
Vermont,VT,Newport,,,,,,,,5855,44.90792,-72.2039,America/New_York,EST,-5,,,,,,,,,,,
Vermont,VT,Newport Center,,,,,,,,5857,44.92702,-72.2992,America/New_York,EST,-5,,,,,,,,,,,
Vermont,VT,North Bennington,,,,,,,,5257,42.96647,-73.2505,America/New_York,EST,-5,,,,,,,,,,,
Vermont,VT,North Clarendon,,,,,,,,5759,43.53574,-72.9701,America/New_York,EST,-5,,,,,,,,,,,
Vermont,VT,North Danville,,,,,,,,,44.40474,-71.9831,America/New_York,EST,-5,,,,,,,,,,,
Vermont,VT,North Fairfax,,,,,,,,,44.7606,-73.0621,America/New_York,EST,-5,,,,,,,,,,,
Vermont,VT,North Hartland,,,,,,,,5052,43.59132,-72.349,America/New_York,EST,-5,,,,,,,,,,,
Vermont,VT,North Hero,,,,,,,,5474,44.78773,-73.298,America/New_York,EST,-5,,,,,,,,,,,
Vermont,VT,North Hero State Park,,,,,,,,,0,0,,,,,,,,,,,,,,
Vermont,VT,North Troy,,,,,,,,5859,44.93777,-72.4334,America/New_York,EST,-5,,,,,,,,,,,
Vermont,VT,North Underhill,,,,,,,,,44.56515,-72.9072,America/New_York,EST,-5,,,,,,,,,,,
Vermont,VT,North Wolcott,,,,,,,,,44.53954,-72.4876,America/New_York,EST,-5,,,,,,,,,,,
Vermont,VT,Norton,,,,,,,,5907,44.93264,-71.7764,America/New_York,EST,-5,,,,,,,,,,,
Vermont,VT,Norwich,,,,,,,,5055,43.71792,-72.3612,America/New_York,EST,-5,,,,,,,,,,,
Vermont,VT,Old Bennington,,,,,,,,,42.88341,-73.2134,America/New_York,EST,-5,,,,,,,,,,,
Vermont,VT,Orange,,,,,,,,,44.18884,-72.4722,America/New_York,EST,-5,,,,,,,,,,,
Vermont,VT,Orleans,,,,,,,,5860,44.82378,-72.102,America/New_York,EST,-5,,,,,,,,,,,
Vermont,VT,Orwell,,,,,,,,5760,43.80395,-73.2979,America/New_York,EST,-5,,,,,,,,,,,
Vermont,VT,Panton,,,,,,,,,44.14867,-73.3404,America/New_York,EST,-5,,,,,,,,,,,
Vermont,VT,Passumpsic,,,,,,,,5861,44.46239,-72.1358,America/New_York,EST,-5,,,,,,,,,,,
Vermont,VT,Pawlet,,,,,,,,5761,43.36144,-73.1507,America/New_York,EST,-5,,,,,,,,,,,
Vermont,VT,Peacham,,,,,,,,5862,44.32895,-72.169,America/New_York,EST,-5,,,,,,,,,,,
Vermont,VT,Perkinsville,,,,,,,,5151,43.40965,-72.4959,America/New_York,EST,-5,,,,,,,,,,,
Vermont,VT,Peru,,,,,,,,5152,43.2298,-72.8979,America/New_York,EST,-5,,,,,,,,,,,
Vermont,VT,Pittsfield,,,,,,,,5762,43.77229,-72.8129,America/New_York,EST,-5,,,,,,,,,,,
Vermont,VT,Pittsford,,,,,,,,5763,43.72182,-72.9995,America/New_York,EST,-5,,,,,,,,,,,
Vermont,VT,Pleasant Valley,,,,,,,,,44.59255,-72.8626,America/New_York,EST,-5,,,,,,,,,,,
Vermont,VT,Plymouth,,,,,,,,5056,43.52629,-72.7248,America/New_York,EST,-5,,,,,,,,,,,
Vermont,VT,Pomfret,,,,,,,,,43.70479,-72.5159,America/New_York,EST,-5,,,,,,,,,,,
Vermont,VT,Post Mills,,,,,,,,5058,43.88562,-72.2607,America/New_York,EST,-5,,,,,,,,,,,
Vermont,VT,Poultney,,,,,,,,5764,43.51701,-73.2362,America/New_York,EST,-5,,,,,,,,,,,
Vermont,VT,Pownal,,,,,,,,5261,42.79068,-73.2013,America/New_York,EST,-5,,,,,,,,,,,
Vermont,VT,Proctor,,,,,,,,5765,43.66062,-73.0357,America/New_York,EST,-5,,,,,,,,,,,
Vermont,VT,Putney,,,,,,,,5346,43.0161,-72.534,America/New_York,EST,-5,,,,,,,,,,,
Vermont,VT,Quechee,,,,,,,,5059,43.63782,-72.4277,America/New_York,EST,-5,,,,,,,,,,,
Vermont,VT,Queechee State Park,,,,,,,,,0,0,,,,,,,,,,,,,,
Vermont,VT,Randolph,,,,,,,,5060,43.9858,-72.6941,America/New_York,EST,-5,,,,,,,,,,,
Vermont,VT,Reading,,,,,,,,5062,43.47559,-72.5728,America/New_York,EST,-5,,,,,,,,,,,
Vermont,VT,Readsboro,,,,,,,,5352###5350,42.78559,-72.9719,America/New_York,EST,-5,,,,,,,,,,,
Vermont,VT,Richford,,,,,,,,5476,44.95267,-72.6544,America/New_York,EST,-5,,,,,,,,,,,
Vermont,VT,Richmond,,,,,,,,5477,44.38729,-72.9533,America/New_York,EST,-5,,,,,,,,,,,
Vermont,VT,Ricker State Park,,,,,,,,,0,0,,,,,,,,,,,,,,
Vermont,VT,Ripton,,,,,,,,5766,43.97932,-73.0107,America/New_York,EST,-5,,,,,,,,,,,
Vermont,VT,Rochester,,,,,,,,5767,43.86683,-72.8515,America/New_York,EST,-5,,,,,,,,,,,
Vermont,VT,Rutland,,,,,,,,5701###5702,43.63035,-72.9359,America/New_York,EST,-5,,,,,,,,,,,
Vermont,VT,Ryegate,,,,,,,,,0,0,,,,,,,,,,,,,,
Vermont,VT,Salisbury,,,,,,,,5769,43.9203,-73.1227,America/New_York,EST,-5,,,,,,,,,,,
Vermont,VT,Sand Bar State Park,,,,,,,,,0,0,,,,,,,,,,,,,,
Vermont,VT,Saxtons River,,,,,,,,5154,43.13786,-72.5098,America/New_York,EST,-5,,,,,,,,,,,
Vermont,VT,Sharon,,,,,,,,5065,43.77737,-72.4071,America/New_York,EST,-5,,,,,,,,,,,
Vermont,VT,Sheffield,,,,,,,,5866,44.63965,-72.1323,America/New_York,EST,-5,,,,,,,,,,,
Vermont,VT,Shelburne,,,,,,,,5482,44.38061,-73.2276,America/New_York,EST,-5,,,,,,,,,,,
Vermont,VT,Shelburne Point,,,,,,,,,44.38061,-73.2276,America/New_York,EST,-5,,,,,,,,,,,
Vermont,VT,Sheldon,,,,,,,,5483,44.89775,-72.9611,America/New_York,EST,-5,,,,,,,,,,,
Vermont,VT,Shoreham,,,,,,,,5770,43.91241,-73.2792,America/New_York,EST,-5,,,,,,,,,,,
Vermont,VT,Shrewsbury,,,,,,,,,43.50896,-72.8668,America/New_York,EST,-5,,,,,,,,,,,
Vermont,VT,Silver Lake State Park,,,,,,,,,0,0,,,,,,,,,,,,,,
Vermont,VT,Smugglers Notch,,,,,,,,,44.06054,-72.6733,,,,,,,,,,,,,,
Vermont,VT,South Albany,,,,,,,,,44.74168,-72.3646,America/New_York,EST,-5,,,,,,,,,,,
Vermont,VT,South Alburgh,,,,,,,,,44.88754,-73.2785,America/New_York,EST,-5,,,,,,,,,,,
Vermont,VT,South Burlington,,,,,,,,5403###5407,44.44487,-73.1735,America/New_York,EST,-5,,,,,,,,,,,
Vermont,VT,South Hero,,,,,,,,5486,44.64532,-73.3024,America/New_York,EST,-5,,,,,,,,,,,
Vermont,VT,South Kirby,,,,,,,,,0,0,,,,,,,,,,,,,,
Vermont,VT,South Lincoln,,,,,,,,,44.07145,-72.9726,America/New_York,EST,-5,,,,,,,,,,,
Vermont,VT,South Newbury,,,,,,,,,44.04618,-72.0848,America/New_York,EST,-5,,,,,,,,,,,
Vermont,VT,South Pomfret,,,,,,,,5067,43.69706,-72.508,America/New_York,EST,-5,,,,,,,,,,,
Vermont,VT,South Poultney,,,,,,,,,43.47563,-73.2359,America/New_York,EST,-5,,,,,,,,,,,
Vermont,VT,South Royalton,,,,,,,,5068,43.7771,-72.5282,America/New_York,EST,-5,,,,,,,,,,,
Vermont,VT,South Ryegate,,,,,,,,5069,44.19779,-72.1104,America/New_York,EST,-5,,,,,,,,,,,
Vermont,VT,South Wallingford,,,,,,,,,43.47739,-73.0661,America/New_York,EST,-5,,,,,,,,,,,
Vermont,VT,South Washington,,,,,,,,,44.07824,-72.4263,America/New_York,EST,-5,,,,,,,,,,,
Vermont,VT,South Wheelock,,,,,,,,,44.58811,-72.0884,America/New_York,EST,-5,,,,,,,,,,,
Vermont,VT,South Woodstock,,,,,,,,5071,43.56589,-72.5341,America/New_York,EST,-5,,,,,,,,,,,
Vermont,VT,Springfield,,,,,,,,5156,43.28904,-72.4759,America/New_York,EST,-5,,,,,,,,,,,
Vermont,VT,St. Albans,,,,,,,,,44.80933,-73.0815,America/New_York,EST,-5,,,,,,,,,,,
Vermont,VT,St. Albans Bay State Park,,,,,,,,,0,0,,,,,,,,,,,,,,
Vermont,VT,St. George,,,,,,,,,0,0,,,,,,,,,,,,,,
Vermont,VT,St. Johnsbury,,,,,,,,,44.42873,-72.0116,America/New_York,EST,-5,,,,,,,,,,,
Vermont,VT,Stamford,,,,,,,,,42.75619,-73.0679,America/New_York,EST,-5,,,,,,,,,,,
Vermont,VT,Stannard,,,,,,,,,44.54228,-72.2143,America/New_York,EST,-5,,,,,,,,,,,
Vermont,VT,Starksboro,,,,,,,,5487,44.2352,-73.0209,America/New_York,EST,-5,,,,,,,,,,,
Vermont,VT,Stillwater State Park,,,,,,,,,0,0,,,,,,,,,,,,,,
Vermont,VT,Stockbridge,,,,,,,,5772,43.75698,-72.7302,America/New_York,EST,-5,,,,,,,,,,,
Vermont,VT,Stowe,,,,,,,,5672,44.46533,-72.6846,America/New_York,EST,-5,,,,,,,,,,,
Vermont,VT,Strafford,,,,,,,,5072,43.89259,-72.3696,America/New_York,EST,-5,,,,,,,,,,,
Vermont,VT,Stratton,,,,,,,,,0,0,,,,,,,,,,,,,,
Vermont,VT,Sudbury,,,,,,,,,43.79923,-73.2046,America/New_York,EST,-5,,,,,,,,,,,
Vermont,VT,Sutton,,,,,,,,5867,44.66452,-72.0424,America/New_York,EST,-5,,,,,,,,,,,
Vermont,VT,Swanton,,,,,,,,5488,44.9181,-73.1243,America/New_York,EST,-5,,,,,,,,,,,
Vermont,VT,Swanton Junction,,,,,,,,,44.9181,-73.1243,America/New_York,EST,-5,,,,,,,,,,,
Vermont,VT,Thetford Center,,,,,,,,5075,43.85402,-72.2546,America/New_York,EST,-5,,,,,,,,,,,
Vermont,VT,Thetford Hill State Park,,,,,,,,,0,0,,,,,,,,,,,,,,
Vermont,VT,Tinmouth,,,,,,,,,43.44868,-73.0496,America/New_York,EST,-5,,,,,,,,,,,
Vermont,VT,Topsham,,,,,,,,,0,0,,,,,,,,,,,,,,
Vermont,VT,Townshend,,,,,,,,5353,43.07034,-72.673,America/New_York,EST,-5,,,,,,,,,,,
Vermont,VT,Troy,,,,,,,,5868,44.90144,-72.4015,America/New_York,EST,-5,,,,,,,,,,,
Vermont,VT,Tunbridge,,,,,,,,5077,43.89547,-72.4734,America/New_York,EST,-5,,,,,,,,,,,
Vermont,VT,Tyson,,,,,,,,,0,0,,,,,,,,,,,,,,
Vermont,VT,Underhill Center,,,,,,,,5490,44.50466,-72.8853,America/New_York,EST,-5,,,,,,,,,,,
Vermont,VT,Underhill State Park,,,,,,,,,0,0,,,,,,,,,,,,,,
Vermont,VT,Union Village,,,,,,,,,43.78868,-72.2554,America/New_York,EST,-5,,,,,,,,,,,
Vermont,VT,Vergennes,,,,,,,,5491,44.14569,-73.2605,America/New_York,EST,-5,,,,,,,,,,,
Vermont,VT,Vernon,,,,,,,,5354,42.77371,-72.5202,America/New_York,EST,-5,,,,,,,,,,,
Vermont,VT,Vershire,,,,,,,,5079,43.95259,-72.3113,America/New_York,EST,-5,,,,,,,,,,,
Vermont,VT,Victory,,,,,,,,,44.5095,-71.8459,America/New_York,EST,-5,,,,,,,,,,,
Vermont,VT,Waits River,,,,,,,,,44.08951,-72.282,America/New_York,EST,-5,,,,,,,,,,,
Vermont,VT,Walden,,,,,,,,,0,0,,,,,,,,,,,,,,
Vermont,VT,Wallingford,,,,,,,,5773,43.47739,-73.0661,America/New_York,EST,-5,,,,,,,,,,,
Vermont,VT,Waltham,,,,,,,,,0,0,,,,,,,,,,,,,,
Vermont,VT,Washington,,,,,,,,5675,44.07824,-72.4263,America/New_York,EST,-5,,,,,,,,,,,
Vermont,VT,Waterville,,,,,,,,5492,44.69033,-72.769,America/New_York,EST,-5,,,,,,,,,,,
Vermont,VT,Wells,,,,,,,,5774,43.42936,-73.1618,America/New_York,EST,-5,,,,,,,,,,,
Vermont,VT,Wells River,,,,,,,,5081,44.15423,-72.047,America/New_York,EST,-5,,,,,,,,,,,
Vermont,VT,West Addison,,,,,,,,,44.08172,-73.3943,America/New_York,EST,-5,,,,,,,,,,,
Vermont,VT,West Bolton,,,,,,,,,44.44561,-72.8979,America/New_York,EST,-5,,,,,,,,,,,
Vermont,VT,West Braintree,,,,,,,,,0,0,,,,,,,,,,,,,,
Vermont,VT,West Brattleboro,,,,,,,,,42.85592,-72.6031,America/New_York,EST,-5,,,,,,,,,,,
Vermont,VT,West Bridgewater,,,,,,,,,43.60007,-72.7487,America/New_York,EST,-5,,,,,,,,,,,
Vermont,VT,West Brookfield,,,,,,,,,44.0209,-72.6721,America/New_York,EST,-5,,,,,,,,,,,
Vermont,VT,West Burke,,,,,,,,5871,44.68304,-71.9368,America/New_York,EST,-5,,,,,,,,,,,
Vermont,VT,West Castleton,,,,,,,,,43.65895,-73.2318,America/New_York,EST,-5,,,,,,,,,,,
Vermont,VT,West Charleston,,,,,,,,5872,44.8494,-72.0312,America/New_York,EST,-5,,,,,,,,,,,
Vermont,VT,West Danville,,,,,,,,5873,44.39337,-72.2224,America/New_York,EST,-5,,,,,,,,,,,
Vermont,VT,West Enosburg,,,,,,,,,44.87199,-72.7979,America/New_York,EST,-5,,,,,,,,,,,
Vermont,VT,West Fairlee,,,,,,,,5083,43.90923,-72.2632,America/New_York,EST,-5,,,,,,,,,,,
Vermont,VT,West Glover,,,,,,,,5875,44.71003,-72.258,America/New_York,EST,-5,,,,,,,,,,,
Vermont,VT,West Hartford,,,,,,,,5084,43.72985,-72.4514,America/New_York,EST,-5,,,,,,,,,,,
Vermont,VT,West Haven,,,,,,,,,43.65145,-73.3473,America/New_York,EST,-5,,,,,,,,,,,
Vermont,VT,West Milton,,,,,,,,,44.6306,-73.1718,America/New_York,EST,-5,,,,,,,,,,,
Vermont,VT,West Rutland,,,,,,,,5777,43.58816,-73.0653,America/New_York,EST,-5,,,,,,,,,,,
Vermont,VT,West Swanton,,,,,,,,,44.96893,-73.2124,America/New_York,EST,-5,,,,,,,,,,,
Vermont,VT,West Wardsboro,,,,,,,,5360,43.02952,-72.8526,America/New_York,EST,-5,,,,,,,,,,,
Vermont,VT,West Windsor,,,,,,,,,43.5181,-72.4181,America/New_York,EST,-5,,,,,,,,,,,
Vermont,VT,Westfield,,,,,,,,5874,44.86912,-72.4505,America/New_York,EST,-5,,,,,,,,,,,
Vermont,VT,Westford,,,,,,,,5494,44.61199,-73.0088,America/New_York,EST,-5,,,,,,,,,,,
Vermont,VT,Westminster,,,,,,,,5158,43.08264,-72.4749,America/New_York,EST,-5,,,,,,,,,,,
Vermont,VT,Westmore,,,,,,,,,44.77144,-72.0548,America/New_York,EST,-5,,,,,,,,,,,
Vermont,VT,Weston,,,,,,,,5161,43.29119,-72.7932,America/New_York,EST,-5,,,,,,,,,,,
Vermont,VT,Weybridge,,,,,,,,,44.06645,-73.2157,America/New_York,EST,-5,,,,,,,,,,,
Vermont,VT,White River Junction,,,,,,,,5009###5001,43.67219,-72.3802,America/New_York,EST,-5,,,,,,,,,,,
Vermont,VT,Whiting,,,,,,,,5778,43.89398,-73.203,America/New_York,EST,-5,,,,,,,,,,,
Vermont,VT,Wilder,,,,,,,,5088,43.67348,-72.312,America/New_York,EST,-5,,,,,,,,,,,
Vermont,VT,Wilgus State Park,,,,,,,,,0,0,,,,,,,,,,,,,,
Vermont,VT,Williamstown,,,,,,,,5679,44.10384,-72.5269,America/New_York,EST,-5,,,,,,,,,,,
Vermont,VT,Williston,,,,,,,,5495,44.43755,-73.0682,America/New_York,EST,-5,,,,,,,,,,,
Vermont,VT,Wilmington,,,,,,,,5363,42.86841,-72.8715,America/New_York,EST,-5,,,,,,,,,,,
Vermont,VT,Windsor,,,,,,,,5089,43.5181,-72.4181,America/New_York,EST,-5,,,,,,,,,,,
Vermont,VT,Winooski,,,,,,,,5404,44.49803,-73.1822,America/New_York,EST,-5,,,,,,,,,,,
Vermont,VT,Wolcott,,,,,,,,5680,44.53954,-72.4876,America/New_York,EST,-5,,,,,,,,,,,
Vermont,VT,Woodford State Park,,,,,,,,,0,0,,,,,,,,,,,,,,
Vermont,VT,Woods Island State Park,,,,,,,,,0,0,,,,,,,,,,,,,,
Vermont,VT,Woodstock,,,,,,,,5091,43.63135,-72.5128,America/New_York,EST,-5,,,,,,,,,,,
