Washington,WA,Aberdeen,,,,,,,,98520,46.97537,-123.816,America/Los_Angeles,PST,-8,,,,,,,,,,,
Washington,WA,Acme,,,,,,,,98220,48.68855,-122.187,America/Los_Angeles,PST,-8,,,,,,,,,,,
Washington,WA,Adams Fork Campground,,,,,,,,,0,0,America/Los_Angeles,,,,,,,,,,,,,
Washington,WA,Addy,,,,,,,,99101,48.33638,-117.958,America/Los_Angeles,PST,-8,,,,,,,,,,,
Washington,WA,Agnew,,,,,,,,,0,0,America/Los_Angeles,,,,,,,,,,,,,
Washington,WA,Agnew-Carlsborg,,,,,,,,,48.18315,-123.873,America/Los_Angeles,PST,-8,,,,,,,,,,,
Washington,WA,Airway Heights,,,,,,,,99001,47.6438,-117.592,America/Los_Angeles,PST,-8,,,,,,,,,,,
Washington,WA,Albion,,,,,,,,99102,46.791,-117.25,America/Los_Angeles,PST,-8,,,,,,,,,,,
Washington,WA,Alder,,,,,,,,,0,0,America/Los_Angeles,,,,,,,,,,,,,
Washington,WA,Alderwood Manor,,,,,,,,,47.86315,-121.884,America/Los_Angeles,PST,-8,,,,,,,,,,,
Washington,WA,Algona,,,,,,,,,0,0,America/Los_Angeles,,,,,,,,,,,,,
Washington,WA,Allen,,,,,,,,,47.38565,-122.828,America/Los_Angeles,PST,-8,,,,,,,,,,,
Washington,WA,Almira,,,,,,,,99103,47.71098,-118.941,America/Los_Angeles,PST,-8,,,,,,,,,,,
Washington,WA,Alpine,,,,,,,,,0,0,America/Los_Angeles,,,,,,,,,,,,,
Washington,WA,Altoona,,,,,,,,,0,0,America/Los_Angeles,,,,,,,,,,,,,
Washington,WA,Amanda Park,,,,,,,,98526,47.48591,-123.921,America/Los_Angeles,PST,-8,,,,,,,,,,,
Washington,WA,Amboy,,,,,,,,98601,45.92356,-122.45,America/Los_Angeles,PST,-8,,,,,,,,,,,
Washington,WA,Anacortes,,,,,,,,98221,48.49917,-122.607,America/Los_Angeles,PST,-8,,,,,,,,,,,
Washington,WA,Anatone,,,,,,,,99401,46.12159,-117.179,America/Los_Angeles,PST,-8,,,,,,,,,,,
Washington,WA,Arden,,,,,,,,,48.46018,-117.876,America/Los_Angeles,PST,-8,,,,,,,,,,,
Washington,WA,Ardenvoir,,,,,,,,98811,47.73735,-120.369,America/Los_Angeles,PST,-8,,,,,,,,,,,
Washington,WA,Ariel,,,,,,,,98603,45.99934,-122.442,America/Los_Angeles,PST,-8,,,,,,,,,,,
Washington,WA,Arlington,,,,,,,,98223,48.1815,-121.959,America/Los_Angeles,PST,-8,,,,,,,,,,,
Washington,WA,Artondale,,,,,,,,,47.30602,-122.636,America/Los_Angeles,PST,-8,,,,,,,,,,,
Washington,WA,Ashford,,,,,,,,98304,46.75261,-122.055,America/Los_Angeles,PST,-8,,,,,,,,,,,
Washington,WA,Asotin,,,,,,,,99402,46.33933,-117.048,America/Los_Angeles,PST,-8,,,,,,,,,,,
Washington,WA,Auburn,,,,,,,,98071###98001###98002###98092,47.3095,-122.264,America/Los_Angeles,PST,-8,,,,,,,,,,,
Washington,WA,Bainbridge Island,,,,,,,,98110,47.64777,-122.538,America/Los_Angeles,PST,-8,,,,,,,,,,,
Washington,WA,Bangor Trident Base,,,,,,,,,0,0,America/Los_Angeles,,,,,,,,,,,,,
Washington,WA,Baring,,,,,,,,98224,47.7671,-121.481,America/Los_Angeles,PST,-8,,,,,,,,,,,
Washington,WA,Battle Ground,,,,,,,,98604,45.80359,-122.532,America/Los_Angeles,PST,-8,,,,,,,,,,,
Washington,WA,Bay Center,,,,,,,,98527,46.62785,-123.955,America/Los_Angeles,PST,-8,,,,,,,,,,,
Washington,WA,Beacon Rock,,,,,,,,,0,0,America/Los_Angeles,,,,,,,,,,,,,
Washington,WA,Beaver,,,,,,,,98305,48.00609,-124.361,America/Los_Angeles,PST,-8,,,,,,,,,,,
Washington,WA,Belfair,,,,,,,,98528,47.43247,-122.929,America/Los_Angeles,PST,-8,,,,,,,,,,,
Washington,WA,Bellevue,,,,,,,,98007###98015###98009###98008###98006###98004###98005,47.61547,-122.207,America/Los_Angeles,PST,-8,,,,,,,,,,,
Washington,WA,Bellingham,,,,,,,,98225###98227###98228###98229###98226,48.75409,-122.508,America/Los_Angeles,PST,-8,,,,,,,,,,,
Washington,WA,Belmont,,,,,,,,99104,47.07935,-117.177,America/Los_Angeles,PST,-8,,,,,,,,,,,
Washington,WA,Benge,,,,,,,,99105,46.85913,-118.161,America/Los_Angeles,PST,-8,,,,,,,,,,,
Washington,WA,Benton City,,,,,,,,99320,46.24204,-119.484,America/Los_Angeles,PST,-8,,,,,,,,,,,
Washington,WA,Beverly,,,,,,,,99321,46.84499,-119.936,America/Los_Angeles,PST,-8,,,,,,,,,,,
Washington,WA,Big Lake,,,,,,,,,48.40275,-122.376,America/Los_Angeles,PST,-8,,,,,,,,,,,
Washington,WA,Bingen,,,,,,,,98605,45.71484,-121.465,America/Los_Angeles,PST,-8,,,,,,,,,,,
Washington,WA,Birch Bay,,,,,,,,,48.56596,-122.448,America/Los_Angeles,PST,-8,,,,,,,,,,,
Washington,WA,Black Diamond,,,,,,,,98010,47.31057,-121.999,America/Los_Angeles,PST,-8,,,,,,,,,,,
Washington,WA,Blaine,,,,,,,,98231###98230,48.95398,-122.712,America/Los_Angeles,PST,-8,,,,,,,,,,,
Washington,WA,Blanchard,,,,,,,,,48.59344,-122.417,America/Los_Angeles,PST,-8,,,,,,,,,,,
Washington,WA,Blyn,,,,,,,,,0,0,America/Los_Angeles,,,,,,,,,,,,,
Washington,WA,Boistfort,,,,,,,,,0,0,America/Los_Angeles,,,,,,,,,,,,,
Washington,WA,Bonney Lake,,,,,,,,98391,47.17705,-122.187,America/Los_Angeles,PST,-8,,,,,,,,,,,
Washington,WA,Bothell,,,,,,,,98012###98041###98021###98011###98082,47.75069,-122.214,America/Los_Angeles,PST,-8,,,,,,,,,,,
Washington,WA,Bow,,,,,,,,98232,48.56596,-122.448,America/Los_Angeles,PST,-8,,,,,,,,,,,
Washington,WA,Boyds,,,,,,,,99107,48.84269,-118.183,America/Los_Angeles,PST,-8,,,,,,,,,,,
Washington,WA,Bremerton,,,,,,,,98310###98337###98311###98314###98312,47.60648,-122.635,America/Los_Angeles,PST,-8,,,,,,,,,,,
Washington,WA,Brewster,,,,,,,,98812,48.09598,-119.781,America/Los_Angeles,PST,-8,,,,,,,,,,,
Washington,WA,Bridgeport,,,,,,,,98813,48.0082,-119.671,America/Los_Angeles,PST,-8,,,,,,,,,,,
Washington,WA,Brier,,,,,,,,,47.78454,-122.274,America/Los_Angeles,PST,-8,,,,,,,,,,,
Washington,WA,Brinnon,,,,,,,,98320,47.69829,-122.944,America/Los_Angeles,PST,-8,,,,,,,,,,,
Washington,WA,Brooklyn,,,,,,,,,40.6451,-73.945,America/Los_Angeles,EST,-5,,,,,,,,,,,
Washington,WA,Brush Prairie,,,,,,,,98606,45.73163,-122.477,America/Los_Angeles,PST,-8,,,,,,,,,,,
Washington,WA,Bryant,,,,,,,,,48.23899,-122.158,America/Los_Angeles,PST,-8,,,,,,,,,,,
Washington,WA,Bryn Mawr,,,,,,,,,47.50343,-122.233,America/Los_Angeles,PST,-8,,,,,,,,,,,
Washington,WA,Bryn Mawr-Skyway,,,,,,,,,47.4943,-122.241,America/Los_Angeles,PST,-8,,,,,,,,,,,
Washington,WA,Buckley,,,,,,,,98321,47.15235,-122.079,America/Los_Angeles,PST,-8,,,,,,,,,,,
Washington,WA,Bucoda,,,,,,,,98530,46.79822,-122.872,America/Los_Angeles,PST,-8,,,,,,,,,,,
Washington,WA,Burbank,,,,,,,,99323,46.1966,-118.902,America/Los_Angeles,PST,-8,,,,,,,,,,,
Washington,WA,Burien,,,,,,,,,0,0,America/Los_Angeles,,,,,,,,,,,,,
Washington,WA,Burlington,,,,,,,,98233,48.47566,-122.325,America/Los_Angeles,PST,-8,,,,,,,,,,,
Washington,WA,Camano,,,,,,,,,0,0,America/Los_Angeles,,,,,,,,,,,,,
Washington,WA,Camas,,,,,,,,98607,45.65649,-122.399,America/Los_Angeles,PST,-8,,,,,,,,,,,
Washington,WA,Camp Bonneville,,,,,,,,,0,0,America/Los_Angeles,,,,,,,,,,,,,
Washington,WA,Cape Disappointment,,,,,,,,,47.40732,-120.576,America/Los_Angeles,,,,,,,,,,,,,
Washington,WA,Cape Elizabeth,,,,,,,,,47.11259,-124.174,America/Los_Angeles,PST,-8,,,,,,,,,,,
Washington,WA,Cape Horn,,,,,,,,,0,0,America/Los_Angeles,,,,,,,,,,,,,
Washington,WA,Cape Shoalwater,,,,,,,,,0,0,America/Los_Angeles,,,,,,,,,,,,,
Washington,WA,Carbonado,,,,,,,,98323,47.05221,-122.026,America/Los_Angeles,PST,-8,,,,,,,,,,,
Washington,WA,Carlisle,,,,,,,,,0,0,America/Los_Angeles,,,,,,,,,,,,,
Washington,WA,Carlton,,,,,,,,98814,48.2482,-120.116,America/Los_Angeles,PST,-8,,,,,,,,,,,
Washington,WA,Carnation,,,,,,,,98014,47.66186,-121.927,America/Los_Angeles,PST,-8,,,,,,,,,,,
Washington,WA,Carrolls,,,,,,,,98609,46.07148,-122.865,America/Los_Angeles,PST,-8,,,,,,,,,,,
Washington,WA,Carson,,,,,,,,98610,45.78421,-121.842,America/Los_Angeles,PST,-8,,,,,,,,,,,
Washington,WA,Cascade Park,,,,,,,,,0,0,America/Los_Angeles,,,,,,,,,,,,,
Washington,WA,Cascade-Fairwood,,,,,,,,,0,0,America/Los_Angeles,,,,,,,,,,,,,
Washington,WA,Cashmere,,,,,,,,98815,47.52235,-120.47,America/Los_Angeles,PST,-8,,,,,,,,,,,
Washington,WA,Castle Rock,,,,,,,,98611,46.27511,-122.908,America/Los_Angeles,PST,-8,,,,,,,,,,,
Washington,WA,Cathan,,,,,,,,,0,0,America/Los_Angeles,,,,,,,,,,,,,
Washington,WA,Cathcart,,,,,,,,,0,0,America/Los_Angeles,,,,,,,,,,,,,
Washington,WA,Cathlamet,,,,,,,,98612,46.21463,-123.335,America/Los_Angeles,PST,-8,,,,,,,,,,,
Washington,WA,Cedar Falls,,,,,,,,,0,0,America/Los_Angeles,,,,,,,,,,,,,
Washington,WA,Cedonia,,,,,,,,,0,0,America/Los_Angeles,,,,,,,,,,,,,
Washington,WA,Central Park,,,,,,,,,46.97343,-123.692,America/Los_Angeles,PST,-8,,,,,,,,,,,
Washington,WA,Central Whidbey,,,,,,,,,46.71382,-123.01,America/Los_Angeles,PST,-8,,,,,,,,,,,
Washington,WA,Centralia,,,,,,,,98531,46.71382,-123.01,America/Los_Angeles,PST,-8,,,,,,,,,,,
Washington,WA,Chattaroy,,,,,,,,99003,47.92167,-117.263,America/Los_Angeles,PST,-8,,,,,,,,,,,
Washington,WA,Chehalis,,,,,,,,98532,46.61565,-123.025,America/Los_Angeles,PST,-8,,,,,,,,,,,
Washington,WA,Chelan,,,,,,,,98816,47.87699,-120.078,America/Los_Angeles,PST,-8,,,,,,,,,,,
Washington,WA,Chelatchie,,,,,,,,,45.92789,-122.38,America/Los_Angeles,PST,-8,,,,,,,,,,,
Washington,WA,Cheney,,,,,,,,99004,47.48739,-117.576,America/Los_Angeles,PST,-8,,,,,,,,,,,
Washington,WA,Chesaw,,,,,,,,,0,0,America/Los_Angeles,,,,,,,,,,,,,
Washington,WA,Chewelah,,,,,,,,99109,48.29318,-117.739,America/Los_Angeles,PST,-8,,,,,,,,,,,
Washington,WA,Chimacum,,,,,,,,98325,48.01092,-122.769,America/Los_Angeles,PST,-8,,,,,,,,,,,
Washington,WA,Chinook,,,,,,,,98614,46.27531,-123.942,America/Los_Angeles,PST,-8,,,,,,,,,,,
Washington,WA,Cinebar,,,,,,,,98533,46.57929,-122.569,America/Los_Angeles,PST,-8,,,,,,,,,,,
Washington,WA,Clallam Bay,,,,,,,,98326,48.19975,-124.39,America/Los_Angeles,PST,-8,,,,,,,,,,,
Washington,WA,Clark County Fairgrounds,,,,,,,,,0,0,America/Los_Angeles,,,,,,,,,,,,,
Washington,WA,Clarkston,,,,,,,,99403,46.36971,-117.226,America/Los_Angeles,PST,-8,,,,,,,,,,,
Washington,WA,Clarkston Heights,,,,,,,,,46.39627,-117.082,America/Los_Angeles,PST,-8,,,,,,,,,,,
Washington,WA,Clarkston Heights-Vineland,,,,,,,,,46.39627,-117.082,America/Los_Angeles,PST,-8,,,,,,,,,,,
Washington,WA,Clayton,,,,,,,,99110,48.00714,-117.558,America/Los_Angeles,PST,-8,,,,,,,,,,,
Washington,WA,Cle Elum,,,,,,,,98922,47.15656,-120.807,America/Los_Angeles,PST,-8,,,,,,,,,,,
Washington,WA,Clear Lake,,,,,,,,,48.46251,-122.234,America/Los_Angeles,PST,-8,,,,,,,,,,,
Washington,WA,Clearview,,,,,,,,,47.9556,-121.986,America/Los_Angeles,PST,-8,,,,,,,,,,,
Washington,WA,Clearwater,,,,,,,,,0,0,America/Los_Angeles,,,,,,,,,,,,,
Washington,WA,Clyde Hill,,,,,,,,,47.63177,-122.218,America/Los_Angeles,PST,-8,,,,,,,,,,,
Washington,WA,Colbert,,,,,,,,99005,47.85285,-117.338,America/Los_Angeles,PST,-8,,,,,,,,,,,
Washington,WA,Coldwater Lake,,,,,,,,,48.42658,-117.318,America/Los_Angeles,PST,-8,,,,,,,,,,,
Washington,WA,Coldwater Ridge Visitors Center,,,,,,,,,0,0,America/Los_Angeles,,,,,,,,,,,,,
Washington,WA,Colfax,,,,,,,,99111,46.88017,-117.364,America/Los_Angeles,PST,-8,,,,,,,,,,,
Washington,WA,College Place,,,,,,,,99324,46.04707,-118.409,America/Los_Angeles,PST,-8,,,,,,,,,,,
Washington,WA,Colton,,,,,,,,99113,46.57508,-117.207,America/Los_Angeles,PST,-8,,,,,,,,,,,
Washington,WA,Colville,,,,,,,,99114,48.67692,-117.809,America/Los_Angeles,PST,-8,,,,,,,,,,,
Washington,WA,Conconully,,,,,,,,98819,48.54691,-119.753,America/Los_Angeles,PST,-8,,,,,,,,,,,
Washington,WA,Concrete,,,,,,,,98237,48.50887,-121.697,America/Los_Angeles,PST,-8,,,,,,,,,,,
Washington,WA,Connell,,,,,,,,99326,46.59012,-118.898,America/Los_Angeles,PST,-8,,,,,,,,,,,
Washington,WA,Cook,,,,,,,,,0,0,America/Los_Angeles,,,,,,,,,,,,,
Washington,WA,Cosmopolis,,,,,,,,98537,46.87816,-123.645,America/Los_Angeles,PST,-8,,,,,,,,,,,
Washington,WA,Cottage Lake,,,,,,,,,48.42658,-117.318,America/Los_Angeles,PST,-8,,,,,,,,,,,
Washington,WA,Cougar,,,,,,,,98616,46.0515,-122.3,America/Los_Angeles,PST,-8,,,,,,,,,,,
Washington,WA,Coulee City,,,,,,,,99115,47.61126,-119.292,America/Los_Angeles,PST,-8,,,,,,,,,,,
Washington,WA,Coulee Dam,,,,,,,,99116,48.03789,-118.942,America/Los_Angeles,PST,-8,,,,,,,,,,,
Washington,WA,Coupeville,,,,,,,,98239,48.1894,-122.668,America/Los_Angeles,PST,-8,,,,,,,,,,,
Washington,WA,Covington,,,,,,,,,0,0,America/Los_Angeles,,,,,,,,,,,,,
Washington,WA,Covington-Sawyer-W,,,,,,,,,46.45652,-120.361,America/Los_Angeles,PST,-8,,,,,,,,,,,
Washington,WA,Creston,,,,,,,,99117,47.64418,-118.451,America/Los_Angeles,PST,-8,,,,,,,,,,,
Washington,WA,Crystal Mountain,,,,,,,,,0,0,America/Los_Angeles,,,,,,,,,,,,,
Washington,WA,Cunningham,,,,,,,,,46.82893,-118.829,America/Los_Angeles,PST,-8,,,,,,,,,,,
Washington,WA,Curlew,,,,,,,,99118,48.89473,-118.67,America/Los_Angeles,PST,-8,,,,,,,,,,,
Washington,WA,Curtis,,,,,,,,98538,46.49564,-123.147,America/Los_Angeles,PST,-8,,,,,,,,,,,
Washington,WA,Cusick,,,,,,,,99119,48.51041,-117.348,America/Los_Angeles,PST,-8,,,,,,,,,,,
Washington,WA,Danville,,,,,,,,99121,48.95402,-118.506,America/Los_Angeles,PST,-8,,,,,,,,,,,
Washington,WA,Darrington,,,,,,,,98241,48.23954,-121.589,America/Los_Angeles,PST,-8,,,,,,,,,,,
Washington,WA,Davenport,,,,,,,,99122,47.7123,-118.122,America/Los_Angeles,PST,-8,,,,,,,,,,,
Washington,WA,Dayton,,,,,,,,99328,46.39268,-117.95,America/Los_Angeles,PST,-8,,,,,,,,,,,
Washington,WA,Deep Creek,,,,,,,,,0,0,America/Los_Angeles,,,,,,,,,,,,,
Washington,WA,Deep River,,,,,,,,,46.34844,-123.685,America/Los_Angeles,PST,-8,,,,,,,,,,,
Washington,WA,Deer Park,,,,,,,,99006,47.95434,-117.477,America/Los_Angeles,PST,-8,,,,,,,,,,,
Washington,WA,Deming,,,,,,,,98244,48.80177,-122.092,America/Los_Angeles,PST,-8,,,,,,,,,,,
Washington,WA,Des Moines,,,,,,,,,0,0,America/Los_Angeles,,,,,,,,,,,,,
Washington,WA,Desert Aire,,,,,,,,,0,0,America/Los_Angeles,,,,,,,,,,,,,
Washington,WA,Diablo,,,,,,,,,0,0,America/Los_Angeles,,,,,,,,,,,,,
Washington,WA,Diamond,,,,,,,,,46.91794,-117.489,America/Los_Angeles,PST,-8,,,,,,,,,,,
Washington,WA,Diamond Lake,,,,,,,,,48.12185,-117.199,America/Los_Angeles,PST,-8,,,,,,,,,,,
Washington,WA,Disautel,,,,,,,,,0,0,America/Los_Angeles,,,,,,,,,,,,,
Washington,WA,Discovery Bay,,,,,,,,,47.99009,-122.892,America/Los_Angeles,PST,-8,,,,,,,,,,,
Washington,WA,Dishman,,,,,,,,,47.65684,-117.283,America/Los_Angeles,PST,-8,,,,,,,,,,,
Washington,WA,Dodge,,,,,,,,,0,0,America/Los_Angeles,,,,,,,,,,,,,
Washington,WA,Doty,,,,,,,,98539,46.63783,-123.28,America/Los_Angeles,PST,-8,,,,,,,,,,,
Washington,WA,Douglas,,,,,,,,,0,0,America/Los_Angeles,,,,,,,,,,,,,
Washington,WA,Dryden,,,,,,,,98821,47.54123,-120.561,America/Los_Angeles,PST,-8,,,,,,,,,,,
Washington,WA,Dungeness,,,,,,,,,48.14676,-123.123,America/Los_Angeles,PST,-8,,,,,,,,,,,
Washington,WA,DuPont,,,,,,,,98327,47.09676,-122.631,America/Los_Angeles,PST,-8,,,,,,,,,,,
Washington,WA,Dusty,,,,,,,,,0,0,America/Los_Angeles,,,,,,,,,,,,,
Washington,WA,Duvall,,,,,,,,98019,47.73459,-121.932,America/Los_Angeles,PST,-8,,,,,,,,,,,
Washington,WA,East Hill-Meridian,,,,,,,,,46.55844,-122.275,America/Los_Angeles,PST,-8,,,,,,,,,,,
Washington,WA,East Renton Highlands,,,,,,,,,47.44698,-122.202,America/Los_Angeles,PST,-8,,,,,,,,,,,
Washington,WA,East Seattle,,,,,,,,,47.43225,-121.803,America/Los_Angeles,PST,-8,,,,,,,,,,,
Washington,WA,East Wenatchee,,,,,,,,98802,47.49783,-120.214,America/Los_Angeles,PST,-8,,,,,,,,,,,
Washington,WA,East Wenatchee Bench,,,,,,,,,47.42359,-120.337,America/Los_Angeles,PST,-8,,,,,,,,,,,
Washington,WA,East Whatcom,,,,,,,,,0,0,America/Los_Angeles,,,,,,,,,,,,,
Washington,WA,Eastgate,,,,,,,,,47.61383,-122.144,America/Los_Angeles,PST,-8,,,,,,,,,,,
Washington,WA,Eastsound,,,,,,,,98245,48.65913,-122.868,America/Los_Angeles,PST,-8,,,,,,,,,,,
Washington,WA,Eatonville,,,,,,,,98328,46.90484,-122.301,America/Los_Angeles,PST,-8,,,,,,,,,,,
Washington,WA,Edgewood,,,,,,,,,0,0,America/Los_Angeles,,,,,,,,,,,,,
Washington,WA,Edison,,,,,,,,,48.56233,-122.444,America/Los_Angeles,PST,-8,,,,,,,,,,,
Washington,WA,Edmonds,,,,,,,,98020###98026,47.80607,-122.372,America/Los_Angeles,PST,-8,,,,,,,,,,,
Washington,WA,Edwall,,,,,,,,99008,47.5046,-117.951,America/Los_Angeles,PST,-8,,,,,,,,,,,
Washington,WA,Elbe,,,,,,,,98330,46.77771,-122.202,America/Los_Angeles,PST,-8,,,,,,,,,,,
Washington,WA,Electric City,,,,,,,,99123,47.91307,-119.043,America/Los_Angeles,PST,-8,,,,,,,,,,,
Washington,WA,Elk,,,,,,,,99009,47.99236,-117.266,America/Los_Angeles,PST,-8,,,,,,,,,,,
Washington,WA,Elk Plain,,,,,,,,,47.76262,-120.657,America/Los_Angeles,PST,-8,,,,,,,,,,,
Washington,WA,Elkhorn Mountain,,,,,,,,,0,0,America/Los_Angeles,,,,,,,,,,,,,
Washington,WA,Ellensburg,,,,,,,,98926,47.02808,-120.49,America/Los_Angeles,PST,-8,,,,,,,,,,,
Washington,WA,Ellisforde,,,,,,,,,48.78988,-119.401,America/Los_Angeles,PST,-8,,,,,,,,,,,
Washington,WA,Ellsworth,,,,,,,,,0,0,America/Los_Angeles,,,,,,,,,,,,,
Washington,WA,Elma,,,,,,,,98541,47.00343,-123.409,America/Los_Angeles,PST,-8,,,,,,,,,,,
Washington,WA,Elmer City,,,,,,,,99124,47.99793,-118.954,America/Los_Angeles,PST,-8,,,,,,,,,,,
Washington,WA,Endicott,,,,,,,,99125,46.91197,-117.703,America/Los_Angeles,PST,-8,,,,,,,,,,,
Washington,WA,Entiat,,,,,,,,98822,47.77487,-120.356,America/Los_Angeles,PST,-8,,,,,,,,,,,
Washington,WA,Enumclaw,,,,,,,,98022,47.23411,-121.904,America/Los_Angeles,PST,-8,,,,,,,,,,,
Washington,WA,Enumclaw Plateau,,,,,,,,,47.23411,-121.904,America/Los_Angeles,PST,-8,,,,,,,,,,,
Washington,WA,Ephrata,,,,,,,,98823,47.31764,-119.554,America/Los_Angeles,PST,-8,,,,,,,,,,,
Washington,WA,Esperance,,,,,,,,,0,0,America/Los_Angeles,,,,,,,,,,,,,
Washington,WA,Evans,,,,,,,,99126,48.74067,-117.973,America/Los_Angeles,PST,-8,,,,,,,,,,,
Washington,WA,Everett,,,,,,,,98201###98206###98203###98208###98213###98204###98207,47.98866,-122.2,America/Los_Angeles,PST,-8,,,,,,,,,,,
Washington,WA,Evergreen,,,,,,,,,45.6885,-122.578,America/Los_Angeles,PST,-8,,,,,,,,,,,
Washington,WA,Everson,,,,,,,,98247,48.90438,-122.322,America/Los_Angeles,PST,-8,,,,,,,,,,,
Washington,WA,Ewen,,,,,,,,,0,0,America/Los_Angeles,,,,,,,,,,,,,
Washington,WA,Fairchild Afb,,,,,,,,,47.63316,-117.655,America/Los_Angeles,PST,-8,,,,,,,,,,,
Washington,WA,Fairfield,,,,,,,,99012,47.40525,-117.173,America/Los_Angeles,PST,-8,,,,,,,,,,,
Washington,WA,Fairview-Sumach,,,,,,,,,0,0,America/Los_Angeles,,,,,,,,,,,,,
Washington,WA,Fairwood,,,,,,,,,0,0,America/Los_Angeles,,,,,,,,,,,,,
Washington,WA,Fall City,,,,,,,,98024,47.56682,-121.902,America/Los_Angeles,PST,-8,,,,,,,,,,,
Washington,WA,Fargher Lake,,,,,,,,,48.42658,-117.318,America/Los_Angeles,PST,-8,,,,,,,,,,,
Washington,WA,Farmington,,,,,,,,99128,47.08934,-117.044,America/Los_Angeles,PST,-8,,,,,,,,,,,
Washington,WA,Federal Way,,,,,,,,98063###98003###98093###98023,47.30771,-122.316,America/Los_Angeles,PST,-8,,,,,,,,,,,
Washington,WA,Felida,,,,,,,,,0,0,America/Los_Angeles,,,,,,,,,,,,,
Washington,WA,Ferndale,,,,,,,,98248,48.86111,-122.609,America/Los_Angeles,PST,-8,,,,,,,,,,,
Washington,WA,Fife,,,,,,,,,0,0,America/Los_Angeles,,,,,,,,,,,,,
Washington,WA,Finley,,,,,,,,,0,0,America/Los_Angeles,,,,,,,,,,,,,
Washington,WA,Fircrest,,,,,,,,,0,0,America/Los_Angeles,,,,,,,,,,,,,
Washington,WA,Five Corners,,,,,,,,,0,0,America/Los_Angeles,,,,,,,,,,,,,
Washington,WA,Ford,,,,,,,,99013,47.91337,-117.797,America/Los_Angeles,PST,-8,,,,,,,,,,,
Washington,WA,Fords Prairie,,,,,,,,,46.7351,-122.989,America/Los_Angeles,PST,-8,,,,,,,,,,,
Washington,WA,Forks,,,,,,,,98331,47.95036,-124.385,America/Los_Angeles,PST,-8,,,,,,,,,,,
Washington,WA,Fort Lewis,,,,,,,,,0,0,America/Los_Angeles,,,,,,,,,,,,,
Washington,WA,Four Lakes,,,,,,,,99014,47.55988,-117.596,America/Los_Angeles,PST,-8,,,,,,,,,,,
Washington,WA,Fox Island,,,,,,,,98333,47.24801,-122.629,America/Los_Angeles,PST,-8,,,,,,,,,,,
Washington,WA,Frances,,,,,,,,,46.54233,-123.505,America/Los_Angeles,PST,-8,,,,,,,,,,,
Washington,WA,Frederickson,,,,,,,,,0,0,America/Los_Angeles,,,,,,,,,,,,,
Washington,WA,Freeland,,,,,,,,98249,48.01958,-122.54,America/Los_Angeles,PST,-8,,,,,,,,,,,
Washington,WA,Friday Harbor,,,,,,,,98250,48.53818,-123.068,America/Los_Angeles,PST,-8,,,,,,,,,,,
Washington,WA,Fruitland,,,,,,,,99129,48.00508,-118.229,America/Los_Angeles,PST,-8,,,,,,,,,,,
Washington,WA,Fruitvale,,,,,,,,,46.6179,-120.553,America/Los_Angeles,PST,-8,,,,,,,,,,,
Washington,WA,Gardiner,,,,,,,,,48.04981,-122.916,America/Los_Angeles,PST,-8,,,,,,,,,,,
Washington,WA,Garfield,,,,,,,,99130,47.00795,-117.141,America/Los_Angeles,PST,-8,,,,,,,,,,,
Washington,WA,Garrett,,,,,,,,,0,0,America/Los_Angeles,,,,,,,,,,,,,
Washington,WA,George,,,,,,,,98824,47.07924,-119.86,America/Los_Angeles,PST,-8,,,,,,,,,,,
Washington,WA,Gifford,,,,,,,,99131,48.26851,-118.114,America/Los_Angeles,PST,-8,,,,,,,,,,,
Washington,WA,Gig Harbor,,,,,,,,98329###98332###98335,47.3695,-122.715,America/Los_Angeles,PST,-8,,,,,,,,,,,
Washington,WA,Gig Harbor Peninsula,,,,,,,,,47.3695,-122.715,America/Los_Angeles,PST,-8,,,,,,,,,,,
Washington,WA,Glacier,,,,,,,,,48.89012,-121.946,America/Los_Angeles,PST,-8,,,,,,,,,,,
Washington,WA,Glenoma,,,,,,,,98336,46.53912,-122.1,America/Los_Angeles,PST,-8,,,,,,,,,,,
Washington,WA,Gold Bar,,,,,,,,98251,47.83311,-121.637,America/Los_Angeles,PST,-8,,,,,,,,,,,
Washington,WA,Goldendale,,,,,,,,98620,45.84067,-120.769,America/Los_Angeles,PST,-8,,,,,,,,,,,
Washington,WA,Graham,,,,,,,,98338,47.03282,-122.285,America/Los_Angeles,PST,-8,,,,,,,,,,,
Washington,WA,Graham-Thrift,,,,,,,,,47.04519,-122.287,America/Los_Angeles,PST,-8,,,,,,,,,,,
Washington,WA,Grand Coulee,,,,,,,,99133,47.94154,-119.003,America/Los_Angeles,PST,-8,,,,,,,,,,,
Washington,WA,Grand Mound,,,,,,,,,46.78788,-123.011,America/Los_Angeles,PST,-8,,,,,,,,,,,
Washington,WA,Grandview,,,,,,,,98930,46.25097,-119.902,America/Los_Angeles,PST,-8,,,,,,,,,,,
Washington,WA,Granger,,,,,,,,98932,46.34016,-120.155,America/Los_Angeles,PST,-8,,,,,,,,,,,
Washington,WA,Granite Falls,,,,,,,,98252,48.07489,-121.798,America/Los_Angeles,PST,-8,,,,,,,,,,,
Washington,WA,Grayland,,,,,,,,98547,46.82641,-124.094,America/Los_Angeles,PST,-8,,,,,,,,,,,
Washington,WA,Grays River,,,,,,,,98621,46.35546,-123.598,America/Los_Angeles,PST,-8,,,,,,,,,,,
Washington,WA,Green Acres,,,,,,,,,47.62278,-117.138,America/Los_Angeles,PST,-8,,,,,,,,,,,
Washington,WA,Greenwater,,,,,,,,,47.15594,-121.65,America/Los_Angeles,PST,-8,,,,,,,,,,,
Washington,WA,Grisdale,,,,,,,,,47.35703,-123.612,America/Los_Angeles,PST,-8,,,,,,,,,,,
Washington,WA,Hamilton,,,,,,,,98255,48.52546,-121.989,America/Los_Angeles,PST,-8,,,,,,,,,,,
Washington,WA,Harbour Pointe,,,,,,,,,0,0,America/Los_Angeles,,,,,,,,,,,,,
Washington,WA,Harrah,,,,,,,,98933,46.40429,-120.544,America/Los_Angeles,PST,-8,,,,,,,,,,,
Washington,WA,Harrington,,,,,,,,99134,47.47823,-118.254,America/Los_Angeles,PST,-8,,,,,,,,,,,
Washington,WA,Hartline,,,,,,,,99135,47.61151,-119.084,America/Los_Angeles,PST,-8,,,,,,,,,,,
Washington,WA,Hatton,,,,,,,,,46.77062,-118.8,America/Los_Angeles,PST,-8,,,,,,,,,,,
Washington,WA,Hay,,,,,,,,99136,46.6973,-117.942,America/Los_Angeles,PST,-8,,,,,,,,,,,
Washington,WA,Hazel Dell,,,,,,,,,45.67151,-122.663,America/Los_Angeles,PST,-8,,,,,,,,,,,
Washington,WA,Hazel Dell North,,,,,,,,,45.68606,-122.652,America/Los_Angeles,PST,-8,,,,,,,,,,,
Washington,WA,Hazel Dell South,,,,,,,,,45.6885,-122.578,America/Los_Angeles,PST,-8,,,,,,,,,,,
Washington,WA,Heisson,,,,,,,,98622,45.80159,-122.52,America/Los_Angeles,PST,-8,,,,,,,,,,,
Washington,WA,Highland,,,,,,,,,45.90956,-122.619,America/Los_Angeles,PST,-8,,,,,,,,,,,
Washington,WA,Hobart,,,,,,,,98025,47.59156,-122.056,America/Los_Angeles,PST,-8,,,,,,,,,,,
Washington,WA,Hockinson,,,,,,,,,45.7379,-122.487,America/Los_Angeles,PST,-8,,,,,,,,,,,
Washington,WA,Holly,,,,,,,,,47.58085,-122.784,America/Los_Angeles,PST,-8,,,,,,,,,,,
Washington,WA,Home Valley,,,,,,,,,48.12459,-117.763,America/Los_Angeles,PST,-8,,,,,,,,,,,
Washington,WA,Hoodsport,,,,,,,,98548,47.44697,-123.199,America/Los_Angeles,PST,-8,,,,,,,,,,,
Washington,WA,Hoquiam,,,,,,,,98550,46.98092,-123.889,America/Los_Angeles,PST,-8,,,,,,,,,,,
Washington,WA,Humptulips,,,,,,,,98552,47.3429,-123.929,America/Los_Angeles,PST,-8,,,,,,,,,,,
Washington,WA,Hunters,,,,,,,,99137,48.1504,-118.077,America/Los_Angeles,PST,-8,,,,,,,,,,,
Washington,WA,Hunts Point,,,,,,,,,47.64343,-122.23,America/Los_Angeles,PST,-8,,,,,,,,,,,
Washington,WA,Hurricane Ridge,,,,,,,,,0,0,America/Los_Angeles,,,,,,,,,,,,,
Washington,WA,Ilwaco,,,,,,,,98624,46.31719,-123.999,America/Los_Angeles,PST,-8,,,,,,,,,,,
Washington,WA,Inchelium,,,,,,,,99138,48.26857,-118.305,America/Los_Angeles,PST,-8,,,,,,,,,,,
Washington,WA,Index,,,,,,,,98256,47.81179,-121.55,America/Los_Angeles,PST,-8,,,,,,,,,,,
Washington,WA,Indian Heaven Wilderness,,,,,,,,,48.6876,-123.037,America/Los_Angeles,PST,-8,,,,,,,,,,,
Washington,WA,Indianola,,,,,,,,98342,47.75442,-122.513,America/Los_Angeles,PST,-8,,,,,,,,,,,
Washington,WA,Inglewood-Finn Hill,,,,,,,,,47.75334,-122.202,America/Los_Angeles,PST,-8,,,,,,,,,,,
Washington,WA,Ione,,,,,,,,99139,48.73771,-117.365,America/Los_Angeles,PST,-8,,,,,,,,,,,
Washington,WA,Irby,,,,,,,,,0,0,America/Los_Angeles,,,,,,,,,,,,,
Washington,WA,Issaquah,,,,,,,,98029###98027,47.49742,-122.011,America/Los_Angeles,PST,-8,,,,,,,,,,,
Washington,WA,Issaquah Plateau,,,,,,,,,47.49742,-122.011,America/Los_Angeles,PST,-8,,,,,,,,,,,
Washington,WA,John Sam Lake,,,,,,,,,48.42658,-117.318,America/Los_Angeles,PST,-8,,,,,,,,,,,
Washington,WA,Johnston Ridge Visitors Center,,,,,,,,,0,0,America/Los_Angeles,,,,,,,,,,,,,
Washington,WA,Joyce,,,,,,,,98343,48.18315,-123.873,America/Los_Angeles,PST,-8,,,,,,,,,,,
Washington,WA,Kahlotus,,,,,,,,99335,46.67785,-118.534,America/Los_Angeles,PST,-8,,,,,,,,,,,
Washington,WA,Kalama,,,,,,,,98625,46.00211,-122.722,America/Los_Angeles,PST,-8,,,,,,,,,,,
Washington,WA,Kapowsin,,,,,,,,98344,46.98992,-122.223,America/Los_Angeles,PST,-8,,,,,,,,,,,
Washington,WA,Keller,,,,,,,,99140,48.07877,-118.685,America/Los_Angeles,PST,-8,,,,,,,,,,,
Washington,WA,Kelso,,,,,,,,98626,46.14727,-122.825,America/Los_Angeles,PST,-8,,,,,,,,,,,
Washington,WA,Kenmore,,,,,,,,98028,47.75732,-122.244,America/Los_Angeles,PST,-8,,,,,,,,,,,
Washington,WA,Kennewick,,,,,,,,99338###99337###99336,46.21231,-119.156,America/Los_Angeles,PST,-8,,,,,,,,,,,
Washington,WA,Kent,,,,,,,,98031###98032###98030###98035###98064###98042###98089,47.40548,-122.196,America/Los_Angeles,PST,-8,,,,,,,,,,,
Washington,WA,Kettle Falls,,,,,,,,99141,48.61074,-118.056,America/Los_Angeles,PST,-8,,,,,,,,,,,
Washington,WA,Kingsgate,,,,,,,,,0,0,America/Los_Angeles,,,,,,,,,,,,,
Washington,WA,Kingston,,,,,,,,98346,47.83448,-122.547,America/Los_Angeles,PST,-8,,,,,,,,,,,
Washington,WA,Kirkland,,,,,,,,98034###98033###98083,47.67326,-122.187,America/Los_Angeles,PST,-8,,,,,,,,,,,
Washington,WA,Kittitas,,,,,,,,98934,46.98065,-120.416,America/Los_Angeles,PST,-8,,,,,,,,,,,
Washington,WA,Klipsan Beach,,,,,,,,,0,0,America/Los_Angeles,,,,,,,,,,,,,
Washington,WA,Knappton,,,,,,,,,0,0,America/Los_Angeles,,,,,,,,,,,,,
Washington,WA,Krupp,,,,,,,,,0,0,America/Los_Angeles,,,,,,,,,,,,,
Washington,WA,La Center,,,,,,,,98629,45.88146,-122.615,America/Los_Angeles,PST,-8,,,,,,,,,,,
Washington,WA,La Conner,,,,,,,,98257,48.41412,-122.508,America/Los_Angeles,PST,-8,,,,,,,,,,,
Washington,WA,La Crosse,,,,,,,,,46.75988,-117.729,America/Los_Angeles,PST,-8,,,,,,,,,,,
Washington,WA,La Push,,,,,,,,98350,47.9052,-124.626,America/Los_Angeles,PST,-8,,,,,,,,,,,
Washington,WA,Lacamas Lake,,,,,,,,,46.56094,-122.652,America/Los_Angeles,PST,-8,,,,,,,,,,,
Washington,WA,Lacey,,,,,,,,98509###98503,47.02642,-122.797,America/Los_Angeles,PST,-8,,,,,,,,,,,
Washington,WA,Lake Forest Park,,,,,,,,,0,0,America/Los_Angeles,,,,,,,,,,,,,
Washington,WA,Lake Goodwin,,,,,,,,,0,0,America/Los_Angeles,,,,,,,,,,,,,
Washington,WA,Lake Merwin,,,,,,,,,0,0,America/Los_Angeles,,,,,,,,,,,,,
Washington,WA,Lake Morton-Berrydale,,,,,,,,,46.55844,-122.275,America/Los_Angeles,PST,-8,,,,,,,,,,,
Washington,WA,Lake Serene-North,,,,,,,,,0,0,America/Los_Angeles,,,,,,,,,,,,,
Washington,WA,Lake Shore,,,,,,,,,45.69067,-122.691,America/Los_Angeles,PST,-8,,,,,,,,,,,
Washington,WA,Lake Stevens,,,,,,,,98258,48.04675,-122.056,America/Los_Angeles,PST,-8,,,,,,,,,,,
Washington,WA,Lakeland North,,,,,,,,,0,0,America/Los_Angeles,,,,,,,,,,,,,
Washington,WA,Lakeland South,,,,,,,,,0,0,America/Los_Angeles,,,,,,,,,,,,,
Washington,WA,Lakewood,,,,,,,,98496###98499###98497###98498###98439,47.12867,-122.51,America/Los_Angeles,PST,-8,,,,,,,,,,,
Washington,WA,Lamona,,,,,,,,99144,47.35932,-118.482,America/Los_Angeles,PST,-8,,,,,,,,,,,
Washington,WA,Lamont,,,,,,,,99017,47.20155,-117.905,America/Los_Angeles,PST,-8,,,,,,,,,,,
Washington,WA,Langley,,,,,,,,98260,48.03182,-122.459,America/Los_Angeles,PST,-8,,,,,,,,,,,
Washington,WA,Larch Mountain,,,,,,,,,0,0,America/Los_Angeles,,,,,,,,,,,,,
Washington,WA,Latah,,,,,,,,99018,47.29989,-117.139,America/Los_Angeles,PST,-8,,,,,,,,,,,
Washington,WA,Lauier,,,,,,,,,0,0,America/Los_Angeles,,,,,,,,,,,,,
Washington,WA,Laveview Park,,,,,,,,,0,0,America/Los_Angeles,,,,,,,,,,,,,
Washington,WA,Lawrence,,,,,,,,,48.85762,-122.293,America/Los_Angeles,PST,-8,,,,,,,,,,,
Washington,WA,Lea Hill,,,,,,,,,47.58085,-122.784,America/Los_Angeles,PST,-8,,,,,,,,,,,
Washington,WA,Leadbetter Point,,,,,,,,,0,0,America/Los_Angeles,,,,,,,,,,,,,
Washington,WA,Leavenworth,,,,,,,,98826,47.6951,-120.799,America/Los_Angeles,PST,-8,,,,,,,,,,,
Washington,WA,Leavenworth-Lake Wenatchee,,,,,,,,,47.4449,-120.35,America/Los_Angeles,PST,-8,,,,,,,,,,,
Washington,WA,Lebam,,,,,,,,98554,46.56138,-123.548,America/Los_Angeles,PST,-8,,,,,,,,,,,
Washington,WA,Leland,,,,,,,,,48.0344,-122.839,America/Los_Angeles,PST,-8,,,,,,,,,,,
Washington,WA,Lexington,,,,,,,,,46.18733,-122.905,America/Los_Angeles,PST,-8,,,,,,,,,,,
Washington,WA,Liberty Lake,,,,,,,,99019,47.65164,-117.086,America/Los_Angeles,PST,-8,,,,,,,,,,,
Washington,WA,Lilliwaup,,,,,,,,98555,47.53228,-123.05,America/Los_Angeles,PST,-8,,,,,,,,,,,
Washington,WA,Lincoln,,,,,,,,99147,47.82905,-118.415,America/Los_Angeles,PST,-8,,,,,,,,,,,
Washington,WA,Lind,,,,,,,,99341,46.90423,-118.691,America/Los_Angeles,PST,-8,,,,,,,,,,,
Washington,WA,Littlerock,,,,,,,,98556,46.90238,-123.017,America/Los_Angeles,PST,-8,,,,,,,,,,,
Washington,WA,Long Beach,,,,,,,,98631,46.3768,-123.996,America/Los_Angeles,PST,-8,,,,,,,,,,,
Washington,WA,Longmire,,,,,,,,98397,47.06619,-122.113,America/Los_Angeles,PST,-8,,,,,,,,,,,
Washington,WA,Longview,,,,,,,,98632,46.18187,-123.058,America/Los_Angeles,PST,-8,,,,,,,,,,,
Washington,WA,Loomis,,,,,,,,98827,48.89251,-119.721,America/Los_Angeles,PST,-8,,,,,,,,,,,
Washington,WA,Loon Lake,,,,,,,,99148,48.10717,-117.628,America/Los_Angeles,PST,-8,,,,,,,,,,,
Washington,WA,Lower Peninsula,,,,,,,,,0,0,America/Los_Angeles,,,,,,,,,,,,,
Washington,WA,Lucerne,,,,,,,,,48.20236,-120.591,America/Los_Angeles,PST,-8,,,,,,,,,,,
Washington,WA,Lyman,,,,,,,,98263,48.52372,-122.065,America/Los_Angeles,PST,-8,,,,,,,,,,,
Washington,WA,Lynden,,,,,,,,98264,48.93233,-122.436,America/Los_Angeles,PST,-8,,,,,,,,,,,
Washington,WA,Lynnwood,,,,,,,,98046###98036###98037###98087,47.80487,-122.285,America/Los_Angeles,PST,-8,,,,,,,,,,,
Washington,WA,Mabton,,,,,,,,98935,46.16524,-120.05,America/Los_Angeles,PST,-8,,,,,,,,,,,
Washington,WA,Malaga,,,,,,,,98828,47.31954,-120.173,America/Los_Angeles,PST,-8,,,,,,,,,,,
Washington,WA,Malden,,,,,,,,99149,47.22878,-117.473,America/Los_Angeles,PST,-8,,,,,,,,,,,
Washington,WA,Malo,,,,,,,,99150,48.811,-118.604,America/Los_Angeles,PST,-8,,,,,,,,,,,
Washington,WA,Malone,,,,,,,,98559,46.95892,-123.327,America/Los_Angeles,PST,-8,,,,,,,,,,,
Washington,WA,Malott,,,,,,,,98829,48.248,-119.752,America/Los_Angeles,PST,-8,,,,,,,,,,,
Washington,WA,Maltby,,,,,,,,,47.9556,-121.986,America/Los_Angeles,PST,-8,,,,,,,,,,,
Washington,WA,Mansfield,,,,,,,,98830,47.84774,-119.526,America/Los_Angeles,PST,-8,,,,,,,,,,,
Washington,WA,Manson,,,,,,,,98831,47.88486,-120.158,America/Los_Angeles,PST,-8,,,,,,,,,,,
Washington,WA,Maple Falls,,,,,,,,98266,48.92429,-122.077,America/Los_Angeles,PST,-8,,,,,,,,,,,
Washington,WA,Maple Valley,,,,,,,,98038,47.4093,-121.969,America/Los_Angeles,PST,-8,,,,,,,,,,,
Washington,WA,Marblemount,,,,,,,,98267,48.53693,-121.437,America/Los_Angeles,PST,-8,,,,,,,,,,,
Washington,WA,Marcus,,,,,,,,99151,48.66324,-118.068,America/Los_Angeles,PST,-8,,,,,,,,,,,
Washington,WA,Marietta,,,,,,,,,48.78705,-122.58,America/Los_Angeles,PST,-8,,,,,,,,,,,
Washington,WA,Markham,,,,,,,,,46.90537,-123.998,America/Los_Angeles,PST,-8,,,,,,,,,,,
Washington,WA,Marlin,,,,,,,,98832,47.30139,-119.064,America/Los_Angeles,PST,-8,,,,,,,,,,,
Washington,WA,Marshall,,,,,,,,99020,47.5626,-117.497,America/Los_Angeles,PST,-8,,,,,,,,,,,
Washington,WA,Martha Lake,,,,,,,,,48.42658,-117.318,America/Los_Angeles,PST,-8,,,,,,,,,,,
Washington,WA,Marysville,,,,,,,,98271###98270,48.04958,-122.162,America/Los_Angeles,PST,-8,,,,,,,,,,,
Washington,WA,Matlock,,,,,,,,98560,47.2636,-123.441,America/Los_Angeles,PST,-8,,,,,,,,,,,
Washington,WA,Mattawa,,,,,,,,99349,46.73096,-119.778,America/Los_Angeles,PST,-8,,,,,,,,,,,
Washington,WA,Maytown,,,,,,,,,46.9745,-122.876,America/Los_Angeles,PST,-8,,,,,,,,,,,
Washington,WA,Mayview,,,,,,,,,0,0,America/Los_Angeles,,,,,,,,,,,,,
Washington,WA,Mazama,,,,,,,,98833,48.61953,-120.458,America/Los_Angeles,PST,-8,,,,,,,,,,,
Washington,WA,Mccleary,,,,,,,,98557,47.02972,-123.273,America/Los_Angeles,PST,-8,,,,,,,,,,,
Washington,WA,Mcloughlin Heights,,,,,,,,,0,0,America/Los_Angeles,,,,,,,,,,,,,
Washington,WA,Mead,,,,,,,,99021,47.83407,-117.24,America/Los_Angeles,PST,-8,,,,,,,,,,,
Washington,WA,Medical Lake,,,,,,,,99022,47.61501,-117.704,America/Los_Angeles,PST,-8,,,,,,,,,,,
Washington,WA,Medina,,,,,,,,98039,47.62692,-122.231,America/Los_Angeles,PST,-8,,,,,,,,,,,
Washington,WA,Megler,,,,,,,,,0,0,America/Los_Angeles,,,,,,,,,,,,,
Washington,WA,Melbourne,,,,,,,,,46.94537,-123.626,America/Los_Angeles,PST,-8,,,,,,,,,,,
Washington,WA,Menlo,,,,,,,,98561,46.51463,-123.769,America/Los_Angeles,PST,-8,,,,,,,,,,,
Washington,WA,Mercer Island,,,,,,,,98040,47.56025,-122.228,America/Los_Angeles,PST,-8,,,,,,,,,,,
Washington,WA,Mesa,,,,,,,,99343,46.57794,-119.162,America/Los_Angeles,PST,-8,,,,,,,,,,,
Washington,WA,Metaline,,,,,,,,99152,48.85047,-117.391,America/Los_Angeles,PST,-8,,,,,,,,,,,
Washington,WA,Metaline Falls,,,,,,,,99153,48.86381,-117.372,America/Los_Angeles,PST,-8,,,,,,,,,,,
Washington,WA,Methow,,,,,,,,98834,48.13952,-120.046,America/Los_Angeles,PST,-8,,,,,,,,,,,
Washington,WA,Mica,,,,,,,,99023,47.55773,-117.184,America/Los_Angeles,PST,-8,,,,,,,,,,,
Washington,WA,Midland,,,,,,,,,47.15304,-122.449,America/Los_Angeles,PST,-8,,,,,,,,,,,
Washington,WA,Milan,,,,,,,,,47.96684,-117.332,America/Los_Angeles,PST,-8,,,,,,,,,,,
Washington,WA,Miles,,,,,,,,,47.91072,-118.292,America/Los_Angeles,PST,-8,,,,,,,,,,,
Washington,WA,Mill Creek,,,,,,,,,47.8601,-122.204,America/Los_Angeles,PST,-8,,,,,,,,,,,
Washington,WA,Mill Plain,,,,,,,,,47.76262,-120.657,America/Los_Angeles,PST,-8,,,,,,,,,,,
Washington,WA,Millwood,,,,,,,,,0,0,America/Los_Angeles,,,,,,,,,,,,,
Washington,WA,Milton,,,,,,,,98354,47.24577,-122.311,America/Los_Angeles,PST,-8,,,,,,,,,,,
Washington,WA,Mineral,,,,,,,,98355,46.71384,-122.094,America/Los_Angeles,PST,-8,,,,,,,,,,,
Washington,WA,Minnehaha,,,,,,,,,0,0,America/Los_Angeles,,,,,,,,,,,,,
Washington,WA,Mirrormont,,,,,,,,,0,0,America/Los_Angeles,,,,,,,,,,,,,
Washington,WA,Mohler,,,,,,,,99154,47.38973,-118.366,America/Los_Angeles,PST,-8,,,,,,,,,,,
Washington,WA,Mold,,,,,,,,,47.74292,-119.342,America/Los_Angeles,PST,-8,,,,,,,,,,,
Washington,WA,Molson,,,,,,,,,48.98102,-119.201,America/Los_Angeles,PST,-8,,,,,,,,,,,
Washington,WA,Monitor,,,,,,,,98836,47.4852,-120.416,America/Los_Angeles,PST,-8,,,,,,,,,,,
Washington,WA,Monroe,,,,,,,,98272,47.86315,-121.884,America/Los_Angeles,PST,-8,,,,,,,,,,,
Washington,WA,Monse,,,,,,,,,48.14126,-119.678,America/Los_Angeles,PST,-8,,,,,,,,,,,
Washington,WA,Montesano,,,,,,,,98563,46.98121,-123.603,America/Los_Angeles,PST,-8,,,,,,,,,,,
Washington,WA,Morton,,,,,,,,98356,46.55844,-122.275,America/Los_Angeles,PST,-8,,,,,,,,,,,
Washington,WA,Moses Lake,,,,,,,,98837,47.18068,-119.299,America/Los_Angeles,PST,-8,,,,,,,,,,,
Washington,WA,Mossyrock,,,,,,,,98564,46.50281,-122.468,America/Los_Angeles,PST,-8,,,,,,,,,,,
Washington,WA,Moulton,,,,,,,,,47.24577,-122.311,America/Los_Angeles,PST,-8,,,,,,,,,,,
Washington,WA,Mount Baker,,,,,,,,,0,0,America/Los_Angeles,,,,,,,,,,,,,
Washington,WA,Mount Olympus,,,,,,,,,0,0,America/Los_Angeles,,,,,,,,,,,,,
Washington,WA,Mount Rainier,,,,,,,,,46.87351,-122.661,America/Los_Angeles,PST,-8,,,,,,,,,,,
Washington,WA,Mount St. Helens,,,,,,,,,0,0,America/Los_Angeles,,,,,,,,,,,,,
Washington,WA,Mount Vernon,,,,,,,,98273###98274,48.43525,-122.208,America/Los_Angeles,PST,-8,,,,,,,,,,,
Washington,WA,Mount Vista,,,,,,,,,46.83315,-123.589,America/Los_Angeles,PST,-8,,,,,,,,,,,
Washington,WA,Mountlake Terrace,,,,,,,,98043,47.79327,-122.308,America/Los_Angeles,PST,-8,,,,,,,,,,,
Washington,WA,Moxee,,,,,,,,98936,46.53821,-120.144,America/Los_Angeles,PST,-8,,,,,,,,,,,
Washington,WA,Mukilteo,,,,,,,,98275,47.9124,-122.302,America/Los_Angeles,PST,-8,,,,,,,,,,,
Washington,WA,Naches,,,,,,,,98937,46.8058,-120.992,America/Los_Angeles,PST,-8,,,,,,,,,,,
Washington,WA,Nahcotta,,,,,,,,98637,46.51463,-123.769,America/Los_Angeles,PST,-8,,,,,,,,,,,
Washington,WA,Napavine,,,,,,,,98565,46.57832,-122.902,America/Los_Angeles,PST,-8,,,,,,,,,,,
Washington,WA,Naselle,,,,,,,,98638,46.34222,-123.803,America/Los_Angeles,PST,-8,,,,,,,,,,,
Washington,WA,Navy Yard City,,,,,,,,,47.55343,-122.665,America/Los_Angeles,PST,-8,,,,,,,,,,,
Washington,WA,Neah Bay,,,,,,,,98357,48.32796,-124.615,America/Los_Angeles,PST,-8,,,,,,,,,,,
Washington,WA,Nemah,,,,,,,,,0,0,America/Los_Angeles,,,,,,,,,,,,,
Washington,WA,Nespelem,,,,,,,,99155,48.14344,-119.009,America/Los_Angeles,PST,-8,,,,,,,,,,,
Washington,WA,Newcastle,,,,,,,,,0,0,America/Los_Angeles,,,,,,,,,,,,,
Washington,WA,Newhalem,,,,,,,,,48.67374,-121.247,America/Los_Angeles,PST,-8,,,,,,,,,,,
Washington,WA,Newman Lake,,,,,,,,99025,47.76727,-117.09,America/Los_Angeles,PST,-8,,,,,,,,,,,
Washington,WA,Newport,,,,,,,,99156,48.18585,-117.197,America/Los_Angeles,PST,-8,,,,,,,,,,,
Washington,WA,Newport Hills,,,,,,,,,47.55763,-122.151,America/Los_Angeles,PST,-8,,,,,,,,,,,
Washington,WA,Nighthawk,,,,,,,,,48.67451,-119.253,America/Los_Angeles,PST,-8,,,,,,,,,,,
Washington,WA,Nisqually,,,,,,,,,46.9745,-122.876,America/Los_Angeles,PST,-8,,,,,,,,,,,
Washington,WA,Nisqually Indian C,,,,,,,,,46.9745,-122.876,America/Los_Angeles,PST,-8,,,,,,,,,,,
Washington,WA,Nooksack,,,,,,,,98276,48.9267,-122.326,America/Los_Angeles,PST,-8,,,,,,,,,,,
Washington,WA,Normandy Park,,,,,,,,,47.43621,-122.341,America/Los_Angeles,PST,-8,,,,,,,,,,,
Washington,WA,North Beach,,,,,,,,,0,0,America/Los_Angeles,,,,,,,,,,,,,
Washington,WA,North Bend,,,,,,,,98045,47.49566,-121.787,America/Los_Angeles,PST,-8,,,,,,,,,,,
Washington,WA,North Bonneville,,,,,,,,98639,45.6417,-122.006,America/Los_Angeles,PST,-8,,,,,,,,,,,
Washington,WA,North Cove,,,,,,,,,47.45204,-122.508,America/Los_Angeles,PST,-8,,,,,,,,,,,
Washington,WA,North Creek,,,,,,,,,0,0,America/Los_Angeles,,,,,,,,,,,,,
Washington,WA,North Hill,,,,,,,,,47.58085,-122.784,America/Los_Angeles,PST,-8,,,,,,,,,,,
Washington,WA,North Marysville,,,,,,,,,48.04958,-122.162,America/Los_Angeles,PST,-8,,,,,,,,,,,
Washington,WA,North Whidbey,,,,,,,,,0,0,America/Los_Angeles,,,,,,,,,,,,,
Washington,WA,Northeast Yakima,,,,,,,,,46.72263,-120.406,America/Los_Angeles,PST,-8,,,,,,,,,,,
Washington,WA,Northport,,,,,,,,99157,48.91602,-117.782,America/Los_Angeles,PST,-8,,,,,,,,,,,
Washington,WA,Northwest Benton,,,,,,,,,0,0,America/Los_Angeles,,,,,,,,,,,,,
Washington,WA,Northwest Yakima,,,,,,,,,46.72263,-120.406,America/Los_Angeles,PST,-8,,,,,,,,,,,
Washington,WA,Northwoods,,,,,,,,,0,0,America/Los_Angeles,,,,,,,,,,,,,
Washington,WA,Oak Bay,,,,,,,,,48.56596,-122.448,America/Los_Angeles,PST,-8,,,,,,,,,,,
Washington,WA,Oak Harbor,,,,,,,,98277###98278,48.31986,-122.629,America/Los_Angeles,PST,-8,,,,,,,,,,,
Washington,WA,Oak Point,,,,,,,,,0,0,America/Los_Angeles,,,,,,,,,,,,,
Washington,WA,Oakesdale,,,,,,,,99158,47.12823,-117.243,America/Los_Angeles,PST,-8,,,,,,,,,,,
Washington,WA,Oakville,,,,,,,,98568,46.86608,-123.284,America/Los_Angeles,PST,-8,,,,,,,,,,,
Washington,WA,Ocean City,,,,,,,,,46.40843,-124.052,America/Los_Angeles,PST,-8,,,,,,,,,,,
Washington,WA,Ocean Park,,,,,,,,98640,46.49557,-124.04,America/Los_Angeles,PST,-8,,,,,,,,,,,
Washington,WA,Ocean Shores,,,,,,,,98569,47.07197,-124.152,America/Los_Angeles,PST,-8,,,,,,,,,,,
Washington,WA,Oceanside,,,,,,,,,46.40843,-124.052,America/Los_Angeles,PST,-8,,,,,,,,,,,
Washington,WA,Odessa,,,,,,,,99159,47.3444,-118.659,America/Los_Angeles,PST,-8,,,,,,,,,,,
Washington,WA,Okanogan,,,,,,,,98840,48.36126,-119.583,America/Los_Angeles,PST,-8,,,,,,,,,,,
Washington,WA,Olympia,,,,,,,,98599###98501###98502###98507###98505###98516###98513###98512###98506###98508###98504,46.98477,-122.869,America/Los_Angeles,PST,-8,,,,,,,,,,,
Washington,WA,Olympic,,,,,,,,,0,0,America/Los_Angeles,,,,,,,,,,,,,
Washington,WA,Omak,,,,,,,,98841,48.42694,-119.561,America/Los_Angeles,PST,-8,,,,,,,,,,,
Washington,WA,Onalaska,,,,,,,,98570,46.56349,-122.69,America/Los_Angeles,PST,-8,,,,,,,,,,,
Washington,WA,Opportunity,,,,,,,,,47.6574,-117.24,America/Los_Angeles,PST,-8,,,,,,,,,,,
Washington,WA,Orchards,,,,,,,,,45.66651,-122.561,America/Los_Angeles,PST,-8,,,,,,,,,,,
Washington,WA,Orient,,,,,,,,99160,48.86601,-118.203,America/Los_Angeles,PST,-8,,,,,,,,,,,
Washington,WA,Orin,,,,,,,,,48.49101,-117.91,America/Los_Angeles,PST,-8,,,,,,,,,,,
Washington,WA,Oroville,,,,,,,,98844,48.93905,-119.436,America/Los_Angeles,PST,-8,,,,,,,,,,,
Washington,WA,Orting,,,,,,,,98360,47.00658,-122.119,America/Los_Angeles,PST,-8,,,,,,,,,,,
Washington,WA,Ostrander,,,,,,,,,46.19261,-122.892,America/Los_Angeles,PST,-8,,,,,,,,,,,
Washington,WA,Othello,,,,,,,,99344,46.85271,-118.993,America/Los_Angeles,PST,-8,,,,,,,,,,,
Washington,WA,Otis Orchards,,,,,,,,99027,47.70045,-117.106,America/Los_Angeles,PST,-8,,,,,,,,,,,
Washington,WA,Otis Orchards-East Farms,,,,,,,,,47.70297,-117.085,America/Los_Angeles,PST,-8,,,,,,,,,,,
Washington,WA,Oysterville,,,,,,,,98641,46.54642,-124.03,America/Los_Angeles,PST,-8,,,,,,,,,,,
Washington,WA,Ozette,,,,,,,,,48.15479,-124.667,America/Los_Angeles,PST,-8,,,,,,,,,,,
Washington,WA,Pacific,,,,,,,,98047,47.26455,-122.25,America/Los_Angeles,PST,-8,,,,,,,,,,,
Washington,WA,Pacific Beach,,,,,,,,98571,47.21947,-124.192,America/Los_Angeles,PST,-8,,,,,,,,,,,
Washington,WA,Packwood,,,,,,,,98361,46.6217,-121.653,America/Los_Angeles,PST,-8,,,,,,,,,,,
Washington,WA,Paine Field-Lake Stickney,,,,,,,,,0,0,America/Los_Angeles,,,,,,,,,,,,,
Washington,WA,Palisades,,,,,,,,98845,47.39357,-119.904,America/Los_Angeles,PST,-8,,,,,,,,,,,
Washington,WA,Palmer,,,,,,,,,47.31427,-121.892,America/Los_Angeles,PST,-8,,,,,,,,,,,
Washington,WA,Palouse,,,,,,,,99161,46.91017,-117.076,America/Los_Angeles,PST,-8,,,,,,,,,,,
Washington,WA,Paradise,,,,,,,,,45.95127,-122.666,America/Los_Angeles,PST,-8,,,,,,,,,,,
Washington,WA,Parkland,,,,,,,,,47.15538,-122.434,America/Los_Angeles,PST,-8,,,,,,,,,,,
Washington,WA,Parkwood,,,,,,,,,47.53315,-122.61,America/Los_Angeles,PST,-8,,,,,,,,,,,
Washington,WA,Pasco,,,,,,,,99301###99302,46.42066,-118.899,America/Los_Angeles,PST,-8,,,,,,,,,,,
Washington,WA,Pateros,,,,,,,,98846,48.05098,-119.903,America/Los_Angeles,PST,-8,,,,,,,,,,,
Washington,WA,Pe Ell,,,,,,,,98572,46.5829,-123.315,America/Los_Angeles,PST,-8,,,,,,,,,,,
Washington,WA,Peninsula,,,,,,,,,0,0,America/Los_Angeles,,,,,,,,,,,,,
Washington,WA,Peola,,,,,,,,,46.5829,-123.315,America/Los_Angeles,PST,-8,,,,,,,,,,,
Washington,WA,Peshastin,,,,,,,,98847,47.54576,-120.596,America/Los_Angeles,PST,-8,,,,,,,,,,,
Washington,WA,Picnic Point-North Lynnwood,,,,,,,,,47.87139,-122.305,America/Los_Angeles,PST,-8,,,,,,,,,,,
Washington,WA,Pigeon Springs,,,,,,,,,48.00219,-117.829,America/Los_Angeles,PST,-8,,,,,,,,,,,
Washington,WA,Pillar Rock,,,,,,,,,0,0,America/Los_Angeles,,,,,,,,,,,,,
Washington,WA,Pine City,,,,,,,,,0,0,America/Los_Angeles,,,,,,,,,,,,,
Washington,WA,Pine Lake,,,,,,,,,47.49373,-121.999,America/Los_Angeles,PST,-8,,,,,,,,,,,
Washington,WA,Plain,,,,,,,,,47.76262,-120.657,America/Los_Angeles,PST,-8,,,,,,,,,,,
Washington,WA,Plaza,,,,,,,,,46.91017,-117.076,America/Los_Angeles,PST,-8,,,,,,,,,,,
Washington,WA,Point Roberts,,,,,,,,98281,48.98739,-123.058,America/Los_Angeles,PST,-8,,,,,,,,,,,
Washington,WA,Pomeroy,,,,,,,,99347,46.47534,-117.538,America/Los_Angeles,PST,-8,,,,,,,,,,,
Washington,WA,Port Angeles,,,,,,,,98362###98363,48.05111,-123.36,America/Los_Angeles,PST,-8,,,,,,,,,,,
Washington,WA,Port Hadlock,,,,,,,,98339,48.03176,-122.758,America/Los_Angeles,PST,-8,,,,,,,,,,,
Washington,WA,Port Ludlow,,,,,,,,98365,47.91189,-122.71,America/Los_Angeles,PST,-8,,,,,,,,,,,
Washington,WA,Port Orchard,,,,,,,,98366###98367,47.54266,-122.587,America/Los_Angeles,PST,-8,,,,,,,,,,,
Washington,WA,Port Townsend,,,,,,,,98368,48.01857,-122.85,America/Los_Angeles,PST,-8,,,,,,,,,,,
Washington,WA,Porter,,,,,,,,,46.93899,-123.311,America/Los_Angeles,PST,-8,,,,,,,,,,,
Washington,WA,Poulsbo,,,,,,,,98370,47.75105,-122.614,America/Los_Angeles,PST,-8,,,,,,,,,,,
Washington,WA,Prairie Ridge,,,,,,,,,47.20945,-122.227,America/Los_Angeles,PST,-8,,,,,,,,,,,
Washington,WA,Prescott,,,,,,,,99348,46.35497,-118.456,America/Los_Angeles,PST,-8,,,,,,,,,,,
Washington,WA,Prindle,,,,,,,,,0,0,America/Los_Angeles,,,,,,,,,,,,,
Washington,WA,Proebstel,,,,,,,,,45.6885,-122.578,America/Los_Angeles,PST,-8,,,,,,,,,,,
Washington,WA,Prosser,,,,,,,,99350,46.14833,-119.56,America/Los_Angeles,PST,-8,,,,,,,,,,,
Washington,WA,Puget Island,,,,,,,,,46.21405,-119.176,America/Los_Angeles,PST,-8,,,,,,,,,,,
Washington,WA,Pullman,,,,,,,,99164###99163,46.73033,-117.218,America/Los_Angeles,PST,-8,,,,,,,,,,,
Washington,WA,Puyallup,,,,,,,,98374###98375###98371###98372###98373,47.21282,-122.317,America/Los_Angeles,PST,-8,,,,,,,,,,,
Washington,WA,Queets,,,,,,,,,40.60538,-73.7551,America/Los_Angeles,EST,-5,,,,,,,,,,,
Washington,WA,Quilcene,,,,,,,,98376,47.8285,-122.839,America/Los_Angeles,PST,-8,,,,,,,,,,,
Washington,WA,Quillayute,,,,,,,,,0,0,America/Los_Angeles,,,,,,,,,,,,,
Washington,WA,Quinault,,,,,,,,98575,47.46028,-123.831,America/Los_Angeles,PST,-8,,,,,,,,,,,
Washington,WA,Quincy,,,,,,,,98848,47.18217,-119.754,America/Los_Angeles,PST,-8,,,,,,,,,,,
Washington,WA,Rainier,,,,,,,,98576,46.87351,-122.661,America/Los_Angeles,PST,-8,,,,,,,,,,,
Washington,WA,Ralston,,,,,,,,,46.98376,-118.343,America/Los_Angeles,PST,-8,,,,,,,,,,,
Washington,WA,Randle,,,,,,,,98377,46.51675,-121.894,America/Los_Angeles,PST,-8,,,,,,,,,,,
Washington,WA,Ravensdale,,,,,,,,98051,47.35624,-121.972,America/Los_Angeles,PST,-8,,,,,,,,,,,
Washington,WA,Raymond,,,,,,,,98577,46.6535,-123.658,America/Los_Angeles,PST,-8,,,,,,,,,,,
Washington,WA,Reardan,,,,,,,,99029,47.66961,-117.878,America/Los_Angeles,PST,-8,,,,,,,,,,,
Washington,WA,Redmond,,,,,,,,98052###98053###98073,47.67876,-122.121,America/Los_Angeles,PST,-8,,,,,,,,,,,
Washington,WA,Renton,,,,,,,,98056###98057###98058###98059###98055,47.44698,-122.202,America/Los_Angeles,PST,-8,,,,,,,,,,,
Washington,WA,Republic,,,,,,,,99166,48.66766,-118.681,America/Los_Angeles,PST,-8,,,,,,,,,,,
Washington,WA,Rice,,,,,,,,99167,48.42424,-118.101,America/Los_Angeles,PST,-8,,,,,,,,,,,
Washington,WA,Richland,,,,,,,,99352###99354,46.28569,-119.284,America/Los_Angeles,PST,-8,,,,,,,,,,,
Washington,WA,Richmond Highlands,,,,,,,,,45.90956,-122.619,America/Los_Angeles,PST,-8,,,,,,,,,,,
Washington,WA,Ridgefield,,,,,,,,98642,45.81512,-122.743,America/Los_Angeles,PST,-8,,,,,,,,,,,
Washington,WA,Ritzville,,,,,,,,99169,47.08706,-118.481,America/Los_Angeles,PST,-8,,,,,,,,,,,
Washington,WA,Riverside,,,,,,,,98849,48.51836,-119.435,America/Los_Angeles,PST,-8,,,,,,,,,,,
Washington,WA,Riverton-Boulevard Park,,,,,,,,,47.39132,-122.315,America/Los_Angeles,PST,-8,,,,,,,,,,,
Washington,WA,Robe,,,,,,,,,48.09733,-121.813,America/Los_Angeles,PST,-8,,,,,,,,,,,
Washington,WA,Roche Harbor,,,,,,,,,48.60982,-123.149,America/Los_Angeles,PST,-8,,,,,,,,,,,
Washington,WA,Rochester,,,,,,,,98579,46.83282,-123.059,America/Los_Angeles,PST,-8,,,,,,,,,,,
Washington,WA,Rock Island,,,,,,,,98850,47.37707,-120.144,America/Los_Angeles,PST,-8,,,,,,,,,,,
Washington,WA,Rockford,,,,,,,,99030,47.45212,-117.131,America/Los_Angeles,PST,-8,,,,,,,,,,,
Washington,WA,Rockport,,,,,,,,98283,48.48518,-121.606,America/Los_Angeles,PST,-8,,,,,,,,,,,
Washington,WA,Rosalia,,,,,,,,99170,47.23601,-117.37,America/Los_Angeles,PST,-8,,,,,,,,,,,
Washington,WA,Rosburg,,,,,,,,98643,46.31001,-123.614,America/Los_Angeles,PST,-8,,,,,,,,,,,
Washington,WA,Rose Valley,,,,,,,,,46.09761,-122.826,America/Los_Angeles,PST,-8,,,,,,,,,,,
Washington,WA,Roslyn,,,,,,,,98941,47.22329,-121.003,America/Los_Angeles,PST,-8,,,,,,,,,,,
Washington,WA,Roy,,,,,,,,98580,46.93823,-122.468,America/Los_Angeles,PST,-8,,,,,,,,,,,
Washington,WA,Royal City,,,,,,,,99357,46.89759,-119.686,America/Los_Angeles,PST,-8,,,,,,,,,,,
Washington,WA,Ruby,,,,,,,,,48.52213,-117.299,America/Los_Angeles,PST,-8,,,,,,,,,,,
Washington,WA,Ruston,,,,,,,,,0,0,America/Los_Angeles,,,,,,,,,,,,,
Washington,WA,Ryderwood,,,,,,,,98581,46.37971,-123.056,America/Los_Angeles,PST,-8,,,,,,,,,,,
Washington,WA,Sahalee,,,,,,,,,0,0,America/Los_Angeles,,,,,,,,,,,,,
Washington,WA,Salmon Creek,,,,,,,,,0,0,America/Los_Angeles,,,,,,,,,,,,,
Washington,WA,Salmon Falls,,,,,,,,,0,0,America/Los_Angeles,,,,,,,,,,,,,
Washington,WA,Sammamish,,,,,,,,98075###98074,47.61911,-122.024,America/Los_Angeles,PST,-8,,,,,,,,,,,
Washington,WA,San Juan,,,,,,,,,0,0,America/Los_Angeles,,,,,,,,,,,,,
Washington,WA,Sappho,,,,,,,,,48.06289,-124.439,America/Los_Angeles,PST,-8,,,,,,,,,,,
Washington,WA,Satsop,,,,,,,,98583,47.00218,-123.484,America/Los_Angeles,PST,-8,,,,,,,,,,,
Washington,WA,Satus,,,,,,,,,0,0,America/Los_Angeles,,,,,,,,,,,,,
Washington,WA,Seabeck,,,,,,,,98380,47.59126,-122.869,America/Los_Angeles,PST,-8,,,,,,,,,,,
Washington,WA,SeaTac,,,,,,,,,47.45371,-122.322,America/Los_Angeles,PST,-8,,,,,,,,,,,
Washington,WA,Seattle,,,,,,,,98141###98139###98138###98124###98108###98136###98125###98199###98107###98106###98127###98105###98104###98103###98134###98109###98129###98131###98133###98122###98121###98119###98118###98117###98116###98115###98126###98114###98148###98113###98112###98111###98102###98144###98168###98194###98191###98190###98188###98185###98181###98177###98195###98175###98165###98174###98166###98170###98178###98198###98155###98154###98160###98146###98161###98145###98164###98101###98158,47.43225,-121.803,America/Los_Angeles,PST,-8,,,,,,,,,,,
Washington,WA,Seattle Hill-Silver Firs,,,,,,,,,0,0,America/Los_Angeles,,,,,,,,,,,,,
Washington,WA,Seaview,,,,,,,,98644,46.33076,-124.046,America/Los_Angeles,PST,-8,,,,,,,,,,,
Washington,WA,Sedro-Woolley,,,,,,,,,48.48615,-122.137,America/Los_Angeles,PST,-8,,,,,,,,,,,
Washington,WA,Sekiu,,,,,,,,98381,48.28863,-124.398,America/Los_Angeles,PST,-8,,,,,,,,,,,
Washington,WA,Selah,,,,,,,,98942,46.65402,-120.53,America/Los_Angeles,PST,-8,,,,,,,,,,,
Washington,WA,Selleck,,,,,,,,,47.37566,-121.868,America/Los_Angeles,PST,-8,,,,,,,,,,,
Washington,WA,Sequim,,,,,,,,98382,48.06773,-123.08,America/Los_Angeles,PST,-8,,,,,,,,,,,
Washington,WA,Shaker Church,,,,,,,,,47.40732,-120.576,America/Los_Angeles,,,,,,,,,,,,,
Washington,WA,Shelter Bay,,,,,,,,,48.56596,-122.448,America/Los_Angeles,PST,-8,,,,,,,,,,,
Washington,WA,Shelton,,,,,,,,98584,47.26326,-123.16,America/Los_Angeles,PST,-8,,,,,,,,,,,
Washington,WA,Sheridan Beach,,,,,,,,,47.74482,-122.288,America/Los_Angeles,PST,-8,,,,,,,,,,,
Washington,WA,Shoreline,,,,,,,,,47.75565,-122.342,America/Los_Angeles,PST,-8,,,,,,,,,,,
Washington,WA,Sifton,,,,,,,,,45.6885,-122.578,America/Los_Angeles,PST,-8,,,,,,,,,,,
Washington,WA,Silver Lake,,,,,,,,,46.29733,-122.811,America/Los_Angeles,PST,-8,,,,,,,,,,,
Washington,WA,Silverdale,,,,,,,,98315###98383,47.69005,-122.713,America/Los_Angeles,PST,-8,,,,,,,,,,,
Washington,WA,Silverton,,,,,,,,,48.07844,-121.567,America/Los_Angeles,PST,-8,,,,,,,,,,,
Washington,WA,Skamania,,,,,,,,,45.61734,-122.042,America/Los_Angeles,PST,-8,,,,,,,,,,,
Washington,WA,Skamokawa,,,,,,,,98647,46.30035,-123.456,America/Los_Angeles,PST,-8,,,,,,,,,,,
Washington,WA,Skokomish,,,,,,,,,47.70927,-121.36,America/Los_Angeles,PST,-8,,,,,,,,,,,
Washington,WA,Skykomish,,,,,,,,98288,47.70927,-121.36,America/Los_Angeles,PST,-8,,,,,,,,,,,
Washington,WA,Skyway,,,,,,,,,47.49149,-122.254,America/Los_Angeles,PST,-8,,,,,,,,,,,
Washington,WA,Smokey Point,,,,,,,,,48.15232,-122.183,America/Los_Angeles,PST,-8,,,,,,,,,,,
Washington,WA,Snee Oosh,,,,,,,,,47.40732,-120.576,America/Los_Angeles,,,,,,,,,,,,,
Washington,WA,Snohomish,,,,,,,,98290###98291###98296,47.95456,-122.015,America/Los_Angeles,PST,-8,,,,,,,,,,,
Washington,WA,Snoqualmie,,,,,,,,98065,47.53447,-121.816,America/Los_Angeles,PST,-8,,,,,,,,,,,
Washington,WA,Snoqualmie Pass,,,,,,,,98068,47.39234,-121.4,America/Los_Angeles,PST,-8,,,,,,,,,,,
Washington,WA,Snoqualmie Valley,,,,,,,,,48.12459,-117.763,America/Los_Angeles,PST,-8,,,,,,,,,,,
Washington,WA,Soap Lake,,,,,,,,98851,47.40459,-119.442,America/Los_Angeles,PST,-8,,,,,,,,,,,
Washington,WA,South Bend,,,,,,,,98586,46.58801,-123.834,America/Los_Angeles,PST,-8,,,,,,,,,,,
Washington,WA,South Broadway,,,,,,,,,0,0,America/Los_Angeles,,,,,,,,,,,,,
Washington,WA,South Cle Elum,,,,,,,,98943,47.18865,-120.954,America/Los_Angeles,PST,-8,,,,,,,,,,,
Washington,WA,South Hill,,,,,,,,,47.14508,-122.324,America/Los_Angeles,PST,-8,,,,,,,,,,,
Washington,WA,South Prairie,,,,,,,,98385,47.13827,-122.097,America/Los_Angeles,PST,-8,,,,,,,,,,,
Washington,WA,South Shore,,,,,,,,,0,0,America/Los_Angeles,,,,,,,,,,,,,
Washington,WA,South Whidbey,,,,,,,,,0,0,America/Los_Angeles,,,,,,,,,,,,,
Washington,WA,Southern Slopes,,,,,,,,,47.40732,-120.576,America/Los_Angeles,,,,,,,,,,,,,
Washington,WA,Spanaway,,,,,,,,98387,47.05845,-122.416,America/Los_Angeles,PST,-8,,,,,,,,,,,
Washington,WA,Spangle,,,,,,,,99031,47.43875,-117.37,America/Los_Angeles,PST,-8,,,,,,,,,,,
Washington,WA,Spirit Lake,,,,,,,,,48.82964,-117.651,America/Los_Angeles,PST,-8,,,,,,,,,,,
Washington,WA,Spokane,,,,,,,,99228###99207###99260###99252###99258###99256###99203###99201###99216###99251###99224###99220###99223###99218###99219###99214###99213###99209###99208###99206###99205###99204###99210###99211###99217###99202###99212###99215,47.66264,-117.436,America/Los_Angeles,PST,-8,,,,,,,,,,,
Washington,WA,Sprague,,,,,,,,99032,47.29984,-117.978,America/Los_Angeles,PST,-8,,,,,,,,,,,
Washington,WA,Springdale,,,,,,,,99173,48.00219,-117.829,America/Los_Angeles,PST,-8,,,,,,,,,,,
Washington,WA,St. John,,,,,,,,,46.83875,-117.644,America/Los_Angeles,PST,-8,,,,,,,,,,,
Washington,WA,Stabler,,,,,,,,,0,0,America/Los_Angeles,,,,,,,,,,,,,
Washington,WA,Stanwood,,,,,,,,98292,48.24121,-122.371,America/Los_Angeles,PST,-8,,,,,,,,,,,
Washington,WA,Starbuck,,,,,,,,99359,46.51283,-118.102,America/Los_Angeles,PST,-8,,,,,,,,,,,
Washington,WA,Steilacoom,,,,,,,,98388,47.16982,-122.603,America/Los_Angeles,PST,-8,,,,,,,,,,,
Washington,WA,Stella,,,,,,,,,47.43225,-121.803,America/Los_Angeles,PST,-8,,,,,,,,,,,
Washington,WA,Steptoe,,,,,,,,99174,47.006,-117.356,America/Los_Angeles,PST,-8,,,,,,,,,,,
Washington,WA,Stevens Pass,,,,,,,,,45.67371,-121.913,America/Los_Angeles,PST,-8,,,,,,,,,,,
Washington,WA,Stevenson,,,,,,,,98648,45.67371,-121.913,America/Los_Angeles,PST,-8,,,,,,,,,,,
Washington,WA,Stimson Crossing,,,,,,,,,0,0,America/Los_Angeles,,,,,,,,,,,,,
Washington,WA,Stratford,,,,,,,,98853,47.46001,-119.264,America/Los_Angeles,PST,-8,,,,,,,,,,,
Washington,WA,Sudden Valley,,,,,,,,,48.12459,-117.763,America/Los_Angeles,PST,-8,,,,,,,,,,,
Washington,WA,Sultan,,,,,,,,98294,47.86949,-121.731,America/Los_Angeles,PST,-8,,,,,,,,,,,
Washington,WA,Summit,,,,,,,,,47.16177,-122.357,America/Los_Angeles,PST,-8,,,,,,,,,,,
Washington,WA,Sumner,,,,,,,,98352###98390,47.06619,-122.113,America/Los_Angeles,PST,-8,,,,,,,,,,,
Washington,WA,Sunnyside,,,,,,,,98944,46.37361,-120.011,America/Los_Angeles,PST,-8,,,,,,,,,,,
Washington,WA,Sunnyslope,,,,,,,,,47.53605,-122.579,America/Los_Angeles,PST,-8,,,,,,,,,,,
Washington,WA,Suquamish,,,,,,,,98392,47.73262,-122.565,America/Los_Angeles,PST,-8,,,,,,,,,,,
Washington,WA,Sutico,,,,,,,,,47.45371,-122.322,America/Los_Angeles,PST,-8,,,,,,,,,,,
Washington,WA,Swift Reservoir,,,,,,,,,0,0,America/Los_Angeles,,,,,,,,,,,,,
Washington,WA,Swinomish Village,,,,,,,,,0,0,America/Los_Angeles,,,,,,,,,,,,,
Washington,WA,Tacoma,,,,,,,,98406###98466###98408###98412###98465###98464###98403###98413###98415###98402###98448###98401###98407###98404###98405###98416###98409###98417###98446###98445###98444###98419###98421###98493###98422###98443###98424###98438###98490###98481###98447###98471###98418###98433###98431###98411,47.25367,-122.444,America/Los_Angeles,PST,-8,,,,,,,,,,,
Washington,WA,Tahoma-Maple Valley,,,,,,,,,47.4093,-121.969,America/Los_Angeles,PST,-8,,,,,,,,,,,
Washington,WA,Tahuya,,,,,,,,98588,47.3712,-123.056,America/Los_Angeles,PST,-8,,,,,,,,,,,
Washington,WA,Tanglewilde-Thomps,,,,,,,,,46.9745,-122.876,America/Los_Angeles,PST,-8,,,,,,,,,,,
Washington,WA,Tekoa,,,,,,,,99033,47.22664,-117.096,America/Los_Angeles,PST,-8,,,,,,,,,,,
Washington,WA,Telma,,,,,,,,,47.84318,-120.816,America/Los_Angeles,PST,-8,,,,,,,,,,,
Washington,WA,Tenino,,,,,,,,98589,46.84275,-122.849,America/Los_Angeles,PST,-8,,,,,,,,,,,
Washington,WA,Terrace Heights,,,,,,,,,46.60624,-120.44,America/Los_Angeles,PST,-8,,,,,,,,,,,
Washington,WA,Thornton,,,,,,,,99176,47.12196,-117.434,America/Los_Angeles,PST,-8,,,,,,,,,,,
Washington,WA,Tieton,,,,,,,,98947,46.70207,-120.755,America/Los_Angeles,PST,-8,,,,,,,,,,,
Washington,WA,Tiger,,,,,,,,,48.29267,-117.342,America/Los_Angeles,PST,-8,,,,,,,,,,,
Washington,WA,Tokeland,,,,,,,,98590,46.73089,-124.028,America/Los_Angeles,PST,-8,,,,,,,,,,,
Washington,WA,Toledo,,,,,,,,98591,46.45604,-122.795,America/Los_Angeles,PST,-8,,,,,,,,,,,
Washington,WA,Tonasket,,,,,,,,98855,48.70515,-119.44,America/Los_Angeles,PST,-8,,,,,,,,,,,
Washington,WA,Toppenish,,,,,,,,98948,46.32852,-120.37,America/Los_Angeles,PST,-8,,,,,,,,,,,
Washington,WA,Toutle,,,,,,,,98649,46.33454,-122.647,America/Los_Angeles,PST,-8,,,,,,,,,,,
Washington,WA,Tracyton,,,,,,,,98393,47.62672,-122.65,America/Los_Angeles,PST,-8,,,,,,,,,,,
Washington,WA,Trapper Creek Wilderness,,,,,,,,,48.6876,-123.037,America/Los_Angeles,PST,-8,,,,,,,,,,,
Washington,WA,Trentwood,,,,,,,,,47.69656,-117.211,America/Los_Angeles,PST,-8,,,,,,,,,,,
Washington,WA,Tukwila,,,,,,,,,47.47399,-122.261,America/Los_Angeles,PST,-8,,,,,,,,,,,
Washington,WA,Tulalip,,,,,,,,,48.06843,-122.292,America/Los_Angeles,PST,-8,,,,,,,,,,,
Washington,WA,Tum Tum,,,,,,,,,47.89411,-117.754,America/Los_Angeles,PST,-8,,,,,,,,,,,
Washington,WA,Tumwater,,,,,,,,98511,47.08755,-123.022,America/Los_Angeles,PST,-8,,,,,,,,,,,
Washington,WA,Twisp,,,,,,,,98856,48.36348,-120.122,America/Los_Angeles,PST,-8,,,,,,,,,,,
Washington,WA,Tyler,,,,,,,,,47.436,-117.784,America/Los_Angeles,PST,-8,,,,,,,,,,,
Washington,WA,Underwood,,,,,,,,98651,45.75826,-121.577,America/Los_Angeles,PST,-8,,,,,,,,,,,
Washington,WA,Union Gap,,,,,,,,,46.55735,-120.475,America/Los_Angeles,PST,-8,,,,,,,,,,,
Washington,WA,Union Hill-Novelty Hill,,,,,,,,,47.84859,-121.895,America/Los_Angeles,PST,-8,,,,,,,,,,,
Washington,WA,Uniontown,,,,,,,,99179,46.54566,-117.108,America/Los_Angeles,PST,-8,,,,,,,,,,,
Washington,WA,University Place,,,,,,,,98467,47.20328,-122.568,America/Los_Angeles,PST,-8,,,,,,,,,,,
Washington,WA,Upper Lewis River Falls,,,,,,,,,0,0,America/Los_Angeles,,,,,,,,,,,,,
Washington,WA,Usk,,,,,,,,99180,48.25013,-117.353,America/Los_Angeles,PST,-8,,,,,,,,,,,
Washington,WA,Vader,,,,,,,,98593,46.40261,-122.96,America/Los_Angeles,PST,-8,,,,,,,,,,,
Washington,WA,Valley,,,,,,,,99181,48.12459,-117.763,America/Los_Angeles,PST,-8,,,,,,,,,,,
Washington,WA,Valleyford,,,,,,,,99036,47.52011,-117.27,America/Los_Angeles,PST,-8,,,,,,,,,,,
Washington,WA,Van Zandt,,,,,,,,,48.789,-122.192,America/Los_Angeles,PST,-8,,,,,,,,,,,
Washington,WA,Vancouver,,,,,,,,98664###98661###98663###98668###98662###98685###98665###98660###98683###98666###98687###98682###98686###98684,45.679,-122.72,America/Los_Angeles,PST,-8,,,,,,,,,,,
Washington,WA,Vancouver Lake,,,,,,,,,45.679,-122.72,America/Los_Angeles,PST,-8,,,,,,,,,,,
Washington,WA,Vancouver Mall,,,,,,,,,45.679,-122.72,America/Los_Angeles,PST,-8,,,,,,,,,,,
Washington,WA,Vashon,,,,,,,,98070,47.41219,-122.473,America/Los_Angeles,PST,-8,,,,,,,,,,,
Washington,WA,Vashon Island,,,,,,,,,47.41219,-122.473,America/Los_Angeles,PST,-8,,,,,,,,,,,
Washington,WA,Vaughn,,,,,,,,98394,47.31112,-122.773,America/Los_Angeles,PST,-8,,,,,,,,,,,
Washington,WA,Veradale,,,,,,,,99037,47.63683,-117.2,America/Los_Angeles,PST,-8,,,,,,,,,,,
Washington,WA,Verlot,,,,,,,,,48.09038,-121.777,America/Los_Angeles,PST,-8,,,,,,,,,,,
Washington,WA,Waitsburg,,,,,,,,99361,46.27042,-118.153,America/Los_Angeles,PST,-8,,,,,,,,,,,
Washington,WA,Waldron,,,,,,,,98297,48.6876,-123.037,America/Los_Angeles,PST,-8,,,,,,,,,,,
Washington,WA,Walla Walla,,,,,,,,99362,46.1341,-118.291,America/Los_Angeles,PST,-8,,,,,,,,,,,
Washington,WA,Walla Walla East,,,,,,,,,46.05184,-118.304,America/Los_Angeles,PST,-8,,,,,,,,,,,
Washington,WA,Waller,,,,,,,,,47.1307,-119.172,America/Los_Angeles,PST,-8,,,,,,,,,,,
Washington,WA,Walnut Grove,,,,,,,,,45.6679,-122.599,America/Los_Angeles,PST,-8,,,,,,,,,,,
Washington,WA,Wapato,,,,,,,,98951,46.5224,-120.508,America/Los_Angeles,PST,-8,,,,,,,,,,,
Washington,WA,Warden,,,,,,,,98857,47.01376,-119.088,America/Los_Angeles,PST,-8,,,,,,,,,,,
Washington,WA,Washougal,,,,,,,,98671,45.6117,-122.316,America/Los_Angeles,PST,-8,,,,,,,,,,,
Washington,WA,Washtucna,,,,,,,,99371,46.81531,-118.338,America/Los_Angeles,PST,-8,,,,,,,,,,,
Washington,WA,Waterville,,,,,,,,98858,47.70198,-119.861,America/Los_Angeles,PST,-8,,,,,,,,,,,
Washington,WA,Wauconda,,,,,,,,98859,48.79846,-119.026,America/Los_Angeles,PST,-8,,,,,,,,,,,
Washington,WA,Waverly,,,,,,,,99039,47.34267,-117.228,America/Los_Angeles,PST,-8,,,,,,,,,,,
Washington,WA,Weallup Lake,,,,,,,,,48.42658,-117.318,America/Los_Angeles,PST,-8,,,,,,,,,,,
Washington,WA,Wellpinit,,,,,,,,99040,47.88137,-117.934,America/Los_Angeles,PST,-8,,,,,,,,,,,
Washington,WA,Wenatchee,,,,,,,,98801###98807,47.57382,-120.352,America/Los_Angeles,PST,-8,,,,,,,,,,,
Washington,WA,West Lake Sammamish,,,,,,,,,47.61911,-122.024,America/Los_Angeles,PST,-8,,,,,,,,,,,
Washington,WA,West Lake Stevens,,,,,,,,,48.04675,-122.056,America/Los_Angeles,PST,-8,,,,,,,,,,,
Washington,WA,West Pasco,,,,,,,,,46.42066,-118.899,America/Los_Angeles,PST,-8,,,,,,,,,,,
Washington,WA,West Richland,,,,,,,,99353,46.31527,-119.371,America/Los_Angeles,PST,-8,,,,,,,,,,,
Washington,WA,West Valley,,,,,,,,,48.12459,-117.763,America/Los_Angeles,PST,-8,,,,,,,,,,,
Washington,WA,Westport,,,,,,,,98595,46.89009,-124.104,America/Los_Angeles,PST,-8,,,,,,,,,,,
Washington,WA,White Center,,,,,,,,,47.51732,-122.355,America/Los_Angeles,PST,-8,,,,,,,,,,,
Washington,WA,White Salmon,,,,,,,,98672,45.82859,-121.406,America/Los_Angeles,PST,-8,,,,,,,,,,,
Washington,WA,White Swan,,,,,,,,98952,46.38969,-120.721,America/Los_Angeles,PST,-8,,,,,,,,,,,
Washington,WA,Wickersham,,,,,,,,,48.65511,-122.213,America/Los_Angeles,PST,-8,,,,,,,,,,,
Washington,WA,Wilbur,,,,,,,,99185,47.76103,-118.729,America/Los_Angeles,PST,-8,,,,,,,,,,,
Washington,WA,Wilkeson,,,,,,,,98396,47.10952,-122.037,America/Los_Angeles,PST,-8,,,,,,,,,,,
Washington,WA,Willapa,,,,,,,,,46.67482,-123.666,America/Los_Angeles,PST,-8,,,,,,,,,,,
Washington,WA,Willard,,,,,,,,,45.78095,-121.631,America/Los_Angeles,PST,-8,,,,,,,,,,,
Washington,WA,Wilson Creek,,,,,,,,98860,47.47387,-119.185,America/Los_Angeles,PST,-8,,,,,,,,,,,
Washington,WA,Winchester,,,,,,,,,47.24902,-119.72,America/Los_Angeles,PST,-8,,,,,,,,,,,
Washington,WA,Winlock,,,,,,,,98596,46.49087,-122.88,America/Los_Angeles,PST,-8,,,,,,,,,,,
Washington,WA,Winona,,,,,,,,,46.94572,-117.8,America/Los_Angeles,PST,-8,,,,,,,,,,,
Washington,WA,Winslow,,,,,,,,,0,0,America/Los_Angeles,,,,,,,,,,,,,
Washington,WA,Winthrop,,,,,,,,98862,48.50064,-120.372,America/Los_Angeles,PST,-8,,,,,,,,,,,
Washington,WA,Winton,,,,,,,,,47.7354,-120.741,America/Los_Angeles,PST,-8,,,,,,,,,,,
Washington,WA,Withrow,,,,,,,,,47.70486,-119.809,America/Los_Angeles,PST,-8,,,,,,,,,,,
Washington,WA,Woodinville,,,,,,,,98077###98072,47.74074,-122.091,America/Los_Angeles,PST,-8,,,,,,,,,,,
Washington,WA,Woodland,,,,,,,,98674,45.93752,-122.687,America/Los_Angeles,PST,-8,,,,,,,,,,,
Washington,WA,Woodmont Beach,,,,,,,,,47.39194,-122.257,America/Los_Angeles,PST,-8,,,,,,,,,,,
Washington,WA,Wynoochee,,,,,,,,,0,0,America/Los_Angeles,,,,,,,,,,,,,
Washington,WA,Yacolt,,,,,,,,98675,45.86595,-122.406,America/Los_Angeles,PST,-8,,,,,,,,,,,
Washington,WA,Yakima,,,,,,,,98907###98903###98904###98902###98901###98908###98909,46.72263,-120.406,America/Los_Angeles,PST,-8,,,,,,,,,,,
Washington,WA,Yale,,,,,,,,,45.99539,-122.38,America/Los_Angeles,PST,-8,,,,,,,,,,,
Washington,WA,Yale Lake,,,,,,,,,45.99539,-122.38,America/Los_Angeles,PST,-8,,,,,,,,,,,
Washington,WA,Yarrow Point,,,,,,,,,47.64621,-122.217,America/Los_Angeles,PST,-8,,,,,,,,,,,
Washington,WA,Yelm,,,,,,,,98597,46.88236,-122.563,America/Los_Angeles,PST,-8,,,,,,,,,,,
Washington,WA,Zillah,,,,,,,,98953,46.41984,-120.232,America/Los_Angeles,PST,-8,,,,,,,,,,,
