Wisconsin,WI,Abbotsford,,,,,,,,54405,44.94636,-90.316,America/Chicago,CST,-6,,,,,,,,,,,
Wisconsin,WI,Abrams,,,,,,,,54101,44.79228,-88.0441,America/Chicago,CST,-6,,,,,,,,,,,
Wisconsin,WI,Adams,,,,,,,,53910,43.89207,-89.8275,America/Chicago,CST,-6,,,,,,,,,,,
Wisconsin,WI,Adams Beach,,,,,,,,,43.89207,-89.8275,America/Chicago,CST,-6,,,,,,,,,,,
Wisconsin,WI,Adell,,,,,,,,53001,43.61916,-87.952,America/Chicago,CST,-6,,,,,,,,,,,
Wisconsin,WI,Advance,,,,,,,,,0,0,,,,,,,,,,,,,,
Wisconsin,WI,Alaska,,,,,,,,,44.34084,-89.7349,America/Chicago,CST,-6,,,,,,,,,,,
Wisconsin,WI,Albany,,,,,,,,53502,42.71283,-89.4512,America/Chicago,CST,-6,,,,,,,,,,,
Wisconsin,WI,Allenville,,,,,,,,,44.34084,-89.7349,America/Chicago,CST,-6,,,,,,,,,,,
Wisconsin,WI,Allouez,,,,,,,,,0,0,,,,,,,,,,,,,,
Wisconsin,WI,Alma,,,,,,,,54610,44.34672,-91.8365,America/Chicago,CST,-6,,,,,,,,,,,
Wisconsin,WI,Alma Center,,,,,,,,54611,44.45103,-90.9759,America/Chicago,CST,-6,,,,,,,,,,,
Wisconsin,WI,Almena,,,,,,,,54805,45.4169,-92.033,America/Chicago,CST,-6,,,,,,,,,,,
Wisconsin,WI,Almond,,,,,,,,54909,44.25886,-89.4071,America/Chicago,CST,-6,,,,,,,,,,,
Wisconsin,WI,Alpha,,,,,,,,,0,0,,,,,,,,,,,,,,
Wisconsin,WI,Altoona,,,,,,,,54720,44.80361,-91.4423,America/Chicago,CST,-6,,,,,,,,,,,
Wisconsin,WI,Alvin,,,,,,,,,0,0,,,,,,,,,,,,,,
Wisconsin,WI,Amberg,,,,,,,,54102,45.49284,-88.0496,America/Chicago,CST,-6,,,,,,,,,,,
Wisconsin,WI,Amery,,,,,,,,54001,45.34857,-92.4014,America/Chicago,CST,-6,,,,,,,,,,,
Wisconsin,WI,Amherst,,,,,,,,54406,44.39309,-89.3353,America/Chicago,CST,-6,,,,,,,,,,,
Wisconsin,WI,Amherst Junction,,,,,,,,54407,44.46886,-89.3126,America/Chicago,CST,-6,,,,,,,,,,,
Wisconsin,WI,Angelica,,,,,,,,,0,0,,,,,,,,,,,,,,
Wisconsin,WI,Angus,,,,,,,,,0,0,,,,,,,,,,,,,,
Wisconsin,WI,Aniwa,,,,,,,,54408,45.00858,-89.2143,America/Chicago,CST,-6,,,,,,,,,,,
Wisconsin,WI,Anston,,,,,,,,,44.48078,-88.0161,America/Chicago,CST,-6,,,,,,,,,,,
Wisconsin,WI,Antigo,,,,,,,,54409,45.16081,-89.0939,America/Chicago,CST,-6,,,,,,,,,,,
Wisconsin,WI,Appleton,,,,,,,,54919###54912###54913###54915###54911###54914,44.2757,-88.3709,America/Chicago,CST,-6,,,,,,,,,,,
Wisconsin,WI,Arbor Vitae,,,,,,,,,45.92051,-89.6635,America/Chicago,CST,-6,,,,,,,,,,,
Wisconsin,WI,Arcadia,,,,,,,,54612,44.25171,-91.3877,America/Chicago,CST,-6,,,,,,,,,,,
Wisconsin,WI,Arena,,,,,,,,53503,43.16555,-89.9129,America/Chicago,CST,-6,,,,,,,,,,,
Wisconsin,WI,Argonne,,,,,,,,54511,45.71179,-88.8104,America/Chicago,CST,-6,,,,,,,,,,,
Wisconsin,WI,Argyle,,,,,,,,53504,42.69014,-89.9227,America/Chicago,CST,-6,,,,,,,,,,,
Wisconsin,WI,Arkdale,,,,,,,,54613,44.02719,-89.8879,America/Chicago,CST,-6,,,,,,,,,,,
Wisconsin,WI,Arland,,,,,,,,,44.34084,-89.7349,America/Chicago,CST,-6,,,,,,,,,,,
Wisconsin,WI,Arlington,,,,,,,,53911,43.33685,-89.3606,America/Chicago,CST,-6,,,,,,,,,,,
Wisconsin,WI,Armstrong Creek,,,,,,,,54103,45.67231,-88.5305,America/Chicago,CST,-6,,,,,,,,,,,
Wisconsin,WI,Arnott,,,,,,,,,0,0,,,,,,,,,,,,,,
Wisconsin,WI,Arpin,,,,,,,,54410,44.53566,-90.0072,America/Chicago,CST,-6,,,,,,,,,,,
Wisconsin,WI,Ashland,,,,,,,,54806,46.55858,-90.7388,America/Chicago,CST,-6,,,,,,,,,,,
Wisconsin,WI,Ashwaubenon,,,,,,,,,44.34084,-89.7349,America/Chicago,CST,-6,,,,,,,,,,,
Wisconsin,WI,Askeaton,,,,,,,,,44.34084,-89.7349,America/Chicago,CST,-6,,,,,,,,,,,
Wisconsin,WI,Athelstane,,,,,,,,54104,45.4206,-88.2469,America/Chicago,CST,-6,,,,,,,,,,,
Wisconsin,WI,Athens,,,,,,,,54411,44.98235,-90.0078,America/Chicago,CST,-6,,,,,,,,,,,
Wisconsin,WI,Atwood,,,,,,,,,0,0,,,,,,,,,,,,,,
Wisconsin,WI,Auburndale,,,,,,,,54412,44.62691,-90.0076,America/Chicago,CST,-6,,,,,,,,,,,
Wisconsin,WI,Augusta,,,,,,,,54722,44.72681,-91.2126,America/Chicago,CST,-6,,,,,,,,,,,
Wisconsin,WI,Aurora,,,,,,,,,45.96073,-87.9784,America/Menominee,CST,-6,,,,,,,,,,,
Wisconsin,WI,Auroraville,,,,,,,,,44.34084,-89.7349,America/Chicago,CST,-6,,,,,,,,,,,
Wisconsin,WI,Avoca,,,,,,,,53506,43.13848,-90.2807,America/Chicago,CST,-6,,,,,,,,,,,
Wisconsin,WI,Babcock,,,,,,,,54413,44.29827,-90.1404,America/Chicago,CST,-6,,,,,,,,,,,
Wisconsin,WI,Bagley,,,,,,,,53801,42.90554,-91.1012,America/Chicago,CST,-6,,,,,,,,,,,
Wisconsin,WI,Baileys Harbor,,,,,,,,54202,45.077,-87.146,America/Chicago,CST,-6,,,,,,,,,,,
Wisconsin,WI,Bakerville,,,,,,,,,44.34084,-89.7349,America/Chicago,CST,-6,,,,,,,,,,,
Wisconsin,WI,Baldwin,,,,,,,,54002,44.96663,-92.3744,America/Chicago,CST,-6,,,,,,,,,,,
Wisconsin,WI,Balsam Lake,,,,,,,,54810,45.44829,-92.4502,America/Chicago,CST,-6,,,,,,,,,,,
Wisconsin,WI,Bancroft,,,,,,,,54921,44.3416,-89.5263,America/Chicago,CST,-6,,,,,,,,,,,
Wisconsin,WI,Bangor,,,,,,,,54614,43.89302,-90.9904,America/Chicago,CST,-6,,,,,,,,,,,
Wisconsin,WI,Baraboo,,,,,,,,53913,43.47109,-89.7443,America/Chicago,CST,-6,,,,,,,,,,,
Wisconsin,WI,Barksdale,,,,,,,,,46.55349,-90.8718,America/Chicago,CST,-6,,,,,,,,,,,
Wisconsin,WI,Barneveld,,,,,,,,53507,43.0084,-89.8974,America/Chicago,CST,-6,,,,,,,,,,,
Wisconsin,WI,Barnum,,,,,,,,,0,0,,,,,,,,,,,,,,
Wisconsin,WI,Barre Mills,,,,,,,,,0,0,,,,,,,,,,,,,,
Wisconsin,WI,Barron,,,,,,,,54812,45.40135,-91.8491,America/Chicago,CST,-6,,,,,,,,,,,
Wisconsin,WI,Bay City,,,,,,,,54723,44.63152,-92.4352,America/Chicago,CST,-6,,,,,,,,,,,
Wisconsin,WI,Bayfield,,,,,,,,54814,46.85352,-90.9159,America/Chicago,CST,-6,,,,,,,,,,,
Wisconsin,WI,Bayside,,,,,,,,,44.63152,-92.4352,America/Chicago,CST,-6,,,,,,,,,,,
Wisconsin,WI,Beach Corners,,,,,,,,,0,0,,,,,,,,,,,,,,
Wisconsin,WI,Bear Creek,,,,,,,,54922,44.53137,-88.7265,America/Chicago,CST,-6,,,,,,,,,,,
Wisconsin,WI,Beaver,,,,,,,,,0,0,,,,,,,,,,,,,,
Wisconsin,WI,Beaver Dam,,,,,,,,53916,43.46648,-88.8629,America/Chicago,CST,-6,,,,,,,,,,,
Wisconsin,WI,Beecher,,,,,,,,,0,0,,,,,,,,,,,,,,
Wisconsin,WI,Beetown,,,,,,,,53802,42.79499,-90.8854,America/Chicago,CST,-6,,,,,,,,,,,
Wisconsin,WI,Belgium,,,,,,,,53004,43.49963,-87.918,America/Chicago,CST,-6,,,,,,,,,,,
Wisconsin,WI,Bell Center,,,,,,,,,43.29165,-90.8268,America/Chicago,CST,-6,,,,,,,,,,,
Wisconsin,WI,Belle Plaine,,,,,,,,,0,0,,,,,,,,,,,,,,
Wisconsin,WI,Belleville,,,,,,,,53508,42.90383,-89.5863,America/Chicago,CST,-6,,,,,,,,,,,
Wisconsin,WI,Bellevue,,,,,,,,,0,0,,,,,,,,,,,,,,
Wisconsin,WI,Bellevue Town,,,,,,,,,0,0,,,,,,,,,,,,,,
Wisconsin,WI,Belmont,,,,,,,,53510,42.73611,-90.3343,America/Chicago,CST,-6,,,,,,,,,,,
Wisconsin,WI,Beloit,,,,,,,,53512###53511,42.56204,-89.086,America/Chicago,CST,-6,,,,,,,,,,,
Wisconsin,WI,Benders Corners,,,,,,,,,0,0,,,,,,,,,,,,,,
Wisconsin,WI,Bennett,,,,,,,,,46.6828,-91.1433,America/Chicago,CST,-6,,,,,,,,,,,
Wisconsin,WI,Benoit,,,,,,,,54816,46.6828,-91.1433,America/Chicago,CST,-6,,,,,,,,,,,
Wisconsin,WI,Benton,,,,,,,,53803,42.5545,-90.3508,America/Chicago,CST,-6,,,,,,,,,,,
Wisconsin,WI,Berlin,,,,,,,,54923,43.91573,-89.0271,America/Chicago,CST,-6,,,,,,,,,,,
Wisconsin,WI,Bethel,,,,,,,,,44.54052,-90.0899,America/Chicago,CST,-6,,,,,,,,,,,
Wisconsin,WI,Bevent,,,,,,,,,44.34084,-89.7349,America/Chicago,CST,-6,,,,,,,,,,,
Wisconsin,WI,Big Bend,,,,,,,,53103,42.88244,-88.2055,America/Chicago,CST,-6,,,,,,,,,,,
Wisconsin,WI,Big Falls,,,,,,,,54926,44.61782,-89.0166,America/Chicago,CST,-6,,,,,,,,,,,
Wisconsin,WI,Big Flats,,,,,,,,,44.11191,-89.8079,America/Chicago,CST,-6,,,,,,,,,,,
Wisconsin,WI,Big Spring,,,,,,,,,0,0,,,,,,,,,,,,,,
Wisconsin,WI,Binghamton,,,,,,,,,0,0,,,,,,,,,,,,,,
Wisconsin,WI,Birchwood,,,,,,,,54817,45.73268,-91.615,America/Chicago,CST,-6,,,,,,,,,,,
Wisconsin,WI,Birnamwood,,,,,,,,54414,44.9333,-89.2096,America/Chicago,CST,-6,,,,,,,,,,,
Wisconsin,WI,Biron,,,,,,,,,43.76983,-88.4944,America/Chicago,CST,-6,,,,,,,,,,,
Wisconsin,WI,Black Creek,,,,,,,,54106,44.47024,-88.4547,America/Chicago,CST,-6,,,,,,,,,,,
Wisconsin,WI,Black Earth,,,,,,,,53515,43.13722,-89.7468,America/Chicago,CST,-6,,,,,,,,,,,
Wisconsin,WI,Black River Falls,,,,,,,,54615,44.29539,-90.8313,America/Chicago,CST,-6,,,,,,,,,,,
Wisconsin,WI,Blackwell,,,,,,,,,44.06289,-88.5357,America/Chicago,CST,-6,,,,,,,,,,,
Wisconsin,WI,Blaine,,,,,,,,,44.30914,-89.3157,America/Chicago,CST,-6,,,,,,,,,,,
Wisconsin,WI,Blair,,,,,,,,54616,44.2517,-91.2648,America/Chicago,CST,-6,,,,,,,,,,,
Wisconsin,WI,Blanchardville,,,,,,,,53516,42.81028,-89.8621,America/Chicago,CST,-6,,,,,,,,,,,
Wisconsin,WI,Blenker,,,,,,,,54415,44.61913,-89.9186,America/Chicago,CST,-6,,,,,,,,,,,
Wisconsin,WI,Bloom City,,,,,,,,,43.49442,-90.4649,America/Chicago,CST,-6,,,,,,,,,,,
Wisconsin,WI,Bloomer,,,,,,,,54724,45.10024,-91.4888,America/Chicago,CST,-6,,,,,,,,,,,
Wisconsin,WI,Bloomfield,,,,,,,,,0,0,,,,,,,,,,,,,,
Wisconsin,WI,Bloomingdale,,,,,,,,,42.83819,-90.9077,America/Chicago,CST,-6,,,,,,,,,,,
Wisconsin,WI,Bloomington,,,,,,,,53804,42.83819,-90.9077,America/Chicago,CST,-6,,,,,,,,,,,
Wisconsin,WI,Bloomville,,,,,,,,,0,0,,,,,,,,,,,,,,
Wisconsin,WI,Blue Mounds,,,,,,,,53517,43.03822,-89.8046,America/Chicago,CST,-6,,,,,,,,,,,
Wisconsin,WI,Blue River,,,,,,,,53518,43.19665,-90.5649,America/Chicago,CST,-6,,,,,,,,,,,
Wisconsin,WI,Blueberry,,,,,,,,,44.34084,-89.7349,America/Chicago,CST,-6,,,,,,,,,,,
Wisconsin,WI,Boaz,,,,,,,,,0,0,,,,,,,,,,,,,,
Wisconsin,WI,Bohners Lake,,,,,,,,,45.57607,-92.4827,America/Chicago,CST,-6,,,,,,,,,,,
Wisconsin,WI,Bonduel,,,,,,,,54107,44.69915,-88.4543,America/Chicago,CST,-6,,,,,,,,,,,
Wisconsin,WI,Borth,,,,,,,,,44.09109,-88.8959,America/Chicago,CST,-6,,,,,,,,,,,
Wisconsin,WI,Boscobel,,,,,,,,53805,43.13443,-90.7054,America/Chicago,CST,-6,,,,,,,,,,,
Wisconsin,WI,Bosstown,,,,,,,,,43.39026,-90.6101,America/Chicago,CST,-6,,,,,,,,,,,
Wisconsin,WI,Boulder Junction,,,,,,,,54512,46.11328,-89.6446,America/Chicago,CST,-6,,,,,,,,,,,
Wisconsin,WI,Bowler,,,,,,,,54416,44.86303,-88.9821,America/Chicago,CST,-6,,,,,,,,,,,
Wisconsin,WI,Boyceville,,,,,,,,54725,45.0758,-92.013,America/Chicago,CST,-6,,,,,,,,,,,
Wisconsin,WI,Boyd,,,,,,,,54726,44.95191,-91.0349,America/Chicago,CST,-6,,,,,,,,,,,
Wisconsin,WI,Bradley,,,,,,,,,0,0,,,,,,,,,,,,,,
Wisconsin,WI,Branch,,,,,,,,,44.10985,-87.4839,America/Chicago,CST,-6,,,,,,,,,,,
Wisconsin,WI,Brandon,,,,,,,,53919,43.73526,-88.7812,America/Chicago,CST,-6,,,,,,,,,,,
Wisconsin,WI,Branstad,,,,,,,,,45.73745,-92.683,America/Chicago,CST,-6,,,,,,,,,,,
Wisconsin,WI,Brantwood,,,,,,,,54513,45.58453,-90.1669,America/Chicago,CST,-6,,,,,,,,,,,
Wisconsin,WI,Breed,,,,,,,,,0,0,,,,,,,,,,,,,,
Wisconsin,WI,Briarton,,,,,,,,,44.60332,-88.4265,America/Chicago,CST,-6,,,,,,,,,,,
Wisconsin,WI,Brice Prairie,,,,,,,,,0,0,,,,,,,,,,,,,,
Wisconsin,WI,Bridgeport,,,,,,,,,0,0,,,,,,,,,,,,,,
Wisconsin,WI,Brillion,,,,,,,,54110,44.16321,-88.1339,America/Chicago,CST,-6,,,,,,,,,,,
Wisconsin,WI,Brodhead,,,,,,,,53520,42.61834,-89.3762,America/Chicago,CST,-6,,,,,,,,,,,
Wisconsin,WI,Brokaw,,,,,,,,54417,45.02735,-89.6541,America/Chicago,CST,-6,,,,,,,,,,,
Wisconsin,WI,Brookfield,,,,,,,,53045###53005###53008,43.06271,-88.1059,America/Chicago,CST,-6,,,,,,,,,,,
Wisconsin,WI,Brooklyn,,,,,,,,53521,40.6451,-73.945,America/New_York,EST,-5,,,,,,,,,,,
Wisconsin,WI,Brooks,,,,,,,,,43.82525,-89.6446,America/Chicago,CST,-6,,,,,,,,,,,
Wisconsin,WI,Brookside,,,,,,,,,43.86108,-89.8168,America/Chicago,CST,-6,,,,,,,,,,,
Wisconsin,WI,Brothertown,,,,,,,,,0,0,,,,,,,,,,,,,,
Wisconsin,WI,Brown Deer,,,,,,,,,42.80913,-88.4224,America/Chicago,CST,-6,,,,,,,,,,,
Wisconsin,WI,Browns Lake,,,,,,,,,42.69252,-88.2312,America/Chicago,CST,-6,,,,,,,,,,,
Wisconsin,WI,Brownsville,,,,,,,,53006,43.60279,-88.523,America/Chicago,CST,-6,,,,,,,,,,,
Wisconsin,WI,Browntown,,,,,,,,53522,42.5632,-89.7788,America/Chicago,CST,-6,,,,,,,,,,,
Wisconsin,WI,Bruce,,,,,,,,54819,45.46925,-91.2931,America/Chicago,CST,-6,,,,,,,,,,,
Wisconsin,WI,Brule,,,,,,,,54820,46.55541,-91.6054,America/Chicago,CST,-6,,,,,,,,,,,
Wisconsin,WI,Brussels,,,,,,,,54204,44.75238,-87.6259,America/Chicago,CST,-6,,,,,,,,,,,
Wisconsin,WI,Bryant,,,,,,,,54418,45.20802,-89.024,America/Chicago,CST,-6,,,,,,,,,,,
Wisconsin,WI,Buchanan,,,,,,,,,0,0,,,,,,,,,,,,,,
Wisconsin,WI,Buckhorn State Park,,,,,,,,,0,0,,,,,,,,,,,,,,
Wisconsin,WI,Buffalo,,,,,,,,,0,0,,,,,,,,,,,,,,
Wisconsin,WI,Burlington,,,,,,,,53105,42.6921,-88.2288,America/Chicago,CST,-6,,,,,,,,,,,
Wisconsin,WI,Burns,,,,,,,,,0,0,,,,,,,,,,,,,,
Wisconsin,WI,Burr Oak,,,,,,,,,45.02735,-89.6541,America/Chicago,CST,-6,,,,,,,,,,,
Wisconsin,WI,Burton,,,,,,,,,0,0,,,,,,,,,,,,,,
Wisconsin,WI,Butler,,,,,,,,53007,43.10846,-88.0715,America/Chicago,CST,-6,,,,,,,,,,,
Wisconsin,WI,Butte Des Morts,,,,,,,,54927,44.10314,-88.6539,America/Chicago,CST,-6,,,,,,,,,,,
Wisconsin,WI,Butternut,,,,,,,,54514,46.01301,-90.4905,America/Chicago,CST,-6,,,,,,,,,,,
Wisconsin,WI,Cable,,,,,,,,54821,46.21018,-91.1893,America/Chicago,CST,-6,,,,,,,,,,,
Wisconsin,WI,Cadott,,,,,,,,54727,44.94802,-91.1507,America/Chicago,CST,-6,,,,,,,,,,,
Wisconsin,WI,Caldron Falls Rese,,,,,,,,,43.08972,-89.2348,America/Chicago,CST,-6,,,,,,,,,,,
Wisconsin,WI,Caledonia,,,,,,,,53108,42.8037,-87.9309,America/Chicago,CST,-6,,,,,,,,,,,
Wisconsin,WI,Cambria,,,,,,,,53923,43.55024,-89.1517,America/Chicago,CST,-6,,,,,,,,,,,
Wisconsin,WI,Cambridge,,,,,,,,53523,42.98751,-89.0807,America/Chicago,CST,-6,,,,,,,,,,,
Wisconsin,WI,Cameron,,,,,,,,54822,45.40857,-91.7441,America/Chicago,CST,-6,,,,,,,,,,,
Wisconsin,WI,Camp Douglas,,,,,,,,54618,43.98848,-90.2393,America/Chicago,CST,-6,,,,,,,,,,,
Wisconsin,WI,Camp Lake,,,,,,,,53109,42.53597,-88.1444,America/Chicago,CST,-6,,,,,,,,,,,
Wisconsin,WI,Campbellsport,,,,,,,,53010,43.59777,-88.279,America/Chicago,CST,-6,,,,,,,,,,,
Wisconsin,WI,Carlsville,,,,,,,,,0,0,,,,,,,,,,,,,,
Wisconsin,WI,Caroline,,,,,,,,54928,44.73584,-88.8767,America/Chicago,CST,-6,,,,,,,,,,,
Wisconsin,WI,Carter,,,,,,,,,0,0,,,,,,,,,,,,,,
Wisconsin,WI,Cascade,,,,,,,,53011,43.65833,-88.007,America/Chicago,CST,-6,,,,,,,,,,,
Wisconsin,WI,Casco,,,,,,,,54205,44.59608,-87.6373,America/Chicago,CST,-6,,,,,,,,,,,
Wisconsin,WI,Cashton,,,,,,,,54619,43.74191,-90.7793,America/Chicago,CST,-6,,,,,,,,,,,
Wisconsin,WI,Cassville,,,,,,,,53806,42.78245,-90.9453,America/Chicago,CST,-6,,,,,,,,,,,
Wisconsin,WI,Castle Rock,,,,,,,,,0,0,,,,,,,,,,,,,,
Wisconsin,WI,Cataract,,,,,,,,54620,44.0876,-90.8423,America/Chicago,CST,-6,,,,,,,,,,,
Wisconsin,WI,Catawba,,,,,,,,54515,45.53576,-90.5045,America/Chicago,CST,-6,,,,,,,,,,,
Wisconsin,WI,Cato,,,,,,,,,44.14277,-87.8612,America/Chicago,CST,-6,,,,,,,,,,,
Wisconsin,WI,Cavour,,,,,,,,,45.65218,-88.6296,America/Chicago,CST,-6,,,,,,,,,,,
Wisconsin,WI,Cazenovia,,,,,,,,53924,43.46358,-90.2823,America/Chicago,CST,-6,,,,,,,,,,,
Wisconsin,WI,Cecil,,,,,,,,54111,44.81027,-88.3916,America/Chicago,CST,-6,,,,,,,,,,,
Wisconsin,WI,Cedar,,,,,,,,,0,0,,,,,,,,,,,,,,
Wisconsin,WI,Cedar Falls,,,,,,,,,0,0,,,,,,,,,,,,,,
Wisconsin,WI,Cedar Grove,,,,,,,,53013,43.59055,-87.8553,America/Chicago,CST,-6,,,,,,,,,,,
Wisconsin,WI,Cedarburg,,,,,,,,53012,43.32148,-88.004,America/Chicago,CST,-6,,,,,,,,,,,
Wisconsin,WI,Centerville,,,,,,,,,44.40221,-88.4598,America/Chicago,CST,-6,,,,,,,,,,,
Wisconsin,WI,Central Lake Winnebago,,,,,,,,,44.07507,-88.5185,America/Chicago,CST,-6,,,,,,,,,,,
Wisconsin,WI,Centuria,,,,,,,,54824,45.45135,-92.5541,America/Chicago,CST,-6,,,,,,,,,,,
Wisconsin,WI,Chaffey,,,,,,,,,0,0,,,,,,,,,,,,,,
Wisconsin,WI,Chambers Island,,,,,,,,,44.0911,-88.5029,America/Chicago,CST,-6,,,,,,,,,,,
Wisconsin,WI,Champion,,,,,,,,,0,0,,,,,,,,,,,,,,
Wisconsin,WI,Charlesburg,,,,,,,,,43.96971,-88.1701,America/Chicago,CST,-6,,,,,,,,,,,
Wisconsin,WI,Chaseburg,,,,,,,,54621,43.65775,-91.0965,America/Chicago,CST,-6,,,,,,,,,,,
Wisconsin,WI,Chelsea,,,,,,,,,45.29025,-90.3074,America/Chicago,CST,-6,,,,,,,,,,,
Wisconsin,WI,Chenequa,,,,,,,,,44.34084,-89.7349,America/Chicago,CST,-6,,,,,,,,,,,
Wisconsin,WI,Chetek,,,,,,,,54728,45.31413,-91.651,America/Chicago,CST,-6,,,,,,,,,,,
Wisconsin,WI,Chief Lake,,,,,,,,,45.57607,-92.4827,America/Chicago,CST,-6,,,,,,,,,,,
Wisconsin,WI,Chili,,,,,,,,54420,44.60689,-90.3759,America/Chicago,CST,-6,,,,,,,,,,,
Wisconsin,WI,Chilton,,,,,,,,53014,44.02056,-88.1859,America/Chicago,CST,-6,,,,,,,,,,,
Wisconsin,WI,Chimney Rock,,,,,,,,,0,0,,,,,,,,,,,,,,
Wisconsin,WI,Chippewa Falls,,,,,,,,54729###54774,44.95869,-91.3195,America/Chicago,CST,-6,,,,,,,,,,,
Wisconsin,WI,Christie,,,,,,,,,0,0,,,,,,,,,,,,,,
Wisconsin,WI,Clam Lake,,,,,,,,54517,46.16384,-90.9024,America/Chicago,CST,-6,,,,,,,,,,,
Wisconsin,WI,Clarks Mills,,,,,,,,,0,0,,,,,,,,,,,,,,
Wisconsin,WI,Clay Banks,,,,,,,,,0,0,,,,,,,,,,,,,,
Wisconsin,WI,Clayton,,,,,,,,54004,45.33135,-92.1713,America/Chicago,CST,-6,,,,,,,,,,,
Wisconsin,WI,Clear Lake,,,,,,,,54005,45.25191,-92.2713,America/Chicago,CST,-6,,,,,,,,,,,
Wisconsin,WI,Clearwater Lake,,,,,,,,,45.57607,-92.4827,America/Chicago,CST,-6,,,,,,,,,,,
Wisconsin,WI,Cleveland,,,,,,,,53015,43.91499,-87.7473,America/Chicago,CST,-6,,,,,,,,,,,
Wisconsin,WI,Clifton,,,,,,,,,43.87913,-90.3568,America/Chicago,CST,-6,,,,,,,,,,,
Wisconsin,WI,Clinton,,,,,,,,53525,42.56239,-88.86,America/Chicago,CST,-6,,,,,,,,,,,
Wisconsin,WI,Clintonville,,,,,,,,54929,44.62053,-88.7623,America/Chicago,CST,-6,,,,,,,,,,,
Wisconsin,WI,Cloverdale,,,,,,,,,0,0,,,,,,,,,,,,,,
Wisconsin,WI,Cloverland,,,,,,,,,0,0,,,,,,,,,,,,,,
Wisconsin,WI,Clyman,,,,,,,,53016,43.31139,-88.7201,America/Chicago,CST,-6,,,,,,,,,,,
Wisconsin,WI,Cobb,,,,,,,,53526,42.96333,-90.3693,America/Chicago,CST,-6,,,,,,,,,,,
Wisconsin,WI,Cochrane,,,,,,,,54622,44.22746,-91.8352,America/Chicago,CST,-6,,,,,,,,,,,
Wisconsin,WI,Colby,,,,,,,,54421,44.87998,-90.3847,America/Chicago,CST,-6,,,,,,,,,,,
Wisconsin,WI,Coleman,,,,,,,,54112,45.06498,-88.0343,America/Chicago,CST,-6,,,,,,,,,,,
Wisconsin,WI,Colfax,,,,,,,,54730,45.03789,-91.888,America/Chicago,CST,-6,,,,,,,,,,,
Wisconsin,WI,Collins,,,,,,,,54207,44.09102,-87.9902,America/Chicago,CST,-6,,,,,,,,,,,
Wisconsin,WI,Coloma,,,,,,,,54930,44.02609,-89.4869,America/Chicago,CST,-6,,,,,,,,,,,
Wisconsin,WI,Columbus,,,,,,,,53925,43.3569,-89.1209,America/Chicago,CST,-6,,,,,,,,,,,
Wisconsin,WI,Combined Locks,,,,,,,,54113,44.26582,-88.3143,America/Chicago,CST,-6,,,,,,,,,,,
Wisconsin,WI,Commonwealth,,,,,,,,,44.34084,-89.7349,America/Chicago,CST,-6,,,,,,,,,,,
Wisconsin,WI,Como,,,,,,,,,0,0,,,,,,,,,,,,,,
Wisconsin,WI,Conover,,,,,,,,54519,46.07239,-89.2609,America/Chicago,CST,-6,,,,,,,,,,,
Wisconsin,WI,Conrath,,,,,,,,54731,45.35756,-91.0884,America/Chicago,CST,-6,,,,,,,,,,,
Wisconsin,WI,Coon Valley,,,,,,,,54623,43.70219,-91.0132,America/Chicago,CST,-6,,,,,,,,,,,
Wisconsin,WI,Cooperstown,,,,,,,,,44.31277,-87.7745,America/Chicago,CST,-6,,,,,,,,,,,
Wisconsin,WI,Cornell,,,,,,,,54732,45.12515,-91.1709,America/Chicago,CST,-6,,,,,,,,,,,
Wisconsin,WI,Cottage Grove,,,,,,,,53527,43.07117,-89.197,America/Chicago,CST,-6,,,,,,,,,,,
Wisconsin,WI,Couderay,,,,,,,,54828,45.83797,-91.2918,America/Chicago,CST,-6,,,,,,,,,,,
Wisconsin,WI,Council Bay,,,,,,,,,0,0,,,,,,,,,,,,,,
Wisconsin,WI,Cozy Corner,,,,,,,,,0,0,,,,,,,,,,,,,,
Wisconsin,WI,Crandon,,,,,,,,54520,45.51185,-88.8918,America/Chicago,CST,-6,,,,,,,,,,,
Wisconsin,WI,Cream,,,,,,,,,44.31608,-91.7718,America/Chicago,CST,-6,,,,,,,,,,,
Wisconsin,WI,Crivitz,,,,,,,,54114,45.26166,-88.078,America/Chicago,CST,-6,,,,,,,,,,,
Wisconsin,WI,Cross Plains,,,,,,,,53528,43.11444,-89.6557,America/Chicago,CST,-6,,,,,,,,,,,
Wisconsin,WI,Cuba City,,,,,,,,53807,42.60555,-90.4299,America/Chicago,CST,-6,,,,,,,,,,,
Wisconsin,WI,Cudahy,,,,,,,,53110,42.94802,-87.8668,America/Chicago,CST,-6,,,,,,,,,,,
Wisconsin,WI,Cumberland,,,,,,,,54829,45.53218,-92.0194,America/Chicago,CST,-6,,,,,,,,,,,
Wisconsin,WI,Curtiss,,,,,,,,54422,44.95525,-90.4346,America/Chicago,CST,-6,,,,,,,,,,,
Wisconsin,WI,Custer,,,,,,,,54423,44.51053,-89.4262,America/Chicago,CST,-6,,,,,,,,,,,
Wisconsin,WI,Cutler,,,,,,,,,44.0258,-90.2368,America/Chicago,CST,-6,,,,,,,,,,,
Wisconsin,WI,Dairyland,,,,,,,,,0,0,,,,,,,,,,,,,,
Wisconsin,WI,Dale,,,,,,,,54931,44.27304,-88.6784,America/Chicago,CST,-6,,,,,,,,,,,
Wisconsin,WI,Dallas,,,,,,,,54733,45.26187,-91.8452,America/Chicago,CST,-6,,,,,,,,,,,
Wisconsin,WI,Danbury,,,,,,,,54830,45.9726,-92.293,America/Chicago,CST,-6,,,,,,,,,,,
Wisconsin,WI,Dancy,,,,,,,,,44.68775,-89.7132,America/Chicago,CST,-6,,,,,,,,,,,
Wisconsin,WI,Dane,,,,,,,,53529,43.23997,-89.5233,America/Chicago,CST,-6,,,,,,,,,,,
Wisconsin,WI,Darboy,,,,,,,,,44.28153,-88.381,America/Chicago,CST,-6,,,,,,,,,,,
Wisconsin,WI,Darien,,,,,,,,53114,42.60168,-88.7076,America/Chicago,CST,-6,,,,,,,,,,,
Wisconsin,WI,Darlington,,,,,,,,53530,42.69112,-90.1348,America/Chicago,CST,-6,,,,,,,,,,,
Wisconsin,WI,De Forest,,,,,,,,53532,43.24777,-89.3437,America/Chicago,CST,-6,,,,,,,,,,,
Wisconsin,WI,De Pere,,,,,,,,54115,44.44888,-88.0604,America/Chicago,CST,-6,,,,,,,,,,,
Wisconsin,WI,De Soto,,,,,,,,54624,43.48067,-91.1333,America/Chicago,CST,-6,,,,,,,,,,,
Wisconsin,WI,Deer Park,,,,,,,,54007,45.18802,-92.3855,America/Chicago,CST,-6,,,,,,,,,,,
Wisconsin,WI,Deerbrook,,,,,,,,54424,45.2723,-89.0868,America/Chicago,CST,-6,,,,,,,,,,,
Wisconsin,WI,Deerfield,,,,,,,,53531,43.05766,-89.0918,America/Chicago,CST,-6,,,,,,,,,,,
Wisconsin,WI,DeForest,,,,,,,,,43.24777,-89.3437,America/Chicago,CST,-6,,,,,,,,,,,
Wisconsin,WI,Delafield,,,,,,,,53018,43.01567,-88.3865,America/Chicago,CST,-6,,,,,,,,,,,
Wisconsin,WI,Delavan,,,,,,,,53115,42.64156,-88.6535,America/Chicago,CST,-6,,,,,,,,,,,
Wisconsin,WI,Delavan Lake,,,,,,,,,42.58418,-88.6326,America/Chicago,CST,-6,,,,,,,,,,,
Wisconsin,WI,Dellwood,,,,,,,,53927,43.95546,-89.9418,America/Chicago,CST,-6,,,,,,,,,,,
Wisconsin,WI,Denmark,,,,,,,,54208,44.34777,-87.8273,America/Chicago,CST,-6,,,,,,,,,,,
Wisconsin,WI,Dexterville,,,,,,,,,44.37977,-90.3065,America/Chicago,CST,-6,,,,,,,,,,,
Wisconsin,WI,Dickeyville,,,,,,,,53808,42.62722,-90.5921,America/Chicago,CST,-6,,,,,,,,,,,
Wisconsin,WI,Dilly,,,,,,,,,44.27304,-88.6784,America/Chicago,CST,-6,,,,,,,,,,,
Wisconsin,WI,Disco,,,,,,,,,44.26218,-91.009,America/Chicago,CST,-6,,,,,,,,,,,
Wisconsin,WI,Dodge,,,,,,,,54625,44.14309,-91.5204,America/Chicago,CST,-6,,,,,,,,,,,
Wisconsin,WI,Dodgeville,,,,,,,,53533###53595,43.00706,-90.1925,America/Chicago,CST,-6,,,,,,,,,,,
Wisconsin,WI,Doering,,,,,,,,,45.23524,-89.4582,America/Chicago,CST,-6,,,,,,,,,,,
Wisconsin,WI,Donald,,,,,,,,,0,0,,,,,,,,,,,,,,
Wisconsin,WI,Dorchester,,,,,,,,54425,44.9965,-90.3744,America/Chicago,CST,-6,,,,,,,,,,,
Wisconsin,WI,Dousman,,,,,,,,53118,42.95154,-88.4441,America/Chicago,CST,-6,,,,,,,,,,,
Wisconsin,WI,Downing,,,,,,,,54734,45.00195,-92.0997,America/Chicago,CST,-6,,,,,,,,,,,
Wisconsin,WI,Downsville,,,,,,,,54735,44.9465,-91.9034,America/Chicago,CST,-6,,,,,,,,,,,
Wisconsin,WI,Doylestown,,,,,,,,53928,43.42661,-89.1491,America/Chicago,CST,-6,,,,,,,,,,,
Wisconsin,WI,Dresser,,,,,,,,54009,45.36179,-92.55,America/Chicago,CST,-6,,,,,,,,,,,
Wisconsin,WI,Drummond,,,,,,,,54832,46.33689,-91.258,America/Chicago,CST,-6,,,,,,,,,,,
Wisconsin,WI,Dunbar,,,,,,,,54119,45.59156,-88.2224,America/Chicago,CST,-6,,,,,,,,,,,
Wisconsin,WI,Dundas,,,,,,,,,0,0,,,,,,,,,,,,,,
Wisconsin,WI,Durand,,,,,,,,54736,44.64022,-91.8319,America/Chicago,CST,-6,,,,,,,,,,,
Wisconsin,WI,Duvall,,,,,,,,,0,0,,,,,,,,,,,,,,
Wisconsin,WI,Dyckesville,,,,,,,,,44.64333,-87.7612,America/Chicago,CST,-6,,,,,,,,,,,
Wisconsin,WI,Eagle,,,,,,,,53119,42.92907,-88.4749,America/Chicago,CST,-6,,,,,,,,,,,
Wisconsin,WI,Eagle Corners,,,,,,,,,42.92907,-88.4749,America/Chicago,CST,-6,,,,,,,,,,,
Wisconsin,WI,Eagle Lake,,,,,,,,,42.70696,-88.1281,America/Chicago,CST,-6,,,,,,,,,,,
Wisconsin,WI,Eagle River,,,,,,,,54521,45.91718,-89.2443,America/Chicago,CST,-6,,,,,,,,,,,
Wisconsin,WI,Earl,,,,,,,,,0,0,,,,,,,,,,,,,,
Wisconsin,WI,East Troy,,,,,,,,53120,42.78529,-88.4051,America/Chicago,CST,-6,,,,,,,,,,,
Wisconsin,WI,Eastman,,,,,,,,54626,43.22057,-91.0341,America/Chicago,CST,-6,,,,,,,,,,,
Wisconsin,WI,Eau Claire,,,,,,,,54701###54703###54702,44.75653,-91.4731,America/Chicago,CST,-6,,,,,,,,,,,
Wisconsin,WI,Eden,,,,,,,,53019,43.6936,-88.3609,America/Chicago,CST,-6,,,,,,,,,,,
Wisconsin,WI,Edgar,,,,,,,,54426,44.90465,-90.0125,America/Chicago,CST,-6,,,,,,,,,,,
Wisconsin,WI,Edgerton,,,,,,,,53534,42.8038,-89.1014,America/Chicago,CST,-6,,,,,,,,,,,
Wisconsin,WI,Edgewater,,,,,,,,54834,45.74237,-91.4765,America/Chicago,CST,-6,,,,,,,,,,,
Wisconsin,WI,Egg Harbor,,,,,,,,54209,45.01226,-87.266,America/Chicago,CST,-6,,,,,,,,,,,
Wisconsin,WI,Eidsvold,,,,,,,,,0,0,,,,,,,,,,,,,,
Wisconsin,WI,El Paso,,,,,,,,,44.79614,-92.4401,America/Chicago,CST,-6,,,,,,,,,,,
Wisconsin,WI,Eland,,,,,,,,54427,44.87053,-89.2151,America/Chicago,CST,-6,,,,,,,,,,,
Wisconsin,WI,Elcho,,,,,,,,54428,45.41336,-89.1433,America/Chicago,CST,-6,,,,,,,,,,,
Wisconsin,WI,Elderon,,,,,,,,54429,44.78017,-89.2478,America/Chicago,CST,-6,,,,,,,,,,,
Wisconsin,WI,Eleva,,,,,,,,54738,44.5758,-91.4702,America/Chicago,CST,-6,,,,,,,,,,,
Wisconsin,WI,Elk Creek,,,,,,,,,42.67166,-90.391,America/Chicago,CST,-6,,,,,,,,,,,
Wisconsin,WI,Elk Mound,,,,,,,,54739,44.87885,-91.6871,America/Chicago,CST,-6,,,,,,,,,,,
Wisconsin,WI,Elkhart Lake,,,,,,,,53020,43.82736,-87.9915,America/Chicago,CST,-6,,,,,,,,,,,
Wisconsin,WI,Elkhorn,,,,,,,,53121,42.67167,-88.564,America/Chicago,CST,-6,,,,,,,,,,,
Wisconsin,WI,Ellenboro,,,,,,,,,0,0,,,,,,,,,,,,,,
Wisconsin,WI,Ellis,,,,,,,,,44.51066,-89.6383,America/Chicago,CST,-6,,,,,,,,,,,
Wisconsin,WI,Ellison Bay,,,,,,,,54210,45.25311,-87.0447,America/Chicago,CST,-6,,,,,,,,,,,
Wisconsin,WI,Ellisville,,,,,,,,,44.45777,-87.6843,America/Chicago,CST,-6,,,,,,,,,,,
Wisconsin,WI,Ellsworth,,,,,,,,54011,44.74014,-92.5483,America/Chicago,CST,-6,,,,,,,,,,,
Wisconsin,WI,Elm Grove,,,,,,,,53122,43.04821,-88.0879,America/Chicago,CST,-6,,,,,,,,,,,
Wisconsin,WI,Elmhurst,,,,,,,,,45.0583,-89.1843,America/Chicago,CST,-6,,,,,,,,,,,
Wisconsin,WI,Elmwood,,,,,,,,54740,44.74445,-92.2264,America/Chicago,CST,-6,,,,,,,,,,,
Wisconsin,WI,Elmwood Park,,,,,,,,,42.79589,-87.8165,America/Chicago,CST,-6,,,,,,,,,,,
Wisconsin,WI,Elroy,,,,,,,,53929,43.7408,-90.2724,America/Chicago,CST,-6,,,,,,,,,,,
Wisconsin,WI,Elton,,,,,,,,54430,45.14766,-88.8731,America/Chicago,CST,-6,,,,,,,,,,,
Wisconsin,WI,Embarrass,,,,,,,,54933,44.66861,-88.7043,America/Chicago,CST,-6,,,,,,,,,,,
Wisconsin,WI,Endeavor,,,,,,,,53930,43.6866,-89.4834,America/Chicago,CST,-6,,,,,,,,,,,
Wisconsin,WI,Enterprise,,,,,,,,,0,0,,,,,,,,,,,,,,
Wisconsin,WI,Ephraim,,,,,,,,54211,45.15918,-87.171,America/Chicago,CST,-6,,,,,,,,,,,
Wisconsin,WI,Esofea,,,,,,,,,43.63108,-90.9632,America/Chicago,CST,-6,,,,,,,,,,,
Wisconsin,WI,Ettrick,,,,,,,,54627,44.18417,-91.2577,America/Chicago,CST,-6,,,,,,,,,,,
Wisconsin,WI,Eureka,,,,,,,,54934,44.00315,-88.8397,America/Chicago,CST,-6,,,,,,,,,,,
Wisconsin,WI,Euren,,,,,,,,,44.61833,-87.6023,America/Chicago,CST,-6,,,,,,,,,,,
Wisconsin,WI,Evansville,,,,,,,,53536,42.76636,-89.2502,America/Chicago,CST,-6,,,,,,,,,,,
Wisconsin,WI,Evergreen,,,,,,,,,0,0,,,,,,,,,,,,,,
Wisconsin,WI,Exeland,,,,,,,,54835,45.66802,-91.2441,America/Chicago,CST,-6,,,,,,,,,,,
Wisconsin,WI,Fairchild,,,,,,,,54741,44.60024,-90.9629,America/Chicago,CST,-6,,,,,,,,,,,
Wisconsin,WI,Fairview,,,,,,,,,0,0,,,,,,,,,,,,,,
Wisconsin,WI,Fairwater,,,,,,,,53931,43.74748,-88.8665,America/Chicago,CST,-6,,,,,,,,,,,
Wisconsin,WI,Fall Creek,,,,,,,,54742,44.76289,-91.3063,America/Chicago,CST,-6,,,,,,,,,,,
Wisconsin,WI,Fall Hall Glen,,,,,,,,,0,0,,,,,,,,,,,,,,
Wisconsin,WI,Fall River,,,,,,,,53932,43.41713,-89.0705,America/Chicago,CST,-6,,,,,,,,,,,
Wisconsin,WI,Falun,,,,,,,,,45.7719,-92.5277,America/Chicago,CST,-6,,,,,,,,,,,
Wisconsin,WI,Fence,,,,,,,,54120,45.74447,-88.4757,America/Chicago,CST,-6,,,,,,,,,,,
Wisconsin,WI,Fennimore,,,,,,,,53809,42.9836,-90.6554,America/Chicago,CST,-6,,,,,,,,,,,
Wisconsin,WI,Fenwood,,,,,,,,,44.86608,-90.0154,America/Chicago,CST,-6,,,,,,,,,,,
Wisconsin,WI,Ferryville,,,,,,,,54628,43.31922,-91.0547,America/Chicago,CST,-6,,,,,,,,,,,
Wisconsin,WI,Fifield,,,,,,,,54524,45.81434,-90.453,America/Chicago,CST,-6,,,,,,,,,,,
Wisconsin,WI,Finley,,,,,,,,,44.2133,-90.1362,America/Chicago,CST,-6,,,,,,,,,,,
Wisconsin,WI,Fish Creek,,,,,,,,54212,45.11038,-87.2099,America/Chicago,CST,-6,,,,,,,,,,,
Wisconsin,WI,Fisk,,,,,,,,,44.06289,-88.5357,America/Chicago,CST,-6,,,,,,,,,,,
Wisconsin,WI,Fitchburg,,,,,,,,,0,0,,,,,,,,,,,,,,
Wisconsin,WI,Five Points,,,,,,,,,43.3197,-90.5954,America/Chicago,CST,-6,,,,,,,,,,,
Wisconsin,WI,Flintville,,,,,,,,,44.48078,-88.0161,America/Chicago,CST,-6,,,,,,,,,,,
Wisconsin,WI,Florence,,,,,,,,54121,45.84553,-88.2843,America/Chicago,CST,-6,,,,,,,,,,,
Wisconsin,WI,Fond du Lac,,,,,,,,54935###54937###54936,43.77366,-88.4368,America/Chicago,CST,-6,,,,,,,,,,,
Wisconsin,WI,Fontana-On-Geneva,,,,,,,,,0,0,,,,,,,,,,,,,,
Wisconsin,WI,Footville,,,,,,,,53537,42.67258,-89.2112,America/Chicago,CST,-6,,,,,,,,,,,
Wisconsin,WI,Forest Junction,,,,,,,,54123,44.21249,-88.1443,America/Chicago,CST,-6,,,,,,,,,,,
Wisconsin,WI,Forestville,,,,,,,,54213,44.72242,-87.5281,America/Chicago,CST,-6,,,,,,,,,,,
Wisconsin,WI,Fort Atkinson,,,,,,,,53538,42.92647,-88.8416,America/Chicago,CST,-6,,,,,,,,,,,
Wisconsin,WI,Fort Mc Coy,,,,,,,,,0,0,,,,,,,,,,,,,,
Wisconsin,WI,Fountain City,,,,,,,,54629,44.17077,-91.675,America/Chicago,CST,-6,,,,,,,,,,,
Wisconsin,WI,Four Corners,,,,,,,,,45.67428,-92.3577,America/Chicago,CST,-6,,,,,,,,,,,
Wisconsin,WI,Fox Lake,,,,,,,,53933,43.56817,-88.8957,America/Chicago,CST,-6,,,,,,,,,,,
Wisconsin,WI,Fox Point,,,,,,,,,43.15751,-87.9018,America/Chicago,CST,-6,,,,,,,,,,,
Wisconsin,WI,Foxboro,,,,,,,,54836,46.45289,-92.1714,America/Chicago,CST,-6,,,,,,,,,,,
Wisconsin,WI,Francis Creek,,,,,,,,54214,44.19754,-87.713,America/Chicago,CST,-6,,,,,,,,,,,
Wisconsin,WI,Franklin,,,,,,,,53132,42.88729,-88.0096,America/Chicago,CST,-6,,,,,,,,,,,
Wisconsin,WI,Frederic,,,,,,,,54837,45.65912,-92.4671,America/Chicago,CST,-6,,,,,,,,,,,
Wisconsin,WI,Fredonia,,,,,,,,53021,43.47702,-87.9612,America/Chicago,CST,-6,,,,,,,,,,,
Wisconsin,WI,Freedom,,,,,,,,54131,44.41633,-88.4649,America/Chicago,CST,-6,,,,,,,,,,,
Wisconsin,WI,Fremont,,,,,,,,54940,44.27278,-88.8333,America/Chicago,CST,-6,,,,,,,,,,,
Wisconsin,WI,French Island,,,,,,,,,43.8062,-91.1405,America/Chicago,CST,-6,,,,,,,,,,,
Wisconsin,WI,Frenchville,,,,,,,,,44.14968,-91.3229,America/Chicago,CST,-6,,,,,,,,,,,
Wisconsin,WI,Friendship,,,,,,,,53934,43.99797,-89.7771,America/Chicago,CST,-6,,,,,,,,,,,
Wisconsin,WI,Friesland,,,,,,,,53935,43.59012,-89.0593,America/Chicago,CST,-6,,,,,,,,,,,
Wisconsin,WI,Gagen,,,,,,,,,44.34084,-89.7349,America/Chicago,CST,-6,,,,,,,,,,,
Wisconsin,WI,Galesville,,,,,,,,54630,44.09481,-91.3395,America/Chicago,CST,-6,,,,,,,,,,,
Wisconsin,WI,Galloway,,,,,,,,54432,44.90094,-89.7701,America/Chicago,CST,-6,,,,,,,,,,,
Wisconsin,WI,Gays Mills,,,,,,,,54631,43.26967,-90.8318,America/Chicago,CST,-6,,,,,,,,,,,
Wisconsin,WI,Genesee,,,,,,,,,42.95279,-88.359,America/Chicago,CST,-6,,,,,,,,,,,
Wisconsin,WI,Genoa,,,,,,,,54632,43.57664,-91.2243,America/Chicago,CST,-6,,,,,,,,,,,
Wisconsin,WI,Genoa City,,,,,,,,53128,42.49835,-88.3282,America/Chicago,CST,-6,,,,,,,,,,,
Wisconsin,WI,Georgetown,,,,,,,,,42.62417,-90.4846,America/Chicago,CST,-6,,,,,,,,,,,
Wisconsin,WI,Germantown,,,,,,,,53022,43.23548,-88.1247,America/Chicago,CST,-6,,,,,,,,,,,
Wisconsin,WI,Gile,,,,,,,,54525,46.42828,-90.2252,America/Chicago,CST,-6,,,,,,,,,,,
Wisconsin,WI,Gillett,,,,,,,,54124,44.88999,-88.3073,America/Chicago,CST,-6,,,,,,,,,,,
Wisconsin,WI,Gillingham,,,,,,,,,43.42637,-90.4451,America/Chicago,CST,-6,,,,,,,,,,,
Wisconsin,WI,Gills Rock,,,,,,,,,45.28999,-87.0218,America/Chicago,CST,-6,,,,,,,,,,,
Wisconsin,WI,Gilman,,,,,,,,54433,45.16664,-90.8076,America/Chicago,CST,-6,,,,,,,,,,,
Wisconsin,WI,Gilmanton,,,,,,,,54743,44.31107,-91.8064,America/Chicago,CST,-6,,,,,,,,,,,
Wisconsin,WI,Gleason,,,,,,,,54435,45.30885,-89.4965,America/Chicago,CST,-6,,,,,,,,,,,
Wisconsin,WI,Glen Flora,,,,,,,,54526,45.4862,-90.8479,America/Chicago,CST,-6,,,,,,,,,,,
Wisconsin,WI,Glen Haven,,,,,,,,53810,42.82207,-90.9822,America/Chicago,CST,-6,,,,,,,,,,,
Wisconsin,WI,Glenbeulah,,,,,,,,53023,43.77213,-88.0413,America/Chicago,CST,-6,,,,,,,,,,,
Wisconsin,WI,Glendale,,,,,,,,,43.13529,-87.9356,America/Chicago,CST,-6,,,,,,,,,,,
Wisconsin,WI,Glenwood City,,,,,,,,54013,45.06037,-92.2484,America/Chicago,CST,-6,,,,,,,,,,,
Wisconsin,WI,Glidden,,,,,,,,54527,46.12611,-90.6112,America/Chicago,CST,-6,,,,,,,,,,,
Wisconsin,WI,Globe,,,,,,,,,44.87998,-90.3847,America/Chicago,CST,-6,,,,,,,,,,,
Wisconsin,WI,Goodman,,,,,,,,54125,45.64883,-88.3332,America/Chicago,CST,-6,,,,,,,,,,,
Wisconsin,WI,Goodnow,,,,,,,,,0,0,,,,,,,,,,,,,,
Wisconsin,WI,Goodrich,,,,,,,,,0,0,,,,,,,,,,,,,,
Wisconsin,WI,Gordon,,,,,,,,54838,46.29303,-91.8946,America/Chicago,CST,-6,,,,,,,,,,,
Wisconsin,WI,Gotham,,,,,,,,53540,43.22332,-90.2915,America/Chicago,CST,-6,,,,,,,,,,,
Wisconsin,WI,Grafton,,,,,,,,53024,43.29996,-87.941,America/Chicago,CST,-6,,,,,,,,,,,
Wisconsin,WI,Grand Chute,,,,,,,,,0,0,,,,,,,,,,,,,,
Wisconsin,WI,Grand Marsh,,,,,,,,53936,43.88692,-89.7062,America/Chicago,CST,-6,,,,,,,,,,,
Wisconsin,WI,Grand Rapids,,,,,,,,,0,0,,,,,,,,,,,,,,
Wisconsin,WI,Grand View,,,,,,,,54839,46.36745,-91.1083,America/Chicago,CST,-6,,,,,,,,,,,
Wisconsin,WI,Granton,,,,,,,,54436,44.60725,-90.4573,America/Chicago,CST,-6,,,,,,,,,,,
Wisconsin,WI,Grantsburg,,,,,,,,54840,45.79534,-92.6935,America/Chicago,CST,-6,,,,,,,,,,,
Wisconsin,WI,Gratiot,,,,,,,,53541,42.57989,-90.0312,America/Chicago,CST,-6,,,,,,,,,,,
Wisconsin,WI,Green Bay,,,,,,,,54305###54306###54301###54303###54302###54307###54308###54311###54344###54304###54324###54313,44.48078,-88.0161,America/Chicago,CST,-6,,,,,,,,,,,
Wisconsin,WI,Green Lake,,,,,,,,54941,43.85627,-88.9859,America/Chicago,CST,-6,,,,,,,,,,,
Wisconsin,WI,Green Valley,,,,,,,,54127,44.79555,-88.2704,America/Chicago,CST,-6,,,,,,,,,,,
Wisconsin,WI,Greendale,,,,,,,,53129,42.93777,-87.9989,America/Chicago,CST,-6,,,,,,,,,,,
Wisconsin,WI,Greenfield,,,,,,,,,44.79555,-88.2704,America/Chicago,CST,-6,,,,,,,,,,,
Wisconsin,WI,Greenleaf,,,,,,,,54126,44.34737,-88.0377,America/Chicago,CST,-6,,,,,,,,,,,
Wisconsin,WI,Greenville,,,,,,,,54942,44.28698,-88.5564,America/Chicago,CST,-6,,,,,,,,,,,
Wisconsin,WI,Greenwood,,,,,,,,54437,44.77024,-90.5993,America/Chicago,CST,-6,,,,,,,,,,,
Wisconsin,WI,Gresham,,,,,,,,54128,44.85303,-88.7882,America/Chicago,CST,-6,,,,,,,,,,,
Wisconsin,WI,Grimms,,,,,,,,,0,0,,,,,,,,,,,,,,
Wisconsin,WI,Gurney,,,,,,,,,46.47273,-90.5082,America/Chicago,CST,-6,,,,,,,,,,,
Wisconsin,WI,Halder,,,,,,,,,44.79913,-89.8707,America/Chicago,CST,-6,,,,,,,,,,,
Wisconsin,WI,Hales Corners,,,,,,,,53130,42.94361,-88.0465,America/Chicago,CST,-6,,,,,,,,,,,
Wisconsin,WI,Hamburg,,,,,,,,,45.09052,-89.8851,America/Chicago,CST,-6,,,,,,,,,,,
Wisconsin,WI,Hammond,,,,,,,,54015,44.96694,-92.4565,America/Chicago,CST,-6,,,,,,,,,,,
Wisconsin,WI,Hancock,,,,,,,,54943,44.10355,-89.4916,America/Chicago,CST,-6,,,,,,,,,,,
Wisconsin,WI,Hannibal,,,,,,,,54439,45.20676,-90.4841,America/Chicago,CST,-6,,,,,,,,,,,
Wisconsin,WI,Harmony,,,,,,,,,0,0,,,,,,,,,,,,,,
Wisconsin,WI,Harrison,,,,,,,,,45.36047,-89.4382,America/Chicago,CST,-6,,,,,,,,,,,
Wisconsin,WI,Harshaw,,,,,,,,54529,45.69012,-89.664,America/Chicago,CST,-6,,,,,,,,,,,
Wisconsin,WI,Hartford,,,,,,,,53027,43.35762,-88.319,America/Chicago,CST,-6,,,,,,,,,,,
Wisconsin,WI,Hartland,,,,,,,,53029,43.12368,-88.3361,America/Chicago,CST,-6,,,,,,,,,,,
Wisconsin,WI,Hatfield,,,,,,,,,0,0,,,,,,,,,,,,,,
Wisconsin,WI,Hatley,,,,,,,,54440,44.88747,-89.3387,America/Chicago,CST,-6,,,,,,,,,,,
Wisconsin,WI,Haugen,,,,,,,,54841,45.60884,-91.7749,America/Chicago,CST,-6,,,,,,,,,,,
Wisconsin,WI,Hawkins,,,,,,,,54530,45.51856,-90.7431,America/Chicago,CST,-6,,,,,,,,,,,
Wisconsin,WI,Hawthorne,,,,,,,,54842,46.503,-91.8608,America/Chicago,CST,-6,,,,,,,,,,,
Wisconsin,WI,Hayes,,,,,,,,,44.99971,-88.4229,America/Chicago,CST,-6,,,,,,,,,,,
Wisconsin,WI,Hayton,,,,,,,,,44.02249,-88.1162,America/Chicago,CST,-6,,,,,,,,,,,
Wisconsin,WI,Hayward,,,,,,,,54843,45.95522,-91.2783,America/Chicago,CST,-6,,,,,,,,,,,
Wisconsin,WI,Hazel Green,,,,,,,,53811,42.54389,-90.5363,America/Chicago,CST,-6,,,,,,,,,,,
Wisconsin,WI,Hazelhurst,,,,,,,,54531,45.74835,-89.8216,America/Chicago,CST,-6,,,,,,,,,,,
Wisconsin,WI,Heafford Junction,,,,,,,,54532,45.33768,-89.7355,America/Chicago,CST,-6,,,,,,,,,,,
Wisconsin,WI,Hegg,,,,,,,,,44.17138,-91.227,America/Chicago,CST,-6,,,,,,,,,,,
Wisconsin,WI,Herbster,,,,,,,,54844,46.83243,-91.261,America/Chicago,CST,-6,,,,,,,,,,,
Wisconsin,WI,Hertel,,,,,,,,54845,45.79961,-92.1537,America/Chicago,CST,-6,,,,,,,,,,,
Wisconsin,WI,Hewitt,,,,,,,,54441,44.64588,-90.1051,America/Chicago,CST,-6,,,,,,,,,,,
Wisconsin,WI,Hickory Corners,,,,,,,,,45.00471,-88.254,America/Chicago,CST,-6,,,,,,,,,,,
Wisconsin,WI,High Bridge,,,,,,,,54846,46.37607,-90.7612,America/Chicago,CST,-6,,,,,,,,,,,
Wisconsin,WI,High Cliff State Park,,,,,,,,,0,0,,,,,,,,,,,,,,
Wisconsin,WI,High Falls Reservoir,,,,,,,,,0,0,,,,,,,,,,,,,,
Wisconsin,WI,Highland,,,,,,,,53543,43.04666,-90.3799,America/Chicago,CST,-6,,,,,,,,,,,
Wisconsin,WI,Hilbert,,,,,,,,54129,44.14652,-88.1951,America/Chicago,CST,-6,,,,,,,,,,,
Wisconsin,WI,Hiles,,,,,,,,,45.70385,-88.9773,America/Chicago,CST,-6,,,,,,,,,,,
Wisconsin,WI,Hillsboro,,,,,,,,54634,43.6522,-90.344,America/Chicago,CST,-6,,,,,,,,,,,
Wisconsin,WI,Hixton,,,,,,,,54635,44.40376,-91.0442,America/Chicago,CST,-6,,,,,,,,,,,
Wisconsin,WI,Hobart,,,,,,,,,0,0,,,,,,,,,,,,,,
Wisconsin,WI,Hofa Park,,,,,,,,,44.37802,-91.7507,America/Chicago,CST,-6,,,,,,,,,,,
Wisconsin,WI,Hogarty,,,,,,,,,44.34084,-89.7349,America/Chicago,CST,-6,,,,,,,,,,,
Wisconsin,WI,Holland,,,,,,,,,44.2486,-88.1718,America/Chicago,CST,-6,,,,,,,,,,,
Wisconsin,WI,Hollandale,,,,,,,,53544,42.8715,-89.9239,America/Chicago,CST,-6,,,,,,,,,,,
Wisconsin,WI,Hollister,,,,,,,,,0,0,,,,,,,,,,,,,,
Wisconsin,WI,Holmen,,,,,,,,54636,43.96862,-91.2235,America/Chicago,CST,-6,,,,,,,,,,,
Wisconsin,WI,Horicon,,,,,,,,53032,43.42205,-88.6243,America/Chicago,CST,-6,,,,,,,,,,,
Wisconsin,WI,Hortonville,,,,,,,,54944,44.34206,-88.5882,America/Chicago,CST,-6,,,,,,,,,,,
Wisconsin,WI,Howard,,,,,,,,,44.5436,-88.0882,America/Chicago,CST,-6,,,,,,,,,,,
Wisconsin,WI,Howards Grove,,,,,,,,,43.83388,-87.8201,America/Chicago,CST,-6,,,,,,,,,,,
Wisconsin,WI,Hudson,,,,,,,,54016,44.97469,-92.7569,America/Chicago,CST,-6,,,,,,,,,,,
Wisconsin,WI,Humbird,,,,,,,,54746,44.52913,-90.8893,America/Chicago,CST,-6,,,,,,,,,,,
Wisconsin,WI,Humboldt,,,,,,,,,0,0,,,,,,,,,,,,,,
Wisconsin,WI,Hurley,,,,,,,,54534,46.37103,-90.2216,America/Chicago,CST,-6,,,,,,,,,,,
Wisconsin,WI,Hurricane,,,,,,,,,43.42205,-88.6243,America/Chicago,CST,-6,,,,,,,,,,,
Wisconsin,WI,Hustisford,,,,,,,,53034,43.33052,-88.603,America/Chicago,CST,-6,,,,,,,,,,,
Wisconsin,WI,Hustler,,,,,,,,54637,43.88013,-90.2729,America/Chicago,CST,-6,,,,,,,,,,,
Wisconsin,WI,Iduna,,,,,,,,,44.19857,-91.3127,America/Chicago,CST,-6,,,,,,,,,,,
Wisconsin,WI,Independence,,,,,,,,54747,44.35648,-91.4437,America/Chicago,CST,-6,,,,,,,,,,,
Wisconsin,WI,Ingram,,,,,,,,,45.50497,-90.8124,America/Chicago,CST,-6,,,,,,,,,,,
Wisconsin,WI,Ino,,,,,,,,,46.53078,-91.1788,America/Chicago,CST,-6,,,,,,,,,,,
Wisconsin,WI,Institute,,,,,,,,,44.89333,-87.287,America/Chicago,CST,-6,,,,,,,,,,,
Wisconsin,WI,Iola,,,,,,,,54990###54945,44.57221,-89.0711,America/Chicago,CST,-6,,,,,,,,,,,
Wisconsin,WI,Irma,,,,,,,,54442,45.36639,-89.67,America/Chicago,CST,-6,,,,,,,,,,,
Wisconsin,WI,Iron Belt,,,,,,,,54536,46.31824,-90.342,America/Chicago,CST,-6,,,,,,,,,,,
Wisconsin,WI,Iron Ridge,,,,,,,,53035,43.36296,-88.5815,America/Chicago,CST,-6,,,,,,,,,,,
Wisconsin,WI,Iron River,,,,,,,,54847,46.59955,-91.4374,America/Chicago,CST,-6,,,,,,,,,,,
Wisconsin,WI,Ironton,,,,,,,,,0,0,,,,,,,,,,,,,,
Wisconsin,WI,Irving,,,,,,,,,44.83607,-91.9546,America/Chicago,CST,-6,,,,,,,,,,,
Wisconsin,WI,Ithaca,,,,,,,,,43.34082,-90.2818,America/Chicago,CST,-6,,,,,,,,,,,
Wisconsin,WI,Jackson,,,,,,,,53037,43.32393,-88.1522,America/Chicago,CST,-6,,,,,,,,,,,
Wisconsin,WI,Jacksonport,,,,,,,,,44.97861,-87.1857,America/Chicago,CST,-6,,,,,,,,,,,
Wisconsin,WI,Janesville,,,,,,,,53548###53545###53546###53547,42.73889,-89.0403,America/Chicago,CST,-6,,,,,,,,,,,
Wisconsin,WI,Jefferson,,,,,,,,53549,42.9935,-88.7598,America/Chicago,CST,-6,,,,,,,,,,,
Wisconsin,WI,Jeffris,,,,,,,,,45.5019,-89.4304,America/Chicago,CST,-6,,,,,,,,,,,
Wisconsin,WI,Jericho,,,,,,,,,43.96999,-88.2665,America/Chicago,CST,-6,,,,,,,,,,,
Wisconsin,WI,Johnson Creek,,,,,,,,53038,43.07195,-88.7934,America/Chicago,CST,-6,,,,,,,,,,,
Wisconsin,WI,Jordan,,,,,,,,,44.51066,-89.6383,America/Chicago,CST,-6,,,,,,,,,,,
Wisconsin,WI,Jump River,,,,,,,,54434,45.20676,-90.4841,America/Chicago,CST,-6,,,,,,,,,,,
Wisconsin,WI,Junction,,,,,,,,,44.58896,-89.708,America/Chicago,CST,-6,,,,,,,,,,,
Wisconsin,WI,Junction City,,,,,,,,54443,44.58896,-89.708,America/Chicago,CST,-6,,,,,,,,,,,
Wisconsin,WI,Juneau,,,,,,,,53039,43.37222,-88.7102,America/Chicago,CST,-6,,,,,,,,,,,
Wisconsin,WI,Kaukauna,,,,,,,,54130,44.27804,-88.2721,America/Chicago,CST,-6,,,,,,,,,,,
Wisconsin,WI,Keene,,,,,,,,,44.36692,-89.4743,America/Chicago,CST,-6,,,,,,,,,,,
Wisconsin,WI,Kekoskee,,,,,,,,,43.52999,-88.5609,America/Chicago,CST,-6,,,,,,,,,,,
Wisconsin,WI,Kellner,,,,,,,,,44.35886,-89.7248,America/Chicago,CST,-6,,,,,,,,,,,
Wisconsin,WI,Kellnersville,,,,,,,,54215,44.22259,-87.8017,America/Chicago,CST,-6,,,,,,,,,,,
Wisconsin,WI,Kempster,,,,,,,,,45.24938,-89.0321,America/Chicago,CST,-6,,,,,,,,,,,
Wisconsin,WI,Kendall,,,,,,,,54638,43.79219,-90.3685,America/Chicago,CST,-6,,,,,,,,,,,
Wisconsin,WI,Kennan,,,,,,,,54537,45.52882,-90.6062,America/Chicago,CST,-6,,,,,,,,,,,
Wisconsin,WI,Kenosha,,,,,,,,53144###53143###53142###53141###53140,42.62245,-87.8304,America/Chicago,CST,-6,,,,,,,,,,,
Wisconsin,WI,Keshena,,,,,,,,54135,44.88646,-88.5751,America/Chicago,CST,-6,,,,,,,,,,,
Wisconsin,WI,Kewaskum,,,,,,,,53040,43.49943,-88.2064,America/Chicago,CST,-6,,,,,,,,,,,
Wisconsin,WI,Kewaunee,,,,,,,,54216,44.43819,-87.5927,America/Chicago,CST,-6,,,,,,,,,,,
Wisconsin,WI,Kiel,,,,,,,,53042,43.96317,-87.9551,America/Chicago,CST,-6,,,,,,,,,,,
Wisconsin,WI,Kieler,,,,,,,,53812,42.85933,-90.7913,America/Chicago,CST,-6,,,,,,,,,,,
Wisconsin,WI,Kimball,,,,,,,,,46.48189,-90.306,America/Chicago,CST,-6,,,,,,,,,,,
Wisconsin,WI,Kimberly,,,,,,,,54136,44.27221,-88.339,America/Chicago,CST,-6,,,,,,,,,,,
Wisconsin,WI,King,,,,,,,,54946,44.33661,-89.1444,America/Chicago,CST,-6,,,,,,,,,,,
Wisconsin,WI,Kingston,,,,,,,,53939,43.6911,-89.1302,America/Chicago,CST,-6,,,,,,,,,,,
Wisconsin,WI,Kirby,,,,,,,,,0,0,,,,,,,,,,,,,,
Wisconsin,WI,Klondike,,,,,,,,,0,0,,,,,,,,,,,,,,
Wisconsin,WI,Knapp,,,,,,,,54749,44.94754,-92.0752,America/Chicago,CST,-6,,,,,,,,,,,
Wisconsin,WI,Knowlton,,,,,,,,,44.71636,-89.6826,America/Chicago,CST,-6,,,,,,,,,,,
Wisconsin,WI,Kohler,,,,,,,,53044,43.74844,-87.7762,America/Chicago,CST,-6,,,,,,,,,,,
Wisconsin,WI,Kolberg,,,,,,,,,0,0,,,,,,,,,,,,,,
Wisconsin,WI,Krakow,,,,,,,,54137,44.75569,-88.2898,America/Chicago,CST,-6,,,,,,,,,,,
Wisconsin,WI,Kronenwetter,,,,,,,,,44.34084,-89.7349,America/Chicago,CST,-6,,,,,,,,,,,
Wisconsin,WI,Kunesh,,,,,,,,,44.61555,-88.1904,America/Chicago,CST,-6,,,,,,,,,,,
Wisconsin,WI,La Crosse,,,,,,,,54602###54603###54601,43.8062,-91.1405,America/Chicago,CST,-6,,,,,,,,,,,
Wisconsin,WI,La Farge,,,,,,,,54639,43.60004,-90.6365,America/Chicago,CST,-6,,,,,,,,,,,
Wisconsin,WI,La Valle,,,,,,,,53941,43.5822,-90.1282,America/Chicago,CST,-6,,,,,,,,,,,
Wisconsin,WI,Lac Du Flambeau,,,,,,,,54538,45.9696,-89.8995,America/Chicago,CST,-6,,,,,,,,,,,
Wisconsin,WI,Lac La Belle,,,,,,,,,43.14417,-88.5307,America/Chicago,CST,-6,,,,,,,,,,,
Wisconsin,WI,Ladysmith,,,,,,,,54848,45.49084,-91.0943,America/Chicago,CST,-6,,,,,,,,,,,
Wisconsin,WI,Lake Arbutus,,,,,,,,,45.57607,-92.4827,America/Chicago,CST,-6,,,,,,,,,,,
Wisconsin,WI,Lake Butte Des Mor,,,,,,,,,44.10314,-88.6539,America/Chicago,CST,-6,,,,,,,,,,,
Wisconsin,WI,Lake Delton,,,,,,,,53940,43.59391,-89.7912,America/Chicago,CST,-6,,,,,,,,,,,
Wisconsin,WI,Lake Geneva,,,,,,,,53147,42.61788,-88.5202,America/Chicago,CST,-6,,,,,,,,,,,
Wisconsin,WI,Lake Mills,,,,,,,,53551,43.0809,-88.9133,America/Chicago,CST,-6,,,,,,,,,,,
Wisconsin,WI,Lake Nebagamon,,,,,,,,54849,46.49301,-91.7134,America/Chicago,CST,-6,,,,,,,,,,,
Wisconsin,WI,Lake Poygan,,,,,,,,,45.57607,-92.4827,America/Chicago,CST,-6,,,,,,,,,,,
Wisconsin,WI,Lake Ripley,,,,,,,,,0,0,,,,,,,,,,,,,,
Wisconsin,WI,Lake Tomahawk,,,,,,,,54539,45.77569,-89.5748,America/Chicago,CST,-6,,,,,,,,,,,
Wisconsin,WI,Lake Wisconsin,,,,,,,,,44.34084,-89.7349,America/Chicago,CST,-6,,,,,,,,,,,
Wisconsin,WI,Lake Wissota,,,,,,,,,44.92635,-91.301,America/Chicago,CST,-6,,,,,,,,,,,
Wisconsin,WI,Lakewood,,,,,,,,54138,45.30825,-88.4778,America/Chicago,CST,-6,,,,,,,,,,,
Wisconsin,WI,Lampson,,,,,,,,,44.34084,-89.7349,America/Chicago,CST,-6,,,,,,,,,,,
Wisconsin,WI,Lancaster,,,,,,,,53813,42.86416,-90.685,America/Chicago,CST,-6,,,,,,,,,,,
Wisconsin,WI,Land O Lakes,,,,,,,,54540,46.16134,-89.2188,America/Chicago,CST,-6,,,,,,,,,,,
Wisconsin,WI,Langes Corners,,,,,,,,,44.38555,-87.8609,America/Chicago,CST,-6,,,,,,,,,,,
Wisconsin,WI,Langlade,,,,,,,,,45.18997,-88.7323,America/Chicago,CST,-6,,,,,,,,,,,
Wisconsin,WI,Lannon,,,,,,,,53046,43.15328,-88.1644,America/Chicago,CST,-6,,,,,,,,,,,
Wisconsin,WI,Laona,,,,,,,,54541,45.56172,-88.7065,America/Chicago,CST,-6,,,,,,,,,,,
Wisconsin,WI,Lark,,,,,,,,,44.31416,-87.9498,America/Chicago,CST,-6,,,,,,,,,,,
Wisconsin,WI,Larrabee,,,,,,,,,0,0,,,,,,,,,,,,,,
Wisconsin,WI,Larsen,,,,,,,,54947,44.19499,-88.6886,America/Chicago,CST,-6,,,,,,,,,,,
Wisconsin,WI,Ledgeview,,,,,,,,,44.34084,-89.7349,America/Chicago,CST,-6,,,,,,,,,,,
Wisconsin,WI,Leeman,,,,,,,,,0,0,,,,,,,,,,,,,,
Wisconsin,WI,Lemonweir,,,,,,,,,44.34084,-89.7349,America/Chicago,CST,-6,,,,,,,,,,,
Wisconsin,WI,Lena,,,,,,,,54139,44.9511,-88.0468,America/Chicago,CST,-6,,,,,,,,,,,
Wisconsin,WI,Lennox,,,,,,,,,0,0,,,,,,,,,,,,,,
Wisconsin,WI,Leopolis,,,,,,,,54948,44.78101,-88.8907,America/Chicago,CST,-6,,,,,,,,,,,
Wisconsin,WI,Levis,,,,,,,,,0,0,,,,,,,,,,,,,,
Wisconsin,WI,Liberty Pole,,,,,,,,,43.48997,-90.9087,America/Chicago,CST,-6,,,,,,,,,,,
Wisconsin,WI,Lily,,,,,,,,,45.30691,-88.854,America/Chicago,CST,-6,,,,,,,,,,,
Wisconsin,WI,Lime Ridge,,,,,,,,53942,43.46821,-90.1615,America/Chicago,CST,-6,,,,,,,,,,,
Wisconsin,WI,Lincoln,,,,,,,,,44.61805,-87.642,America/Chicago,CST,-6,,,,,,,,,,,
Wisconsin,WI,Lind Center,,,,,,,,,45.45135,-92.5541,America/Chicago,CST,-6,,,,,,,,,,,
Wisconsin,WI,Linden,,,,,,,,53553,42.91777,-90.2735,America/Chicago,CST,-6,,,,,,,,,,,
Wisconsin,WI,Lindsey,,,,,,,,,44.5558,-90.3001,America/Chicago,CST,-6,,,,,,,,,,,
Wisconsin,WI,Lisbon,,,,,,,,,0,0,,,,,,,,,,,,,,
Wisconsin,WI,Little Chicago,,,,,,,,,0,0,,,,,,,,,,,,,,
Wisconsin,WI,Little Chute,,,,,,,,54140,44.29475,-88.3163,America/Chicago,CST,-6,,,,,,,,,,,
Wisconsin,WI,Little Round Lake,,,,,,,,,0,0,,,,,,,,,,,,,,
Wisconsin,WI,Little Sturgeon,,,,,,,,,44.75549,-87.6053,America/Chicago,CST,-6,,,,,,,,,,,
Wisconsin,WI,Little Suamico,,,,,,,,54141,44.74457,-87.9955,America/Chicago,CST,-6,,,,,,,,,,,
Wisconsin,WI,Livingston,,,,,,,,53554,42.89872,-90.5116,America/Chicago,CST,-6,,,,,,,,,,,
Wisconsin,WI,Lodi,,,,,,,,53555,43.34281,-89.557,America/Chicago,CST,-6,,,,,,,,,,,
Wisconsin,WI,Loganville,,,,,,,,53943,43.38578,-90.0179,America/Chicago,CST,-6,,,,,,,,,,,
Wisconsin,WI,Lohrville,,,,,,,,,0,0,,,,,,,,,,,,,,
Wisconsin,WI,Lomira,,,,,,,,53048,43.59138,-88.4437,America/Chicago,CST,-6,,,,,,,,,,,
Wisconsin,WI,Lone Rock,,,,,,,,53556,43.24148,-90.2652,America/Chicago,CST,-6,,,,,,,,,,,
Wisconsin,WI,Long Lake,,,,,,,,54542,45.91384,-88.6235,America/Chicago,CST,-6,,,,,,,,,,,
Wisconsin,WI,Longwood,,,,,,,,,45.03511,-90.629,America/Chicago,CST,-6,,,,,,,,,,,
Wisconsin,WI,Loomis,,,,,,,,,0,0,,,,,,,,,,,,,,
Wisconsin,WI,Loretta,,,,,,,,,0,0,,,,,,,,,,,,,,
Wisconsin,WI,Lowell,,,,,,,,53557,43.34306,-88.7914,America/Chicago,CST,-6,,,,,,,,,,,
Wisconsin,WI,Loyal,,,,,,,,54446,44.73691,-90.496,America/Chicago,CST,-6,,,,,,,,,,,
Wisconsin,WI,Loyd,,,,,,,,,43.42304,-90.2429,America/Chicago,CST,-6,,,,,,,,,,,
Wisconsin,WI,Lublin,,,,,,,,54447,45.07719,-90.7246,America/Chicago,CST,-6,,,,,,,,,,,
Wisconsin,WI,Luck,,,,,,,,54853,45.57607,-92.4827,America/Chicago,CST,-6,,,,,,,,,,,
Wisconsin,WI,Luxemburg,,,,,,,,54217,44.54198,-87.6706,America/Chicago,CST,-6,,,,,,,,,,,
Wisconsin,WI,Lyndhurst,,,,,,,,,44.84192,-88.8126,America/Chicago,CST,-6,,,,,,,,,,,
Wisconsin,WI,Lyndon Station,,,,,,,,53944,43.71406,-89.9493,America/Chicago,CST,-6,,,,,,,,,,,
Wisconsin,WI,Lynn,,,,,,,,,44.58246,-90.4099,America/Chicago,CST,-6,,,,,,,,,,,
Wisconsin,WI,Lynxville,,,,,,,,54640,43.26617,-91.022,America/Chicago,CST,-6,,,,,,,,,,,
Wisconsin,WI,Mackville,,,,,,,,,44.28153,-88.381,America/Chicago,CST,-6,,,,,,,,,,,
Wisconsin,WI,Madison,,,,,,,,53707###53782###53704###53708###53783###53779###53774###53705###53703###53785###53777###53702###53701###53778###53784###53786###53788###53716###53715###53792###53719###53725###53717###53791###53714###53726###53790###53744###53706###53718###53713###53711###53789###53793###53794,43.06956,-89.4239,America/Chicago,CST,-6,,,,,,,,,,,
Wisconsin,WI,Maiden Rock,,,,,,,,54750,44.62392,-92.2907,America/Chicago,CST,-6,,,,,,,,,,,
Wisconsin,WI,Manawa,,,,,,,,54949,44.48806,-88.927,America/Chicago,CST,-6,,,,,,,,,,,
Wisconsin,WI,Manitowish,,,,,,,,,44.34084,-89.7349,America/Chicago,CST,-6,,,,,,,,,,,
Wisconsin,WI,Manitowish Waters,,,,,,,,54545,46.1551,-89.8455,America/Chicago,CST,-6,,,,,,,,,,,
Wisconsin,WI,Manitowoc,,,,,,,,54220###54221,44.10971,-87.7144,America/Chicago,CST,-6,,,,,,,,,,,
Wisconsin,WI,Maple,,,,,,,,54854,46.65264,-91.7338,America/Chicago,CST,-6,,,,,,,,,,,
Wisconsin,WI,Maple Bluff,,,,,,,,,43.11833,-89.3796,America/Chicago,CST,-6,,,,,,,,,,,
Wisconsin,WI,Maplewood,,,,,,,,54226,45.05971,-87.006,America/Chicago,CST,-6,,,,,,,,,,,
Wisconsin,WI,Marathon City,,,,,,,,,44.87544,-89.8008,America/Chicago,CST,-6,,,,,,,,,,,
Wisconsin,WI,Marengo,,,,,,,,54855,46.36683,-90.8408,America/Chicago,CST,-6,,,,,,,,,,,
Wisconsin,WI,Maribel,,,,,,,,54227,44.27655,-87.8017,America/Chicago,CST,-6,,,,,,,,,,,
Wisconsin,WI,Marinette,,,,,,,,54143,45.08681,-87.7163,America/Chicago,CST,-6,,,,,,,,,,,
Wisconsin,WI,Marion,,,,,,,,54950,44.67081,-88.8893,America/Chicago,CST,-6,,,,,,,,,,,
Wisconsin,WI,Markesan,,,,,,,,53946,43.72358,-89.0654,America/Chicago,CST,-6,,,,,,,,,,,
Wisconsin,WI,Marquette,,,,,,,,53947,43.74646,-89.1384,America/Chicago,CST,-6,,,,,,,,,,,
Wisconsin,WI,Marshall,,,,,,,,53559,43.17392,-89.0913,America/Chicago,CST,-6,,,,,,,,,,,
Wisconsin,WI,Marshfield,,,,,,,,54404###54472###54449,44.46655,-90.0214,America/Chicago,CST,-6,,,,,,,,,,,
Wisconsin,WI,Marshland,,,,,,,,,44.07357,-91.5549,America/Chicago,CST,-6,,,,,,,,,,,
Wisconsin,WI,Mason,,,,,,,,54856,46.43523,-91.0599,America/Chicago,CST,-6,,,,,,,,,,,
Wisconsin,WI,Mather,,,,,,,,54641,44.27065,-90.3301,America/Chicago,CST,-6,,,,,,,,,,,
Wisconsin,WI,Mattoon,,,,,,,,54450,45.00623,-89.0474,America/Chicago,CST,-6,,,,,,,,,,,
Wisconsin,WI,Mauston,,,,,,,,53948,43.79719,-90.0774,America/Chicago,CST,-6,,,,,,,,,,,
Wisconsin,WI,Maxville,,,,,,,,,44.53163,-92.0088,America/Chicago,CST,-6,,,,,,,,,,,
Wisconsin,WI,Mayville,,,,,,,,53050,43.48346,-88.5459,America/Chicago,CST,-6,,,,,,,,,,,
Wisconsin,WI,Mazomanie,,,,,,,,53560,43.19098,-89.7293,America/Chicago,CST,-6,,,,,,,,,,,
Wisconsin,WI,Mc Naughton,,,,,,,,54543,45.72293,-89.5573,America/Chicago,CST,-6,,,,,,,,,,,
Wisconsin,WI,Mcallister,,,,,,,,,45.3272,-87.7212,America/Chicago,CST,-6,,,,,,,,,,,
Wisconsin,WI,McFarland,,,,,,,,,43.0125,-89.2898,America/Chicago,CST,-6,,,,,,,,,,,
Wisconsin,WI,Meadow Valley,,,,,,,,,43.64164,-90.5418,America/Chicago,CST,-6,,,,,,,,,,,
Wisconsin,WI,Medary,,,,,,,,,0,0,,,,,,,,,,,,,,
Wisconsin,WI,Medford,,,,,,,,54451,45.16471,-90.4458,America/Chicago,CST,-6,,,,,,,,,,,
Wisconsin,WI,Medina,,,,,,,,,44.41633,-88.4649,America/Chicago,CST,-6,,,,,,,,,,,
Wisconsin,WI,Mellen,,,,,,,,54546,46.32068,-90.7461,America/Chicago,CST,-6,,,,,,,,,,,
Wisconsin,WI,Melrose,,,,,,,,54642,44.19636,-90.9792,America/Chicago,CST,-6,,,,,,,,,,,
Wisconsin,WI,Melvina,,,,,,,,,43.80552,-90.7721,America/Chicago,CST,-6,,,,,,,,,,,
Wisconsin,WI,Menasha,,,,,,,,54952,44.20104,-88.3295,America/Chicago,CST,-6,,,,,,,,,,,
Wisconsin,WI,Menchalville,,,,,,,,,44.22583,-87.8823,America/Chicago,CST,-6,,,,,,,,,,,
Wisconsin,WI,Menomonee Falls,,,,,,,,53052###53051,43.15936,-88.1215,America/Chicago,CST,-6,,,,,,,,,,,
Wisconsin,WI,Menomonie,,,,,,,,54751,44.86781,-91.9432,America/Chicago,CST,-6,,,,,,,,,,,
Wisconsin,WI,Mequon,,,,,,,,53097,43.24205,-88.0098,America/Chicago,CST,-6,,,,,,,,,,,
Wisconsin,WI,Mercer,,,,,,,,54547,46.14375,-90.1107,America/Chicago,CST,-6,,,,,,,,,,,
Wisconsin,WI,Merrill,,,,,,,,54452,45.21752,-89.7133,America/Chicago,CST,-6,,,,,,,,,,,
Wisconsin,WI,Merrillan,,,,,,,,54754,44.43684,-90.7963,America/Chicago,CST,-6,,,,,,,,,,,
Wisconsin,WI,Merrimac,,,,,,,,53561,43.36453,-89.664,America/Chicago,CST,-6,,,,,,,,,,,
Wisconsin,WI,Merton,,,,,,,,53056,43.14602,-88.3098,America/Chicago,CST,-6,,,,,,,,,,,
Wisconsin,WI,Middle Inlet,,,,,,,,,45.29164,-87.9923,America/Chicago,CST,-6,,,,,,,,,,,
Wisconsin,WI,Middle Ridge,,,,,,,,,43.8008,-90.9468,America/Chicago,CST,-6,,,,,,,,,,,
Wisconsin,WI,Middleton,,,,,,,,53562,43.11477,-89.5292,America/Chicago,CST,-6,,,,,,,,,,,
Wisconsin,WI,Milan,,,,,,,,,44.98108,-90.1796,America/Chicago,CST,-6,,,,,,,,,,,
Wisconsin,WI,Milladore,,,,,,,,54454,44.59818,-89.9045,America/Chicago,CST,-6,,,,,,,,,,,
Wisconsin,WI,Millhome,,,,,,,,,43.89499,-87.9623,America/Chicago,CST,-6,,,,,,,,,,,
Wisconsin,WI,Millston,,,,,,,,54643,44.18687,-90.6358,America/Chicago,CST,-6,,,,,,,,,,,
Wisconsin,WI,Milltown,,,,,,,,54858,45.51583,-92.4617,America/Chicago,CST,-6,,,,,,,,,,,
Wisconsin,WI,Millville,,,,,,,,,0,0,,,,,,,,,,,,,,
Wisconsin,WI,Milton,,,,,,,,53563,42.77556,-88.944,America/Chicago,CST,-6,,,,,,,,,,,
Wisconsin,WI,Milwaukee,,,,,,,,53219###53259###53210###53263###53216###53217###53218###53267###53220###53221###53209###53237###53211###53214###53213###53226###53227###53228###53215###53233###53234###53235###53212###53208###53207###53202###53201###53268###53295###53274###53278###53288###53290###53293###53225###53222###53204###53203###53206###53223###53205###53224,43.01126,-87.9584,America/Chicago,CST,-6,,,,,,,,,,,
Wisconsin,WI,Mindoro,,,,,,,,54644,44.02142,-91.033,America/Chicago,CST,-6,,,,,,,,,,,
Wisconsin,WI,Mineral Point,,,,,,,,53565,42.86,-90.1799,America/Chicago,CST,-6,,,,,,,,,,,
Wisconsin,WI,Minocqua,,,,,,,,54548,45.82758,-89.8243,America/Chicago,CST,-6,,,,,,,,,,,
Wisconsin,WI,Minong,,,,,,,,54859,46.09709,-91.8599,America/Chicago,CST,-6,,,,,,,,,,,
Wisconsin,WI,Misha Mokwa,,,,,,,,,44.59867,-91.9055,America/Chicago,CST,-6,,,,,,,,,,,
Wisconsin,WI,Mishicot,,,,,,,,54228,44.23916,-87.6412,America/Chicago,CST,-6,,,,,,,,,,,
Wisconsin,WI,Modena,,,,,,,,,44.45747,-91.7965,America/Chicago,CST,-6,,,,,,,,,,,
Wisconsin,WI,Mole Lake,,,,,,,,,45.47969,-88.9832,America/Chicago,CST,-6,,,,,,,,,,,
Wisconsin,WI,Mondovi,,,,,,,,54755,44.48773,-91.6807,America/Chicago,CST,-6,,,,,,,,,,,
Wisconsin,WI,Monico,,,,,,,,,0,0,,,,,,,,,,,,,,
Wisconsin,WI,Monona,,,,,,,,,43.06222,-89.334,America/Chicago,CST,-6,,,,,,,,,,,
Wisconsin,WI,Monroe,,,,,,,,53566,42.61297,-89.657,America/Chicago,CST,-6,,,,,,,,,,,
Wisconsin,WI,Monroe Center,,,,,,,,,44.11191,-89.9396,America/Chicago,CST,-6,,,,,,,,,,,
Wisconsin,WI,Montana,,,,,,,,,45.1847,-88.4737,America/Chicago,CST,-6,,,,,,,,,,,
Wisconsin,WI,Montello,,,,,,,,53949,43.81258,-89.372,America/Chicago,CST,-6,,,,,,,,,,,
Wisconsin,WI,Montfort,,,,,,,,53569,43.03126,-90.4925,America/Chicago,CST,-6,,,,,,,,,,,
Wisconsin,WI,Monticello,,,,,,,,53570,42.74305,-89.621,America/Chicago,CST,-6,,,,,,,,,,,
Wisconsin,WI,Montreal,,,,,,,,54550,46.428,-90.246,America/Chicago,CST,-6,,,,,,,,,,,
Wisconsin,WI,Moon,,,,,,,,,44.77163,-89.7879,America/Chicago,CST,-6,,,,,,,,,,,
Wisconsin,WI,Moose Junction,,,,,,,,,46.28744,-92.1549,America/Chicago,CST,-6,,,,,,,,,,,
Wisconsin,WI,Moquah,,,,,,,,,46.5705,-91.0832,America/Chicago,CST,-6,,,,,,,,,,,
Wisconsin,WI,Morgan,,,,,,,,,44.88498,-88.8246,America/Chicago,CST,-6,,,,,,,,,,,
Wisconsin,WI,Morrison,,,,,,,,,44.29916,-87.989,America/Chicago,CST,-6,,,,,,,,,,,
Wisconsin,WI,Morse,,,,,,,,,46.29967,-90.6947,America/Chicago,CST,-6,,,,,,,,,,,
Wisconsin,WI,Mosinee,,,,,,,,54455,44.80923,-89.7013,America/Chicago,CST,-6,,,,,,,,,,,
Wisconsin,WI,Mount Calvary,,,,,,,,53057,43.82638,-88.2462,America/Chicago,CST,-6,,,,,,,,,,,
Wisconsin,WI,Mount Hope,,,,,,,,53816,42.97552,-90.8496,America/Chicago,CST,-6,,,,,,,,,,,
Wisconsin,WI,Mount Horeb,,,,,,,,53572,43.00861,-89.7385,America/Chicago,CST,-6,,,,,,,,,,,
Wisconsin,WI,Mount Morris,,,,,,,,,44.11442,-89.1907,America/Chicago,CST,-6,,,,,,,,,,,
Wisconsin,WI,Mount Pleasant,,,,,,,,,0,0,,,,,,,,,,,,,,
Wisconsin,WI,Mount Sterling,,,,,,,,54645,43.31526,-90.9287,America/Chicago,CST,-6,,,,,,,,,,,
Wisconsin,WI,Mountain,,,,,,,,54149,45.1847,-88.4737,America/Chicago,CST,-6,,,,,,,,,,,
Wisconsin,WI,Mukwonago,,,,,,,,53149,42.86668,-88.3334,America/Chicago,CST,-6,,,,,,,,,,,
Wisconsin,WI,Muscoda,,,,,,,,53573,43.1234,-90.4884,America/Chicago,CST,-6,,,,,,,,,,,
Wisconsin,WI,Muskego,,,,,,,,53150,42.88799,-88.1327,America/Chicago,CST,-6,,,,,,,,,,,
Wisconsin,WI,Namekagon,,,,,,,,,46.21273,-91.0455,America/Chicago,CST,-6,,,,,,,,,,,
Wisconsin,WI,Nashotah,,,,,,,,53058,43.10913,-88.4025,America/Chicago,CST,-6,,,,,,,,,,,
Wisconsin,WI,Nashville,,,,,,,,,0,0,,,,,,,,,,,,,,
Wisconsin,WI,Navarino,,,,,,,,,44.6111,-88.492,America/Chicago,CST,-6,,,,,,,,,,,
Wisconsin,WI,Necedah,,,,,,,,54646,44.02264,-90.1306,America/Chicago,CST,-6,,,,,,,,,,,
Wisconsin,WI,Neenah,,,,,,,,54956###54957,44.18234,-88.5276,America/Chicago,CST,-6,,,,,,,,,,,
Wisconsin,WI,Neillsville,,,,,,,,54456,44.68815,-90.6694,America/Chicago,CST,-6,,,,,,,,,,,
Wisconsin,WI,Nekoosa,,,,,,,,54457,44.29997,-89.9208,America/Chicago,CST,-6,,,,,,,,,,,
Wisconsin,WI,Nelson,,,,,,,,54756,44.47358,-91.9105,America/Chicago,CST,-6,,,,,,,,,,,
Wisconsin,WI,Nelsonville,,,,,,,,54458,44.49497,-89.3098,America/Chicago,CST,-6,,,,,,,,,,,
Wisconsin,WI,Neopit,,,,,,,,54150,44.98777,-88.8227,America/Chicago,CST,-6,,,,,,,,,,,
Wisconsin,WI,Neosho,,,,,,,,53059,43.28981,-88.534,America/Chicago,CST,-6,,,,,,,,,,,
Wisconsin,WI,Neptune,,,,,,,,,0,0,,,,,,,,,,,,,,
Wisconsin,WI,Neshkoro,,,,,,,,54960,43.9221,-89.311,America/Chicago,CST,-6,,,,,,,,,,,
Wisconsin,WI,Neuern,,,,,,,,,44.50194,-87.7248,America/Chicago,CST,-6,,,,,,,,,,,
Wisconsin,WI,Neva,,,,,,,,,0,0,,,,,,,,,,,,,,
Wisconsin,WI,Nevins,,,,,,,,,0,0,,,,,,,,,,,,,,
Wisconsin,WI,New Amsterdam,,,,,,,,,43.98274,-91.3165,America/Chicago,CST,-6,,,,,,,,,,,
Wisconsin,WI,New Auburn,,,,,,,,54757,45.20413,-91.5582,America/Chicago,CST,-6,,,,,,,,,,,
Wisconsin,WI,New Berlin,,,,,,,,53151###53146,42.96992,-88.1776,America/Chicago,CST,-6,,,,,,,,,,,
Wisconsin,WI,New Franken,,,,,,,,54229,44.57142,-87.8333,America/Chicago,CST,-6,,,,,,,,,,,
Wisconsin,WI,New Glarus,,,,,,,,53574,42.81627,-89.6513,America/Chicago,CST,-6,,,,,,,,,,,
Wisconsin,WI,New Holstein,,,,,,,,53061###53062,43.94989,-88.102,America/Chicago,CST,-6,,,,,,,,,,,
Wisconsin,WI,New Lisbon,,,,,,,,53950,43.91115,-90.1659,America/Chicago,CST,-6,,,,,,,,,,,
Wisconsin,WI,New London,,,,,,,,54961,44.4056,-88.8591,America/Chicago,CST,-6,,,,,,,,,,,
Wisconsin,WI,New Miner,,,,,,,,,44.16969,-90.0362,America/Chicago,CST,-6,,,,,,,,,,,
Wisconsin,WI,New Post,,,,,,,,,45.89579,-91.186,America/Chicago,CST,-6,,,,,,,,,,,
Wisconsin,WI,New Richmond,,,,,,,,54017,45.09093,-92.497,America/Chicago,CST,-6,,,,,,,,,,,
Wisconsin,WI,New Rome,,,,,,,,,44.21941,-89.881,America/Chicago,CST,-6,,,,,,,,,,,
Wisconsin,WI,Newald,,,,,,,,,45.73857,-88.7054,America/Chicago,CST,-6,,,,,,,,,,,
Wisconsin,WI,Newburg,,,,,,,,53060,43.43381,-88.0623,America/Chicago,CST,-6,,,,,,,,,,,
Wisconsin,WI,Newburg Corners,,,,,,,,,43.43381,-88.0623,America/Chicago,CST,-6,,,,,,,,,,,
Wisconsin,WI,Newton,,,,,,,,53063,43.9576,-87.7928,America/Chicago,CST,-6,,,,,,,,,,,
Wisconsin,WI,Niagara,,,,,,,,54151,45.77135,-87.9949,America/Chicago,CST,-6,,,,,,,,,,,
Wisconsin,WI,Nichols,,,,,,,,54152,44.5668,-88.4582,America/Chicago,CST,-6,,,,,,,,,,,
Wisconsin,WI,Norman,,,,,,,,,44.37083,-87.6034,America/Chicago,CST,-6,,,,,,,,,,,
Wisconsin,WI,Norrie,,,,,,,,,44.88553,-89.2543,America/Chicago,CST,-6,,,,,,,,,,,
Wisconsin,WI,North Andover,,,,,,,,,42.81555,-90.966,America/Chicago,CST,-6,,,,,,,,,,,
Wisconsin,WI,North Bay,,,,,,,,,42.76474,-87.7798,America/Chicago,CST,-6,,,,,,,,,,,
Wisconsin,WI,North Bend,,,,,,,,,44.09135,-91.1168,America/Chicago,CST,-6,,,,,,,,,,,
Wisconsin,WI,North Branch,,,,,,,,,44.44746,-90.999,America/Chicago,CST,-6,,,,,,,,,,,
Wisconsin,WI,North Fond Du Lac,,,,,,,,,43.81138,-88.4834,America/Chicago,CST,-6,,,,,,,,,,,
Wisconsin,WI,North Freedom,,,,,,,,53951,43.4031,-89.8722,America/Chicago,CST,-6,,,,,,,,,,,
Wisconsin,WI,North Prairie,,,,,,,,53153,42.94097,-88.4017,America/Chicago,CST,-6,,,,,,,,,,,
Wisconsin,WI,Northern Lake Winnebago,,,,,,,,,44.07507,-88.5185,America/Chicago,CST,-6,,,,,,,,,,,
Wisconsin,WI,Northfield,,,,,,,,,44.45913,-91.0996,America/Chicago,CST,-6,,,,,,,,,,,
Wisconsin,WI,Northland,,,,,,,,,44.59498,-89.2079,America/Chicago,CST,-6,,,,,,,,,,,
Wisconsin,WI,Northport,,,,,,,,,45.29193,-86.9801,America/Chicago,CST,-6,,,,,,,,,,,
Wisconsin,WI,Northwoods Beach,,,,,,,,,45.91412,-91.4035,America/Chicago,CST,-6,,,,,,,,,,,
Wisconsin,WI,Norwalk,,,,,,,,54648,43.83159,-90.6475,America/Chicago,CST,-6,,,,,,,,,,,
Wisconsin,WI,Norway,,,,,,,,,0,0,,,,,,,,,,,,,,
Wisconsin,WI,Nutterville,,,,,,,,,44.9633,-89.7041,America/Chicago,CST,-6,,,,,,,,,,,
Wisconsin,WI,Nye,,,,,,,,,45.31441,-92.5805,America/Chicago,CST,-6,,,,,,,,,,,
Wisconsin,WI,Oak Creek,,,,,,,,53154,42.88627,-87.892,America/Chicago,CST,-6,,,,,,,,,,,
Wisconsin,WI,Oakdale,,,,,,,,54649,43.97151,-90.3612,America/Chicago,CST,-6,,,,,,,,,,,
Wisconsin,WI,Oakfield,,,,,,,,53065,43.6861,-88.5465,America/Chicago,CST,-6,,,,,,,,,,,
Wisconsin,WI,Oconomowoc,,,,,,,,53066,43.08706,-88.4633,America/Chicago,CST,-6,,,,,,,,,,,
Wisconsin,WI,Oconomowoc Lake,,,,,,,,,43.10445,-88.4593,America/Chicago,CST,-6,,,,,,,,,,,
Wisconsin,WI,Oconto,,,,,,,,54153,44.88721,-87.8646,America/Chicago,CST,-6,,,,,,,,,,,
Wisconsin,WI,Oconto Falls,,,,,,,,54154,44.902,-88.1258,America/Chicago,CST,-6,,,,,,,,,,,
Wisconsin,WI,Odanah,,,,,,,,54861,46.61497,-90.6567,America/Chicago,CST,-6,,,,,,,,,,,
Wisconsin,WI,Ogdensburg,,,,,,,,54962,44.42678,-88.9932,America/Chicago,CST,-6,,,,,,,,,,,
Wisconsin,WI,Ogema,,,,,,,,54459,45.45154,-90.2877,America/Chicago,CST,-6,,,,,,,,,,,
Wisconsin,WI,Ojibwa,,,,,,,,54862,45.79701,-91.1272,America/Chicago,CST,-6,,,,,,,,,,,
Wisconsin,WI,Okauchee Lake,,,,,,,,,43.11089,-88.435,America/Chicago,CST,-6,,,,,,,,,,,
Wisconsin,WI,Oliver,,,,,,,,,46.65744,-92.1952,America/Chicago,CST,-6,,,,,,,,,,,
Wisconsin,WI,Omro,,,,,,,,54963,44.05078,-88.7549,America/Chicago,CST,-6,,,,,,,,,,,
Wisconsin,WI,Onalaska,,,,,,,,54650,43.88666,-91.1304,America/Chicago,CST,-6,,,,,,,,,,,
Wisconsin,WI,Oneida,,,,,,,,54155,44.4986,-88.1829,America/Chicago,CST,-6,,,,,,,,,,,
Wisconsin,WI,Ontario,,,,,,,,54651,43.69654,-90.5481,America/Chicago,CST,-6,,,,,,,,,,,
Wisconsin,WI,Oostburg,,,,,,,,53070,43.62086,-87.8106,America/Chicago,CST,-6,,,,,,,,,,,
Wisconsin,WI,Oregon,,,,,,,,53575,42.93392,-89.3896,America/Chicago,CST,-6,,,,,,,,,,,
Wisconsin,WI,Orfordville,,,,,,,,53576,42.61427,-89.2331,America/Chicago,CST,-6,,,,,,,,,,,
Wisconsin,WI,Osceola,,,,,,,,54020,45.28378,-92.5356,America/Chicago,CST,-6,,,,,,,,,,,
Wisconsin,WI,Oshkosh,,,,,,,,54901###54906###54903###54902###54904,44.06289,-88.5357,America/Chicago,CST,-6,,,,,,,,,,,
Wisconsin,WI,Osman,,,,,,,,,43.96861,-87.8209,America/Chicago,CST,-6,,,,,,,,,,,
Wisconsin,WI,Osseo,,,,,,,,54758,44.57218,-91.2274,America/Chicago,CST,-6,,,,,,,,,,,
Wisconsin,WI,Oulu,,,,,,,,,44.34084,-89.7349,America/Chicago,CST,-6,,,,,,,,,,,
Wisconsin,WI,Owen,,,,,,,,54460,44.94858,-90.5643,America/Chicago,CST,-6,,,,,,,,,,,
Wisconsin,WI,Oxford,,,,,,,,53952,43.78137,-89.5726,America/Chicago,CST,-6,,,,,,,,,,,
Wisconsin,WI,Paddock Lake,,,,,,,,,45.57607,-92.4827,America/Chicago,CST,-6,,,,,,,,,,,
Wisconsin,WI,Palmyra,,,,,,,,53156,42.89394,-88.5971,America/Chicago,CST,-6,,,,,,,,,,,
Wisconsin,WI,Pardeeville,,,,,,,,53954,43.51677,-89.3146,America/Chicago,CST,-6,,,,,,,,,,,
Wisconsin,WI,Park Falls,,,,,,,,54552,45.93333,-90.45,America/Chicago,CST,-6,,,,,,,,,,,
Wisconsin,WI,Park Ridge,,,,,,,,,44.51941,-89.546,America/Chicago,CST,-6,,,,,,,,,,,
Wisconsin,WI,Parrish,,,,,,,,,45.41968,-89.4026,America/Chicago,CST,-6,,,,,,,,,,,
Wisconsin,WI,Patch Grove,,,,,,,,53817,42.94218,-90.9646,America/Chicago,CST,-6,,,,,,,,,,,
Wisconsin,WI,Patzau,,,,,,,,,46.49133,-92.2208,America/Chicago,CST,-6,,,,,,,,,,,
Wisconsin,WI,Pearson,,,,,,,,54462,45.36413,-89.0165,America/Chicago,CST,-6,,,,,,,,,,,
Wisconsin,WI,Pelican Lake,,,,,,,,54463,45.5259,-89.236,America/Chicago,CST,-6,,,,,,,,,,,
Wisconsin,WI,Pell Lake,,,,,,,,53157,42.54005,-88.3582,America/Chicago,CST,-6,,,,,,,,,,,
Wisconsin,WI,Pella,,,,,,,,,44.74248,-88.8034,America/Chicago,CST,-6,,,,,,,,,,,
Wisconsin,WI,Pembine,,,,,,,,54156,45.63524,-87.991,America/Chicago,CST,-6,,,,,,,,,,,
Wisconsin,WI,Pence,,,,,,,,,46.41523,-90.2716,America/Chicago,CST,-6,,,,,,,,,,,
Wisconsin,WI,Peninsula State Park,,,,,,,,,0,0,,,,,,,,,,,,,,
Wisconsin,WI,Pensaukee,,,,,,,,,44.82305,-87.9132,America/Chicago,CST,-6,,,,,,,,,,,
Wisconsin,WI,Pepin,,,,,,,,54759,44.50911,-92.1318,America/Chicago,CST,-6,,,,,,,,,,,
Wisconsin,WI,Perkinstown,,,,,,,,,45.20414,-90.6149,America/Chicago,CST,-6,,,,,,,,,,,
Wisconsin,WI,Peru,,,,,,,,,44.56998,-89.2434,America/Chicago,CST,-6,,,,,,,,,,,
Wisconsin,WI,Peshtigo,,,,,,,,54157,45.05443,-87.7493,America/Chicago,CST,-6,,,,,,,,,,,
Wisconsin,WI,Pewaukee,,,,,,,,53072,43.08019,-88.2649,America/Chicago,CST,-6,,,,,,,,,,,
Wisconsin,WI,Phelps,,,,,,,,54554,46.0644,-89.0876,America/Chicago,CST,-6,,,,,,,,,,,
Wisconsin,WI,Phillips,,,,,,,,54555,45.72461,-90.371,America/Chicago,CST,-6,,,,,,,,,,,
Wisconsin,WI,Phlox,,,,,,,,54464,45.24938,-89.0321,America/Chicago,CST,-6,,,,,,,,,,,
Wisconsin,WI,Pickerel,,,,,,,,54465,45.35941,-88.9109,America/Chicago,CST,-6,,,,,,,,,,,
Wisconsin,WI,Pickett,,,,,,,,54964,43.95665,-88.7192,America/Chicago,CST,-6,,,,,,,,,,,
Wisconsin,WI,Pigeon Falls,,,,,,,,54760,44.42486,-91.2074,America/Chicago,CST,-6,,,,,,,,,,,
Wisconsin,WI,Pike Lake,,,,,,,,,45.57607,-92.4827,America/Chicago,CST,-6,,,,,,,,,,,
Wisconsin,WI,Pilsen,,,,,,,,,44.44361,-87.7251,America/Chicago,CST,-6,,,,,,,,,,,
Wisconsin,WI,Pine River,,,,,,,,54965,44.15597,-89.021,America/Chicago,CST,-6,,,,,,,,,,,
Wisconsin,WI,Pittsville,,,,,,,,54466,44.4089,-90.1909,America/Chicago,CST,-6,,,,,,,,,,,
Wisconsin,WI,Plain,,,,,,,,53577,43.29378,-90.0223,America/Chicago,CST,-6,,,,,,,,,,,
Wisconsin,WI,Plainfield,,,,,,,,54966,44.21386,-89.4923,America/Chicago,CST,-6,,,,,,,,,,,
Wisconsin,WI,Plainville,,,,,,,,,43.70887,-89.8126,America/Chicago,CST,-6,,,,,,,,,,,
Wisconsin,WI,Platteville,,,,,,,,53818,42.73416,-90.4785,America/Chicago,CST,-6,,,,,,,,,,,
Wisconsin,WI,Pleasant Prairie,,,,,,,,53158,42.52926,-87.8855,America/Chicago,CST,-6,,,,,,,,,,,
Wisconsin,WI,Pleasantville,,,,,,,,,44.55794,-91.2165,America/Chicago,CST,-6,,,,,,,,,,,
Wisconsin,WI,Plover,,,,,,,,54467,44.41394,-89.5655,America/Chicago,CST,-6,,,,,,,,,,,
Wisconsin,WI,Plugtown,,,,,,,,,43.22248,-90.7485,America/Chicago,CST,-6,,,,,,,,,,,
Wisconsin,WI,Plum City,,,,,,,,54761,44.61961,-92.1804,America/Chicago,CST,-6,,,,,,,,,,,
Wisconsin,WI,Plymouth,,,,,,,,53073,43.76845,-87.9758,America/Chicago,CST,-6,,,,,,,,,,,
Wisconsin,WI,Point Beach State Park,,,,,,,,,0,0,,,,,,,,,,,,,,
Wisconsin,WI,Poland,,,,,,,,,44.48078,-88.0161,America/Chicago,CST,-6,,,,,,,,,,,
Wisconsin,WI,Polar,,,,,,,,,45.16858,-88.9901,America/Chicago,CST,-6,,,,,,,,,,,
Wisconsin,WI,Polley,,,,,,,,,45.14108,-90.8071,America/Chicago,CST,-6,,,,,,,,,,,
Wisconsin,WI,Polonia,,,,,,,,,44.56997,-89.4132,America/Chicago,CST,-6,,,,,,,,,,,
Wisconsin,WI,Poniatowski,,,,,,,,,44.99497,-89.9935,America/Chicago,CST,-6,,,,,,,,,,,
Wisconsin,WI,Poplar,,,,,,,,54864,46.59425,-91.8153,America/Chicago,CST,-6,,,,,,,,,,,
Wisconsin,WI,Port Andrew,,,,,,,,,43.20721,-90.5673,America/Chicago,CST,-6,,,,,,,,,,,
Wisconsin,WI,Port Edwards,,,,,,,,54469,44.35093,-89.8763,America/Chicago,CST,-6,,,,,,,,,,,
Wisconsin,WI,Port Washington,,,,,,,,53074,43.3877,-87.8812,America/Chicago,CST,-6,,,,,,,,,,,
Wisconsin,WI,Port Wing,,,,,,,,54865,46.77466,-91.3866,America/Chicago,CST,-6,,,,,,,,,,,
Wisconsin,WI,Portage,,,,,,,,53901,43.53915,-89.4626,America/Chicago,CST,-6,,,,,,,,,,,
Wisconsin,WI,Porterfield,,,,,,,,54159,45.2059,-87.8274,America/Chicago,CST,-6,,,,,,,,,,,
Wisconsin,WI,Portland,,,,,,,,,43.19888,-88.9748,America/Chicago,CST,-6,,,,,,,,,,,
Wisconsin,WI,Post Lake,,,,,,,,,45.4408,-89.0804,America/Chicago,CST,-6,,,,,,,,,,,
Wisconsin,WI,Potawatomi State Park,,,,,,,,,0,0,,,,,,,,,,,,,,
Wisconsin,WI,Potosi,,,,,,,,53820,42.69245,-90.7317,America/Chicago,CST,-6,,,,,,,,,,,
Wisconsin,WI,Potter,,,,,,,,54160,44.11992,-88.0965,America/Chicago,CST,-6,,,,,,,,,,,
Wisconsin,WI,Potter Lake,,,,,,,,,42.82168,-88.349,America/Chicago,CST,-6,,,,,,,,,,,
Wisconsin,WI,Potts Corners,,,,,,,,,0,0,,,,,,,,,,,,,,
Wisconsin,WI,Pound,,,,,,,,54161,45.11754,-87.9771,America/Chicago,CST,-6,,,,,,,,,,,
Wisconsin,WI,Powers Lake,,,,,,,,53159,42.5557,-88.2969,America/Chicago,CST,-6,,,,,,,,,,,
Wisconsin,WI,Poy Sippi,,,,,,,,54967,44.13404,-88.9864,America/Chicago,CST,-6,,,,,,,,,,,
Wisconsin,WI,Poynette,,,,,,,,53955,43.43327,-89.3945,America/Chicago,CST,-6,,,,,,,,,,,
Wisconsin,WI,Praag,,,,,,,,,44.37802,-91.7507,America/Chicago,CST,-6,,,,,,,,,,,
Wisconsin,WI,Prairie Du Chien,,,,,,,,53821,43.08401,-91.0691,America/Chicago,CST,-6,,,,,,,,,,,
Wisconsin,WI,Prairie Du Sac,,,,,,,,53578,43.28693,-89.724,America/Chicago,CST,-6,,,,,,,,,,,
Wisconsin,WI,Prairie Farm,,,,,,,,54762,45.26235,-91.9928,America/Chicago,CST,-6,,,,,,,,,,,
Wisconsin,WI,Pray,,,,,,,,,44.3733,-90.4974,America/Chicago,CST,-6,,,,,,,,,,,
Wisconsin,WI,Prentice,,,,,,,,54556,45.53294,-90.2817,America/Chicago,CST,-6,,,,,,,,,,,
Wisconsin,WI,Prescott,,,,,,,,54021,44.74886,-92.8022,America/Chicago,CST,-6,,,,,,,,,,,
Wisconsin,WI,Presque Isle,,,,,,,,54557,46.20001,-89.7387,America/Chicago,CST,-6,,,,,,,,,,,
Wisconsin,WI,Preston,,,,,,,,,42.97499,-90.5471,America/Chicago,CST,-6,,,,,,,,,,,
Wisconsin,WI,Price,,,,,,,,,44.58163,-91.0546,America/Chicago,CST,-6,,,,,,,,,,,
Wisconsin,WI,Princeton,,,,,,,,54968,43.83274,-89.1227,America/Chicago,CST,-6,,,,,,,,,,,
Wisconsin,WI,Pulaski,,,,,,,,54162,44.67222,-88.2426,America/Chicago,CST,-6,,,,,,,,,,,
Wisconsin,WI,Pulcifer,,,,,,,,,44.84416,-88.3601,America/Chicago,CST,-6,,,,,,,,,,,
Wisconsin,WI,Quinney,,,,,,,,,44.01443,-88.3073,America/Chicago,CST,-6,,,,,,,,,,,
Wisconsin,WI,Racine,,,,,,,,53403###53402###53405###53406###53401###53404###53408###53407,42.72715,-87.676,America/Chicago,CST,-6,,,,,,,,,,,
Wisconsin,WI,Radisson,,,,,,,,54867,45.80065,-91.269,America/Chicago,CST,-6,,,,,,,,,,,
Wisconsin,WI,Randall,,,,,,,,,45.69579,-92.8352,America/Chicago,CST,-6,,,,,,,,,,,
Wisconsin,WI,Randolph,,,,,,,,53956###53957,43.534,-88.9467,America/Chicago,CST,-6,,,,,,,,,,,
Wisconsin,WI,Random Lake,,,,,,,,53075,43.58292,-88.0006,America/Chicago,CST,-6,,,,,,,,,,,
Wisconsin,WI,Rankin,,,,,,,,,44.59611,-87.5034,America/Chicago,CST,-6,,,,,,,,,,,
Wisconsin,WI,Readfield,,,,,,,,54969,44.26999,-88.7755,America/Chicago,CST,-6,,,,,,,,,,,
Wisconsin,WI,Readstown,,,,,,,,54652,43.47029,-90.7745,America/Chicago,CST,-6,,,,,,,,,,,
Wisconsin,WI,Red Cliff,,,,,,,,,46.85549,-90.788,America/Chicago,CST,-6,,,,,,,,,,,
Wisconsin,WI,Red Mound,,,,,,,,,43.47247,-91.1449,America/Chicago,CST,-6,,,,,,,,,,,
Wisconsin,WI,Red River,,,,,,,,,44.82498,-88.7045,America/Chicago,CST,-6,,,,,,,,,,,
Wisconsin,WI,Redgranite,,,,,,,,54970,44.04192,-89.0985,America/Chicago,CST,-6,,,,,,,,,,,
Wisconsin,WI,Reedsburg,,,,,,,,53958###53959,43.39377,-89.9559,America/Chicago,CST,-6,,,,,,,,,,,
Wisconsin,WI,Reedsville,,,,,,,,54230,44.14238,-87.9047,America/Chicago,CST,-6,,,,,,,,,,,
Wisconsin,WI,Reeseville,,,,,,,,53579,43.28799,-88.8874,America/Chicago,CST,-6,,,,,,,,,,,
Wisconsin,WI,Reeve,,,,,,,,,45.23857,-92.126,America/Chicago,CST,-6,,,,,,,,,,,
Wisconsin,WI,Requa,,,,,,,,,0,0,,,,,,,,,,,,,,
Wisconsin,WI,Reseburg,,,,,,,,,0,0,,,,,,,,,,,,,,
Wisconsin,WI,Reserve,,,,,,,,,45.88134,-91.3866,America/Chicago,CST,-6,,,,,,,,,,,
Wisconsin,WI,Retreat,,,,,,,,,43.44553,-91.0807,America/Chicago,CST,-6,,,,,,,,,,,
Wisconsin,WI,Rewey,,,,,,,,53580,42.85693,-90.3778,America/Chicago,CST,-6,,,,,,,,,,,
Wisconsin,WI,Rhinelander,,,,,,,,54501,45.70447,-89.3866,America/Chicago,CST,-6,,,,,,,,,,,
Wisconsin,WI,Rib Falls,,,,,,,,,44.97108,-89.9037,America/Chicago,CST,-6,,,,,,,,,,,
Wisconsin,WI,Rib Lake,,,,,,,,54470,45.31747,-90.2085,America/Chicago,CST,-6,,,,,,,,,,,
Wisconsin,WI,Rib Mountain,,,,,,,,,45.1847,-88.4737,America/Chicago,CST,-6,,,,,,,,,,,
Wisconsin,WI,Rib Mountain State Park,,,,,,,,,0,0,,,,,,,,,,,,,,
Wisconsin,WI,Rice Lake,,,,,,,,54868,45.51969,-91.8266,America/Chicago,CST,-6,,,,,,,,,,,
Wisconsin,WI,Richfield,,,,,,,,53076,43.2727,-88.2067,America/Chicago,CST,-6,,,,,,,,,,,
Wisconsin,WI,Richford,,,,,,,,,44.02359,-89.4354,America/Chicago,CST,-6,,,,,,,,,,,
Wisconsin,WI,Richland Center,,,,,,,,53581,43.36615,-90.4302,America/Chicago,CST,-6,,,,,,,,,,,
Wisconsin,WI,Ridgeland,,,,,,,,54763,45.16828,-91.8758,America/Chicago,CST,-6,,,,,,,,,,,
Wisconsin,WI,Ridgeville,,,,,,,,,0,0,,,,,,,,,,,,,,
Wisconsin,WI,Ridgeway,,,,,,,,53582,43.01658,-89.9865,America/Chicago,CST,-6,,,,,,,,,,,
Wisconsin,WI,Ringle,,,,,,,,54471,44.92969,-89.365,America/Chicago,CST,-6,,,,,,,,,,,
Wisconsin,WI,Rio,,,,,,,,53960,43.39834,-89.2502,America/Chicago,CST,-6,,,,,,,,,,,
Wisconsin,WI,Rio Creek,,,,,,,,,44.58917,-87.5412,America/Chicago,CST,-6,,,,,,,,,,,
Wisconsin,WI,Riplinger,,,,,,,,,44.82497,-90.4032,America/Chicago,CST,-6,,,,,,,,,,,
Wisconsin,WI,Ripon,,,,,,,,54971,43.8422,-88.8359,America/Chicago,CST,-6,,,,,,,,,,,
Wisconsin,WI,Rising Sun,,,,,,,,,43.41803,-90.9582,America/Chicago,CST,-6,,,,,,,,,,,
Wisconsin,WI,River Falls,,,,,,,,54022,44.80235,-92.5954,America/Chicago,CST,-6,,,,,,,,,,,
Wisconsin,WI,River Hills,,,,,,,,,43.17418,-87.9243,America/Chicago,CST,-6,,,,,,,,,,,
Wisconsin,WI,Riverside,,,,,,,,,42.59389,-90.0226,America/Chicago,CST,-6,,,,,,,,,,,
Wisconsin,WI,Roberts,,,,,,,,54023,44.97436,-92.5976,America/Chicago,CST,-6,,,,,,,,,,,
Wisconsin,WI,Rochester,,,,,,,,53167,42.74141,-88.2243,America/Chicago,CST,-6,,,,,,,,,,,
Wisconsin,WI,Rock Springs,,,,,,,,53961,43.45988,-89.9319,America/Chicago,CST,-6,,,,,,,,,,,
Wisconsin,WI,Rockbridge,,,,,,,,,43.44831,-90.364,America/Chicago,CST,-6,,,,,,,,,,,
Wisconsin,WI,Rockdale,,,,,,,,,42.97195,-89.0309,America/Chicago,CST,-6,,,,,,,,,,,
Wisconsin,WI,Rockland,,,,,,,,54653,43.90636,-90.9193,America/Chicago,CST,-6,,,,,,,,,,,
Wisconsin,WI,Rockton,,,,,,,,,43.64108,-90.6018,America/Chicago,CST,-6,,,,,,,,,,,
Wisconsin,WI,Rolling Ground,,,,,,,,,43.32942,-90.7404,America/Chicago,CST,-6,,,,,,,,,,,
Wisconsin,WI,Rose Lawn,,,,,,,,,44.60138,-88.3251,America/Chicago,CST,-6,,,,,,,,,,,
Wisconsin,WI,Rosecrans,,,,,,,,,44.27666,-87.827,America/Chicago,CST,-6,,,,,,,,,,,
Wisconsin,WI,Rosendale,,,,,,,,54974,43.7757,-88.6595,America/Chicago,CST,-6,,,,,,,,,,,
Wisconsin,WI,Rosholt,,,,,,,,54473,44.60579,-89.3568,America/Chicago,CST,-6,,,,,,,,,,,
Wisconsin,WI,Rosiere,,,,,,,,,44.67555,-87.612,America/Chicago,CST,-6,,,,,,,,,,,
Wisconsin,WI,Rostok,,,,,,,,,44.50167,-87.5015,America/Chicago,CST,-6,,,,,,,,,,,
Wisconsin,WI,Rothschild,,,,,,,,54474,44.88719,-89.6201,America/Chicago,CST,-6,,,,,,,,,,,
Wisconsin,WI,Royalton,,,,,,,,,44.46193,-88.915,America/Chicago,CST,-6,,,,,,,,,,,
Wisconsin,WI,Rozellville,,,,,,,,,44.7433,-90.0246,America/Chicago,CST,-6,,,,,,,,,,,
Wisconsin,WI,Rudolph,,,,,,,,54475,44.4741,-89.7955,America/Chicago,CST,-6,,,,,,,,,,,
Wisconsin,WI,Rural,,,,,,,,,44.31303,-89.1532,America/Chicago,CST,-6,,,,,,,,,,,
Wisconsin,WI,Rush Lake,,,,,,,,,45.57607,-92.4827,America/Chicago,CST,-6,,,,,,,,,,,
Wisconsin,WI,Sabin,,,,,,,,,43.43026,-90.5687,America/Chicago,CST,-6,,,,,,,,,,,
Wisconsin,WI,Salem,,,,,,,,53168,42.5746,-88.1375,America/Chicago,CST,-6,,,,,,,,,,,
Wisconsin,WI,Sampson,,,,,,,,,44.71523,-88.0965,America/Chicago,CST,-6,,,,,,,,,,,
Wisconsin,WI,Sanborn,,,,,,,,,46.55349,-90.8718,America/Chicago,CST,-6,,,,,,,,,,,
Wisconsin,WI,Sand Bay,,,,,,,,,46.94576,-90.891,America/Chicago,CST,-6,,,,,,,,,,,
Wisconsin,WI,Sarona,,,,,,,,54870,45.73714,-91.7759,America/Chicago,CST,-6,,,,,,,,,,,
Wisconsin,WI,Sauk City,,,,,,,,53583,43.25113,-89.8958,America/Chicago,CST,-6,,,,,,,,,,,
Wisconsin,WI,Saukville,,,,,,,,53080,43.38167,-87.9407,America/Chicago,CST,-6,,,,,,,,,,,
Wisconsin,WI,Saxeville,,,,,,,,54976,44.20931,-89.0969,America/Chicago,CST,-6,,,,,,,,,,,
Wisconsin,WI,Saxon,,,,,,,,54559,46.50255,-90.4027,America/Chicago,CST,-6,,,,,,,,,,,
Wisconsin,WI,Sayner,,,,,,,,54560,46.02023,-89.4979,America/Chicago,CST,-6,,,,,,,,,,,
Wisconsin,WI,Scandinavia,,,,,,,,54977,44.45105,-89.1469,America/Chicago,CST,-6,,,,,,,,,,,
Wisconsin,WI,Schofield,,,,,,,,54476,44.8665,-89.577,America/Chicago,CST,-6,,,,,,,,,,,
Wisconsin,WI,School Hill,,,,,,,,,43.94999,-87.894,America/Chicago,CST,-6,,,,,,,,,,,
Wisconsin,WI,Seneca,,,,,,,,54654,43.26498,-90.9585,America/Chicago,CST,-6,,,,,,,,,,,
Wisconsin,WI,Sextonville,,,,,,,,53584,43.27944,-90.2876,America/Chicago,CST,-6,,,,,,,,,,,
Wisconsin,WI,Seymour,,,,,,,,54165,44.51499,-88.3304,America/Chicago,CST,-6,,,,,,,,,,,
Wisconsin,WI,Shamrock,,,,,,,,,44.17413,-90.8046,America/Chicago,CST,-6,,,,,,,,,,,
Wisconsin,WI,Shantytown,,,,,,,,,0,0,,,,,,,,,,,,,,
Wisconsin,WI,Sharon,,,,,,,,53585,42.50252,-88.729,America/Chicago,CST,-6,,,,,,,,,,,
Wisconsin,WI,Shawano,,,,,,,,54166,44.74506,-88.6642,America/Chicago,CST,-6,,,,,,,,,,,
Wisconsin,WI,Shawano Lake,,,,,,,,,44.74506,-88.6642,America/Chicago,CST,-6,,,,,,,,,,,
Wisconsin,WI,Sheboygan,,,,,,,,53081###53083###53082,43.71011,-87.7352,America/Chicago,CST,-6,,,,,,,,,,,
Wisconsin,WI,Sheboygan Falls,,,,,,,,53085,43.7264,-87.8531,America/Chicago,CST,-6,,,,,,,,,,,
Wisconsin,WI,Sheldon,,,,,,,,54766,45.34955,-90.8872,America/Chicago,CST,-6,,,,,,,,,,,
Wisconsin,WI,Shell Lake,,,,,,,,54871,45.73939,-91.9255,America/Chicago,CST,-6,,,,,,,,,,,
Wisconsin,WI,Shennington,,,,,,,,,44.0258,-90.3176,America/Chicago,CST,-6,,,,,,,,,,,
Wisconsin,WI,Shepley,,,,,,,,,0,0,,,,,,,,,,,,,,
Wisconsin,WI,Sheridan,,,,,,,,,44.39581,-89.1982,America/Chicago,CST,-6,,,,,,,,,,,
Wisconsin,WI,Sherry,,,,,,,,,44.58413,-89.9157,America/Chicago,CST,-6,,,,,,,,,,,
Wisconsin,WI,Sherwood,,,,,,,,54169,44.1736,-88.2598,America/Chicago,CST,-6,,,,,,,,,,,
Wisconsin,WI,Shiocton,,,,,,,,54170,44.48294,-88.5895,America/Chicago,CST,-6,,,,,,,,,,,
Wisconsin,WI,Shirley,,,,,,,,,44.35694,-87.9476,America/Chicago,CST,-6,,,,,,,,,,,
Wisconsin,WI,Shorewood,,,,,,,,,43.08918,-87.8876,America/Chicago,CST,-6,,,,,,,,,,,
Wisconsin,WI,Shorewood Hills,,,,,,,,,43.0775,-89.4457,America/Chicago,CST,-6,,,,,,,,,,,
Wisconsin,WI,Shortville,,,,,,,,,44.49496,-90.5165,America/Chicago,CST,-6,,,,,,,,,,,
Wisconsin,WI,Shoto,,,,,,,,,44.17527,-87.6493,America/Chicago,CST,-6,,,,,,,,,,,
Wisconsin,WI,Shullsburg,,,,,,,,53586,42.57334,-90.231,America/Chicago,CST,-6,,,,,,,,,,,
Wisconsin,WI,Sidney,,,,,,,,,42.87473,-89.3101,America/Chicago,CST,-6,,,,,,,,,,,
Wisconsin,WI,Silver Lake,,,,,,,,53170,42.55202,-88.1608,America/Chicago,CST,-6,,,,,,,,,,,
Wisconsin,WI,Sinsinawa,,,,,,,,53824,42.85933,-90.7913,America/Chicago,CST,-6,,,,,,,,,,,
Wisconsin,WI,Siren,,,,,,,,54872,45.78274,-92.3858,America/Chicago,CST,-6,,,,,,,,,,,
Wisconsin,WI,Sister Bay,,,,,,,,54234,45.17829,-87.1017,America/Chicago,CST,-6,,,,,,,,,,,
Wisconsin,WI,Slinger,,,,,,,,53086,43.32742,-88.2609,America/Chicago,CST,-6,,,,,,,,,,,
Wisconsin,WI,Slovan,,,,,,,,,44.4386,-87.5699,America/Chicago,CST,-6,,,,,,,,,,,
Wisconsin,WI,Sobieski,,,,,,,,54171,44.72664,-88.1218,America/Chicago,CST,-6,,,,,,,,,,,
Wisconsin,WI,Soldiers Grove,,,,,,,,54655,43.36981,-90.8084,America/Chicago,CST,-6,,,,,,,,,,,
Wisconsin,WI,Solon Springs,,,,,,,,54873,46.41726,-91.811,America/Chicago,CST,-6,,,,,,,,,,,
Wisconsin,WI,Somers,,,,,,,,53171,42.6423,-87.9032,America/Chicago,CST,-6,,,,,,,,,,,
Wisconsin,WI,Somerset,,,,,,,,54025,45.12441,-92.6735,America/Chicago,CST,-6,,,,,,,,,,,
Wisconsin,WI,South Milwaukee,,,,,,,,53172,42.91057,-87.8606,America/Chicago,CST,-6,,,,,,,,,,,
Wisconsin,WI,South Wayne,,,,,,,,53587,42.57993,-89.9318,America/Chicago,CST,-6,,,,,,,,,,,
Wisconsin,WI,Sparta,,,,,,,,54656,43.94993,-90.7528,America/Chicago,CST,-6,,,,,,,,,,,
Wisconsin,WI,Spencer,,,,,,,,54479,44.75774,-90.2968,America/Chicago,CST,-6,,,,,,,,,,,
Wisconsin,WI,Spirit,,,,,,,,,45.45413,-90.1143,America/Chicago,CST,-6,,,,,,,,,,,
Wisconsin,WI,Spirit Falls,,,,,,,,,45.45302,-89.9807,America/Chicago,CST,-6,,,,,,,,,,,
Wisconsin,WI,Split Rock,,,,,,,,,44.70498,-89.0259,America/Chicago,CST,-6,,,,,,,,,,,
Wisconsin,WI,Spooner,,,,,,,,54801,45.82245,-91.8893,America/Chicago,CST,-6,,,,,,,,,,,
Wisconsin,WI,Sprague,,,,,,,,,0,0,,,,,,,,,,,,,,
Wisconsin,WI,Spread Eagle,,,,,,,,,45.8819,-88.1399,America/Chicago,CST,-6,,,,,,,,,,,
Wisconsin,WI,Spring Green,,,,,,,,53588,43.23,-90.0401,America/Chicago,CST,-6,,,,,,,,,,,
Wisconsin,WI,Spring Lake,,,,,,,,,44.01165,-89.1593,America/Chicago,CST,-6,,,,,,,,,,,
Wisconsin,WI,Spring Valley,,,,,,,,54767,44.78193,-92.2838,America/Chicago,CST,-6,,,,,,,,,,,
Wisconsin,WI,Springbrook,,,,,,,,54875,45.9452,-91.6754,America/Chicago,CST,-6,,,,,,,,,,,
Wisconsin,WI,Spruce,,,,,,,,,44.95249,-88.1648,America/Chicago,CST,-6,,,,,,,,,,,
Wisconsin,WI,St Anna,,,,,,,,,43.89333,-88.1215,America/Chicago,CST,-6,,,,,,,,,,,
Wisconsin,WI,St Croix Falls,,,,,,,,,45.50969,-92.6117,America/Chicago,CST,-6,,,,,,,,,,,
Wisconsin,WI,St Germain,,,,,,,,,45.90162,-89.4874,America/Chicago,CST,-6,,,,,,,,,,,
Wisconsin,WI,St John,,,,,,,,,44.16888,-88.204,America/Chicago,CST,-6,,,,,,,,,,,
Wisconsin,WI,St Joseph,,,,,,,,,43.78552,-91.0418,America/Chicago,CST,-6,,,,,,,,,,,
Wisconsin,WI,St Marys,,,,,,,,,43.79803,-90.6874,America/Chicago,CST,-6,,,,,,,,,,,
Wisconsin,WI,St Nazianz,,,,,,,,,44.00571,-87.9224,America/Chicago,CST,-6,,,,,,,,,,,
Wisconsin,WI,St. Cloud,,,,,,,,,43.82277,-88.167,America/Chicago,CST,-6,,,,,,,,,,,
Wisconsin,WI,St. Francis,,,,,,,,,42.96987,-87.8737,America/Chicago,CST,-6,,,,,,,,,,,
Wisconsin,WI,Stanberry,,,,,,,,,46.00717,-91.6263,America/Chicago,CST,-6,,,,,,,,,,,
Wisconsin,WI,Stangelville,,,,,,,,,44.36357,-87.7996,America/Chicago,CST,-6,,,,,,,,,,,
Wisconsin,WI,Stanley,,,,,,,,54768,44.95997,-90.9371,America/Chicago,CST,-6,,,,,,,,,,,
Wisconsin,WI,Star Lake,,,,,,,,54561,46.0613,-89.4858,America/Chicago,CST,-6,,,,,,,,,,,
Wisconsin,WI,Star Prairie,,,,,,,,54026,45.19691,-92.5308,America/Chicago,CST,-6,,,,,,,,,,,
Wisconsin,WI,Starks,,,,,,,,,45.66301,-89.2218,America/Chicago,CST,-6,,,,,,,,,,,
Wisconsin,WI,Stephensville,,,,,,,,,44.37332,-88.5843,America/Chicago,CST,-6,,,,,,,,,,,
Wisconsin,WI,Stetsonville,,,,,,,,54480,45.07691,-90.3151,America/Chicago,CST,-6,,,,,,,,,,,
Wisconsin,WI,Steuben,,,,,,,,54657,43.18109,-90.8587,America/Chicago,CST,-6,,,,,,,,,,,
Wisconsin,WI,Stevens Point,,,,,,,,54482###54481###54492,44.51066,-89.6383,America/Chicago,CST,-6,,,,,,,,,,,
Wisconsin,WI,Stevenstown,,,,,,,,,44.03635,-91.1715,America/Chicago,CST,-6,,,,,,,,,,,
Wisconsin,WI,Stiles,,,,,,,,,44.8611,-88.0484,America/Chicago,CST,-6,,,,,,,,,,,
Wisconsin,WI,Stitzer,,,,,,,,53825,42.9266,-90.5836,America/Chicago,CST,-6,,,,,,,,,,,
Wisconsin,WI,Stockbridge,,,,,,,,53088,44.07166,-88.299,America/Chicago,CST,-6,,,,,,,,,,,
Wisconsin,WI,Stockholm,,,,,,,,54769,44.50837,-92.2326,America/Chicago,CST,-6,,,,,,,,,,,
Wisconsin,WI,Stockton,,,,,,,,,44.51066,-89.6383,America/Chicago,CST,-6,,,,,,,,,,,
Wisconsin,WI,Stoddard,,,,,,,,54658,43.6691,-91.1343,America/Chicago,CST,-6,,,,,,,,,,,
Wisconsin,WI,Stone Lake,,,,,,,,54876,45.82122,-91.4628,America/Chicago,CST,-6,,,,,,,,,,,
Wisconsin,WI,Stoughton,,,,,,,,53589,42.93129,-89.1684,America/Chicago,CST,-6,,,,,,,,,,,
Wisconsin,WI,Stratford,,,,,,,,54484,44.80907,-90.0307,America/Chicago,CST,-6,,,,,,,,,,,
Wisconsin,WI,Strongs Prairie,,,,,,,,,0,0,,,,,,,,,,,,,,
Wisconsin,WI,Strum,,,,,,,,54770,44.54969,-91.3927,America/Chicago,CST,-6,,,,,,,,,,,
Wisconsin,WI,Sturgeon Bay,,,,,,,,54235,44.78333,-87.3167,America/Chicago,CST,-6,,,,,,,,,,,
Wisconsin,WI,Sturtevant,,,,,,,,53177,42.71296,-87.934,America/Chicago,CST,-6,,,,,,,,,,,
Wisconsin,WI,Suamico,,,,,,,,54173,44.63194,-88.0393,America/Chicago,CST,-6,,,,,,,,,,,
Wisconsin,WI,Sugar Bush,,,,,,,,,44.50166,-87.7857,America/Chicago,CST,-6,,,,,,,,,,,
Wisconsin,WI,Sugar Camp,,,,,,,,,45.7944,-89.314,America/Chicago,CST,-6,,,,,,,,,,,
Wisconsin,WI,Sullivan,,,,,,,,53178,43.01833,-88.6004,America/Chicago,CST,-6,,,,,,,,,,,
Wisconsin,WI,Summit Lake,,,,,,,,54485,45.39647,-89.2179,America/Chicago,CST,-6,,,,,,,,,,,
Wisconsin,WI,Sun Prairie,,,,,,,,53590###53596,43.19571,-89.2094,America/Chicago,CST,-6,,,,,,,,,,,
Wisconsin,WI,Sunset,,,,,,,,,0,0,,,,,,,,,,,,,,
Wisconsin,WI,Superior,,,,,,,,54880,46.57498,-92.1176,America/Chicago,CST,-6,,,,,,,,,,,
Wisconsin,WI,Suring,,,,,,,,54174,45.11184,-88.4187,America/Chicago,CST,-6,,,,,,,,,,,
Wisconsin,WI,Sussex,,,,,,,,53089,43.14889,-88.2454,America/Chicago,CST,-6,,,,,,,,,,,
Wisconsin,WI,Symco,,,,,,,,,44.51331,-88.904,America/Chicago,CST,-6,,,,,,,,,,,
Wisconsin,WI,Tainter Lake,,,,,,,,,45.57607,-92.4827,America/Chicago,CST,-6,,,,,,,,,,,
Wisconsin,WI,Tamarack,,,,,,,,,44.17496,-91.4479,America/Chicago,CST,-6,,,,,,,,,,,
Wisconsin,WI,Taus,,,,,,,,,44.18916,-87.862,America/Chicago,CST,-6,,,,,,,,,,,
Wisconsin,WI,Tavera,,,,,,,,,44.34084,-89.7349,America/Chicago,CST,-6,,,,,,,,,,,
Wisconsin,WI,Taylor,,,,,,,,54659,44.29145,-91.0877,America/Chicago,CST,-6,,,,,,,,,,,
Wisconsin,WI,Tell,,,,,,,,,44.38052,-91.8663,America/Chicago,CST,-6,,,,,,,,,,,
Wisconsin,WI,Tennyson,,,,,,,,,42.69,-90.6851,America/Chicago,CST,-6,,,,,,,,,,,
Wisconsin,WI,Theresa,,,,,,,,53091,43.48364,-88.4501,America/Chicago,CST,-6,,,,,,,,,,,
Wisconsin,WI,Thiensville,,,,,,,,53092,43.23586,-87.9812,America/Chicago,CST,-6,,,,,,,,,,,
Wisconsin,WI,Thornton,,,,,,,,,44.79665,-88.6912,America/Chicago,CST,-6,,,,,,,,,,,
Wisconsin,WI,Thorp,,,,,,,,54771,44.89411,-90.7907,America/Chicago,CST,-6,,,,,,,,,,,
Wisconsin,WI,Three Lakes,,,,,,,,54562,45.76208,-89.1573,America/Chicago,CST,-6,,,,,,,,,,,
Wisconsin,WI,Tigerton,,,,,,,,54486,44.75984,-89.0391,America/Chicago,CST,-6,,,,,,,,,,,
Wisconsin,WI,Tilden,,,,,,,,,45.00663,-91.4377,America/Chicago,CST,-6,,,,,,,,,,,
Wisconsin,WI,Tilleda,,,,,,,,54978,44.79604,-88.8984,America/Chicago,CST,-6,,,,,,,,,,,
Wisconsin,WI,Tioga,,,,,,,,,0,0,,,,,,,,,,,,,,
Wisconsin,WI,Tipler,,,,,,,,,45.92496,-88.6348,America/Chicago,CST,-6,,,,,,,,,,,
Wisconsin,WI,Tisch Mills,,,,,,,,54240,44.2828,-87.6324,America/Chicago,CST,-6,,,,,,,,,,,
Wisconsin,WI,Tomah,,,,,,,,54660,43.98383,-90.4733,America/Chicago,CST,-6,,,,,,,,,,,
Wisconsin,WI,Tomahawk,,,,,,,,54487,45.33781,-89.7652,America/Chicago,CST,-6,,,,,,,,,,,
Wisconsin,WI,Tony,,,,,,,,54563,45.45197,-90.9644,America/Chicago,CST,-6,,,,,,,,,,,
Wisconsin,WI,Townsend,,,,,,,,54175,45.30946,-88.6059,America/Chicago,CST,-6,,,,,,,,,,,
Wisconsin,WI,Trade Lake,,,,,,,,,45.68968,-92.593,America/Chicago,CST,-6,,,,,,,,,,,
Wisconsin,WI,Trade River,,,,,,,,,45.64829,-92.6727,America/Chicago,CST,-6,,,,,,,,,,,
Wisconsin,WI,Trego,,,,,,,,54888,45.96637,-91.8864,America/Chicago,CST,-6,,,,,,,,,,,
Wisconsin,WI,Trempealeau,,,,,,,,54661,44.07676,-91.4602,America/Chicago,CST,-6,,,,,,,,,,,
Wisconsin,WI,Tripoli,,,,,,,,54564,45.72552,-89.944,America/Chicago,CST,-6,,,,,,,,,,,
Wisconsin,WI,Trippville,,,,,,,,,0,0,,,,,,,,,,,,,,
Wisconsin,WI,Tunnel City,,,,,,,,54662,44.00308,-90.562,America/Chicago,CST,-6,,,,,,,,,,,
Wisconsin,WI,Turtle Lake,,,,,,,,54889,45.40012,-92.0747,America/Chicago,CST,-6,,,,,,,,,,,
Wisconsin,WI,Tustin,,,,,,,,,44.16276,-88.8923,America/Chicago,CST,-6,,,,,,,,,,,
Wisconsin,WI,Twin Lakes,,,,,,,,53181,42.52389,-88.2354,America/Chicago,CST,-6,,,,,,,,,,,
Wisconsin,WI,Two Creeks,,,,,,,,,44.30222,-87.5631,America/Chicago,CST,-6,,,,,,,,,,,
Wisconsin,WI,Two Rivers,,,,,,,,54241,44.15388,-87.5693,America/Chicago,CST,-6,,,,,,,,,,,
Wisconsin,WI,Underhill,,,,,,,,,44.87527,-88.3845,America/Chicago,CST,-6,,,,,,,,,,,
Wisconsin,WI,Union,,,,,,,,,42.82445,-89.3018,America/Chicago,CST,-6,,,,,,,,,,,
Wisconsin,WI,Union Center,,,,,,,,53962,43.94521,-90.0495,America/Chicago,CST,-6,,,,,,,,,,,
Wisconsin,WI,Union Grove,,,,,,,,53182,42.73944,-88.0831,America/Chicago,CST,-6,,,,,,,,,,,
Wisconsin,WI,Unity,,,,,,,,54488,44.84096,-90.2575,America/Chicago,CST,-6,,,,,,,,,,,
Wisconsin,WI,Upson,,,,,,,,54565,46.37031,-90.4343,America/Chicago,CST,-6,,,,,,,,,,,
Wisconsin,WI,Urne,,,,,,,,,44.59867,-91.9055,America/Chicago,CST,-6,,,,,,,,,,,
Wisconsin,WI,Valders,,,,,,,,54245,44.05332,-87.8999,America/Chicago,CST,-6,,,,,,,,,,,
Wisconsin,WI,Valley,,,,,,,,,43.64164,-90.5418,America/Chicago,CST,-6,,,,,,,,,,,
Wisconsin,WI,Valley Junction,,,,,,,,,44.0533,-90.4124,America/Chicago,CST,-6,,,,,,,,,,,
Wisconsin,WI,Valmy,,,,,,,,,44.90805,-87.2632,America/Chicago,CST,-6,,,,,,,,,,,
Wisconsin,WI,Van Buskirk,,,,,,,,,46.38717,-90.1435,America/Chicago,CST,-6,,,,,,,,,,,
Wisconsin,WI,Vaudreuil,,,,,,,,,44.30635,-90.8099,America/Chicago,CST,-6,,,,,,,,,,,
Wisconsin,WI,Veefkind,,,,,,,,,44.34084,-89.7349,America/Chicago,CST,-6,,,,,,,,,,,
Wisconsin,WI,Vernon,,,,,,,,,0,0,,,,,,,,,,,,,,
Wisconsin,WI,Verona,,,,,,,,53593,42.9957,-89.5665,America/Chicago,CST,-6,,,,,,,,,,,
Wisconsin,WI,Vesper,,,,,,,,54489,44.46234,-90.0033,America/Chicago,CST,-6,,,,,,,,,,,
Wisconsin,WI,Victory,,,,,,,,,43.48553,-91.2126,America/Chicago,CST,-6,,,,,,,,,,,
Wisconsin,WI,Viola,,,,,,,,54664,43.50178,-90.7068,America/Chicago,CST,-6,,,,,,,,,,,
Wisconsin,WI,Viroqua,,,,,,,,54665,43.53052,-90.9916,America/Chicago,CST,-6,,,,,,,,,,,
Wisconsin,WI,Wabeno,,,,,,,,54566,45.44357,-88.6194,America/Chicago,CST,-6,,,,,,,,,,,
Wisconsin,WI,Waino,,,,,,,,,46.63966,-91.5735,America/Chicago,CST,-6,,,,,,,,,,,
Wisconsin,WI,Waldo,,,,,,,,53093,43.6627,-87.9303,America/Chicago,CST,-6,,,,,,,,,,,
Wisconsin,WI,Wales,,,,,,,,53183,43.00357,-88.3769,America/Chicago,CST,-6,,,,,,,,,,,
Wisconsin,WI,Walworth,,,,,,,,53184,42.56154,-88.5972,America/Chicago,CST,-6,,,,,,,,,,,
Wisconsin,WI,Warrens,,,,,,,,54666,44.13107,-90.4999,America/Chicago,CST,-6,,,,,,,,,,,
Wisconsin,WI,Wascott,,,,,,,,54890,46.52513,-91.9216,America/Chicago,CST,-6,,,,,,,,,,,
Wisconsin,WI,Washburn,,,,,,,,54891,46.69729,-90.9042,America/Chicago,CST,-6,,,,,,,,,,,
Wisconsin,WI,Washington,,,,,,,,,45.37379,-86.8975,America/Chicago,CST,-6,,,,,,,,,,,
Wisconsin,WI,Washington Island,,,,,,,,54246,45.37379,-86.8975,America/Chicago,CST,-6,,,,,,,,,,,
Wisconsin,WI,Waterford,,,,,,,,53185,42.76317,-88.1974,America/Chicago,CST,-6,,,,,,,,,,,
Wisconsin,WI,Waterford North,,,,,,,,,42.76317,-88.1974,America/Chicago,CST,-6,,,,,,,,,,,
Wisconsin,WI,Waterloo,,,,,,,,53594,43.18388,-88.9884,America/Chicago,CST,-6,,,,,,,,,,,
Wisconsin,WI,Watertown,,,,,,,,53094###53098,43.1326,-88.7436,America/Chicago,CST,-6,,,,,,,,,,,
Wisconsin,WI,Waukau,,,,,,,,54980,43.98858,-88.7712,America/Chicago,CST,-6,,,,,,,,,,,
Wisconsin,WI,Waukesha,,,,,,,,53188###53186###53189###53187,43.02216,-88.2047,America/Chicago,CST,-6,,,,,,,,,,,
Wisconsin,WI,Waumandee,,,,,,,,,44.30302,-91.7057,America/Chicago,CST,-6,,,,,,,,,,,
Wisconsin,WI,Waunakee,,,,,,,,53597,43.19194,-89.4557,America/Chicago,CST,-6,,,,,,,,,,,
Wisconsin,WI,Waupaca,,,,,,,,54981,44.35803,-89.086,America/Chicago,CST,-6,,,,,,,,,,,
Wisconsin,WI,Waupun,,,,,,,,53963,43.63332,-88.7296,America/Chicago,CST,-6,,,,,,,,,,,
Wisconsin,WI,Wausau,,,,,,,,54401###54402###54403,44.9633,-89.7041,America/Chicago,CST,-6,,,,,,,,,,,
Wisconsin,WI,Wausaukee,,,,,,,,54177,45.38331,-87.8762,America/Chicago,CST,-6,,,,,,,,,,,
Wisconsin,WI,Wautoma,,,,,,,,54982,44.07532,-89.2712,America/Chicago,CST,-6,,,,,,,,,,,
Wisconsin,WI,Wauwatosa,,,,,,,,,43.04946,-88.0076,America/Chicago,CST,-6,,,,,,,,,,,
Wisconsin,WI,Wauzeka,,,,,,,,53826,43.11015,-90.9571,America/Chicago,CST,-6,,,,,,,,,,,
Wisconsin,WI,Wayside,,,,,,,,,44.25527,-87.9526,America/Chicago,CST,-6,,,,,,,,,,,
Wisconsin,WI,Webb Lake,,,,,,,,,46.00939,-92.1327,America/Chicago,CST,-6,,,,,,,,,,,
Wisconsin,WI,Webster,,,,,,,,54893,45.86961,-92.3029,America/Chicago,CST,-6,,,,,,,,,,,
Wisconsin,WI,Wentworth,,,,,,,,,46.56554,-91.9428,America/Chicago,CST,-6,,,,,,,,,,,
Wisconsin,WI,Werley,,,,,,,,,43.04587,-90.8205,America/Chicago,CST,-6,,,,,,,,,,,
Wisconsin,WI,West Allis,,,,,,,,,43.01668,-88.007,America/Chicago,CST,-6,,,,,,,,,,,
Wisconsin,WI,West Baraboo,,,,,,,,,43.47443,-89.7704,America/Chicago,CST,-6,,,,,,,,,,,
Wisconsin,WI,West Bend,,,,,,,,53095###53090,43.44384,-88.1963,America/Chicago,CST,-6,,,,,,,,,,,
Wisconsin,WI,West Bloomfield,,,,,,,,,0,0,,,,,,,,,,,,,,
Wisconsin,WI,West Lima,,,,,,,,,43.54636,-90.5304,America/Chicago,CST,-6,,,,,,,,,,,
Wisconsin,WI,West Milwaukee,,,,,,,,,43.01251,-87.9726,America/Chicago,CST,-6,,,,,,,,,,,
Wisconsin,WI,West Prairie,,,,,,,,,43.46151,-91.1311,America/Chicago,CST,-6,,,,,,,,,,,
Wisconsin,WI,West Salem,,,,,,,,54669,43.89757,-91.1202,America/Chicago,CST,-6,,,,,,,,,,,
Wisconsin,WI,Westboro,,,,,,,,54490,45.33094,-90.4015,America/Chicago,CST,-6,,,,,,,,,,,
Wisconsin,WI,Westby,,,,,,,,54667,43.6537,-90.8417,America/Chicago,CST,-6,,,,,,,,,,,
Wisconsin,WI,Westfield,,,,,,,,53964,43.8487,-89.4785,America/Chicago,CST,-6,,,,,,,,,,,
Wisconsin,WI,Weston,,,,,,,,,44.87362,-89.6272,America/Chicago,CST,-6,,,,,,,,,,,
Wisconsin,WI,Westport,,,,,,,,,43.20498,-90.6412,America/Chicago,CST,-6,,,,,,,,,,,
Wisconsin,WI,Weyauwega,,,,,,,,54983,44.3325,-88.9228,America/Chicago,CST,-6,,,,,,,,,,,
Wisconsin,WI,Weyerhaeuser,,,,,,,,54895,45.40913,-91.4231,America/Chicago,CST,-6,,,,,,,,,,,
Wisconsin,WI,Wheeler,,,,,,,,54772,45.09415,-91.8793,America/Chicago,CST,-6,,,,,,,,,,,
Wisconsin,WI,Whitcomb,,,,,,,,,44.78331,-89.1187,America/Chicago,CST,-6,,,,,,,,,,,
Wisconsin,WI,White Creek,,,,,,,,,43.82581,-89.8548,America/Chicago,CST,-6,,,,,,,,,,,
Wisconsin,WI,White Lake,,,,,,,,54491,45.248,-88.8032,America/Chicago,CST,-6,,,,,,,,,,,
Wisconsin,WI,Whitefish Bay,,,,,,,,,43.11335,-87.9001,America/Chicago,CST,-6,,,,,,,,,,,
Wisconsin,WI,Whitefish Dunes State Park,,,,,,,,,0,0,,,,,,,,,,,,,,
Wisconsin,WI,Whitehall,,,,,,,,54773,44.44378,-91.2858,America/Chicago,CST,-6,,,,,,,,,,,
Wisconsin,WI,Whitelaw,,,,,,,,54247,44.14472,-87.8215,America/Chicago,CST,-6,,,,,,,,,,,
Wisconsin,WI,Whitewater,,,,,,,,53190,42.78426,-88.5926,America/Chicago,CST,-6,,,,,,,,,,,
Wisconsin,WI,Whiting,,,,,,,,,44.49358,-89.5587,America/Chicago,CST,-6,,,,,,,,,,,
Wisconsin,WI,Wild Rose,,,,,,,,54984,44.16888,-89.2232,America/Chicago,CST,-6,,,,,,,,,,,
Wisconsin,WI,Willard,,,,,,,,54493,44.71534,-90.7697,America/Chicago,CST,-6,,,,,,,,,,,
Wisconsin,WI,Williams Bay,,,,,,,,53191,42.57807,-88.5409,America/Chicago,CST,-6,,,,,,,,,,,
Wisconsin,WI,Willow Reservoir,,,,,,,,,0,0,,,,,,,,,,,,,,
Wisconsin,WI,Wilson,,,,,,,,54027,44.91937,-92.1928,America/Chicago,CST,-6,,,,,,,,,,,
Wisconsin,WI,Wilton,,,,,,,,54670,43.84884,-90.4688,America/Chicago,CST,-6,,,,,,,,,,,
Wisconsin,WI,Winchester,,,,,,,,,46.22189,-89.8979,America/Chicago,CST,-6,,,,,,,,,,,
Wisconsin,WI,Wind Lake,,,,,,,,,42.82946,-88.1587,America/Chicago,CST,-6,,,,,,,,,,,
Wisconsin,WI,Wind Point,,,,,,,,,42.78446,-87.7662,America/Chicago,CST,-6,,,,,,,,,,,
Wisconsin,WI,Windsor,,,,,,,,53598,43.20778,-89.3418,America/Chicago,CST,-6,,,,,,,,,,,
Wisconsin,WI,Winnebago,,,,,,,,54985,44.07507,-88.5185,America/Chicago,CST,-6,,,,,,,,,,,
Wisconsin,WI,Winneconne,,,,,,,,54986,44.12489,-88.7451,America/Chicago,CST,-6,,,,,,,,,,,
Wisconsin,WI,Winter,,,,,,,,54896,45.83275,-91.0144,America/Chicago,CST,-6,,,,,,,,,,,
Wisconsin,WI,Wisconsin Dells,,,,,,,,53965,43.62748,-89.771,America/Chicago,CST,-6,,,,,,,,,,,
Wisconsin,WI,Wisconsin Rapids,,,,,,,,54495###54494,44.34084,-89.7349,America/Chicago,CST,-6,,,,,,,,,,,
Wisconsin,WI,Withee,,,,,,,,54498,44.94425,-90.6384,America/Chicago,CST,-6,,,,,,,,,,,
Wisconsin,WI,Wittenberg,,,,,,,,54499,44.8272,-89.1696,America/Chicago,CST,-6,,,,,,,,,,,
Wisconsin,WI,Wittman Field,,,,,,,,,0,0,,,,,,,,,,,,,,
Wisconsin,WI,Wonewoc,,,,,,,,53968,43.69087,-90.2036,America/Chicago,CST,-6,,,,,,,,,,,
Wisconsin,WI,Woodboro,,,,,,,,,45.60746,-89.5543,America/Chicago,CST,-6,,,,,,,,,,,
Wisconsin,WI,Woodman,,,,,,,,53827,43.03581,-90.853,America/Chicago,CST,-6,,,,,,,,,,,
Wisconsin,WI,Woodruff,,,,,,,,54568,45.85962,-89.6537,America/Chicago,CST,-6,,,,,,,,,,,
Wisconsin,WI,Woodville,,,,,,,,54028,44.95302,-92.2913,America/Chicago,CST,-6,,,,,,,,,,,
Wisconsin,WI,Wrightstown,,,,,,,,54180,44.32582,-88.1629,America/Chicago,CST,-6,,,,,,,,,,,
Wisconsin,WI,Wyeville,,,,,,,,,44.0283,-90.3846,America/Chicago,CST,-6,,,,,,,,,,,
Wisconsin,WI,Wyocena,,,,,,,,53969,43.49891,-89.305,America/Chicago,CST,-6,,,,,,,,,,,
Wisconsin,WI,Yellowlake,,,,,,,,,45.93661,-92.3902,America/Chicago,CST,-6,,,,,,,,,,,
Wisconsin,WI,York,,,,,,,,,44.44996,-91.1452,America/Chicago,CST,-6,,,,,,,,,,,
Wisconsin,WI,Yuba,,,,,,,,,43.53887,-90.4299,America/Chicago,CST,-6,,,,,,,,,,,
Wisconsin,WI,Zachow,,,,,,,,54182,44.73145,-88.3698,America/Chicago,CST,-6,,,,,,,,,,,
Wisconsin,WI,Zittau,,,,,,,,,44.21665,-88.7862,America/Chicago,CST,-6,,,,,,,,,,,
